level,feas_baseline,feas_hydrodynamic_only,feas_biology_only,feas_full_data_informed,J_baseline,J_hydrodynamic_only,J_biology_only,J_full_data_informed,order_feas,order_J,full_gt_base
0.2,0.245,0.46416666666666667,0.8583333333333333,0.9783333333333334,0.295804291499901,0.3742221501253726,0.4820926440282324,0.5116370664161513,True,True,True
0.2,0.27416666666666667,0.4975,0.8358333333333333,0.9683333333333334,0.3055390329452657,0.3836397087531433,0.4883875821017935,0.5141077318357639,True,True,True
0.2,0.22333333333333333,0.4533333333333333,0.8116666666666666,0.9508333333333333,0.29098510677451617,0.36753062090046057,0.4776433178624046,0.5056445539893769,True,True,True
0.2,0.2725,0.5183333333333333,0.8108333333333333,0.9516666666666667,0.3136331372200786,0.3892127929683107,0.4845385898349914,0.513075408284832,True,True,True
0.2,0.26666666666666666,0.495,0.8233333333333334,0.9616666666666667,0.30047090930305215,0.37760149226837214,0.47978168597095294,0.5091341133219213,True,True,True
0.2,0.24083333333333334,0.4675,0.8216666666666667,0.96,0.282813345341581,0.3670312632977181,0.47449550210675007,0.5073183966412074,True,True,True
0.2,0.22833333333333333,0.4691666666666667,0.8033333333333333,0.9458333333333333,0.28544505818520566,0.36956794056200215,0.4747802063910361,0.506313078498888,True,True,True
0.2,0.3025,0.5383333333333333,0.875,0.9841666666666666,0.3255797559714734,0.399518307638969,0.49895274622605873,0.5226193086539456,True,True,True
0.2,0.2808333333333333,0.5175,0.8383333333333334,0.9666666666666667,0.3143260783455313,0.3908151871408821,0.4951748196917761,0.5177292214471343,True,True,True
0.2,0.27666666666666667,0.49833333333333335,0.8508333333333333,0.9783333333333334,0.30122484619386375,0.3773541799218629,0.47916940645407285,0.5100583494035956,True,True,True
0.2,0.2525,0.49166666666666664,0.8041666666666667,0.9516666666666667,0.28947993660166804,0.37139476416449146,0.4688640643121856,0.5054139273405819,True,True,True
0.2,0.2325,0.465,0.81,0.9508333333333333,0.2970821997846044,0.37748135716159625,0.4861064728578714,0.5121757164520874,True,True,True
0.2,0.25833333333333336,0.48083333333333333,0.8291666666666667,0.9675,0.29146925214690367,0.36863439527369435,0.4700330255368618,0.5043628912854676,True,True,True
0.2,0.2758333333333333,0.5133333333333333,0.8366666666666667,0.9633333333333334,0.3143459324146145,0.3935605262362294,0.4973790551041725,0.5201150785262397,True,True,True
0.2,0.23,0.4766666666666667,0.7966666666666666,0.94,0.2956922313880676,0.3769741691692877,0.47693413839015286,0.5056324343881816,True,True,True
0.2,0.26,0.5175,0.8241666666666667,0.9525,0.3127731330195552,0.39258130562040844,0.4927052639297086,0.5165641165118617,True,True,True
0.2,0.2816666666666667,0.5125,0.8308333333333333,0.9658333333333333,0.30754818355771013,0.38320905292911445,0.48218933586814294,0.5108497482188193,True,True,True
0.2,0.2733333333333333,0.495,0.8691666666666666,0.9766666666666667,0.3229081515469295,0.39293251518947114,0.4992011489641764,0.5198300678989742,True,True,True
0.2,0.32,0.5608333333333333,0.8783333333333333,0.9866666666666667,0.33267089735357125,0.40297471970225357,0.4975174798678759,0.5219078073633254,True,True,True
0.2,0.21333333333333335,0.43333333333333335,0.7991666666666667,0.9441666666666667,0.27208403007874066,0.3547303047504562,0.45883436835035896,0.49677962012114363,True,True,True
0.2,0.24666666666666667,0.465,0.8508333333333333,0.9741666666666666,0.2982975717798759,0.37471623752816235,0.4848933609223866,0.511740937502229,True,True,True
0.2,0.3175,0.555,0.8808333333333334,0.9866666666666667,0.32911668448953063,0.40196570488212846,0.5008217486315405,0.5241002212738437,True,True,True
0.2,0.23083333333333333,0.4508333333333333,0.8341666666666666,0.9641666666666666,0.29038015079853513,0.3689413231959244,0.47449082586981034,0.5062566238644283,True,True,True
0.2,0.2916666666666667,0.5316666666666666,0.8391666666666666,0.9675,0.3172419192775262,0.39460738260960176,0.49654017629997743,0.5202824929033169,True,True,True
0.2,0.2375,0.4666666666666667,0.8258333333333333,0.9616666666666667,0.29220357021972465,0.3677393314046112,0.4779741357193357,0.5064690074215096,True,True,True
0.2,0.22916666666666666,0.47,0.8275,0.96,0.2958291373168444,0.3769178821938302,0.48559949620193493,0.5130356104220423,True,True,True
0.2,0.24416666666666667,0.4775,0.81,0.9491666666666667,0.29466519683070486,0.3757993607045968,0.48284740362245526,0.5109424699084484,True,True,True
0.2,0.2175,0.45416666666666666,0.8108333333333333,0.95,0.28830268555758193,0.37408899986893523,0.48857165803804065,0.5149828061773778,True,True,True
0.2,0.2175,0.4483333333333333,0.8066666666666666,0.9508333333333333,0.27450598953852423,0.3577045625962044,0.4669085756266615,0.501495430240198,True,True,True
0.2,0.19833333333333333,0.4241666666666667,0.7941666666666667,0.94,0.26900551286520585,0.3508889884919872,0.4623360651895007,0.49719571039338395,True,True,True
0.2,0.25833333333333336,0.5025,0.8033333333333333,0.945,0.3097064440243147,0.38724922293644154,0.48838851895603663,0.5153079159837439,True,True,True
0.2,0.25916666666666666,0.5125,0.8375,0.965,0.31730088931133715,0.39443068467913533,0.49795063176356097,0.5204845988473163,True,True,True
0.2,0.31166666666666665,0.5516666666666666,0.8716666666666667,0.9833333333333333,0.32440551769414827,0.40003877130025295,0.4973046887166744,0.5222258767826808,True,True,True
0.2,0.24916666666666668,0.48333333333333334,0.8333333333333334,0.9666666666666667,0.30370881581004966,0.38490199983957896,0.4902814573443287,0.5162890316453815,True,True,True
0.2,0.21666666666666667,0.4375,0.805,0.9483333333333334,0.276539733048824,0.35438027606571104,0.4657295424868992,0.49872681549286424,True,True,True
0.2,0.24833333333333332,0.4766666666666667,0.8258333333333333,0.9633333333333334,0.29642943462234317,0.37592879093069737,0.4800646573577476,0.5100657055723701,True,True,True
0.2,0.2675,0.515,0.8158333333333333,0.9583333333333334,0.30673122572028705,0.38488655397851407,0.47778315698079077,0.5097785411095963,True,True,True
0.2,0.22916666666666666,0.4683333333333333,0.8041666666666667,0.9375,0.29569772812625045,0.37891602457567203,0.4844676627631994,0.5115040762563103,True,True,True
0.2,0.24,0.46166666666666667,0.8,0.9508333333333333,0.27962945095168495,0.363752530250647,0.4655778578030773,0.5019893611917048,True,True,True
0.2,0.25166666666666665,0.4825,0.8291666666666667,0.965,0.29595464738735333,0.3722797604566399,0.47459421244935784,0.5066345856993741,True,True,True
0.2,0.23833333333333334,0.4775,0.8225,0.9541666666666667,0.2998629455206939,0.3802247645784614,0.4907368984005424,0.5159391166232243,True,True,True
0.2,0.2925,0.5258333333333334,0.8608333333333333,0.975,0.3257488286525817,0.39882362203203436,0.5043938019012076,0.5241924899586917,True,True,True
0.2,0.2375,0.4633333333333333,0.8058333333333333,0.955,0.29032451699426987,0.3695184401717551,0.47327682029445867,0.5066598425603803,True,True,True
0.2,0.24333333333333335,0.465,0.8616666666666667,0.9733333333333334,0.304762001468106,0.38096683717363405,0.49595551793008374,0.5181561412992775,True,True,True
0.2,0.27,0.5141666666666667,0.8308333333333333,0.9608333333333333,0.3190471729943577,0.39322185959447176,0.4919670767222782,0.515276143989786,True,True,True
0.2,0.26,0.5141666666666667,0.8008333333333333,0.9425,0.30018514850826605,0.3794948740204037,0.47584071204676026,0.5089093200316659,True,True,True
0.2,0.27166666666666667,0.5291666666666667,0.8191666666666667,0.9591666666666666,0.3143548298959041,0.3899483578218057,0.48496876046822146,0.5135198730922719,True,True,True
0.2,0.265,0.5158333333333334,0.8225,0.9541666666666667,0.3117133388658374,0.3901332245747931,0.48876163646574944,0.5147682329721135,True,True,True
0.2,0.26,0.49833333333333335,0.8216666666666667,0.96,0.30148421976845297,0.3779039481522086,0.4772807836491581,0.507799425813799,True,True,True
0.2,0.23083333333333333,0.465,0.8108333333333333,0.9533333333333334,0.2816415051251634,0.3663931779670407,0.4709852362285488,0.5046365098454177,True,True,True
0.2,0.27416666666666667,0.5091666666666667,0.8308333333333333,0.97,0.30500723646877564,0.38210808307366273,0.4803803732548639,0.5120604606713175,True,True,True
0.2,0.2783333333333333,0.5158333333333334,0.8375,0.9691666666666666,0.3054140064816407,0.3824462362776842,0.48465707903661864,0.5133735442746412,True,True,True
0.2,0.2833333333333333,0.515,0.8483333333333334,0.975,0.3101755994950206,0.38627461318452094,0.4895585447678809,0.5166863519380772,True,True,True
0.2,0.2916666666666667,0.5233333333333333,0.8666666666666667,0.9808333333333333,0.31868405360313,0.3948728096565326,0.49986540817306957,0.5216877571340792,True,True,True
0.2,0.31166666666666665,0.5575,0.8591666666666666,0.975,0.3351338018467461,0.41122561620752585,0.5103742207371667,0.5283889673222735,True,True,True
0.2,0.23833333333333334,0.455,0.835,0.9683333333333334,0.28424335222818514,0.36411339593141057,0.4718021086603024,0.5036906589174395,True,True,True
0.2,0.22416666666666665,0.4575,0.7991666666666667,0.9433333333333334,0.28222294189462627,0.3631572061794245,0.46829947831266633,0.5017147546520985,True,True,True
0.2,0.23083333333333333,0.4741666666666667,0.7966666666666666,0.9375,0.29903797020861256,0.3797876002670455,0.48427126833163026,0.5109748029386123,True,True,True
0.2,0.2891666666666667,0.515,0.8691666666666666,0.9825,0.3147414206507004,0.3917659786214557,0.4922844464182375,0.5169542590711327,True,True,True
0.2,0.24083333333333334,0.46416666666666667,0.8375,0.9691666666666666,0.29359543199728716,0.3718175531987502,0.48320316622571774,0.5103752800552519,True,True,True
0.2,0.2825,0.515,0.8825,0.9866666666666667,0.32475193147794307,0.39651223236133876,0.5025818857138392,0.5225529828424939,True,True,True
0.2,0.265,0.5116666666666667,0.8175,0.9583333333333334,0.3011036561107485,0.37813256217736035,0.47637936462635955,0.5089902039881817,True,True,True
0.2,0.26666666666666666,0.5008333333333334,0.8233333333333334,0.965,0.30481751253881184,0.37772585009938414,0.4739867064690998,0.5066003823248338,True,True,True
0.2,0.2225,0.44333333333333336,0.8025,0.9541666666666667,0.26680495138926086,0.3517773170867284,0.456968096371848,0.49755925851239624,True,True,True
0.2,0.2725,0.495,0.8558333333333333,0.98,0.299869674755812,0.3741360537597498,0.4744832870728995,0.5070857181673538,True,True,True
0.2,0.2525,0.47,0.8625,0.9816666666666667,0.2987089290991364,0.3748801174120429,0.48026530897698744,0.5104990499050625,True,True,True
0.2,0.23416666666666666,0.4625,0.7883333333333333,0.9383333333333334,0.278272846960435,0.3642010788099819,0.46603940119143694,0.5017718300067177,True,True,True
0.2,0.22083333333333333,0.4325,0.845,0.9658333333333333,0.2828489645909942,0.3618247873545058,0.4732773003234609,0.5053951009328673,True,True,True
0.2,0.23166666666666666,0.46,0.8341666666666666,0.9616666666666667,0.284733820535398,0.36518840762586596,0.467358488243419,0.501671523189508,True,True,True
0.2,0.31916666666666665,0.5666666666666667,0.8766666666666667,0.9833333333333333,0.33097366495603253,0.40186920743449517,0.4953706489945965,0.5200243780850744,True,True,True
0.2,0.2125,0.44416666666666665,0.7958333333333333,0.9475,0.2764086758520272,0.3568727706306094,0.45755512244636626,0.4941909364732487,True,True,True
0.2,0.26,0.51,0.805,0.9475,0.3021772539480815,0.3807258090016845,0.4769892020363151,0.509437629318894,True,True,True
0.2,0.2941666666666667,0.5316666666666666,0.8533333333333334,0.9725,0.3165655277190331,0.39105946164683747,0.49330821936153685,0.5185038178560345,True,True,True
0.2,0.29,0.5233333333333333,0.8416666666666667,0.97,0.309825980788971,0.3861382444616531,0.48379846447527486,0.5123052634769342,True,True,True
0.2,0.27,0.5125,0.83,0.9633333333333334,0.3011883393464331,0.3801569597813459,0.4803958123596031,0.5118188562835784,True,True,True
0.2,0.21833333333333332,0.4483333333333333,0.805,0.955,0.2751786917278867,0.35874731757503964,0.46566644972883087,0.5021056386859933,True,True,True
0.2,0.2991666666666667,0.5216666666666666,0.8758333333333334,0.9866666666666667,0.3179238523236544,0.38709889654799295,0.4894511717818197,0.515356732570976,True,True,True
0.2,0.2875,0.54,0.8266666666666667,0.96,0.31851173202333943,0.3945910602996498,0.49149733654704997,0.517252764332136,True,True,True
0.2,0.2775,0.49333333333333335,0.8683333333333333,0.985,0.3074231465070852,0.3796120272202885,0.4787813676644534,0.5098997971153836,True,True,True
0.2,0.2725,0.5083333333333333,0.8608333333333333,0.9791666666666666,0.3135070121742265,0.3895348418380799,0.49316437082452014,0.5165817078745906,True,True,True
0.2,0.285,0.5491666666666667,0.8191666666666667,0.9558333333333333,0.3202333240876118,0.39542910751796645,0.4925674465442527,0.5175256361424921,True,True,True
0.2,0.2791666666666667,0.5133333333333333,0.8491666666666666,0.97,0.3154464988115405,0.3900831492077078,0.489963523473318,0.5138941020684694,True,True,True
0.2,0.325,0.5725,0.885,0.985,0.3453903575439462,0.41557693056054457,0.5132973585674558,0.5308442575352935,True,True,True
0.2,0.27666666666666667,0.5091666666666667,0.8308333333333333,0.9616666666666667,0.31044388049875554,0.38811103555654475,0.493800458330884,0.5170965966687991,True,True,True
0.2,0.2608333333333333,0.4891666666666667,0.8408333333333333,0.9675,0.30586378943295695,0.38022230242929966,0.4854816285804796,0.5115987102917416,True,True,True
0.2,0.26416666666666666,0.5083333333333333,0.8283333333333334,0.9591666666666666,0.3146392020856715,0.393374062141303,0.5004742716719359,0.5219623740618589,True,True,True
0.2,0.2125,0.43833333333333335,0.7925,0.9475,0.27069733558210474,0.35234418137841683,0.45598210030596403,0.49501735850454454,True,True,True
0.2,0.27166666666666667,0.49083333333333334,0.8558333333333333,0.9808333333333333,0.3013683036746548,0.3769527948097529,0.4783479545192415,0.5095573720279291,True,True,True
0.2,0.245,0.4841666666666667,0.805,0.9566666666666667,0.2861197107074578,0.3691057992087424,0.46905905600483244,0.5056113593640789,True,True,True
0.2,0.25083333333333335,0.4925,0.8358333333333333,0.9658333333333333,0.31513997863331,0.39049319914045943,0.5015709298324961,0.5223849611294742,True,True,True
0.2,0.26916666666666667,0.49833333333333335,0.8375,0.9708333333333333,0.304386425917553,0.37816486838592733,0.47787224509640075,0.5081989931316852,True,True,True
0.2,0.25583333333333336,0.48,0.8425,0.9733333333333334,0.3120419698880381,0.38567977261648717,0.49174109597207805,0.5157358017330201,True,True,True
0.2,0.325,0.5816666666666667,0.8616666666666667,0.9775,0.3417635957519989,0.41348308246045945,0.5070102406628422,0.5268393585346981,True,True,True
0.2,0.3025,0.5391666666666667,0.8716666666666667,0.98,0.32776894115553096,0.40168499191620033,0.508935340892893,0.5275794470091301,True,True,True
0.2,0.2875,0.52,0.8658333333333333,0.985,0.3057881011533687,0.38280530300752935,0.4808167048411484,0.5129145925266289,True,True,True
0.2,0.3333333333333333,0.5775,0.885,0.9858333333333333,0.34816174361106184,0.4157661815670638,0.5115761929757564,0.5293720512417063,True,True,True
0.2,0.2375,0.4608333333333333,0.83,0.9691666666666666,0.28844240491121276,0.3679853018405987,0.4750637658532295,0.5065739322612164,True,True,True
0.2,0.29333333333333333,0.5258333333333334,0.8683333333333333,0.985,0.3213557418607189,0.39043747170714693,0.485194324277457,0.5127918658916008,True,True,True
0.2,0.2625,0.48333333333333334,0.8208333333333333,0.96,0.29306755836581305,0.3703030453143934,0.46997778424385217,0.5039330390377874,True,True,True
0.2,0.295,0.5325,0.8508333333333333,0.9733333333333334,0.31973489165305535,0.3908572609265378,0.48888460723447896,0.514747467293787,True,True,True
0.2,0.2783333333333333,0.5208333333333334,0.8341666666666666,0.9633333333333334,0.3166475755314537,0.3922978914997189,0.49496737514520334,0.5186493401688493,True,True,True
0.2,0.29083333333333333,0.5308333333333334,0.8633333333333333,0.9808333333333333,0.31299902018150233,0.387501452666357,0.48564473504179734,0.5150059084848001,True,True,True
0.2,0.2625,0.49333333333333335,0.8233333333333334,0.9633333333333334,0.29502772854146914,0.3714269976155574,0.46888768535689224,0.5029990572115759,True,True,True
0.2,0.29083333333333333,0.535,0.8391666666666666,0.97,0.3206875815316724,0.3929931854905593,0.4865253281101479,0.5146920608048812,True,True,True
0.2,0.2625,0.4975,0.8375,0.9583333333333334,0.3016485842027951,0.3800401698230538,0.4803324453217286,0.5092398202519297,True,True,True
0.2,0.28,0.5058333333333334,0.8666666666666667,0.9825,0.30515843067430365,0.3807651429212318,0.4841945192115794,0.5128473523010753,True,True,True
0.2,0.26916666666666667,0.5166666666666667,0.8208333333333333,0.96,0.29748735368691875,0.3768643867270639,0.4716654739320291,0.5057261556778759,True,True,True
0.2,0.24166666666666667,0.485,0.8183333333333334,0.9541666666666667,0.29505066487459336,0.37457731854119647,0.48034497190684144,0.5086195730530094,True,True,True
0.2,0.23,0.4716666666666667,0.8091666666666667,0.9508333333333333,0.29386171678947565,0.37306614351531847,0.48191831995472467,0.5101583769029385,True,True,True
0.2,0.24666666666666667,0.4741666666666667,0.8358333333333333,0.9691666666666666,0.29551254514388786,0.3729617268014923,0.4798984291603104,0.5088374577043437,True,True,True
0.2,0.2866666666666667,0.5483333333333333,0.8283333333333334,0.9625,0.31796800386090257,0.39579174969711883,0.4933265702974296,0.519201909031576,True,True,True
0.2,0.2225,0.4475,0.8008333333333333,0.9425,0.2817259736191003,0.3618054039872196,0.47145852635587204,0.5028445832570442,True,True,True
0.2,0.2916666666666667,0.5541666666666667,0.8358333333333333,0.965,0.32403758670224353,0.3998441213127105,0.49522704541204754,0.519956970560968,True,True,True
0.2,0.22333333333333333,0.4683333333333333,0.7975,0.94,0.28709387614180126,0.36974182849761794,0.47785420322273525,0.5072233688943393,True,True,True
0.2,0.27,0.49083333333333334,0.8633333333333333,0.9808333333333333,0.30345915978156135,0.3791290527190179,0.48110558493941036,0.5107561498907724,True,True,True
0.2,0.2225,0.4483333333333333,0.7991666666666667,0.9483333333333334,0.2811555213885965,0.36259935649866065,0.46741129129615566,0.5031036619749624,True,True,True
0.2,0.31833333333333336,0.57,0.8566666666666667,0.9766666666666667,0.33754483738218316,0.40796901928427737,0.5059960843285246,0.5247283721169926,True,True,True
0.2,0.27166666666666667,0.5308333333333334,0.8125,0.9466666666666667,0.3102697793736014,0.39036191049657093,0.49239079456755547,0.5172932341123362,True,True,True
0.2,0.2525,0.49333333333333335,0.8025,0.9408333333333333,0.29965976917377596,0.38005361388812137,0.48283927754580436,0.5109827796903655,True,True,True
0.2,0.27166666666666667,0.5016666666666667,0.8508333333333333,0.9683333333333334,0.31239264674910344,0.3888828118646788,0.48798638915493325,0.5139366588136131,True,True,True
0.2,0.22583333333333333,0.4375,0.8558333333333333,0.9783333333333334,0.2811711580827807,0.3589681104111705,0.47333385713691467,0.5048403012427901,True,True,True
0.2,0.2683333333333333,0.5183333333333333,0.8133333333333334,0.9566666666666667,0.30074233082188057,0.38168449234026564,0.4799374970771517,0.5112169785276831,True,True,True
0.2,0.24833333333333332,0.4766666666666667,0.8341666666666666,0.9666666666666667,0.30163153453566505,0.3779494160538562,0.4871679166428539,0.5130759583268854,True,True,True
0.2,0.2816666666666667,0.5458333333333333,0.8166666666666667,0.9566666666666667,0.32358208247972103,0.39759199851335936,0.49684321287982913,0.5201330007084044,True,True,True
0.2,0.2633333333333333,0.49916666666666665,0.8225,0.96,0.2982649421837692,0.3787834973498305,0.47942502130081865,0.5104488465682172,True,True,True
0.2,0.295,0.5183333333333333,0.87,0.985,0.30854588745166106,0.3812143237527556,0.4768873015511487,0.508715081890008,True,True,True
0.2,0.27666666666666667,0.5,0.8558333333333333,0.9825,0.29895881468841073,0.37695454141472523,0.47604698288127234,0.509898601674087,True,True,True
0.2,0.23583333333333334,0.4625,0.8241666666666667,0.9575,0.2930639077249527,0.3701473460534344,0.4804489884709948,0.5090139580681633,True,True,True
0.2,0.2925,0.5383333333333333,0.8533333333333334,0.98,0.30945326821341523,0.3863536108122775,0.48258221403238166,0.5135454217175691,True,True,True
0.2,0.30333333333333334,0.5541666666666667,0.8558333333333333,0.9733333333333334,0.3297760778957477,0.40377481332154425,0.5008052061173074,0.523315393930114,True,True,True
0.2,0.2625,0.49666666666666665,0.8458333333333333,0.9716666666666667,0.3034600707401016,0.383438170031623,0.48958715284611204,0.5160000318508509,True,True,True
0.2,0.2608333333333333,0.49583333333333335,0.8125,0.9558333333333333,0.29818091707540306,0.379197649940188,0.4794468213841691,0.5102918757425914,True,True,True
0.2,0.2808333333333333,0.5191666666666667,0.8383333333333334,0.9683333333333334,0.3084521935068948,0.38546427609507505,0.4871523824706469,0.5149723637864588,True,True,True
0.2,0.2991666666666667,0.535,0.875,0.9833333333333333,0.3118368480699703,0.3879516722380728,0.48870421292686095,0.5165918054640203,True,True,True
0.2,0.2966666666666667,0.5383333333333333,0.8641666666666666,0.98,0.31876590169942726,0.3923493110527098,0.49011682038686843,0.5169516585096802,True,True,True
0.2,0.30666666666666664,0.5575,0.8558333333333333,0.9775,0.32251924825053346,0.39697545721476557,0.4897898082111158,0.5165708288257527,True,True,True
0.2,0.2275,0.445,0.8291666666666667,0.97,0.28075554525979596,0.35847934860377867,0.4641454716271153,0.5003821287339495,True,True,True
0.2,0.26416666666666666,0.5125,0.8166666666666667,0.95,0.3175325159599376,0.39656771820126513,0.4958801718261048,0.5184858182456015,True,True,True
0.2,0.285,0.5475,0.8166666666666667,0.9516666666666667,0.32687583244830215,0.4026482076454807,0.5009075753192069,0.5221577428893732,True,True,True
0.2,0.29583333333333334,0.5408333333333334,0.8566666666666667,0.9775,0.3229627503467808,0.399211974055157,0.5025206359080456,0.524728252474451,True,True,True
0.2,0.3,0.5483333333333333,0.8408333333333333,0.9666666666666667,0.32738353059538144,0.40307247394218126,0.5009108563432592,0.5222284874169721,True,True,True
0.2,0.2916666666666667,0.5133333333333333,0.8683333333333333,0.9825,0.30768191673143963,0.3830961223557882,0.48467297201758736,0.5142303918908478,True,True,True
0.2,0.23666666666666666,0.4525,0.8141666666666667,0.9608333333333333,0.2823418111765425,0.3624379897380902,0.4633434961402028,0.4995122686955623,True,True,True
0.2,0.2833333333333333,0.5125,0.8383333333333334,0.9741666666666666,0.3077402756929346,0.38202457220658154,0.47955613341177705,0.5098765615325357,True,True,True
0.2,0.285,0.5066666666666667,0.86,0.9816666666666667,0.30912931895247175,0.3797535250060403,0.4792191858722895,0.5101176485801182,True,True,True
0.2,0.265,0.485,0.8258333333333333,0.9658333333333333,0.2956660780366535,0.37617718500664205,0.47972328796684993,0.5106743676995581,True,True,True
0.2,0.2875,0.5516666666666666,0.8308333333333333,0.9658333333333333,0.322074284677085,0.3991890968805347,0.49622393271800974,0.520993820190334,True,True,True
0.2,0.25666666666666665,0.4975,0.8066666666666666,0.9425,0.30568228397147973,0.3820384625379901,0.484252636690165,0.5117885063616717,True,True,True
0.2,0.2633333333333333,0.5091666666666667,0.8091666666666667,0.955,0.29883385832688325,0.3786506861943152,0.4721872889470235,0.5062369907690463,True,True,True
0.2,0.22833333333333333,0.4533333333333333,0.8016666666666666,0.9516666666666667,0.27735373757514387,0.3591011260869398,0.461260268638911,0.49880144312471486,True,True,True
0.2,0.22583333333333333,0.4483333333333333,0.8083333333333333,0.9516666666666667,0.2849450795461028,0.3630828544781876,0.4688760036901816,0.5021906944119156,True,True,True
0.2,0.25916666666666666,0.49666666666666665,0.8208333333333333,0.9558333333333333,0.3057917193772221,0.38250307821833446,0.4823934681612807,0.5105804525209393,True,True,True
0.2,0.25416666666666665,0.5016666666666667,0.8016666666666666,0.9441666666666667,0.29205345009902217,0.37412634464932126,0.47005868737923834,0.5047822302722679,True,True,True
0.2,0.30416666666666664,0.5533333333333333,0.8641666666666666,0.98,0.32745001781542676,0.4005667463368204,0.5003081999141223,0.523370416432673,True,True,True
0.2,0.25833333333333336,0.49916666666666665,0.8166666666666667,0.9575,0.298800775189539,0.37766400334716144,0.4792194535825887,0.5093072559099522,True,True,True
0.2,0.24666666666666667,0.4716666666666667,0.8216666666666667,0.9625,0.2903036503688952,0.3700390285403831,0.4734814546175889,0.5058946898734895,True,True,True
0.2,0.2875,0.5433333333333333,0.8266666666666667,0.96,0.32408415692207115,0.39926807344584003,0.4950668352143516,0.5197871184524907,True,True,True
0.2,0.24583333333333332,0.48833333333333334,0.8258333333333333,0.96,0.30502786288740374,0.383347074972751,0.4865064546676979,0.5127299107899465,True,True,True
0.2,0.27666666666666667,0.5016666666666667,0.8575,0.9741666666666666,0.30524203618809437,0.3850454856041095,0.4871567384465432,0.5150927954429992,True,True,True
0.2,0.30583333333333335,0.5341666666666667,0.8766666666666667,0.9858333333333333,0.3166547077361893,0.38806856700760395,0.48645584698462385,0.5146589023705106,True,True,True
0.2,0.3,0.5425,0.8725,0.9825,0.31800222118677324,0.3945672895131226,0.49315864947901616,0.5201482926111232,True,True,True
0.2,0.2525,0.48583333333333334,0.8075,0.9533333333333334,0.2894174174535985,0.37086730510461796,0.47441101260046403,0.507347234731477,True,True,True
0.2,0.25916666666666666,0.49666666666666665,0.7983333333333333,0.9425,0.29998889953479696,0.3793172090645892,0.475415380384833,0.5065265020000299,True,True,True
0.2,0.25416666666666665,0.4816666666666667,0.8533333333333334,0.9741666666666666,0.3066005835922728,0.3821652501946403,0.49041854798619766,0.5150297596416884,True,True,True
0.2,0.2708333333333333,0.5158333333333334,0.835,0.9666666666666667,0.3144418188473735,0.39324021562717415,0.4958592739829644,0.5203226140466437,True,True,True
0.2,0.3025,0.5483333333333333,0.8758333333333334,0.98,0.327155603608171,0.4005510758103693,0.5011696531677582,0.5235905712752889,True,True,True
0.2,0.30583333333333335,0.5475,0.84,0.9675,0.3260929343628503,0.39642799384466276,0.4928663520229556,0.5177223557955016,True,True,True
0.2,0.2941666666666667,0.5558333333333333,0.8308333333333333,0.9575,0.32245663063140406,0.3984073551035637,0.49342346588996805,0.5187972498518244,True,True,True
0.2,0.26,0.49,0.8233333333333334,0.9608333333333333,0.29721760126899616,0.37595476925742033,0.4751717955854067,0.507079779326187,True,True,True
0.2,0.24,0.4691666666666667,0.8233333333333334,0.9558333333333333,0.3006469215947488,0.38033318231286567,0.4880441148290807,0.5136433331810516,True,True,True
0.2,0.31583333333333335,0.5566666666666666,0.8725,0.9816666666666667,0.3313184984424933,0.4034297532990045,0.500323995988027,0.5226740626919495,True,True,True
0.2,0.24666666666666667,0.475,0.8083333333333333,0.9508333333333333,0.2877755270190642,0.36728827441348066,0.46746101285495284,0.5017831888194886,True,True,True
0.2,0.29583333333333334,0.5291666666666667,0.8741666666666666,0.98,0.32885340354699943,0.4014161609726076,0.5068378217638011,0.5262513349302618,True,True,True
0.2,0.2833333333333333,0.5191666666666667,0.865,0.98,0.31535628483869166,0.3912074590766106,0.49560984871824115,0.5200272153100092,True,True,True
0.2,0.3225,0.55,0.8816666666666667,0.9866666666666667,0.32681075251206887,0.3986516089923248,0.4955545872194108,0.5193960673425873,True,True,True
0.2,0.2625,0.515,0.8158333333333333,0.9525,0.31083943230169275,0.3910208036013461,0.49378443508566466,0.5188705198039539,True,True,True
0.2,0.31333333333333335,0.5716666666666667,0.8641666666666666,0.98,0.32457915459325415,0.4018775370204721,0.4997604920894051,0.5233704612311388,True,True,True
0.2,0.2783333333333333,0.5125,0.8291666666666667,0.9666666666666667,0.3068615860201913,0.3850953975307044,0.4800561653712758,0.5116881604080539,True,True,True
0.2,0.22,0.43166666666666664,0.8375,0.9683333333333334,0.2762704547664106,0.3544053157378953,0.45986331801100033,0.496922638544333,True,True,True
0.2,0.265,0.5066666666666667,0.8191666666666667,0.9558333333333333,0.3092116641175917,0.3854925186201219,0.4893943433927004,0.5147043338216765,True,True,True
0.2,0.29583333333333334,0.5291666666666667,0.8733333333333333,0.9808333333333333,0.3216870077183934,0.3951271481506708,0.49936410446103024,0.5220801939269641,True,True,True
0.2,0.275,0.49,0.8591666666666666,0.9808333333333333,0.3010022039872621,0.3790520192164097,0.48343766421315526,0.5137642783026569,True,True,True
0.2,0.23,0.45166666666666666,0.8158333333333333,0.9583333333333334,0.2838128154286824,0.36203206703935004,0.4674210067387172,0.5011343598869534,True,True,True
0.2,0.26416666666666666,0.49916666666666665,0.8383333333333334,0.9666666666666667,0.30837744595887656,0.3900585192879316,0.49715942015224074,0.5211429619311326,True,True,True
0.2,0.23333333333333334,0.4666666666666667,0.8208333333333333,0.9566666666666667,0.29600604570993205,0.3766081774433307,0.4862169165902183,0.5121200342483203,True,True,True
0.2,0.25666666666666665,0.4891666666666667,0.8391666666666666,0.9691666666666666,0.31095640222333193,0.3870759429171768,0.49254727080232563,0.5167791675233648,True,True,True
0.2,0.275,0.51,0.8275,0.96,0.3068170193461768,0.3869486523106124,0.48844942716703155,0.5161145928233583,True,True,True
0.2,0.2775,0.5158333333333334,0.8358333333333333,0.9633333333333334,0.3141364191957913,0.39377753489235234,0.4973810927166494,0.5210934562204079,True,True,True
0.2,0.2675,0.5,0.8475,0.9775,0.30183869373528405,0.37929629746781285,0.48137386636446905,0.512389602847813,True,True,True
0.2,0.25166666666666665,0.4825,0.8175,0.9575,0.2913291860877327,0.36982263707446134,0.4709569234104832,0.5059716512123097,True,True,True
0.2,0.2816666666666667,0.4975,0.87,0.9858333333333333,0.30495635578012725,0.377201956495312,0.4769376000649988,0.5092160112222622,True,True,True
0.2,0.2275,0.4508333333333333,0.8291666666666667,0.9683333333333334,0.2822933565348285,0.36243541196660445,0.46966200678689224,0.5035922889712661,True,True,True
0.2,0.22666666666666666,0.4658333333333333,0.7916666666666666,0.935,0.2885116144287712,0.367454657560135,0.46805104822300325,0.5011651856181024,True,True,True
0.2,0.2841666666666667,0.5416666666666666,0.8191666666666667,0.9558333333333333,0.3138474438711011,0.39210870894694083,0.49093611441885704,0.5169935581619978,True,True,True
0.2,0.275,0.5016666666666667,0.8616666666666667,0.9833333333333333,0.2966832207433156,0.3734537786388015,0.47495179663089726,0.5077358867279412,True,True,True
0.2,0.26666666666666666,0.49416666666666664,0.8675,0.9808333333333333,0.3070659121834068,0.38440661307719703,0.4915315648227162,0.5167467442807576,True,True,True
0.2,0.24833333333333332,0.48333333333333334,0.8058333333333333,0.955,0.2842472864860198,0.3680638281600614,0.4671246117252507,0.503734913514974,True,True,True
0.2,0.25,0.4725,0.815,0.9575,0.28829127830332885,0.3640373813529475,0.46446999853249593,0.4995888203299171,True,True,True
0.2,0.235,0.4575,0.8291666666666667,0.9641666666666666,0.2846446625831634,0.36489943707376643,0.4754569570759953,0.5078628117246334,True,True,True
0.2,0.23416666666666666,0.4633333333333333,0.8091666666666667,0.9516666666666667,0.2872892393568064,0.36668820347278547,0.4703976115948009,0.5026531274840006,True,True,True
0.2,0.2275,0.44166666666666665,0.8325,0.9708333333333333,0.27639087766403286,0.35682645462211515,0.46375376983427163,0.5005435032593757,True,True,True
0.2,0.30083333333333334,0.5333333333333333,0.8733333333333333,0.9866666666666667,0.3151262501065541,0.38914027625458597,0.48228674210147743,0.5131789014946975,True,True,True
0.2,0.25083333333333335,0.49416666666666664,0.8091666666666667,0.9516666666666667,0.30479275595820243,0.38473310217742757,0.4863839501574549,0.5142680090511291,True,True,True
0.2,0.23,0.47583333333333333,0.8158333333333333,0.955,0.298390974161932,0.3794839226711498,0.4861559874107336,0.5129693815763063,True,True,True
0.2,0.2808333333333333,0.5391666666666667,0.8133333333333334,0.9541666666666667,0.3082069397637844,0.38969474763156386,0.4882197268199138,0.5154703749459761,True,True,True
0.2,0.26,0.4925,0.8491666666666666,0.9708333333333333,0.3145049756790835,0.38820223353519295,0.4928581821658851,0.5148079432954037,True,True,True
0.2,0.24083333333333334,0.48833333333333334,0.7983333333333333,0.94,0.29479566934682583,0.37711996586397173,0.4808100970532727,0.5111522648903356,True,True,True
0.2,0.2375,0.4675,0.8275,0.9675,0.2849900670642572,0.36792090311340364,0.4775009009409145,0.5082291446391723,True,True,True
0.2,0.27416666666666667,0.5183333333333333,0.8266666666666667,0.9591666666666666,0.3221463390519402,0.3967083078531524,0.4997159916659439,0.5214401154753661,True,True,True
0.2,0.25916666666666666,0.475,0.8591666666666666,0.975,0.2994624631962589,0.3717835423668362,0.4772471150971204,0.5066761448418717,True,True,True
0.2,0.25833333333333336,0.49166666666666664,0.8425,0.9716666666666667,0.3087072442135829,0.3875065989102164,0.4939216419651247,0.5183709868255599,True,True,True
0.2,0.2841666666666667,0.5291666666666667,0.8325,0.9683333333333334,0.3113066322665038,0.384915969298736,0.4765780976858766,0.5071653677892847,True,True,True
0.2,0.2783333333333333,0.5208333333333334,0.825,0.9625,0.31145651722074313,0.3907281563611491,0.4876963414529386,0.515362225883699,True,True,True
0.2,0.2625,0.49083333333333334,0.8683333333333333,0.9783333333333334,0.3195465654615922,0.39508154525798833,0.5038051194041361,0.5235525790491977,True,True,True
0.2,0.26,0.4816666666666667,0.875,0.9858333333333333,0.3089373408565751,0.38483813044737686,0.49348477444605776,0.5174883723677136,True,True,True
0.2,0.23666666666666666,0.4691666666666667,0.8133333333333334,0.9541666666666667,0.2979494621843179,0.3784016981188628,0.48850268244124484,0.5145940820854374,True,True,True
0.2,0.23833333333333334,0.4675,0.8241666666666667,0.96,0.29470370406097157,0.37659411863528286,0.4873224736438148,0.5149888104793372,True,True,True
0.2,0.275,0.545,0.8025,0.9366666666666666,0.31995566387815605,0.39865672018146636,0.49682351166189326,0.520305735932542,True,True,True
0.2,0.25583333333333336,0.4925,0.815,0.9566666666666667,0.3039582814543463,0.3847680428602004,0.4898307813199433,0.516718366477648,True,True,True
0.2,0.29,0.5233333333333333,0.8441666666666666,0.9708333333333333,0.3205567044649733,0.39346921028609216,0.4963241651722958,0.5194141543457297,True,True,True
0.2,0.30416666666666664,0.5375,0.875,0.985,0.32173181405699075,0.3965970502218595,0.4957365743680352,0.5214865419157901,True,True,True
0.2,0.25833333333333336,0.49083333333333334,0.8116666666666666,0.9558333333333333,0.3048992495629598,0.38113033944821256,0.4828903171059588,0.5120908854895988,True,True,True
0.2,0.2791666666666667,0.5433333333333333,0.8091666666666667,0.9425,0.316226489900221,0.39583372905847897,0.4926468020975825,0.5185382532093332,True,True,True
0.2,0.225,0.47333333333333333,0.7933333333333333,0.9358333333333333,0.2933192868031064,0.3771045901035325,0.4858342563901301,0.5128408505508891,True,True,True
0.2,0.25583333333333336,0.47833333333333333,0.8558333333333333,0.9758333333333333,0.301109419438522,0.37913322425914503,0.48803949142250797,0.5150383578635246,True,True,True
0.2,0.3075,0.5558333333333333,0.8608333333333333,0.9775,0.3204049715105638,0.40025498593086906,0.4980552463950486,0.5227778393202692,True,True,True
0.2,0.27416666666666667,0.52,0.8225,0.9558333333333333,0.3204138544872196,0.3947556408875634,0.49413279007612537,0.5175515913432972,True,True,True
0.2,0.22083333333333333,0.4575,0.7841666666666667,0.925,0.28296390160614765,0.3672496433669914,0.47314936803522234,0.5044588455283204,True,True,True
0.2,0.25833333333333336,0.4816666666666667,0.8266666666666667,0.9608333333333333,0.2982956548640919,0.3730040407676905,0.4769041068514848,0.5065443073327649,True,True,True
0.2,0.2575,0.4791666666666667,0.8125,0.9541666666666667,0.28728064833222705,0.3657356475864644,0.4661774122291295,0.5010922960147483,True,True,True
0.2,0.2825,0.5258333333333334,0.835,0.9658333333333333,0.3145391023942597,0.39305563019815215,0.49254499261295354,0.5180110741546181,True,True,True
0.2,0.2916666666666667,0.525,0.8666666666666667,0.9816666666666667,0.32392050369431147,0.39822252651927276,0.5007676401210756,0.5229893950904589,True,True,True
0.2,0.2625,0.51,0.8,0.9433333333333334,0.29984790970058295,0.38127557455500966,0.48063501288180305,0.5105535711181639,True,True,True
0.2,0.25,0.49,0.8033333333333333,0.9516666666666667,0.2974799165995633,0.371813224511173,0.46944013121818967,0.5039299532182839,True,True,True
0.2,0.24583333333333332,0.4775,0.8108333333333333,0.9541666666666667,0.2890554663881079,0.371172765331049,0.4720011481649374,0.5046590207626629,True,True,True
0.2,0.27,0.48,0.8741666666666666,0.9875,0.29632849742947037,0.3708853736642158,0.4733017028922894,0.5056462085647976,True,True,True
0.2,0.22666666666666666,0.4725,0.7925,0.9275,0.29902204569154767,0.3817007157090901,0.4884162676858846,0.5135073996496685,True,True,True
0.2,0.26,0.48833333333333334,0.8583333333333333,0.9766666666666667,0.3048200445350688,0.3824279903784709,0.48867068999246793,0.5143811284763331,True,True,True
0.2,0.2733333333333333,0.49833333333333335,0.8625,0.9816666666666667,0.3072492903889149,0.38634071251260566,0.49162383265061144,0.5181799625259387,True,True,True
0.2,0.2175,0.45,0.7941666666666667,0.9425,0.2754480821707726,0.3582995045321784,0.4618943520989754,0.49806473979230986,True,True,True
0.2,0.2783333333333333,0.525,0.8341666666666666,0.9675,0.30900676149326683,0.3853946667363441,0.4821427960802164,0.5113736073443239,True,True,True
0.2,0.29083333333333333,0.5425,0.84,0.9691666666666666,0.3230828178900227,0.3957546388732971,0.4911546841094335,0.5164729571117548,True,True,True
0.2,0.275,0.5183333333333333,0.8283333333333334,0.9683333333333334,0.3037574812126319,0.3812234590363769,0.4705594164230654,0.505763776502643,True,True,True
0.2,0.24333333333333335,0.4666666666666667,0.8591666666666666,0.9783333333333334,0.29839625130233316,0.3739061606911315,0.48038349469921876,0.5085856969775444,True,True,True
0.2,0.3,0.5491666666666667,0.8583333333333333,0.98,0.3185726162529969,0.3942779525215569,0.4925766251283527,0.5189845907603738,True,True,True
0.2,0.24916666666666668,0.4708333333333333,0.8275,0.9666666666666667,0.29100643379274854,0.36802871846889634,0.4726194361000419,0.506534372759591,True,True,True
0.2,0.2733333333333333,0.5241666666666667,0.825,0.9641666666666666,0.3026357851856233,0.38064876228321787,0.4742327268374702,0.5072227370573298,True,True,True
0.2,0.3075,0.5358333333333334,0.875,0.9825,0.3229226358152582,0.3969389138591582,0.49915172020553616,0.5217111728491275,True,True,True
0.2,0.22416666666666665,0.47,0.795,0.9358333333333333,0.28952580795386446,0.3685892542748528,0.4719620423353416,0.5034903452171839,True,True,True
0.2,0.2941666666666667,0.5433333333333333,0.8316666666666667,0.9625,0.32358555115163307,0.39583577276043036,0.4909171844954372,0.5157890086194331,True,True,True
0.2,0.26666666666666666,0.49166666666666664,0.8341666666666666,0.9683333333333334,0.30237496266483194,0.38346806056920657,0.48759122077563255,0.5152144671230025,True,True,True
0.2,0.21666666666666667,0.42833333333333334,0.8383333333333334,0.9675,0.2689958296580849,0.3491403075527778,0.45959200453763693,0.49749034497755235,True,True,True
0.2,0.24916666666666668,0.4891666666666667,0.805,0.9491666666666667,0.2952791160256759,0.38021837570951394,0.4814530351273507,0.5121163937367109,True,True,True
0.2,0.2925,0.5216666666666666,0.8608333333333333,0.9808333333333333,0.3126857256813976,0.38649535538901036,0.4836773633233902,0.5128661857238368,True,True,True
0.2,0.21833333333333332,0.43083333333333335,0.8075,0.95,0.2741507343066348,0.3549719299981389,0.4645473816500953,0.4994520559733264,True,True,True
0.2,0.25,0.49166666666666664,0.8066666666666666,0.9466666666666667,0.2968310385484441,0.3751525452841459,0.4772855261162562,0.5080881466725206,True,True,True
0.2,0.25166666666666665,0.48333333333333334,0.8358333333333333,0.9641666666666666,0.3073341994707453,0.3864350716893708,0.4950062867658407,0.5176616459360281,True,True,True
0.2,0.31,0.5475,0.8708333333333333,0.9825,0.3175344835342336,0.39135498049345807,0.4883542883528556,0.515408891450946,True,True,True
0.2,0.2733333333333333,0.5016666666666667,0.8291666666666667,0.9666666666666667,0.30467652791751676,0.377135568305251,0.47431090990557656,0.5072112499123379,True,True,True
0.2,0.28,0.5,0.8725,0.9833333333333333,0.31191908001366114,0.38686241928383774,0.49460598611300394,0.5182942128915087,True,True,True
0.2,0.24,0.4708333333333333,0.8266666666666667,0.9583333333333334,0.29668473712094257,0.3721130161304062,0.4760690446026889,0.5045488292260448,True,True,True
0.2,0.2733333333333333,0.5083333333333333,0.8241666666666667,0.9641666666666666,0.3031106056316475,0.37801478059257365,0.47357010801218924,0.5052992821078135,True,True,True
0.2,0.2683333333333333,0.5058333333333334,0.83,0.9675,0.3084460465382143,0.385818295056268,0.48703573709631076,0.5151599272221584,True,True,True
0.2,0.27416666666666667,0.5016666666666667,0.8416666666666667,0.9741666666666666,0.30368407397404035,0.3770618780884006,0.4729699964108338,0.5069536689202043,True,True,True
0.2,0.2575,0.4725,0.8491666666666666,0.9775,0.2893653084391592,0.3680999418859884,0.47482157811941295,0.5075501879090563,True,True,True
0.2,0.2575,0.5033333333333333,0.8283333333333334,0.9633333333333334,0.3093975273654288,0.38713382187990114,0.4932685871740831,0.5175487361012214,True,True,True
0.2,0.2825,0.5158333333333334,0.865,0.9783333333333334,0.32108308159517013,0.3950905768474288,0.4968283791664669,0.518665936212715,True,True,True
0.2,0.2916666666666667,0.5241666666666667,0.8375,0.97,0.3172438780533769,0.3896558163877729,0.4860324872459991,0.5127330305669989,True,True,True
0.2,0.2575,0.49166666666666664,0.8375,0.9683333333333334,0.30326831963985007,0.3845575432178957,0.49084443259315513,0.5168337113528737,True,True,True
0.2,0.29583333333333334,0.5283333333333333,0.8483333333333334,0.9741666666666666,0.31834266270562833,0.39418754650855714,0.49265123067545497,0.5178472662365892,True,True,True
0.2,0.3125,0.5658333333333333,0.8641666666666666,0.9791666666666666,0.32980746124398846,0.40799255100420295,0.5037241375624832,0.5260719521069038,True,True,True
0.2,0.31083333333333335,0.5516666666666666,0.88,0.9866666666666667,0.3207296946696363,0.3944674208883498,0.49461110560764704,0.5198340544052527,True,True,True
0.2,0.23583333333333334,0.4483333333333333,0.8141666666666667,0.9616666666666667,0.27456125211575205,0.35689501188519007,0.4590164112451591,0.49744501146504605,True,True,True
0.2,0.28583333333333333,0.5433333333333333,0.825,0.9583333333333334,0.3153287011066906,0.3914742691275427,0.4843916076493292,0.5131526969378838,True,True,True
0.2,0.2783333333333333,0.5275,0.8175,0.9508333333333333,0.30647125151671784,0.38596959726844315,0.48688440675470235,0.5146243096894043,True,True,True
0.2,0.26166666666666666,0.49333333333333335,0.8283333333333334,0.9666666666666667,0.301856103691842,0.37654671355684377,0.47837384418365153,0.508760249062073,True,True,True
0.2,0.26916666666666667,0.48833333333333334,0.8433333333333334,0.975,0.2939640366827742,0.3752787987252767,0.4778066034602052,0.5091577762527794,True,True,True
0.2,0.2625,0.4741666666666667,0.8675,0.9858333333333333,0.299419250734466,0.37580234939279916,0.4806704071692432,0.5111865563532717,True,True,True
0.2,0.24666666666666667,0.48083333333333333,0.8391666666666666,0.9675,0.2961820693583059,0.3755661505304965,0.48271187463999005,0.5113397894518905,True,True,True
0.2,0.2875,0.5275,0.8391666666666666,0.9708333333333333,0.3145062295876884,0.39374566435156166,0.49449591403461324,0.5207274937679296,True,True,True
0.2,0.31833333333333336,0.5525,0.885,0.9875,0.32676432337141,0.3977561593912835,0.49799156677496814,0.5215513830984033,True,True,True
0.2,0.255,0.49666666666666665,0.8041666666666667,0.9466666666666667,0.292424349344344,0.3707141641631027,0.4684766839489412,0.5026832492673493,True,True,True
0.2,0.25333333333333335,0.5016666666666667,0.7983333333333333,0.9416666666666667,0.30116521918386674,0.37969727565459843,0.47574091938854196,0.5077574890370609,True,True,True
0.2,0.2633333333333333,0.5033333333333333,0.8141666666666667,0.9566666666666667,0.2969616517060857,0.378255866284803,0.4793395592675356,0.5108264579242734,True,True,True
0.2,0.22416666666666665,0.4625,0.8058333333333333,0.945,0.2902708265121459,0.371779608500869,0.47790065266636067,0.5072986241926764,True,True,True
0.2,0.27416666666666667,0.5091666666666667,0.8358333333333333,0.9625,0.311533345457795,0.3890953654874925,0.4902292441154609,0.5161714230534198,True,True,True
0.2,0.30333333333333334,0.53,0.8691666666666666,0.9841666666666666,0.3149279004489606,0.38583954494650996,0.48567611104211855,0.5128216254911652,True,True,True
0.2,0.26,0.4975,0.8366666666666667,0.9625,0.316066173739149,0.39351499667612916,0.4992513926379114,0.519914881461332,True,True,True
0.2,0.2825,0.53,0.8158333333333333,0.9533333333333334,0.3170996143372081,0.39401080330031313,0.49355575037911176,0.5178207600999741,True,True,True
0.2,0.19833333333333333,0.43,0.7883333333333333,0.9366666666666666,0.2676868838538719,0.3517201747948228,0.4539351186243811,0.49376152435368104,True,True,True
0.2,0.25666666666666665,0.49583333333333335,0.8,0.9441666666666667,0.30468040663810847,0.3813623890203023,0.48114013314583803,0.5095103213270721,True,True,True
0.2,0.2275,0.4583333333333333,0.7883333333333333,0.9333333333333333,0.27846633141714894,0.36282596778791787,0.4634458844377257,0.49929941409775913,True,True,True
0.2,0.2075,0.4241666666666667,0.8141666666666667,0.9633333333333334,0.26643946118166195,0.34840025477776654,0.455287696443929,0.49496501967271617,True,True,True
0.2,0.2375,0.4633333333333333,0.82,0.9575,0.285474917726778,0.3650621850610232,0.4694164066254518,0.5025989408181727,True,True,True
0.2,0.2816666666666667,0.5166666666666667,0.8516666666666667,0.9775,0.3167387193278625,0.3925981453045073,0.49558747184862617,0.5194259655829967,True,True,True
0.2,0.25166666666666665,0.4975,0.815,0.9516666666666667,0.3030664416694313,0.3812609795347036,0.4833016973988177,0.5099598308132167,True,True,True
0.2,0.28,0.5,0.8675,0.9808333333333333,0.3125153277460346,0.3820339292195823,0.4859338028049615,0.5109618098411879,True,True,True
0.2,0.23333333333333334,0.4666666666666667,0.8183333333333334,0.9533333333333334,0.2887711280139428,0.36597215960096463,0.47169794761855105,0.5029607460119114,True,True,True
0.2,0.30083333333333334,0.5458333333333333,0.8441666666666666,0.9666666666666667,0.3217822102998771,0.3991804001918387,0.49974209126046104,0.5221626090717538,True,True,True
0.2,0.25916666666666666,0.5125,0.7983333333333333,0.9391666666666667,0.3175337256419012,0.3968887512745939,0.49663811796472845,0.518814129015084,True,True,True
0.2,0.2841666666666667,0.5283333333333333,0.8358333333333333,0.9608333333333333,0.31354119405959174,0.3919738494314077,0.4973354655818717,0.5211868468250422,True,True,True
0.2,0.21583333333333332,0.44333333333333336,0.7941666666666667,0.9483333333333334,0.2688857716272878,0.35407016943159125,0.45852510087056697,0.49754420712377956,True,True,True
0.2,0.2608333333333333,0.48333333333333334,0.8475,0.9758333333333333,0.2965620672078269,0.37669015012288404,0.48258772324033705,0.5124114897854382,True,True,True
0.2,0.2841666666666667,0.555,0.8141666666666667,0.9533333333333334,0.3286826903592934,0.40259059377479606,0.4962874092486997,0.520582164007833,True,True,True
0.2,0.2916666666666667,0.5275,0.8541666666666666,0.9775,0.3112688808408233,0.3900631224668625,0.48816855716253554,0.5163701425733781,True,True,True
0.2,0.28,0.5125,0.88,0.9858333333333333,0.31381861892595747,0.3895141968737491,0.49686897233714417,0.5205880402986113,True,True,True
0.2,0.2733333333333333,0.5083333333333333,0.8366666666666667,0.9733333333333334,0.2931627021212285,0.3753562947381783,0.4745870546079462,0.5088743563802621,True,True,True
0.2,0.2608333333333333,0.48833333333333334,0.8408333333333333,0.9716666666666667,0.3034795719007634,0.3803168997784496,0.4857939589801547,0.5126596728499567,True,True,True
0.2,0.26166666666666666,0.5,0.8591666666666666,0.9758333333333333,0.3042968795847604,0.38550906909457777,0.48881078632405384,0.5149759082364967,True,True,True
0.2,0.34,0.5891666666666666,0.8858333333333334,0.9866666666666667,0.3458361327420491,0.41674064325806426,0.5130829781955231,0.5301128134479404,True,True,True
0.2,0.2966666666666667,0.5216666666666666,0.8675,0.9841666666666666,0.311632482946738,0.3838186523436658,0.48393932138461754,0.5122052103300438,True,True,True
0.2,0.21416666666666667,0.4483333333333333,0.7825,0.9225,0.28090650683010887,0.3628727772378141,0.4682778497592732,0.5004051618191013,True,True,True
0.2,0.27666666666666667,0.54,0.8108333333333333,0.9466666666666667,0.31594692408041,0.3911307644313527,0.48645673138714113,0.5142706123701042,True,True,True
0.2,0.20416666666666666,0.42916666666666664,0.79,0.9408333333333333,0.27262540472804225,0.3563025931611102,0.4677944745822191,0.5018484785450003,True,True,True
0.2,0.2225,0.45916666666666667,0.8108333333333333,0.9541666666666667,0.28521067824698076,0.36585165219374416,0.47206403822634657,0.5037040605028554,True,True,True
0.2,0.27666666666666667,0.4975,0.8491666666666666,0.9758333333333333,0.3079213169616969,0.3862974887305044,0.48823399886607205,0.5162759305144763,True,True,True
0.2,0.2275,0.45,0.8116666666666666,0.9566666666666667,0.28275989778794075,0.3639324208508523,0.4677510289281999,0.5009370916614154,True,True,True
0.2,0.31666666666666665,0.5625,0.8741666666666666,0.9825,0.33662128729848423,0.40647808665513246,0.5039235645210322,0.5246455279320912,True,True,True
0.2,0.24583333333333332,0.48333333333333334,0.8125,0.9516666666666667,0.2870852762328451,0.372267808322471,0.4770261825345257,0.5092544695905035,True,True,True
0.2,0.25,0.4866666666666667,0.8375,0.9658333333333333,0.30592564090714597,0.38343035893518856,0.4898997455660134,0.5153368694029625,True,True,True
0.2,0.2625,0.49,0.855,0.9783333333333334,0.30067116336704025,0.38021526090541125,0.4810994138741168,0.5117109419124891,True,True,True
0.2,0.24583333333333332,0.49833333333333335,0.8116666666666666,0.9483333333333334,0.3189165427506575,0.39481565751636877,0.49631235485684316,0.5169914010901376,True,True,True
0.2,0.315,0.5675,0.8708333333333333,0.9816666666666667,0.3299018317931043,0.4035724240289242,0.4994441259455876,0.522922959759782,True,True,True
0.2,0.2725,0.495,0.86,0.9783333333333334,0.3029555197254316,0.3783963392639157,0.4828470164833888,0.5117621552962398,True,True,True
0.2,0.29583333333333334,0.525,0.8666666666666667,0.9783333333333334,0.3201174572722638,0.3918089090026191,0.4907523447799783,0.5142782406814767,True,True,True
0.2,0.24,0.46,0.83,0.9683333333333334,0.2839014766216286,0.3628751010046495,0.46778824292526383,0.502443645280737,True,True,True
0.2,0.2625,0.5,0.8391666666666666,0.9691666666666666,0.30676056242526784,0.38435574677992285,0.48708542970569757,0.514569428817661,True,True,True
0.2,0.21916666666666668,0.45166666666666666,0.8033333333333333,0.9383333333333334,0.291132042419733,0.3704085354756528,0.47692219081675913,0.5054521803789586,True,True,True
0.2,0.25333333333333335,0.48833333333333334,0.8108333333333333,0.955,0.2959623184786472,0.3742822544719326,0.4751165196972643,0.5067580890039322,True,True,True
0.2,0.22583333333333333,0.43916666666666665,0.8166666666666667,0.9616666666666667,0.2813406317910147,0.3588766783508671,0.4653917562877219,0.5006211147100692,True,True,True
0.2,0.265,0.495,0.8425,0.9708333333333333,0.30203017812689154,0.37783011779004233,0.4807980193926329,0.5101389613334547,True,True,True
0.2,0.2783333333333333,0.5291666666666667,0.8233333333333334,0.9558333333333333,0.3117681264763582,0.3909215395761611,0.48889268839031225,0.5147013986646183,True,True,True
0.2,0.24166666666666667,0.4816666666666667,0.8091666666666667,0.9508333333333333,0.28559906309270855,0.36726330152092324,0.4710858119702471,0.503393918998323,True,True,True
0.2,0.24583333333333332,0.48,0.8083333333333333,0.95,0.28730726214600294,0.36873323027750377,0.47157627793106544,0.5044144616412604,True,True,True
0.2,0.22833333333333333,0.4683333333333333,0.8108333333333333,0.9475,0.29067830155374913,0.3729048238599969,0.4803409273494262,0.5103474886636356,True,True,True
0.2,0.2925,0.5391666666666667,0.8325,0.9616666666666667,0.31946199971224776,0.3942647322062847,0.4916742541532107,0.5166800710441568,True,True,True
0.2,0.22333333333333333,0.46416666666666667,0.7933333333333333,0.935,0.2939313662176875,0.3749719549563542,0.48170868514841847,0.5087365811813225,True,True,True
0.2,0.2683333333333333,0.485,0.83,0.965,0.2901901702705066,0.36961857347704824,0.4726179613401545,0.5052130258891552,True,True,True
0.2,0.25333333333333335,0.4725,0.8541666666666666,0.9708333333333333,0.3097678221007542,0.38227630417916336,0.4922202540888316,0.5143062039632081,True,True,True
0.2,0.25,0.4691666666666667,0.8475,0.9766666666666667,0.28983929030809424,0.3672048661243221,0.4748836405112081,0.5077429848227866,True,True,True
0.2,0.22333333333333333,0.45666666666666667,0.7916666666666666,0.9291666666666667,0.28863160933084897,0.36957291719145646,0.4778873343964498,0.5063470930926592,True,True,True
0.2,0.2625,0.5166666666666667,0.8066666666666666,0.9408333333333333,0.3045136980759688,0.3867688519098918,0.4882634206427874,0.5154698348628184,True,True,True
0.2,0.28583333333333333,0.5383333333333333,0.8208333333333333,0.9533333333333334,0.32419724756971086,0.40217637550464436,0.5032712794264301,0.5242620337878576,True,True,True
0.2,0.25083333333333335,0.49083333333333334,0.8208333333333333,0.9583333333333334,0.30806566219651305,0.3852310702417927,0.48867531560896993,0.514699902217126,True,True,True
0.2,0.25416666666666665,0.4891666666666667,0.81,0.955,0.3083572208044217,0.3836736061850641,0.4876049069086814,0.5135382624499953,True,True,True
0.2,0.29333333333333333,0.545,0.8325,0.965,0.3191943298488033,0.39671012529900146,0.49560632486308587,0.5206728925664832,True,True,True
0.2,0.2658333333333333,0.5216666666666666,0.8008333333333333,0.9425,0.3051660047769685,0.3846284229331955,0.4838795383625618,0.5127837472398151,True,True,True
0.2,0.2175,0.45166666666666666,0.8066666666666666,0.95,0.2817442308509759,0.36252831553992043,0.47184545289945684,0.5036623761857147,True,True,True
0.2,0.2808333333333333,0.5366666666666666,0.8158333333333333,0.955,0.31355619978802496,0.3941219505307679,0.49395415993682634,0.519305785957976,True,True,True
0.2,0.2866666666666667,0.5108333333333334,0.8375,0.9716666666666667,0.30433354601277424,0.38497342282109787,0.48674086522043764,0.5162231274219832,True,True,True
0.2,0.30416666666666664,0.5533333333333333,0.8516666666666667,0.9741666666666666,0.331975682094145,0.4037934789301193,0.5016730353103679,0.5231441576174158,True,True,True
0.2,0.2833333333333333,0.5483333333333333,0.8341666666666666,0.9616666666666667,0.32074269367408625,0.4014190304789125,0.5003132130892207,0.5234057809000667,True,True,True
0.2,0.2475,0.48333333333333334,0.8358333333333333,0.97,0.29921012171103634,0.37937698367326705,0.4860817533942196,0.5136616211321962,True,True,True
0.2,0.21416666666666667,0.4475,0.8058333333333333,0.9425,0.2932851752893296,0.37065947026875756,0.4854703471261454,0.51097552114128,True,True,True
0.2,0.2575,0.4925,0.8325,0.9641666666666666,0.29785762556732553,0.3754672382009413,0.47591938243815746,0.5062469525692328,True,True,True
0.2,0.2866666666666667,0.5416666666666666,0.8158333333333333,0.9508333333333333,0.3265684619233527,0.4033993314766002,0.5022793056614432,0.5232048338339852,True,True,True
0.2,0.23666666666666666,0.47833333333333333,0.8058333333333333,0.9416666666666667,0.29530540210609,0.3735428390418125,0.4757310149538127,0.5049638503590708,True,True,True
0.2,0.26166666666666666,0.48083333333333333,0.8458333333333333,0.975,0.2970833466089388,0.3739068267886521,0.4784809293943807,0.5095565339228753,True,True,True
0.2,0.235,0.455,0.8291666666666667,0.965,0.2822788932211736,0.36046150094526347,0.46642883501931576,0.5002269322357529,True,True,True
0.2,0.25416666666666665,0.4791666666666667,0.8575,0.975,0.2991774056359589,0.3721754186837014,0.4797134966059873,0.5081929675851956,True,True,True
0.2,0.23083333333333333,0.4583333333333333,0.8091666666666667,0.9533333333333334,0.2771284170341944,0.3592625889857211,0.460824535956799,0.49784401744794404,True,True,True
0.2,0.2775,0.505,0.8391666666666666,0.9716666666666667,0.3012705489082888,0.377221214285241,0.47381733878343285,0.5058135847325635,True,True,True
0.2,0.24416666666666667,0.475,0.84,0.9716666666666667,0.2973083247065603,0.377028462987524,0.4847865626890784,0.5133572541232919,True,True,True
0.2,0.31166666666666665,0.5516666666666666,0.8875,0.9875,0.33193095328173,0.4045775261824787,0.5072413981650588,0.5274281165812504,True,True,True
0.2,0.24833333333333332,0.4891666666666667,0.8041666666666667,0.94,0.29666216960915115,0.37729507399368006,0.4789169156836911,0.5082384484961568,True,True,True
0.2,0.22583333333333333,0.4625,0.8141666666666667,0.9525,0.28940718682778027,0.3703808025630846,0.48046694970736115,0.5095624631076452,True,True,True
0.2,0.2783333333333333,0.52,0.8216666666666667,0.9558333333333333,0.3056975479226968,0.38500543825228356,0.48808082063107416,0.5146860220294364,True,True,True
0.2,0.265,0.4791666666666667,0.8758333333333334,0.9858333333333333,0.30364752974466985,0.37441886499033467,0.47925781726942335,0.5083056915001117,True,True,True
0.2,0.2941666666666667,0.5391666666666667,0.855,0.9783333333333334,0.3190650367205709,0.3983780589344521,0.49882155289569063,0.5225819458860144,True,True,True
0.2,0.23833333333333334,0.4633333333333333,0.8325,0.9658333333333333,0.2897019778630335,0.37242923105386916,0.4792405389931862,0.5099363812941464,True,True,True
0.2,0.24666666666666667,0.4825,0.8125,0.955,0.2922834180508896,0.3757033847056914,0.4783218465539448,0.5102753511328387,True,True,True
0.2,0.26666666666666666,0.51,0.8616666666666667,0.9791666666666666,0.316782685918564,0.39011651859025775,0.49062649391821556,0.5148681054892619,True,True,True
0.2,0.24,0.4633333333333333,0.8358333333333333,0.9683333333333334,0.3016629426233985,0.37692688637988375,0.48604470424586094,0.5111963369785935,True,True,True
0.2,0.29,0.5333333333333333,0.8483333333333334,0.9783333333333334,0.31451086500795844,0.3907530119949463,0.48507335141426466,0.514517360958754,True,True,True
0.2,0.2425,0.46166666666666667,0.8108333333333333,0.955,0.2859806192673726,0.36466969491744883,0.465502635207894,0.4996188383317973,True,True,True
0.2,0.25583333333333336,0.49,0.8208333333333333,0.9633333333333334,0.2988138534486533,0.37330675322123646,0.47135185852139233,0.5053956191555238,True,True,True
0.2,0.2975,0.5483333333333333,0.86,0.9791666666666666,0.3171413220359499,0.39124563400602236,0.4856489576921096,0.5145821285182394,True,True,True
0.2,0.2808333333333333,0.5258333333333334,0.8241666666666667,0.9558333333333333,0.31598709058649616,0.39009484612637435,0.4863302753452586,0.513077179742274,True,True,True
0.2,0.2975,0.5366666666666666,0.8625,0.98,0.31572353200996056,0.3907283359256038,0.48687236875905804,0.5150519086258102,True,True,True
0.2,0.26166666666666666,0.4825,0.8433333333333334,0.975,0.2942644834079213,0.3728606961486813,0.47811345437837344,0.5094027818766498,True,True,True
0.2,0.2658333333333333,0.4925,0.8275,0.9666666666666667,0.2969546457669464,0.3754476887914077,0.47600181673095665,0.5091180707264223,True,True,True
0.2,0.245,0.475,0.7975,0.9416666666666667,0.28938917767113875,0.36967031580745446,0.4724445674525528,0.5058355534078917,True,True,True
0.2,0.2125,0.45,0.7975,0.9433333333333334,0.2767131236871267,0.3589349770838207,0.4651417034736615,0.4987112573025462,True,True,True
0.2,0.25916666666666666,0.4825,0.8325,0.9683333333333334,0.2910848992495782,0.3709682357866642,0.4747090969507973,0.5074022802140813,True,True,True
0.2,0.24416666666666667,0.4716666666666667,0.8216666666666667,0.9608333333333333,0.2890390527630906,0.36910107983416257,0.4755618720897102,0.5076352341345979,True,True,True
0.2,0.26666666666666666,0.49333333333333335,0.8233333333333334,0.9633333333333334,0.2909294449197687,0.3713880915159605,0.466628331326257,0.5026984377630492,True,True,True
0.2,0.22833333333333333,0.4708333333333333,0.8125,0.9533333333333334,0.2970255075044321,0.3785245087820443,0.4831829135949849,0.5106282228030032,True,True,True
0.2,0.31833333333333336,0.5591666666666667,0.8766666666666667,0.9841666666666666,0.3345554957908169,0.40142715753057195,0.4944624719927203,0.5191307874619328,True,True,True
0.2,0.24,0.4766666666666667,0.8266666666666667,0.96,0.2924313257331321,0.3723759544696146,0.47748657389760896,0.5070425490919519,True,True,True
0.2,0.24166666666666667,0.4741666666666667,0.8241666666666667,0.9608333333333333,0.2882781998547175,0.36981157618175703,0.4731000872974436,0.505363086053915,True,True,True
0.2,0.23333333333333334,0.4741666666666667,0.8141666666666667,0.9475,0.30586605818689067,0.38528329479269463,0.49356776016967774,0.5167595584124286,True,True,True
0.2,0.27416666666666667,0.5208333333333334,0.825,0.9616666666666667,0.310430533158466,0.3898829447807809,0.4895574991955938,0.5164654480165832,True,True,True
0.2,0.24333333333333335,0.4825,0.7966666666666666,0.9383333333333334,0.293341379012197,0.37520569944137266,0.47719041774961196,0.5075424536236529,True,True,True
0.2,0.24833333333333332,0.4633333333333333,0.8541666666666666,0.975,0.2918224265219027,0.366628473478502,0.47337450123860314,0.505042138418027,True,True,True
0.2,0.25583333333333336,0.4891666666666667,0.8008333333333333,0.9466666666666667,0.29036885985344485,0.37286804840849375,0.46769336552394086,0.5027983292156393,True,True,True
0.2,0.2725,0.515,0.8283333333333334,0.9575,0.3226887964379207,0.396318472133968,0.49810194561022847,0.5196486731996144,True,True,True
0.2,0.25166666666666665,0.49583333333333335,0.8075,0.9425,0.3050097696240255,0.385413452695657,0.4900310909649058,0.5153117044088236,True,True,True
0.2,0.2841666666666667,0.535,0.8283333333333334,0.9575,0.3198880515564879,0.39901966263713284,0.501635862852888,0.5240882511200355,True,True,True
0.2,0.305,0.5316666666666666,0.88,0.9833333333333333,0.3239581642357518,0.39576540357689444,0.49612425773518243,0.5186126145517085,True,True,True
0.2,0.2675,0.49416666666666664,0.855,0.9733333333333334,0.30546122687822946,0.38011413795267945,0.48474877841223996,0.5117253626770496,True,True,True
0.2,0.28,0.5225,0.8366666666666667,0.9675,0.31449722901683624,0.38793335299895165,0.48841973945750594,0.5152562433809507,True,True,True
0.2,0.25916666666666666,0.49666666666666665,0.825,0.9616666666666667,0.2879333167535724,0.3699882251374369,0.47080568347729485,0.505283607848109,True,True,True
0.2,0.2683333333333333,0.4875,0.86,0.9808333333333333,0.304968129350574,0.3810733922330928,0.4875285587106155,0.5144442523298469,True,True,True
0.2,0.22,0.4508333333333333,0.7966666666666666,0.9416666666666667,0.27670801978003196,0.3609592541170865,0.4659731253235204,0.5017218885592278,True,True,True
0.2,0.23333333333333334,0.4583333333333333,0.8325,0.965,0.2891175284628122,0.36584491803206104,0.47311389663568953,0.5040978124002597,True,True,True
0.2,0.3358333333333333,0.5783333333333334,0.875,0.9825,0.33945336741112847,0.4087554988767746,0.5073907891670191,0.5267644128464208,True,True,True
0.2,0.24416666666666667,0.4625,0.8433333333333334,0.9725,0.28435411496601987,0.364971308162406,0.47517413958104765,0.5075760087163296,True,True,True
0.2,0.23583333333333334,0.455,0.8458333333333333,0.9708333333333333,0.2917845767283094,0.3665394485234459,0.47729623369512125,0.5053900994930918,True,True,True
0.2,0.2708333333333333,0.5141666666666667,0.8233333333333334,0.9575,0.31932501209454445,0.3956606671273741,0.4972340377773014,0.5198670988145486,True,True,True
0.2,0.2791666666666667,0.5166666666666667,0.8533333333333334,0.9725,0.317874653258226,0.3964939409376438,0.49930032605085234,0.5218222285557521,True,True,True
0.2,0.2525,0.49083333333333334,0.8041666666666667,0.9483333333333334,0.2900567099213183,0.370174388615613,0.46967199772207463,0.5050423786478359,True,True,True
0.2,0.23666666666666666,0.4708333333333333,0.8175,0.9516666666666667,0.2994542312815106,0.3818810430120661,0.49033055197332087,0.5158617642500586,True,True,True
0.2,0.2866666666666667,0.5191666666666667,0.8475,0.975,0.3117117102667231,0.3867325720120445,0.48373623545409306,0.513065463977832,True,True,True
0.2,0.2791666666666667,0.5233333333333333,0.8316666666666667,0.9625,0.310898181514731,0.3899162632415723,0.4897719887565619,0.5161316632844289,True,True,True
0.2,0.26916666666666667,0.5275,0.8116666666666666,0.9566666666666667,0.3063665274644903,0.3828298758469001,0.47989935132295347,0.5107546420911755,True,True,True
0.2,0.23166666666666666,0.4691666666666667,0.8066666666666666,0.9466666666666667,0.28558248828624094,0.36972421310522136,0.4747887933914105,0.5060973009178186,True,True,True
0.2,0.285,0.5375,0.8383333333333334,0.965,0.3174331720994885,0.3951068338470318,0.4951744358115189,0.5189930861354495,True,True,True
0.2,0.2808333333333333,0.5183333333333333,0.8358333333333333,0.965,0.3159937772206792,0.39241887376511086,0.48948338488130966,0.5153336971194731,True,True,True
0.2,0.255,0.49916666666666665,0.8191666666666667,0.9566666666666667,0.30546137676269985,0.3863970060882924,0.4897067720779732,0.5164145279048242,True,True,True
0.2,0.24166666666666667,0.4525,0.8441666666666666,0.975,0.28368799341926776,0.3594045144335406,0.46454254163636666,0.4986772602137481,True,True,True
0.2,0.2375,0.4533333333333333,0.8416666666666667,0.9725,0.28425875186986876,0.3618641009203674,0.4688889986267035,0.5018360080988088,True,True,True
0.2,0.2675,0.5083333333333333,0.815,0.9533333333333334,0.30570513368057134,0.3863704397111159,0.4873217748021091,0.5145315592872061,True,True,True
0.2,0.23833333333333334,0.4708333333333333,0.8275,0.965,0.29054785810292016,0.3703348926255101,0.4768194880815427,0.5067774618690416,True,True,True
0.2,0.27166666666666667,0.5191666666666667,0.8233333333333334,0.9591666666666666,0.30618836087226464,0.3824590340555441,0.4792854748421443,0.5098029098129331,True,True,True
0.2,0.2808333333333333,0.5191666666666667,0.8583333333333333,0.98,0.3074125026610147,0.38164650491701113,0.48105724142581796,0.5120184982314139,True,True,True
0.2,0.24916666666666668,0.4725,0.8283333333333334,0.9616666666666667,0.29064150826814533,0.3695605220675998,0.46939896160649086,0.5024382357826555,True,True,True
0.2,0.25916666666666666,0.4816666666666667,0.8383333333333334,0.9708333333333333,0.29827524294182,0.3763416325580621,0.48256632043145203,0.5103119217783719,True,True,True
0.2,0.24083333333333334,0.4691666666666667,0.8308333333333333,0.9675,0.2887646011538942,0.371100580370741,0.4763609993584768,0.5071869442533166,True,True,True
0.2,0.21083333333333334,0.4425,0.8041666666666667,0.9483333333333334,0.27405549510763333,0.35927999706244346,0.46787878357447016,0.5025512701276731,True,True,True
0.2,0.2991666666666667,0.5491666666666667,0.85,0.9766666666666667,0.31947099890515024,0.3942129358535878,0.49020896542471737,0.5174565607598406,True,True,True
0.2,0.27,0.5158333333333334,0.8216666666666667,0.9616666666666667,0.30540852431872745,0.38298112218674046,0.48275820136576253,0.512319578173469,True,True,True
0.2,0.24666666666666667,0.4816666666666667,0.8166666666666667,0.9558333333333333,0.29071301428688373,0.37179295279864777,0.4735312600010749,0.5062786519556,True,True,True
0.2,0.2525,0.4683333333333333,0.865,0.985,0.28960190659566365,0.3683079755772907,0.4765925495017249,0.5084212720462725,True,True,True
0.2,0.24,0.47833333333333333,0.8216666666666667,0.9516666666666667,0.30529348567727843,0.3840684549326379,0.4892911229758594,0.5142216578632549,True,True,True
0.2,0.2475,0.465,0.8558333333333333,0.9816666666666667,0.2919385855648256,0.3694628852739938,0.48017414839382355,0.5094893231478449,True,True,True
0.2,0.25416666666666665,0.505,0.8008333333333333,0.9466666666666667,0.2995789063992454,0.3794118236097492,0.4766854181294991,0.5087687571455696,True,True,True
0.2,0.27166666666666667,0.49666666666666665,0.8341666666666666,0.97,0.30485770228887754,0.3802054995420945,0.48275175681153326,0.5124245770521888,True,True,True
0.2,0.24,0.4766666666666667,0.8016666666666666,0.9541666666666667,0.2905267867245661,0.3701400437804452,0.4661758475223691,0.5034719912863796,True,True,True
0.2,0.2866666666666667,0.5266666666666666,0.8333333333333334,0.9675,0.31265603238977807,0.3879477381352396,0.48735286425591123,0.5143070227559783,True,True,True
0.2,0.22833333333333333,0.45416666666666666,0.8116666666666666,0.9583333333333334,0.2792229263319768,0.3627913033713573,0.4660698892768038,0.5016359165045082,True,True,True
0.2,0.24333333333333335,0.4816666666666667,0.8183333333333334,0.9516666666666667,0.29989505835834934,0.37931155712192155,0.48437192465956314,0.5110959142537133,True,True,True
0.2,0.2675,0.5183333333333333,0.82,0.9558333333333333,0.3030366366329931,0.38085803539950874,0.481784803058468,0.5118922865421144,True,True,True
0.2,0.24416666666666667,0.47,0.8541666666666666,0.9808333333333333,0.2911302356714108,0.36894174488453796,0.47123434972431727,0.5050593615728948,True,True,True
0.2,0.30666666666666664,0.5408333333333334,0.875,0.9808333333333333,0.32245677093048364,0.3954718433972041,0.4964246387874212,0.5208426451575376,True,True,True
0.2,0.28833333333333333,0.5466666666666666,0.825,0.9575,0.32579100690914775,0.40131674294275627,0.4972900153576662,0.5204644144128729,True,True,True
0.2,0.25666666666666665,0.5016666666666667,0.7991666666666667,0.9458333333333333,0.3064351257771725,0.3778637046381217,0.47337512277039895,0.5055451890851035,True,True,True
0.2,0.22666666666666666,0.44,0.83,0.9658333333333333,0.28441753049902785,0.36080809525630075,0.4689864014490625,0.5010329448149405,True,True,True
0.2,0.2225,0.44666666666666666,0.795,0.9466666666666667,0.2751697012972508,0.3587010800852713,0.46171464832987585,0.49846676752046193,True,True,True
0.2,0.2633333333333333,0.5116666666666667,0.8091666666666667,0.9491666666666667,0.3132018406501748,0.38454540282137584,0.4789386216752748,0.5093503579544065,True,True,True
0.2,0.2175,0.4425,0.8083333333333333,0.9525,0.27961450680334327,0.35682872742935995,0.46488434332998146,0.4983184500931578,True,True,True
0.2,0.28833333333333333,0.5458333333333333,0.82,0.9516666666666667,0.32649257666005377,0.4025362531592491,0.4998934031059084,0.5225993462280015,True,True,True
0.2,0.26916666666666667,0.515,0.8233333333333334,0.9658333333333333,0.30877126972565433,0.3844058029234837,0.48119103917474604,0.5108241719341103,True,True,True
0.2,0.2708333333333333,0.5025,0.8416666666666667,0.9658333333333333,0.30767138028522767,0.38322044833761604,0.48655499979037187,0.5123891584253035,True,True,True
0.2,0.265,0.5008333333333334,0.8125,0.95,0.29825433715740207,0.3757486010733512,0.4767297514286518,0.5082964439045907,True,True,True
0.2,0.30916666666666665,0.5616666666666666,0.8541666666666666,0.9775,0.33640754922246274,0.4054388557594452,0.4963779505332606,0.5205661711764179,True,True,True
0.2,0.2375,0.4658333333333333,0.8425,0.9666666666666667,0.29999699714374295,0.3749165504825893,0.47994166167639596,0.5079823530095853,True,True,True
0.2,0.22916666666666666,0.4533333333333333,0.8191666666666667,0.9583333333333334,0.2866601924823239,0.36263193759815016,0.46892110787257185,0.5004015330981489,True,True,True
0.2,0.26666666666666666,0.5158333333333334,0.8216666666666667,0.9583333333333334,0.30363287334614114,0.38425983889515614,0.48230950948480994,0.5131866561710631,True,True,True
0.2,0.25,0.4683333333333333,0.8525,0.975,0.2955348715214464,0.3722151665480223,0.47677578250756086,0.507474653291189,True,True,True
0.2,0.2625,0.49333333333333335,0.8666666666666667,0.9775,0.30605778266292566,0.3803041355225601,0.48329819797249435,0.5100752747328763,True,True,True
0.2,0.3491666666666667,0.5958333333333333,0.8866666666666667,0.9858333333333333,0.3515972796549814,0.41911418027355324,0.5095773377308135,0.5278621530222745,True,True,True
0.2,0.245,0.4766666666666667,0.8333333333333334,0.9658333333333333,0.2999971203601291,0.3757229767057693,0.4825984708619318,0.5098182023584178,True,True,True
0.2,0.26166666666666666,0.4925,0.8475,0.9733333333333334,0.31148876835716255,0.38888538985285565,0.49656326935149575,0.5190257286027197,True,True,True
0.2,0.24916666666666668,0.4825,0.8108333333333333,0.955,0.2931313492927924,0.37064240325267095,0.4746520439451505,0.5058736297967485,True,True,True
0.2,0.295,0.5591666666666667,0.83,0.9575,0.3353429082216539,0.410453898245681,0.5048139677635812,0.525454540467548,True,True,True
0.2,0.2975,0.5583333333333333,0.8391666666666666,0.965,0.33238280149710053,0.4092363865806129,0.5083116434299143,0.5285336042614132,True,True,True
0.2,0.26,0.4866666666666667,0.8716666666666667,0.9808333333333333,0.3100636442755182,0.3848210938815056,0.49200672276721746,0.515944610269281,True,True,True
0.2,0.25833333333333336,0.48083333333333333,0.8491666666666666,0.9783333333333334,0.294020592511276,0.3714574864109392,0.4732615501199922,0.5062537516387629,True,True,True
0.2,0.22416666666666665,0.4475,0.8066666666666666,0.9533333333333334,0.2853087418305104,0.3640550344763116,0.47024235520773044,0.5026714677248358,True,True,True
0.2,0.295,0.53,0.86,0.9783333333333334,0.32338993112549314,0.39293676464356264,0.49125834604043056,0.5164376618537231,True,True,True
0.2,0.34,0.5808333333333333,0.8816666666666667,0.9833333333333333,0.34871692551598926,0.4196525496979891,0.5130102424076144,0.530463274010666,True,True,True
0.2,0.23166666666666666,0.4716666666666667,0.7908333333333334,0.9358333333333333,0.28615863519818174,0.3671861636024065,0.4715496432988694,0.5031980149087062,True,True,True
0.2,0.235,0.47,0.8133333333333334,0.9516666666666667,0.29825185469773224,0.3775653691431143,0.4873062883213812,0.5138689381470462,True,True,True
0.2,0.245,0.4816666666666667,0.8091666666666667,0.95,0.289596458871871,0.37292512653756094,0.4759762678769337,0.5080624464160155,True,True,True
0.2,0.2425,0.47,0.8041666666666667,0.9516666666666667,0.28642359293946335,0.36930765469388294,0.47377256580321186,0.5068763758004788,True,True,True
0.2,0.3,0.5491666666666667,0.8533333333333334,0.975,0.3289241885987696,0.4019625055458548,0.4991324313771243,0.5220055618954278,True,True,True
0.2,0.30416666666666664,0.5558333333333333,0.8416666666666667,0.9683333333333334,0.3289490809659068,0.40548619525907065,0.5034797786327944,0.5250006809527767,True,True,True
0.2,0.27,0.5016666666666667,0.865,0.9766666666666667,0.31064129596526624,0.39004511357658384,0.49444457118826146,0.5192595530330409,True,True,True
0.2,0.295,0.5608333333333333,0.8283333333333334,0.9616666666666667,0.3251089870213895,0.40479043275882876,0.4969668602075467,0.5220839593230515,True,True,True
0.2,0.3125,0.5591666666666667,0.865,0.98,0.3258654974574543,0.3983505775787843,0.4930117105134888,0.5188692504559433,True,True,True
0.2,0.26166666666666666,0.49083333333333334,0.8608333333333333,0.9766666666666667,0.3110894059922658,0.38501871342396826,0.49262618627563265,0.5153791722503102,True,True,True
0.2,0.23833333333333334,0.46166666666666667,0.8016666666666666,0.9516666666666667,0.2780360782404659,0.36156525747119883,0.4663074130067472,0.5022107816062384,True,True,True
0.2,0.22166666666666668,0.45666666666666667,0.78,0.9208333333333333,0.28418952394459035,0.36765476231523936,0.472184968225682,0.5032145554734854,True,True,True
0.2,0.225,0.47333333333333333,0.8016666666666666,0.9425,0.29132597886114214,0.37288217053459743,0.4771890975969945,0.5076955486693231,True,True,True
0.2,0.2725,0.5116666666666667,0.8325,0.9675,0.30451907424970936,0.38429367561900246,0.48724454785338156,0.5149478223084893,True,True,True
0.2,0.2875,0.535,0.8291666666666667,0.9583333333333334,0.3158481038217148,0.3982109153562916,0.4982126779047176,0.5216169754719641,True,True,True
0.2,0.24583333333333332,0.4716666666666667,0.8416666666666667,0.9733333333333334,0.29807453957438923,0.3778635286816479,0.4887543691199796,0.5156409179150901,True,True,True
0.2,0.25333333333333335,0.4816666666666667,0.8208333333333333,0.9566666666666667,0.29404665705124516,0.3730442618901911,0.4760939276273137,0.5069539808041598,True,True,True
0.2,0.24333333333333335,0.4708333333333333,0.8175,0.9616666666666667,0.28859475653797956,0.3670355955842509,0.4706311344618905,0.5048745765392079,True,True,True
0.2,0.24333333333333335,0.4841666666666667,0.8058333333333333,0.9433333333333334,0.2973904280950122,0.3781265291427359,0.4862252475006892,0.5136774647823614,True,True,True
0.2,0.2966666666666667,0.555,0.8441666666666666,0.9691666666666666,0.3337560559288138,0.4051516716514409,0.5017072042264215,0.5230159252919907,True,True,True
0.2,0.28833333333333333,0.5316666666666666,0.86,0.9791666666666666,0.32080211750323817,0.3942971882650249,0.49396355604307435,0.5183937494666566,True,True,True
0.2,0.31083333333333335,0.5683333333333334,0.8425,0.9683333333333334,0.33259861460986984,0.4061488798328979,0.5020228416342254,0.5241099600957752,True,True,True
0.2,0.24083333333333334,0.45416666666666666,0.8358333333333333,0.9741666666666666,0.2786963748956474,0.36043077342675,0.46632042373530247,0.502500282723494,True,True,True
0.2,0.26666666666666666,0.49833333333333335,0.8475,0.975,0.305302868499068,0.38566369779749304,0.48980679264411664,0.5166568822682155,True,True,True
0.2,0.25666666666666665,0.5133333333333333,0.7983333333333333,0.94,0.3032450975675515,0.3822937201030355,0.4782836105940057,0.5100096392976771,True,True,True
0.2,0.26916666666666667,0.49083333333333334,0.855,0.975,0.30484488088806416,0.38106379217914155,0.4831862697483561,0.5109375835750491,True,True,True
0.2,0.24333333333333335,0.47583333333333333,0.8025,0.9483333333333334,0.2801574430945227,0.36511860518422684,0.4657897219394844,0.5024821663374015,True,True,True
0.2,0.2025,0.43,0.78,0.9258333333333333,0.26992887325840853,0.354311258347951,0.4626171216076432,0.4991360498045563,True,True,True
0.2,0.30666666666666664,0.5608333333333333,0.8675,0.98,0.32789022722727684,0.40590713400721556,0.5041434084427331,0.5260320329330528,True,True,True
0.2,0.20666666666666667,0.42583333333333334,0.8,0.9425,0.27308876732885323,0.3541339966446056,0.4632219978470581,0.4985528520817281,True,True,True
0.2,0.25083333333333335,0.5,0.7958333333333333,0.935,0.2992643685490316,0.3837566618042509,0.48729047199078734,0.5132598730066593,True,True,True
0.2,0.2633333333333333,0.49416666666666664,0.8683333333333333,0.9783333333333334,0.3090639864946876,0.38421396352987947,0.4905576295082841,0.515004455440042,True,True,True
0.2,0.23166666666666666,0.4608333333333333,0.815,0.9525,0.29791003381542397,0.37611293083000746,0.4865575573451297,0.5123622387497306,True,True,True
0.2,0.2375,0.4716666666666667,0.8275,0.9633333333333334,0.288432131207888,0.3666881615676456,0.4670330863843648,0.5007157116346767,True,True,True
0.2,0.3016666666666667,0.5441666666666667,0.85,0.9725,0.32528818327287323,0.39842613533688176,0.49824131472597655,0.5216539746335366,True,True,True
0.2,0.285,0.5283333333333333,0.8433333333333334,0.9691666666666666,0.3157673323936606,0.3951533601186798,0.49533796975583416,0.5203273094660633,True,True,True
0.2,0.2683333333333333,0.5216666666666666,0.8233333333333334,0.96,0.30661205690229054,0.38459248848816346,0.48034351470643394,0.5113082875456548,True,True,True
0.2,0.265,0.4841666666666667,0.8283333333333334,0.965,0.29333443957485233,0.3743518222208907,0.47873660645950245,0.5104708789236008,True,True,True
0.2,0.23,0.4533333333333333,0.8066666666666666,0.9541666666666667,0.28242939847827825,0.36417843590306426,0.4721052086037658,0.5060135496526411,True,True,True
0.2,0.32,0.5716666666666667,0.8758333333333334,0.9808333333333333,0.33102385535852114,0.4084249569004269,0.5087392902539618,0.5294918012468991,True,True,True
0.2,0.31333333333333335,0.5525,0.8808333333333334,0.9858333333333333,0.32359607159605064,0.39518915394442455,0.4941311895215887,0.5199155102060099,True,True,True
0.2,0.26416666666666666,0.48333333333333334,0.8375,0.9741666666666666,0.2960586069188178,0.3719966084062343,0.47104225052982485,0.5058278106053906,True,True,True
0.2,0.27,0.5291666666666667,0.8166666666666667,0.9558333333333333,0.30867751153653417,0.3899746480186821,0.4887128811958161,0.5157814225165906,True,True,True
0.2,0.24916666666666668,0.4891666666666667,0.8116666666666666,0.9508333333333333,0.30374084346737634,0.38215007936306944,0.4830339863239043,0.5105673251201653,True,True,True
0.2,0.24916666666666668,0.4658333333333333,0.855,0.9691666666666666,0.3114138215811122,0.3857538679066605,0.4965584409306853,0.5177297795996801,True,True,True
0.2,0.23916666666666667,0.4866666666666667,0.8016666666666666,0.9391666666666667,0.3000147968838523,0.3808540876961351,0.4854457217094237,0.5118575993446879,True,True,True
0.2,0.25666666666666665,0.4975,0.805,0.9491666666666667,0.29428466835719014,0.37723689757189793,0.47464848344933397,0.5085632076454591,True,True,True
0.2,0.315,0.5441666666666667,0.8833333333333333,0.9883333333333333,0.32417448066850113,0.3974446713496933,0.4969273064037901,0.520481516411349,True,True,True
0.2,0.285,0.5383333333333333,0.8283333333333334,0.9616666666666667,0.32277307751866857,0.39630603239940665,0.4939568517405103,0.5176133482394887,True,True,True
0.2,0.24416666666666667,0.4766666666666667,0.8,0.9491666666666667,0.28870972518578014,0.3692030520695351,0.4719931325174709,0.5063254482140243,True,True,True
0.2,0.28833333333333333,0.5316666666666666,0.8566666666666667,0.9758333333333333,0.3196300082234969,0.3985868309814382,0.5026158941894137,0.5250956902624405,True,True,True
0.2,0.21833333333333332,0.4375,0.8241666666666667,0.9616666666666667,0.2771887929316551,0.3605685690541244,0.4751526059313462,0.506991639962022,True,True,True
0.2,0.30666666666666664,0.5458333333333333,0.865,0.98,0.3150888407534412,0.3907155809994211,0.48671854062970055,0.5144927587072903,True,True,True
0.2,0.22333333333333333,0.435,0.8275,0.9683333333333334,0.2785657118742364,0.35874468735440035,0.4711541915883947,0.5032771814354694,True,True,True
0.2,0.26166666666666666,0.4866666666666667,0.8508333333333333,0.9691666666666666,0.30324582799881356,0.3783038208712275,0.48090057734425734,0.5087098292259391,True,True,True
0.2,0.2708333333333333,0.52,0.8075,0.9441666666666667,0.3093824097495495,0.38446705017178756,0.48193841872940607,0.5101407128433145,True,True,True
0.2,0.25916666666666666,0.4841666666666667,0.8425,0.9716666666666667,0.29609524214621696,0.37460216746191627,0.4734419903708382,0.5052987535483168,True,True,True
0.2,0.285,0.5441666666666667,0.8158333333333333,0.9541666666666667,0.3199086852861359,0.3951072906070126,0.4945379627746889,0.5191524476254504,True,True,True
0.2,0.23916666666666667,0.47833333333333333,0.7975,0.9433333333333334,0.2871388200897412,0.3672081557056065,0.4669304034785673,0.5015947422151615,True,True,True
0.2,0.22083333333333333,0.4558333333333333,0.7866666666666666,0.9316666666666666,0.2786508610757548,0.35966277491163673,0.4649056689538414,0.49936202288493625,True,True,True
0.2,0.24833333333333332,0.4891666666666667,0.8008333333333333,0.9433333333333334,0.2953117504821964,0.3752393820194914,0.47439869354267006,0.5067862885602437,True,True,True
0.2,0.24,0.465,0.8133333333333334,0.9575,0.28538260309021346,0.3656267007110039,0.46868710486597753,0.5021538714075598,True,True,True
0.2,0.24166666666666667,0.465,0.8383333333333334,0.9675,0.2950578576147926,0.37444949093761487,0.47918701760351096,0.509291021897677,True,True,True
0.2,0.24166666666666667,0.475,0.8283333333333334,0.9591666666666666,0.29983483987736836,0.3777272469344799,0.4841225237577745,0.5118215716965346,True,True,True
0.2,0.23833333333333334,0.4716666666666667,0.8208333333333333,0.9575,0.29477865707080025,0.37658739804832686,0.4845928321995858,0.5124054548749579,True,True,True
0.2,0.27666666666666667,0.5116666666666667,0.8325,0.965,0.3072844505445982,0.3866967763311508,0.490660325581518,0.5165863559421597,True,True,True
0.2,0.27,0.5233333333333333,0.8125,0.955,0.3095846066245678,0.3841226847566586,0.4823148433883989,0.511256766203288,True,True,True
0.2,0.295,0.5358333333333334,0.8591666666666666,0.98,0.31656933347288774,0.390915809020731,0.48659373076478335,0.5149990502014956,True,True,True
0.2,0.25333333333333335,0.49333333333333335,0.8216666666666667,0.9575,0.29927976631722464,0.37771684998386296,0.482336251341654,0.5109103598664215,True,True,True
0.2,0.2758333333333333,0.53,0.825,0.9616666666666667,0.3088589471651402,0.3878601154640694,0.4806513056977032,0.5124184389751257,True,True,True
0.2,0.30416666666666664,0.5525,0.8483333333333334,0.9716666666666667,0.32212220707294226,0.4004332663169675,0.49853072151979744,0.5224828624290252,True,True,True
0.2,0.24833333333333332,0.4716666666666667,0.8591666666666666,0.98,0.29898745518276604,0.37853265068823555,0.48916000108693264,0.5159655724615337,True,True,True
0.2,0.26,0.49666666666666665,0.8266666666666667,0.9625,0.3012590878105647,0.3778922448964176,0.47720055633653774,0.5079626755098968,True,True,True
0.2,0.24083333333333334,0.4691666666666667,0.8258333333333333,0.965,0.2929405562658336,0.37042477619543424,0.47574401052874066,0.5067398586168568,True,True,True
0.2,0.25166666666666665,0.49333333333333335,0.8158333333333333,0.9533333333333334,0.3028942181411614,0.3837386995887021,0.4878661396881426,0.5136279412147499,True,True,True
0.2,0.22833333333333333,0.47833333333333333,0.8175,0.95,0.2989585024675344,0.380307428782556,0.48704992061061764,0.5138087407859702,True,True,True
0.2,0.26416666666666666,0.5166666666666667,0.8041666666666667,0.9525,0.2983435020504254,0.3791774871315727,0.4729719915174586,0.5067729780902823,True,True,True
0.2,0.2733333333333333,0.4825,0.8325,0.9666666666666667,0.29637105884431425,0.3728153777486363,0.47107532493700904,0.5046035229881795,True,True,True
0.2,0.24166666666666667,0.4625,0.8591666666666666,0.9816666666666667,0.28881479597192244,0.36995152906158457,0.4762806155835469,0.5085919351258684,True,True,True
0.2,0.27666666666666667,0.49416666666666664,0.855,0.9766666666666667,0.3029152681097841,0.3825588844371296,0.4855316840185737,0.5125680197495804,True,True,True
0.2,0.2375,0.4791666666666667,0.7983333333333333,0.9408333333333333,0.29723551649678936,0.3736497798635603,0.4739266796495109,0.505314454346164,True,True,True
0.2,0.2675,0.48833333333333334,0.8191666666666667,0.9575,0.29782291063503374,0.3730613629657581,0.47421361921343597,0.5052805894681703,True,True,True
0.2,0.26416666666666666,0.49916666666666665,0.8508333333333333,0.97,0.31759350022748994,0.39358482919956583,0.49782782768633627,0.5194857552375277,True,True,True
0.2,0.2816666666666667,0.5291666666666667,0.8375,0.9633333333333334,0.31381849093469893,0.3929507832625579,0.4956640092027263,0.520639668525256,True,True,True
0.2,0.30916666666666665,0.5575,0.8658333333333333,0.9816666666666667,0.33368505412300903,0.40350288961535713,0.4954737209219082,0.5202363702314463,True,True,True
0.2,0.23,0.45916666666666667,0.7983333333333333,0.9466666666666667,0.2862609945063401,0.36728438333958696,0.4675448072922191,0.5013843057983423,True,True,True
0.2,0.26916666666666667,0.49416666666666664,0.8358333333333333,0.9725,0.3029123354253126,0.3763523187540322,0.4736825272811559,0.5062394847928141,True,True,True
0.2,0.30583333333333335,0.5416666666666666,0.8725,0.9825,0.31758994312606437,0.3940432398290927,0.4947069821235266,0.5194204535950786,True,True,True
0.2,0.2875,0.555,0.8175,0.9491666666666667,0.3241511613496316,0.40050250011122657,0.496495881873108,0.5195222223578558,True,True,True
0.2,0.265,0.49666666666666665,0.8166666666666667,0.96,0.2983250758148925,0.3764149279135057,0.47452207443223,0.5074630854437722,True,True,True
0.2,0.325,0.5666666666666667,0.8825,0.9858333333333333,0.33176149517287623,0.40285926150669754,0.5002402703100793,0.5232085971547874,True,True,True
0.2,0.26916666666666667,0.5125,0.8275,0.9633333333333334,0.3048629648401029,0.38115836275602283,0.48085594958153394,0.5107580148997448,True,True,True
0.2,0.275,0.5191666666666667,0.8325,0.97,0.3011899566540675,0.37978217936589465,0.4753440162735425,0.5091773871239851,True,True,True
0.2,0.2733333333333333,0.5058333333333334,0.8433333333333334,0.9716666666666667,0.30483053817057043,0.3830354627833782,0.4845685293063764,0.5131569858952855,True,True,True
0.2,0.285,0.5158333333333334,0.8658333333333333,0.9833333333333333,0.31549867378254176,0.3924651941857789,0.49552090590036585,0.5203500840716664,True,True,True
0.2,0.26166666666666666,0.49,0.8616666666666667,0.9791666666666666,0.30182279446245736,0.374587678507827,0.47943531962858466,0.5085175735841547,True,True,True
0.2,0.3075,0.5341666666666667,0.8683333333333333,0.9816666666666667,0.3233151006340108,0.39417490812671896,0.4955578380989583,0.5194890457351758,True,True,True
0.2,0.31166666666666665,0.5633333333333334,0.8541666666666666,0.9741666666666666,0.33050259176938523,0.4029915702315929,0.4996362672494275,0.5228305351150478,True,True,True
0.2,0.30083333333333334,0.5366666666666666,0.8633333333333333,0.9791666666666666,0.32044420974116006,0.3966873210079525,0.5001358876580748,0.5222988143653254,True,True,True
0.2,0.25666666666666665,0.49,0.8091666666666667,0.9516666666666667,0.3000608610797466,0.3792827959016565,0.4815909167704483,0.5118985104818029,True,True,True
0.2,0.28583333333333333,0.5158333333333334,0.84,0.97,0.30683056261105446,0.38656775587034453,0.48901019359995757,0.5171064550726158,True,True,True
0.2,0.285,0.5541666666666667,0.8125,0.9483333333333334,0.329607967657682,0.4063405410627921,0.5048097625340876,0.5257983366120402,True,True,True
0.2,0.2891666666666667,0.5608333333333333,0.8075,0.94,0.3338796575842507,0.40671709549102697,0.5015048786960296,0.5223127997117323,True,True,True
0.2,0.24416666666666667,0.4716666666666667,0.8008333333333333,0.9483333333333334,0.2861301986126003,0.36740842812989805,0.4690814766710983,0.5047210121961402,True,True,True
0.2,0.28,0.5408333333333334,0.8116666666666666,0.9533333333333334,0.3189925681849935,0.3940980927960832,0.48772507726093695,0.5149124890913356,True,True,True
0.2,0.2866666666666667,0.5216666666666666,0.8425,0.9675,0.31311929101375646,0.3917012028239982,0.49507288054400883,0.5188850634339595,True,True,True
0.2,0.24,0.465,0.8516666666666667,0.9733333333333334,0.2968299517775346,0.3729446278865416,0.4811011656800348,0.5096350861562178,True,True,True
0.2,0.2775,0.5033333333333333,0.8716666666666667,0.9841666666666666,0.31794765163033833,0.3882881588666164,0.49055314171996306,0.514234889013591,True,True,True
0.2,0.26166666666666666,0.48083333333333333,0.8375,0.9733333333333334,0.3026477078416765,0.3756822805851003,0.47607154626273274,0.5085438909756153,True,True,True
0.2,0.27416666666666667,0.515,0.82,0.9516666666666667,0.31258418722733883,0.3929277387391511,0.4973100023107955,0.521306321810119,True,True,True
0.2,0.22166666666666668,0.4558333333333333,0.805,0.9458333333333333,0.2917913373841334,0.3695554886642639,0.4783220083116213,0.5063762536079964,True,True,True
0.2,0.29,0.5066666666666667,0.8666666666666667,0.9808333333333333,0.31104971402377424,0.3821006687377184,0.48075085515938165,0.5102990827071578,True,True,True
0.2,0.2675,0.51,0.825,0.9625,0.305190709936871,0.38245867471166095,0.4859879298898294,0.5140661981329099,True,True,True
0.2,0.2775,0.54,0.8233333333333334,0.9583333333333334,0.3193770046096801,0.39421064566704894,0.48705071647415166,0.5153036206193401,True,True,True
0.2,0.2833333333333333,0.545,0.8191666666666667,0.9575,0.3166750468623436,0.39292287602213194,0.4892629193728295,0.5162293956773805,True,True,True
0.2,0.30583333333333335,0.5391666666666667,0.87,0.9791666666666666,0.32459894849531745,0.39714271956781805,0.49719498296440445,0.5202303993321477,True,True,True
0.2,0.25083333333333335,0.4866666666666667,0.8308333333333333,0.9608333333333333,0.30853441654554314,0.38569908659537167,0.4928237441098936,0.516146200294279,True,True,True
0.2,0.22583333333333333,0.43666666666666665,0.8341666666666666,0.9616666666666667,0.2797892896818225,0.3585111960243562,0.4635216866352395,0.49868714920926854,True,True,True
0.2,0.225,0.45666666666666667,0.8241666666666667,0.9583333333333334,0.2900980339392217,0.37129359357477254,0.4831488471398428,0.5109903844782121,True,True,True
0.2,0.25416666666666665,0.49,0.8408333333333333,0.9741666666666666,0.3005358887968767,0.38215171765236955,0.486840755735694,0.5147908730031376,True,True,True
0.2,0.23333333333333334,0.45166666666666666,0.8366666666666667,0.9675,0.28477993089741477,0.3635324759909497,0.4742685315629723,0.5045004842792703,True,True,True
0.2,0.3175,0.5525,0.8708333333333333,0.9841666666666666,0.33284446173961957,0.3998641644657658,0.4961138632066692,0.5197607385093079,True,True,True
0.2,0.23833333333333334,0.4766666666666667,0.8216666666666667,0.9575,0.30036906811604935,0.3765953269562455,0.4842528023453139,0.5101028988363611,True,True,True
0.2,0.3016666666666667,0.5341666666666667,0.8683333333333333,0.9825,0.31955844686915286,0.39241013854607126,0.4924575499841379,0.5187640305932342,True,True,True
0.2,0.2808333333333333,0.5341666666666667,0.8391666666666666,0.9675,0.31485506488099824,0.3880410354571535,0.48724102734841795,0.5142624951490731,True,True,True
0.2,0.2758333333333333,0.53,0.8183333333333334,0.9591666666666666,0.30684628251865054,0.3833688840248425,0.4773340791766474,0.5086214960217627,True,True,True
0.2,0.24583333333333332,0.47833333333333333,0.8225,0.9616666666666667,0.2939285939172686,0.37239505105455667,0.46995022452176377,0.503647521716633,True,True,True
0.2,0.23,0.4475,0.8333333333333334,0.9675,0.2886478150789938,0.3646891923628372,0.47431820124714735,0.5044301364641871,True,True,True
0.2,0.2825,0.5233333333333333,0.8283333333333334,0.9641666666666666,0.3024128865249258,0.38325617593133915,0.4798916940151497,0.5104436201976129,True,True,True
0.2,0.25583333333333336,0.49333333333333335,0.845,0.9716666666666667,0.31046608465123177,0.3866300208641453,0.49495536385053945,0.5184459906474922,True,True,True
0.2,0.22416666666666665,0.4375,0.8175,0.9666666666666667,0.27330997474670454,0.35242119743358474,0.4574031037176914,0.4959786312001687,True,True,True
0.2,0.25083333333333335,0.48333333333333334,0.8216666666666667,0.9625,0.29066373249693306,0.36885419043085427,0.4687008799312856,0.5017698326041842,True,True,True
0.2,0.2625,0.485,0.8691666666666666,0.9775,0.313870983170483,0.38750776068908904,0.49354139473353265,0.5158849411316676,True,True,True
0.2,0.2833333333333333,0.5183333333333333,0.8441666666666666,0.975,0.3110507299822692,0.38174190121097473,0.47941270053679524,0.5100671284457593,True,True,True
0.2,0.2633333333333333,0.5,0.8158333333333333,0.9525,0.3106011783339903,0.3860837333674693,0.48574887788568183,0.5113932331646195,True,True,True
0.2,0.305,0.5566666666666666,0.8491666666666666,0.9725,0.330172776710227,0.4028126254780945,0.5022816226771533,0.5238666461117865,True,True,True
0.2,0.245,0.47333333333333333,0.8258333333333333,0.9666666666666667,0.29082346573390505,0.36793128837480055,0.46677042847563655,0.5006220135936789,True,True,True
0.2,0.2708333333333333,0.49833333333333335,0.8416666666666667,0.9708333333333333,0.30329233000055433,0.38245446212723344,0.48978916169470355,0.5171577631550374,True,True,True
0.2,0.30583333333333335,0.5566666666666666,0.8533333333333334,0.975,0.3278870406587612,0.4008241491433804,0.4955945301360851,0.5199980062337207,True,True,True
0.2,0.2758333333333333,0.5225,0.8225,0.9575,0.3128667306312844,0.3923900472488592,0.49548156408781013,0.5200917104555455,True,True,True
0.2,0.325,0.5658333333333333,0.8791666666666667,0.9841666666666666,0.33847137823395285,0.40718709823978716,0.5025857400146989,0.5237570344403255,True,True,True
0.2,0.17666666666666667,0.3983333333333333,0.7675,0.9225,0.24426046842359925,0.33158194883965114,0.4444942657463918,0.4882730122034056,True,True,True
0.2,0.23666666666666666,0.49083333333333334,0.8083333333333333,0.9425,0.3043062996561582,0.3870132199145052,0.4927224214266302,0.5175435477543159,True,True,True
0.2,0.2675,0.49583333333333335,0.8666666666666667,0.9808333333333333,0.3075949383689567,0.38259585423752795,0.4823972635856,0.5119072597850777,True,True,True
0.2,0.29,0.5258333333333334,0.8516666666666667,0.9725,0.3166434936657968,0.3941739921637407,0.49666284650171105,0.5214447895892321,True,True,True
0.2,0.2808333333333333,0.5283333333333333,0.8258333333333333,0.9633333333333334,0.3124605904967528,0.3907903255108,0.4862910164974419,0.5153395307338345,True,True,True
0.2,0.28583333333333333,0.5208333333333334,0.8325,0.9683333333333334,0.3065940543870725,0.38105677936742566,0.47568457107868234,0.5072916334271887,True,True,True
0.2,0.25833333333333336,0.48833333333333334,0.8641666666666666,0.9808333333333333,0.3017281099326588,0.37837868413762865,0.48518567119226397,0.5123875622773774,True,True,True
0.2,0.24166666666666667,0.4683333333333333,0.8091666666666667,0.9583333333333334,0.28370867062071536,0.36389579072977457,0.46525832462154626,0.502163201053623,True,True,True
0.2,0.28,0.53,0.8283333333333334,0.9575,0.32458253447568414,0.3983021996826475,0.49831466774461525,0.5196988320850081,True,True,True
0.2,0.205,0.44083333333333335,0.7883333333333333,0.9333333333333333,0.27688724180639285,0.35542648469899507,0.4617641511884741,0.49651838536967524,True,True,True
0.2,0.29583333333333334,0.535,0.8441666666666666,0.97,0.3163421467523463,0.393228748682392,0.49077389552173095,0.515840949827979,True,True,True
0.2,0.29,0.525,0.8483333333333334,0.9741666666666666,0.3186325291521372,0.3906305457769077,0.48994676912245744,0.5166270209685698,True,True,True
0.2,0.21166666666666667,0.44666666666666666,0.7991666666666667,0.9441666666666667,0.277535980968999,0.36122062237764757,0.472341852219904,0.504110663235928,True,True,True
0.2,0.24833333333333332,0.4625,0.8625,0.9725,0.30877052162761837,0.3811977065759379,0.4926483486860138,0.5151962766270841,True,True,True
0.2,0.2791666666666667,0.5416666666666666,0.8116666666666666,0.9525,0.32310353020371846,0.3977205111339576,0.49414908859934636,0.5189081024519374,True,True,True
0.2,0.2775,0.5125,0.8625,0.9775,0.3167087904117378,0.3917092258498952,0.4984039709929572,0.5207222719210157,True,True,True
0.2,0.21833333333333332,0.4533333333333333,0.8025,0.9425,0.28384371083182763,0.36725534326233134,0.47867994276510406,0.5078448117556283,True,True,True
0.2,0.2658333333333333,0.495,0.8691666666666666,0.9775,0.3182118732014526,0.39408477852230317,0.5022539659653902,0.521966269085413,True,True,True
0.2,0.29,0.5091666666666667,0.875,0.9858333333333333,0.31414665262615804,0.3859708815246561,0.48472033811083604,0.51276919859499,True,True,True
0.2,0.275,0.5266666666666666,0.8225,0.9583333333333334,0.3170861095604932,0.39224010827276523,0.49418178469615054,0.5189186651158199,True,True,True
0.2,0.28583333333333333,0.5058333333333334,0.8783333333333333,0.9866666666666667,0.3083765620437981,0.3860688032207327,0.4920677392656593,0.5191197396632264,True,True,True
0.2,0.29083333333333333,0.5266666666666666,0.8691666666666666,0.9816666666666667,0.3117081730284686,0.38958485260645803,0.4910487763436466,0.5178784924675345,True,True,True
0.2,0.2425,0.465,0.81,0.9591666666666666,0.28385117848982555,0.3635184831335586,0.4625182509400318,0.5003082000091793,True,True,True
0.2,0.2633333333333333,0.51,0.8183333333333334,0.9566666666666667,0.3129741787264639,0.3892882106399789,0.48968367667621426,0.5158285664803584,True,True,True
0.2,0.24,0.47,0.8333333333333334,0.9675,0.2887786838915395,0.36930784074673084,0.4760750482292269,0.5074766541770351,True,True,True
0.2,0.23166666666666666,0.4683333333333333,0.81,0.9466666666666667,0.2942857166844145,0.37480254034937516,0.4803677959881203,0.5089036632395287,True,True,True
0.2,0.2783333333333333,0.515,0.83,0.9658333333333333,0.302090721291064,0.3813852076475858,0.47844793256327844,0.5102164410374211,True,True,True
0.2,0.25166666666666665,0.48083333333333333,0.8466666666666667,0.9716666666666667,0.30231183498681946,0.3766247044271303,0.48194289788653305,0.5087948248728328,True,True,True
0.2,0.26416666666666666,0.4975,0.8208333333333333,0.965,0.29989338233470375,0.3768574341873693,0.47624256653994185,0.5090106064615277,True,True,True
0.2,0.225,0.445,0.83,0.97,0.27182980503104964,0.35482515665325076,0.45931608033533383,0.49844472828440334,True,True,True
0.2,0.26666666666666666,0.4791666666666667,0.8516666666666667,0.9758333333333333,0.2991825924191509,0.37373083614895164,0.4749854504496766,0.5064730471533337,True,True,True
0.2,0.24333333333333335,0.4716666666666667,0.8058333333333333,0.9533333333333334,0.28142760758253244,0.3648600566000665,0.46445126878428655,0.500639413947353,True,True,True
0.2,0.26416666666666666,0.5008333333333334,0.8733333333333333,0.9825,0.3170698266537682,0.3911058676423055,0.4989756566748392,0.5203037799976602,True,True,True
0.2,0.29333333333333333,0.5216666666666666,0.8716666666666667,0.9808333333333333,0.3087056522905326,0.3847276317086042,0.48859448630342295,0.5166051635750747,True,True,True
0.2,0.31166666666666665,0.5558333333333333,0.8758333333333334,0.9816666666666667,0.3274100574566744,0.4039178624405184,0.5029079357774188,0.5249956612273633,True,True,True
0.2,0.2375,0.47,0.8283333333333334,0.9608333333333333,0.300604356560906,0.37828981688374486,0.4842686514150396,0.5111976038738085,True,True,True
0.2,0.23833333333333334,0.4716666666666667,0.8366666666666667,0.965,0.29374882352555887,0.37608466103830607,0.4874510377884433,0.5135173110217071,True,True,True
0.2,0.2683333333333333,0.5158333333333334,0.8225,0.9566666666666667,0.30796411974835936,0.38291552847471594,0.48098154098685636,0.5102338469997598,True,True,True
0.2,0.295,0.5183333333333333,0.87,0.9825,0.3145649662802011,0.3856593194746772,0.49055810756917995,0.5160551207423638,True,True,True
0.2,0.21166666666666667,0.44666666666666666,0.8008333333333333,0.9475,0.2822619344641076,0.36059111233935276,0.4644571707044619,0.4990944587497149,True,True,True
0.2,0.26166666666666666,0.49916666666666665,0.8225,0.9616666666666667,0.2947905402498782,0.37381137641054485,0.4711064924757977,0.5034550493530171,True,True,True
0.2,0.2791666666666667,0.5383333333333333,0.8133333333333334,0.9458333333333333,0.32634174007037914,0.40152926102831266,0.502371591705036,0.5222860633708526,True,True,True
0.2,0.245,0.4816666666666667,0.82,0.9591666666666666,0.2951759240754867,0.37379932794971715,0.4776687019731505,0.5082570289233299,True,True,True
0.2,0.24583333333333332,0.48083333333333333,0.8316666666666667,0.9608333333333333,0.30056535748743374,0.3807260790047855,0.4892080652510087,0.5149828781361586,True,True,True
0.2,0.285,0.56,0.8116666666666666,0.9466666666666667,0.32297192066970615,0.39873536034146445,0.494937293155586,0.5190819920034435,True,True,True
0.2,0.245,0.475,0.8016666666666666,0.95,0.2857254056904921,0.36704223266137836,0.4655471926768315,0.5004006633855634,True,True,True
0.2,0.27166666666666667,0.5,0.835,0.97,0.302815382177055,0.3780872803594156,0.4764917678678131,0.5080663925089187,True,True,True
0.2,0.26916666666666667,0.5158333333333334,0.8125,0.9466666666666667,0.3043031397453373,0.3865852599323189,0.4877197614060203,0.5152212468702009,True,True,True
0.2,0.255,0.4716666666666667,0.8275,0.9691666666666666,0.2846819049497784,0.3647872835835663,0.4660657689930085,0.5019531686064448,True,True,True
0.2,0.2891666666666667,0.5266666666666666,0.86,0.98,0.3040625768611628,0.38396527154840593,0.4840230043157997,0.5138961540173274,True,True,True
0.2,0.24,0.485,0.8033333333333333,0.9408333333333333,0.30684094525758426,0.38241770179839424,0.48477075574166434,0.5109469163864127,True,True,True
0.2,0.27416666666666667,0.5175,0.82,0.9566666666666667,0.313509283281825,0.3907496122450925,0.4928585593310112,0.5176120072422875,True,True,True
0.2,0.23333333333333334,0.4683333333333333,0.7991666666666667,0.9425,0.28723167424229507,0.3741958241294746,0.48133205670210183,0.5114123458144914,True,True,True
0.2,0.29,0.5358333333333334,0.8325,0.9608333333333333,0.3161408076337278,0.3946354756141965,0.4937687717128652,0.5183967567210755,True,True,True
0.2,0.3025,0.5425,0.8675,0.9833333333333333,0.32313806562872655,0.3939828160366797,0.4906022907158491,0.5169169087532718,True,True,True
0.2,0.27,0.49083333333333334,0.8633333333333333,0.9858333333333333,0.30318261685929376,0.37500626199314785,0.4766427960488001,0.5087388211869038,True,True,True
0.2,0.2375,0.46416666666666667,0.8416666666666667,0.9675,0.2970516022916945,0.37508653522908647,0.4874800300188751,0.512800957723061,True,True,True
0.2,0.2708333333333333,0.48333333333333334,0.84,0.9725,0.299376478817055,0.372971356722085,0.47357108720205116,0.5056878873253848,True,True,True
0.2,0.3016666666666667,0.5458333333333333,0.845,0.9708333333333333,0.3229469072413579,0.393924438758853,0.4869623200607369,0.5141794674820533,True,True,True
0.2,0.255,0.49,0.825,0.9575,0.30324649511993373,0.37891225731378064,0.48264797654883135,0.5091853336021924,True,True,True
0.2,0.24666666666666667,0.49083333333333334,0.8241666666666667,0.9575,0.3095678032315485,0.390948280666409,0.49738016435513704,0.5194816477294188,True,True,True
0.2,0.25416666666666665,0.4866666666666667,0.8183333333333334,0.955,0.29274764302844863,0.37367150600772125,0.4749621163729006,0.5067338689985168,True,True,True
0.2,0.24,0.4625,0.8275,0.965,0.28966946657448456,0.36930163942832384,0.4750039512462243,0.5059579047499951,True,True,True
0.2,0.26666666666666666,0.5191666666666667,0.8066666666666666,0.9441666666666667,0.30036355227176126,0.38146916493628075,0.478123912726705,0.508663759331786,True,True,True
0.2,0.255,0.5041666666666667,0.7958333333333333,0.9391666666666667,0.29062573114656787,0.37270942841880955,0.46781404423655376,0.502609264410447,True,True,True
0.2,0.2025,0.4275,0.7858333333333334,0.9383333333333334,0.26421425479127203,0.3475611035743533,0.44858848222058073,0.49049097174994566,True,True,True
0.2,0.25083333333333335,0.49666666666666665,0.8041666666666667,0.9508333333333333,0.2911546540635966,0.3725113659811237,0.46555850553575234,0.5025351865525075,True,True,True
0.2,0.19083333333333333,0.415,0.775,0.9233333333333333,0.264214418362438,0.345705281346258,0.4550300073824976,0.49333118604606274,True,True,True
0.2,0.2758333333333333,0.5033333333333333,0.875,0.9866666666666667,0.30817663029852965,0.3821468174539397,0.48638279175243276,0.5140885641253394,True,True,True
0.2,0.265,0.51,0.8158333333333333,0.9575,0.2992358959834854,0.3800533137952909,0.4793618845515226,0.5110905942610476,True,True,True
0.2,0.24,0.4633333333333333,0.8116666666666666,0.9558333333333333,0.285227872998239,0.36404314890471956,0.4688327175925295,0.5023555326280177,True,True,True
0.2,0.30416666666666664,0.5525,0.8425,0.9666666666666667,0.3232247853962399,0.3950379966342207,0.4885461622576535,0.5141678369279934,True,True,True
0.2,0.25583333333333336,0.4975,0.8283333333333334,0.96,0.3033215265680568,0.3851724661760634,0.49284006578923245,0.5186785577814338,True,True,True
0.2,0.3,0.5566666666666666,0.8358333333333333,0.9658333333333333,0.33018939118912854,0.40638613262888207,0.504700494387901,0.5246014866451424,True,True,True
0.2,0.2991666666666667,0.5258333333333334,0.8708333333333333,0.9841666666666666,0.31919686910852546,0.3941708998934927,0.49697175301329743,0.5205004098719307,True,True,True
0.2,0.2816666666666667,0.5433333333333333,0.8166666666666667,0.9533333333333334,0.31851521990852405,0.3939620048209405,0.4906410772259198,0.5168114221350657,True,True,True
0.2,0.21666666666666667,0.4275,0.8416666666666667,0.9725,0.2696321617989188,0.34834228311649074,0.4579723916137913,0.4963962127743459,True,True,True
0.2,0.23333333333333334,0.4775,0.8091666666666667,0.9525,0.287804891681559,0.3712475125274306,0.4725508629991963,0.5051729267433203,True,True,True
0.2,0.25,0.46166666666666667,0.8266666666666667,0.9683333333333334,0.28434659530154666,0.36491252489652515,0.4696891936760625,0.505473372466962,True,True,True
0.2,0.29,0.5233333333333333,0.8375,0.97,0.30689140466245424,0.3838235302282102,0.47781245279282397,0.510110315217513,True,True,True
0.2,0.3275,0.58,0.875,0.9808333333333333,0.34329946571520187,0.41321517409217334,0.5097321018694229,0.5282772024801705,True,True,True
0.2,0.24083333333333334,0.48583333333333334,0.8008333333333333,0.9425,0.29674432623589825,0.3797295485060031,0.4856507671262883,0.5139018163662405,True,True,True
0.2,0.31,0.5608333333333333,0.8633333333333333,0.9758333333333333,0.33608621347431283,0.4071092020799651,0.5058180687693887,0.5256583136867986,True,True,True
0.2,0.24666666666666667,0.4816666666666667,0.8041666666666667,0.9483333333333334,0.2905857092282323,0.37020366741799776,0.47256834396320707,0.505866836029689,True,True,True
0.2,0.2325,0.4658333333333333,0.7933333333333333,0.9425,0.28509067737148364,0.36926348230673006,0.4735789049782494,0.5064418259911014,True,True,True
0.2,0.245,0.4633333333333333,0.835,0.97,0.289101149353649,0.3670277448590298,0.4795515434458594,0.5093051125969503,True,True,True
0.2,0.2525,0.475,0.87,0.9808333333333333,0.3018563844005952,0.38062318361070735,0.4892038290939203,0.5144843351620582,True,True,True
0.2,0.2708333333333333,0.49,0.8633333333333333,0.9866666666666667,0.29475297313161325,0.3691291870383649,0.46749838027933727,0.5024586902513781,True,True,True
0.2,0.23666666666666666,0.4791666666666667,0.8075,0.9475,0.29342835665049743,0.37419431166032174,0.47892677638936626,0.5077594706929696,True,True,True
0.2,0.25,0.48333333333333334,0.8441666666666666,0.9691666666666666,0.30626419144190453,0.3833645547326046,0.49082151865603874,0.5156426780478649,True,True,True
0.2,0.31,0.5425,0.8658333333333333,0.9758333333333333,0.3287897808722162,0.4049551673892141,0.5072144044065772,0.5271594897574459,True,True,True
0.2,0.29,0.5316666666666666,0.8425,0.9683333333333334,0.3141023415491742,0.3938512064051994,0.4961539117018922,0.5208610168655842,True,True,True
0.2,0.2608333333333333,0.4791666666666667,0.8608333333333333,0.9825,0.29449255117004874,0.37217286841908526,0.4773206970069603,0.5094315565507562,True,True,True
0.2,0.30416666666666664,0.54,0.8775,0.9841666666666666,0.3258658464496411,0.39726033135470484,0.4961157029682452,0.5196253622190312,True,True,True
0.2,0.24583333333333332,0.47583333333333333,0.8216666666666667,0.9558333333333333,0.29561403269383263,0.37377133159360765,0.48006139955083804,0.5085550050158857,True,True,True
0.2,0.2783333333333333,0.5125,0.8533333333333334,0.98,0.3095910954236869,0.3823096133497915,0.4730961892070589,0.5068453311575697,True,True,True
0.2,0.2816666666666667,0.5291666666666667,0.83,0.9625,0.314641723210695,0.3915428547797105,0.49344517724247877,0.5178618703257793,True,True,True
0.2,0.22166666666666668,0.44416666666666665,0.8183333333333334,0.9591666666666666,0.284867500729321,0.36329958198654094,0.47016247996718635,0.502827906003486,True,True,True
0.2,0.23916666666666667,0.4766666666666667,0.8158333333333333,0.9525,0.29792118993380856,0.377602595698694,0.4810303043924211,0.5089046287556104,True,True,True
0.2,0.2575,0.49083333333333334,0.8166666666666667,0.9575,0.2906365131626809,0.3729562082989742,0.47265142292490075,0.5078106402496958,True,True,True
0.2,0.3233333333333333,0.5558333333333333,0.8841666666666667,0.9883333333333333,0.3303907361349951,0.4011026997421159,0.5007301835595119,0.5233333756461521,True,True,True
0.2,0.2891666666666667,0.5375,0.8383333333333334,0.9658333333333333,0.3257484937487552,0.40255045501384656,0.5052296902495274,0.5247000554479685,True,True,True
0.2,0.2633333333333333,0.5216666666666666,0.8033333333333333,0.945,0.30237689410299534,0.38408749818704047,0.4834717287729096,0.5129263869097518,True,True,True
0.2,0.2841666666666667,0.4975,0.8658333333333333,0.985,0.30995466128677795,0.3796128611019294,0.4812772680067037,0.5090416991241459,True,True,True
0.2,0.28583333333333333,0.5308333333333334,0.8316666666666667,0.9616666666666667,0.3156336281201686,0.3939747204387293,0.49571975387456396,0.5197672172904064,True,True,True
0.2,0.2725,0.5283333333333333,0.8025,0.9441666666666667,0.3096180102913901,0.3845366844663791,0.48198440228143785,0.5101783691165624,True,True,True
0.2,0.21416666666666667,0.44166666666666665,0.78,0.9333333333333333,0.27012018247009423,0.3539062258743685,0.4576301571591635,0.49683601972523805,True,True,True
0.2,0.2866666666666667,0.5183333333333333,0.8408333333333333,0.9683333333333334,0.3137582501756981,0.3905083417641949,0.4918069063904763,0.5166984995356179,True,True,True
0.2,0.28583333333333333,0.5,0.8633333333333333,0.9816666666666667,0.2990122718548593,0.37395465422476415,0.47560549959176823,0.5070523842497173,True,True,True
0.2,0.2525,0.5,0.8058333333333333,0.9458333333333333,0.30220000412053766,0.38210826248113333,0.4821422355921509,0.5113277909797247,True,True,True
0.2,0.305,0.5658333333333333,0.8558333333333333,0.9766666666666667,0.3347312286592337,0.40785544321629663,0.5035846789267441,0.5255946012228919,True,True,True
0.2,0.2708333333333333,0.49916666666666665,0.8283333333333334,0.9658333333333333,0.29700482702611436,0.3757872004960656,0.47510456653236055,0.5080536415844412,True,True,True
0.2,0.22333333333333333,0.44416666666666665,0.8183333333333334,0.9625,0.2788440260002352,0.3567232203740614,0.4621379716796877,0.4983596194164297,True,True,True
0.2,0.28,0.5166666666666667,0.845,0.975,0.30958310364184466,0.38368498106261145,0.47750954918217936,0.5079944071381369,True,True,True
0.2,0.23,0.4675,0.8025,0.9375,0.2890082476211916,0.36907217758948463,0.47337255070164663,0.5038961174620931,True,True,True
0.2,0.2791666666666667,0.5133333333333333,0.8366666666666667,0.9666666666666667,0.30942402186384516,0.38664011732587106,0.48959035754504576,0.5165995396546115,True,True,True
0.2,0.30333333333333334,0.5516666666666666,0.8675,0.9825,0.3243844312932001,0.3960239007102436,0.4868844691211913,0.5155598159325796,True,True,True
0.2,0.3283333333333333,0.5791666666666667,0.8808333333333334,0.9858333333333333,0.3373716092652337,0.4101147832315315,0.5044619841337848,0.5258991421849594,True,True,True
0.2,0.2875,0.51,0.875,0.9825,0.3206114208586841,0.3940689974156944,0.4997907363677828,0.5217310012145724,True,True,True
0.2,0.23916666666666667,0.48333333333333334,0.7941666666666667,0.9316666666666666,0.3007078494182592,0.38261181120088633,0.48808231225424065,0.5127443811686984,True,True,True
0.2,0.2725,0.5016666666666667,0.84,0.9675,0.31036741482378055,0.3860462267743141,0.491052710964908,0.5169844743889328,True,True,True
0.2,0.2916666666666667,0.5275,0.8508333333333333,0.9758333333333333,0.3110999200558635,0.3848817880312641,0.4847972171561803,0.5124408762017106,True,True,True
0.2,0.26416666666666666,0.51,0.82,0.9575,0.30607367075056996,0.38378747588934836,0.4847368679432439,0.5137863027688968,True,True,True
0.2,0.2608333333333333,0.475,0.8716666666666667,0.9866666666666667,0.30156854099360897,0.3722703541221807,0.47838377005546645,0.5081694038291246,True,True,True
0.2,0.22333333333333333,0.43166666666666664,0.8483333333333334,0.9808333333333333,0.2746231957597887,0.3534412757368128,0.4633242562521733,0.49939781535870753,True,True,True
0.2,0.29,0.5108333333333334,0.8625,0.9816666666666667,0.30844162256127394,0.3816466111543267,0.48288204588877714,0.5125081178595798,True,True,True
0.2,0.23833333333333334,0.48,0.7941666666666667,0.9375,0.2904740350123471,0.3744201596164253,0.47613215519442664,0.5075504410174099,True,True,True
0.2,0.21,0.43833333333333335,0.8041666666666667,0.9541666666666667,0.2697038713474357,0.35394491161992586,0.459362736230581,0.4986727117964571,True,True,True
0.2,0.29,0.5325,0.8375,0.9683333333333334,0.3187300097963851,0.3980447213452531,0.4995630685144853,0.522731477453043,True,True,True
0.2,0.2841666666666667,0.5158333333333334,0.8508333333333333,0.9758333333333333,0.30730600370442557,0.3858485419697496,0.48338493395373905,0.5133092747773648,True,True,True
0.2,0.3016666666666667,0.525,0.8758333333333334,0.9875,0.3146969389746916,0.3874484754890405,0.4885087687333574,0.5160235833107586,True,True,True
0.2,0.31583333333333335,0.5691666666666667,0.87,0.9808333333333333,0.3354632347671769,0.4066869819491385,0.4977480303669599,0.5219894557252982,True,True,True
0.2,0.25333333333333335,0.5041666666666667,0.7991666666666667,0.9425,0.29123146234293534,0.3760789806501631,0.473657375688112,0.5080604506940869,True,True,True
0.2,0.23916666666666667,0.4525,0.8516666666666667,0.9766666666666667,0.28613826809624965,0.36226011542630093,0.471730815083298,0.5045451970775044,True,True,True
0.2,0.2783333333333333,0.5366666666666666,0.8141666666666667,0.9483333333333334,0.3168918622160216,0.39277030980458133,0.49189945057011625,0.5171344326517442,True,True,True
0.2,0.25916666666666666,0.485,0.8433333333333334,0.9766666666666667,0.2970218080017885,0.3728282238033977,0.47570563227412455,0.5068406513370455,True,True,True
0.2,0.2975,0.5233333333333333,0.8716666666666667,0.9833333333333333,0.3227697026531423,0.3931505881153875,0.4926218383855102,0.5174741064659141,True,True,True
0.2,0.2708333333333333,0.49916666666666665,0.8358333333333333,0.9708333333333333,0.2988912690119666,0.37552701026632673,0.4732434085011094,0.5072608565157233,True,True,True
0.2,0.27,0.495,0.8233333333333334,0.9641666666666666,0.2966553765809146,0.37412958445987615,0.47127563385273086,0.5049487657530981,True,True,True
0.2,0.2608333333333333,0.4866666666666667,0.8241666666666667,0.9633333333333334,0.292465714314936,0.3712746079753471,0.4731360674047722,0.5057505145671836,True,True,True
0.2,0.28,0.49916666666666665,0.86,0.9783333333333334,0.30297660791767933,0.37884265222305524,0.48003529089174274,0.5105661089377448,True,True,True
0.2,0.2725,0.5275,0.8141666666666667,0.955,0.31082620938294014,0.3901881601708167,0.4872657252659534,0.5151813132303111,True,True,True
0.2,0.2841666666666667,0.5491666666666667,0.8308333333333333,0.9566666666666667,0.3173593515897093,0.39605646346769696,0.49597815317770577,0.5208054118668413,True,True,True
0.2,0.23333333333333334,0.46166666666666667,0.7991666666666667,0.9458333333333333,0.2783100275253444,0.3612150637002834,0.46174874090504403,0.4993814510293051,True,True,True
0.2,0.3016666666666667,0.54,0.8716666666666667,0.9808333333333333,0.32149894020557174,0.39257022421695403,0.4909968477839858,0.5162028281293896,True,True,True
0.2,0.2658333333333333,0.5175,0.8183333333333334,0.9575,0.3019498826825185,0.38335350544161867,0.4818234812559794,0.5129984253620569,True,True,True
0.2,0.2733333333333333,0.4841666666666667,0.8775,0.9866666666666667,0.3001265845304557,0.3759113797398516,0.482575798971471,0.5124440563697186,True,True,True
0.2,0.23666666666666666,0.4633333333333333,0.8125,0.9583333333333334,0.2831344958564445,0.36360303476037753,0.4649583437092542,0.5010802903912944,True,True,True
0.2,0.26166666666666666,0.505,0.8108333333333333,0.9566666666666667,0.30056172480205745,0.3774787233558103,0.4730234620509186,0.5059356640419366,True,True,True
0.2,0.31,0.5616666666666666,0.8583333333333333,0.9758333333333333,0.3295387071130545,0.40239724054358317,0.49708363002929484,0.5200114186025891,True,True,True
0.2,0.2841666666666667,0.5516666666666666,0.8108333333333333,0.955,0.3252682659970289,0.3962809108878042,0.48632714552224504,0.5133312896951707,True,True,True
0.2,0.28,0.5066666666666667,0.8525,0.975,0.3130061999341192,0.3876094746705481,0.4917772262153478,0.517809582511223,True,True,True
0.2,0.2991666666666667,0.5466666666666666,0.8383333333333334,0.9666666666666667,0.3216679810162434,0.4012015963845045,0.49973432198618306,0.5235679006936884,True,True,True
0.2,0.255,0.4925,0.82,0.965,0.29883033827285516,0.3746928392242707,0.47092527128758416,0.5060464262317231,True,True,True
0.2,0.2866666666666667,0.5233333333333333,0.8541666666666666,0.9775,0.31185197303437534,0.38815343837499705,0.4886896788176515,0.5155980224081401,True,True,True
0.2,0.22833333333333333,0.44666666666666666,0.8308333333333333,0.9641666666666666,0.2896284650109771,0.36763846022092184,0.4785362282848936,0.5068607412100871,True,True,True
0.2,0.24416666666666667,0.48833333333333334,0.8183333333333334,0.9516666666666667,0.31183055485354744,0.39020626011442466,0.495931774945108,0.5184545159257296,True,True,True
0.2,0.23916666666666667,0.47333333333333333,0.8,0.9483333333333334,0.2890907532499165,0.3700734609601363,0.4678401212108117,0.5005971691495096,True,True,True
0.2,0.275,0.5316666666666666,0.8133333333333334,0.955,0.30761817369221406,0.3856025927214043,0.4814576335228427,0.5108397853736635,True,True,True
0.2,0.26,0.4875,0.8425,0.9708333333333333,0.30598920607136,0.3792194384868196,0.48400497992673736,0.510694511094568,True,True,True
0.2,0.24,0.485,0.8041666666666667,0.9416666666666667,0.3067354995492178,0.3857193917874141,0.48702580119918915,0.5130188744869951,True,True,True
0.2,0.2525,0.495,0.845,0.9608333333333333,0.3130371685836329,0.39009353244731426,0.4968296359883318,0.518474957932726,True,True,True
0.2,0.2775,0.49416666666666664,0.8716666666666667,0.9883333333333333,0.3066500721982367,0.38029466639096754,0.48368500220331384,0.5134701563660048,True,True,True
0.2,0.29583333333333334,0.5408333333333334,0.8441666666666666,0.9683333333333334,0.32301604736086587,0.39679051710811175,0.4952476526805965,0.519296933338023,True,True,True
0.2,0.2758333333333333,0.5175,0.8191666666666667,0.9591666666666666,0.3092248199846718,0.38166201917859005,0.47709052463934776,0.5083638794410228,True,True,True
0.2,0.23,0.45666666666666667,0.8108333333333333,0.95,0.2882397422450447,0.369754060415257,0.4774136548777173,0.5075956163117645,True,True,True
0.2,0.2825,0.5225,0.845,0.9708333333333333,0.31050014395686026,0.38996650237812946,0.49255623360729783,0.5195729213682806,True,True,True
0.2,0.23416666666666666,0.44666666666666666,0.825,0.9641666666666666,0.28446983328573905,0.36193345560654366,0.46550990960035127,0.5005336949502301,True,True,True
0.2,0.27666666666666667,0.5083333333333333,0.8533333333333334,0.975,0.31119351183627464,0.3879820347343266,0.4932806696514506,0.5180781265438777,True,True,True
0.2,0.2825,0.5525,0.8091666666666667,0.9441666666666667,0.32580105925082753,0.4015966402143942,0.4958537919653079,0.5195478493281395,True,True,True
0.2,0.285,0.5291666666666667,0.8308333333333333,0.965,0.3155192107490353,0.3893620203490542,0.48407414746228217,0.5128478108870974,True,True,True
0.2,0.26916666666666667,0.49666666666666665,0.8575,0.9791666666666666,0.3007502068540254,0.3794955033108837,0.4852868138442104,0.513296400829837,True,True,True
0.2,0.2891666666666667,0.515,0.8833333333333333,0.9866666666666667,0.32578835137516216,0.39954494922914013,0.5082392832678968,0.5262800123494741,True,True,True
0.2,0.2875,0.5566666666666666,0.8283333333333334,0.9575,0.32209533033310433,0.40159541558593975,0.49979214567126956,0.5230118477134089,True,True,True
0.2,0.24083333333333334,0.4666666666666667,0.8375,0.9716666666666667,0.2911860538335978,0.37028423932296317,0.47837786454313375,0.5084848302985865,True,True,True
0.2,0.29833333333333334,0.5425,0.8391666666666666,0.9675,0.3196126183297983,0.3965343254516355,0.4955355639719398,0.5204534520242456,True,True,True
0.2,0.22083333333333333,0.47,0.7925,0.93,0.3023219706406933,0.3843355493106982,0.49351292252322376,0.5157536020220362,True,True,True
0.2,0.3025,0.5358333333333334,0.88,0.9875,0.31920269555568087,0.39467079470882804,0.49214875605503267,0.518356702174023,True,True,True
0.2,0.285,0.5391666666666667,0.8358333333333333,0.9633333333333334,0.3159547116287609,0.39504895408066193,0.497469529145303,0.5217626123504531,True,True,True
0.2,0.24833333333333332,0.4658333333333333,0.8616666666666667,0.9758333333333333,0.2928385730737782,0.37141175345772715,0.47813347355282626,0.5086215238889066,True,True,True
0.2,0.29333333333333333,0.5683333333333334,0.81,0.9425,0.3296108776952715,0.40912699383829904,0.5046401881524067,0.525183560680916,True,True,True
0.2,0.3025,0.5333333333333333,0.8733333333333333,0.9833333333333333,0.320041092409969,0.39586216301729027,0.49603776321053394,0.5200112243277581,True,True,True
0.2,0.26916666666666667,0.5133333333333333,0.8216666666666667,0.96,0.3008963875978966,0.3806710617546952,0.4780281883060053,0.5101370369584499,True,True,True
0.2,0.2733333333333333,0.49583333333333335,0.8541666666666666,0.9766666666666667,0.2997000946768839,0.37541204973558373,0.47628484632671964,0.509476427995084,True,True,True
0.2,0.255,0.4775,0.8233333333333334,0.9641666666666666,0.29605058539976636,0.3721221543690811,0.4710564241518867,0.503957748249124,True,True,True
0.2,0.29,0.5391666666666667,0.8383333333333334,0.9658333333333333,0.3188397465714367,0.39550148608731,0.4964050354268928,0.5206324742996872,True,True,True
0.2,0.2475,0.48333333333333334,0.8508333333333333,0.975,0.29784727610931006,0.3742143843159781,0.48048128322125677,0.5102179020478129,True,True,True
0.2,0.24916666666666668,0.485,0.805,0.9458333333333333,0.3019640475410278,0.3785093620650134,0.47832676028078663,0.5067018025911565,True,True,True
0.2,0.2275,0.4608333333333333,0.8041666666666667,0.9441666666666667,0.2925980667510891,0.3717925993459128,0.47829106960914214,0.5066348407264736,True,True,True
0.2,0.3416666666666667,0.5916666666666667,0.8875,0.9866666666666667,0.3484634519692666,0.41907470281949843,0.5150777628415693,0.5320992814572811,True,True,True
0.2,0.2783333333333333,0.4975,0.8658333333333333,0.9858333333333333,0.30169871261643094,0.37397556054004044,0.47324386051191064,0.506634255890962,True,True,True
0.2,0.2525,0.48333333333333334,0.8341666666666666,0.9675,0.29598256431460596,0.3730858245544326,0.47577441757387445,0.5074478817144407,True,True,True
0.2,0.2575,0.49,0.8333333333333334,0.9658333333333333,0.3082823207758984,0.38525853782084624,0.48922373486002263,0.5147343790875282,True,True,True
0.2,0.27666666666666667,0.5175,0.8158333333333333,0.9558333333333333,0.30980670589907916,0.3848020270763002,0.4871923957839861,0.5138345429982966,True,True,True
0.2,0.24666666666666667,0.48,0.7983333333333333,0.945,0.29069425154452844,0.3720937857219199,0.471190552697151,0.5059194230723452,True,True,True
0.2,0.27416666666666667,0.5016666666666667,0.8483333333333334,0.9708333333333333,0.30730521835771674,0.3821168254587081,0.48793800663321385,0.5142032698859549,True,True,True
0.2,0.26916666666666667,0.49916666666666665,0.85,0.9716666666666667,0.30380344998037484,0.3794499999693956,0.47759428282331784,0.50678839605952,True,True,True
0.2,0.2525,0.49666666666666665,0.8025,0.9408333333333333,0.3060771563289202,0.38435746927493303,0.486454917592731,0.512176805901597,True,True,True
0.2,0.2916666666666667,0.5325,0.8458333333333333,0.9683333333333334,0.3288163681072366,0.40143007686370574,0.49927659354752346,0.5200222065391731,True,True,True
0.2,0.25666666666666665,0.49666666666666665,0.8025,0.9441666666666667,0.30034331832670524,0.37539414563810986,0.47476853408783515,0.5054923387461439,True,True,True
0.2,0.2941666666666667,0.565,0.8266666666666667,0.9583333333333334,0.325081010245732,0.4039959840960611,0.49885982752973623,0.5220714551558049,True,True,True
0.2,0.27666666666666667,0.5366666666666666,0.8133333333333334,0.9475,0.3181554303146768,0.393195322553515,0.48720475622839304,0.5145809902902596,True,True,True
0.2,0.25916666666666666,0.49583333333333335,0.8425,0.9641666666666666,0.3120530458951881,0.39058653181078573,0.4945272148154109,0.517819915113582,True,True,True
0.2,0.25583333333333336,0.5025,0.795,0.9383333333333334,0.2956312805020278,0.37803898942989617,0.4763081633664632,0.5075025603509755,True,True,True
0.2,0.2175,0.4608333333333333,0.7966666666666666,0.9366666666666666,0.29052771310340986,0.3712791981428384,0.48167480272598323,0.509388482934293,True,True,True
0.2,0.25,0.48083333333333333,0.8258333333333333,0.9575,0.2989404422201112,0.37767376978971756,0.48327804954439446,0.5096846681167584,True,True,True
0.2,0.27416666666666667,0.5125,0.8366666666666667,0.9691666666666666,0.30430274689821935,0.38257448429002966,0.48304095992375,0.5131699693014778,True,True,True
0.2,0.24833333333333332,0.5016666666666667,0.7966666666666666,0.9408333333333333,0.2948264981124081,0.37496053902439896,0.4686072936628238,0.5043988548305797,True,True,True
0.2,0.25916666666666666,0.49083333333333334,0.8541666666666666,0.9725,0.3101347748662194,0.3846445612406982,0.4929625013617944,0.5164362753805538,True,True,True
0.2,0.305,0.5516666666666666,0.8566666666666667,0.9791666666666666,0.32375468227007326,0.39843503975786543,0.49183293489206165,0.5178930832267375,True,True,True
0.2,0.2658333333333333,0.5216666666666666,0.8091666666666667,0.945,0.3121531060706923,0.3911748173787642,0.49102072238536465,0.515977903615469,True,True,True
0.2,0.255,0.47,0.8558333333333333,0.9791666666666666,0.2923724044023794,0.36885689666575217,0.4787245657236055,0.5081934561924877,True,True,True
0.2,0.255,0.48333333333333334,0.8125,0.9583333333333334,0.2928350189225996,0.3720203237139883,0.4724159313890136,0.5064921425784737,True,True,True
0.2,0.24083333333333334,0.4708333333333333,0.8366666666666667,0.9708333333333333,0.29180693979583766,0.3716730372066391,0.48126303616658256,0.5110546552535491,True,True,True
0.2,0.25833333333333336,0.495,0.8091666666666667,0.9525,0.29714290774448426,0.37761186912049655,0.47920175545680677,0.5085442554978689,True,True,True
0.2,0.29,0.5216666666666666,0.8533333333333334,0.9758333333333333,0.31238889784037693,0.3850106867727325,0.4799259205242718,0.5106405276709802,True,True,True
0.2,0.30416666666666664,0.57,0.8266666666666667,0.9575,0.33901189404340293,0.4086458433291232,0.5016725852560271,0.5225232419852274,True,True,True
0.2,0.24833333333333332,0.4875,0.8033333333333333,0.9433333333333334,0.2915018689871111,0.37601052825558295,0.48093761963733594,0.5114815995905327,True,True,True
0.2,0.30416666666666664,0.5558333333333333,0.8508333333333333,0.9766666666666667,0.32670103666696754,0.40029109750516023,0.4913757746400117,0.5181807821591881,True,True,True
0.2,0.24166666666666667,0.4825,0.7908333333333334,0.9375,0.2922047478915562,0.37490049085843963,0.47426622316463163,0.50579028719926,True,True,True
0.2,0.30666666666666664,0.5608333333333333,0.85,0.9725,0.33375287903435374,0.40505960219831344,0.49922423065386096,0.5220111124863118,True,True,True
0.2,0.24333333333333335,0.47,0.8308333333333333,0.9666666666666667,0.291233814103649,0.36728725964958703,0.4731532627780818,0.5039233455959345,True,True,True
0.2,0.25166666666666665,0.4708333333333333,0.8558333333333333,0.9766666666666667,0.29044785099541426,0.36801588747271435,0.4708203305895635,0.5033623617516281,True,True,True
0.2,0.23583333333333334,0.48083333333333333,0.8025,0.9408333333333333,0.30340802000813066,0.38095078700467505,0.48524384300293527,0.5105649557728918,True,True,True
0.2,0.27416666666666667,0.5041666666666667,0.875,0.9858333333333333,0.3026779124138599,0.3816321096030533,0.4901791437646709,0.5177727647637388,True,True,True
0.2,0.2808333333333333,0.5066666666666667,0.8558333333333333,0.9783333333333334,0.308828054660861,0.3792877012866027,0.4733779886200254,0.506237401412719,True,True,True
0.2,0.22666666666666666,0.44,0.8133333333333334,0.9608333333333333,0.27505770922787853,0.35664638862418924,0.4598736432134691,0.49891109777589765,True,True,True
0.2,0.21083333333333334,0.4508333333333333,0.7991666666666667,0.9425,0.2796458275696735,0.3591659209943325,0.46125893890886943,0.4963295863190367,True,True,True
0.2,0.27,0.49666666666666665,0.8616666666666667,0.9741666666666666,0.31810866357584133,0.391362235631897,0.5022513909893175,0.5218096643585644,True,True,True
0.2,0.31083333333333335,0.5583333333333333,0.875,0.9841666666666666,0.32260779211359203,0.3986677884522083,0.49508534689386285,0.5207368809113379,True,True,True
0.2,0.2525,0.47583333333333333,0.8341666666666666,0.9675,0.29935008236189264,0.3757052212066477,0.481126343465334,0.5107752007387951,True,True,True
0.2,0.23666666666666666,0.47333333333333333,0.8083333333333333,0.9483333333333334,0.2901382849078184,0.37105192767328793,0.47631592465427447,0.5066450648670715,True,True,True
0.2,0.24583333333333332,0.47833333333333333,0.7941666666666667,0.9391666666666667,0.29368006239304006,0.37285777848474416,0.47238207922282927,0.5040121324380619,True,True,True
0.2,0.2608333333333333,0.5008333333333334,0.8075,0.9533333333333334,0.2922111217364295,0.37231996441019644,0.46767518399975944,0.5026061229357566,True,True,True
0.2,0.2708333333333333,0.51,0.815,0.9533333333333334,0.305265253514151,0.37957949475312847,0.47783193725524103,0.5081801052994754,True,True,True
0.2,0.275,0.5108333333333334,0.8558333333333333,0.9791666666666666,0.30675149641733374,0.3840098117274327,0.48574401353697216,0.5141243903581874,True,True,True
0.2,0.2425,0.48,0.805,0.945,0.2918525605343834,0.37684824754075946,0.48170351952819707,0.5116612730302931,True,True,True
0.2,0.275,0.505,0.8533333333333334,0.9783333333333334,0.3094750952212978,0.38782944255725965,0.4900536645648872,0.517867022797076,True,True,True
0.2,0.24583333333333332,0.47333333333333333,0.825,0.9633333333333334,0.2985683557649719,0.3752828716892032,0.4795247385617399,0.5093944826447928,True,True,True
0.2,0.3016666666666667,0.545,0.8425,0.9666666666666667,0.32174754351359147,0.39564801975033964,0.496597251652678,0.519788436429557,True,True,True
0.2,0.28833333333333333,0.5275,0.835,0.9675,0.3062261774273568,0.38168378760254396,0.47634687574678625,0.5077207743026914,True,True,True
0.2,0.315,0.5708333333333333,0.8541666666666666,0.9741666666666666,0.3394259492446091,0.4107078267941603,0.5088833828876674,0.5276488315677296,True,True,True
0.2,0.2375,0.4775,0.8125,0.9491666666666667,0.3059597910210652,0.3838471865892115,0.4939178169386669,0.5168074660814748,True,True,True
0.2,0.2275,0.45416666666666666,0.8133333333333334,0.9541666666666667,0.28288355464921927,0.3628436300468908,0.46510585972171226,0.5001710700783668,True,True,True
0.2,0.27416666666666667,0.4975,0.87,0.9825,0.31381385696076775,0.3856827508557982,0.48748126681424786,0.5130741832192914,True,True,True
0.2,0.2916666666666667,0.5366666666666666,0.8458333333333333,0.9691666666666666,0.3159636685339065,0.3924951351293138,0.49469492521532327,0.5187075552403508,True,True,True
0.2,0.23416666666666666,0.4508333333333333,0.8141666666666667,0.9558333333333333,0.279511222723454,0.3570904067515012,0.45970432297480346,0.49547074127753843,True,True,True
0.2,0.31166666666666665,0.5441666666666667,0.8758333333333334,0.9833333333333333,0.32061655063345396,0.3947035413871545,0.4918880539199726,0.5187496302382254,True,True,True
0.2,0.27166666666666667,0.5375,0.8083333333333333,0.9441666666666667,0.3123606357479558,0.39240675245364987,0.49301068727245045,0.5192044215229951,True,True,True
0.2,0.26,0.49583333333333335,0.8533333333333334,0.9766666666666667,0.30980414946989576,0.3867490944057106,0.49089380976288416,0.51671090956145,True,True,True
0.2,0.235,0.44666666666666666,0.8608333333333333,0.9866666666666667,0.2796186539551048,0.3577049038352985,0.4635970700824015,0.500133110410527,True,True,True
0.2,0.3358333333333333,0.5766666666666667,0.8841666666666667,0.9866666666666667,0.33670583856406594,0.4077108154772363,0.5037730236999617,0.5247223470513929,True,True,True
0.2,0.2608333333333333,0.5125,0.8058333333333333,0.9458333333333333,0.30164921312340565,0.3800145974255818,0.473864347600745,0.5074712103470126,True,True,True
0.2,0.2633333333333333,0.5008333333333334,0.8325,0.9625,0.3127826276376429,0.39064361490327265,0.49430127920394396,0.5179849516529477,True,True,True
0.2,0.23833333333333334,0.4766666666666667,0.8141666666666667,0.9541666666666667,0.2931786668041735,0.3724354873091797,0.4767217188354023,0.5069449617632397,True,True,True
0.2,0.2725,0.5225,0.8116666666666666,0.9558333333333333,0.3114030469051611,0.38928341136278305,0.48804186092342094,0.5155985164280353,True,True,True
0.2,0.2916666666666667,0.5275,0.865,0.9808333333333333,0.31796233650763445,0.3891172003368822,0.4876011530474717,0.5157800679308039,True,True,True
0.2,0.25083333333333335,0.4841666666666667,0.8058333333333333,0.9508333333333333,0.29120310791218823,0.36836085933101337,0.47111735263756355,0.503435804485648,True,True,True
0.2,0.2875,0.5058333333333334,0.87,0.9816666666666667,0.31361272572599486,0.38646005529255506,0.48907678783825703,0.5159810061383883,True,True,True
0.2,0.21833333333333332,0.44333333333333336,0.8083333333333333,0.9533333333333334,0.2725194438411307,0.35509322038777585,0.461992339615905,0.4984246364945233,True,True,True
0.2,0.275,0.5441666666666667,0.8133333333333334,0.945,0.3161315067336161,0.3942599272719537,0.49282094000523907,0.5177743059809271,True,True,True
0.2,0.21333333333333335,0.4533333333333333,0.7783333333333333,0.9208333333333333,0.2805171593228504,0.3629253512442132,0.4664562325786224,0.49986475500957683,True,True,True
0.2,0.23583333333333334,0.475,0.8275,0.9658333333333333,0.29656726965218416,0.3771900514055919,0.482462755689522,0.5104793173973811,True,True,True
0.2,0.2725,0.525,0.825,0.9583333333333334,0.3055099899654795,0.3863729184748045,0.4900658309897966,0.5172100773941862,True,True,True
0.2,0.2425,0.48083333333333333,0.7908333333333334,0.9416666666666667,0.28482890362834035,0.36666446048259066,0.4648666512945369,0.5005963338810471,True,True,True
0.2,0.24916666666666668,0.465,0.8533333333333334,0.9775,0.28722455917491163,0.3657324863120492,0.47107214762626515,0.5060736541039081,True,True,True
0.2,0.2841666666666667,0.5333333333333333,0.8275,0.9591666666666666,0.32042575708133464,0.3945164166509629,0.4949363514044048,0.5181940562721551,True,True,True
0.2,0.2633333333333333,0.49583333333333335,0.8258333333333333,0.9625,0.29893252435349044,0.37986329836113314,0.4814023352013942,0.5103425594629087,True,True,True
0.2,0.215,0.43833333333333335,0.7958333333333333,0.945,0.2715941835213774,0.35223155309931514,0.45595369048529005,0.4939515896651152,True,True,True
0.2,0.2225,0.44416666666666665,0.805,0.9533333333333334,0.27058577603650924,0.35270999130796027,0.45748979178848354,0.4967890670145447,True,True,True
0.2,0.2758333333333333,0.5266666666666666,0.8133333333333334,0.9525,0.305972828061434,0.38343517190033055,0.4803879952772223,0.5105136018244953,True,True,True
0.2,0.23,0.44166666666666665,0.8466666666666667,0.97,0.2804658335103394,0.3630541864668776,0.47683955047956184,0.5083375016885723,True,True,True
0.2,0.21916666666666668,0.44916666666666666,0.8091666666666667,0.9558333333333333,0.2768147935145117,0.35731521016732276,0.4649278962353071,0.4990640881302625,True,True,True
0.2,0.23833333333333334,0.4666666666666667,0.8125,0.9566666666666667,0.28725048928874664,0.36713649297481527,0.4675998206273052,0.5021550698644031,True,True,True
0.2,0.2841666666666667,0.51,0.8741666666666666,0.9833333333333333,0.3147012332203261,0.3891361374261005,0.49256668717283264,0.5182758785825451,True,True,True
0.2,0.2816666666666667,0.5216666666666666,0.8641666666666666,0.9766666666666667,0.32454116157813007,0.39892164829520366,0.5064422392560946,0.5259594467031407,True,True,True
0.2,0.24166666666666667,0.4625,0.8191666666666667,0.9658333333333333,0.2791029075383668,0.36037366165409507,0.4659040865247282,0.5032928033249017,True,True,True
0.2,0.23583333333333334,0.4866666666666667,0.7991666666666667,0.9366666666666666,0.30944621040960923,0.38709644206402716,0.4918626907835508,0.5139579703849555,True,True,True
0.2,0.25583333333333336,0.475,0.8266666666666667,0.97,0.28854859552119627,0.3663431418128647,0.4656282286214556,0.5013294379066334,True,True,True
0.2,0.2725,0.49833333333333335,0.8708333333333333,0.9825,0.3094732776300739,0.38520951625925803,0.4909167474356811,0.5168296435198974,True,True,True
0.2,0.27166666666666667,0.535,0.8041666666666667,0.9408333333333333,0.3154581095126273,0.39491082632979196,0.4867236694654186,0.5155092446278945,True,True,True
0.2,0.3016666666666667,0.5533333333333333,0.8441666666666666,0.9691666666666666,0.33008829285080205,0.4067254540642481,0.5035359018594845,0.5247121910274609,True,True,True
0.2,0.23416666666666666,0.475,0.805,0.9491666666666667,0.287105620425458,0.36702931963730395,0.4721461649588048,0.503188638941474,True,True,True
0.2,0.2733333333333333,0.5133333333333333,0.8325,0.9675,0.31156023557478935,0.3843218059225449,0.4815951923817073,0.5107836693443333,True,True,True
0.2,0.24333333333333335,0.4725,0.8291666666666667,0.965,0.2963403918322767,0.37101299145202704,0.47500226822149577,0.5047341773033778,True,True,True
0.2,0.26666666666666666,0.49583333333333335,0.8233333333333334,0.9633333333333334,0.3038220192620734,0.3832674908785838,0.4862577163814463,0.5137848284013617,True,True,True
0.2,0.27166666666666667,0.5091666666666667,0.8516666666666667,0.9741666666666666,0.31765412761278644,0.3950683892371894,0.49692297522886925,0.5185655928026471,True,True,True
0.2,0.2125,0.435,0.8033333333333333,0.9475,0.2759571764709652,0.3599537891671608,0.4703457702304046,0.5036796814906451,True,True,True
0.2,0.2891666666666667,0.5366666666666666,0.8325,0.9641666666666666,0.3173108572854322,0.39231616675936487,0.49039718198340343,0.5164857021298888,True,True,True
0.2,0.2941666666666667,0.5375,0.8458333333333333,0.9708333333333333,0.32391079683846286,0.3955857633412805,0.49119150884471924,0.5168097990183188,True,True,True
0.2,0.2675,0.4875,0.8583333333333333,0.9808333333333333,0.29540257243434737,0.37272715916153915,0.47663920753541456,0.5085337351427883,True,True,True
0.2,0.2375,0.47,0.8166666666666667,0.9575,0.2898088863029299,0.3741817175004087,0.479792013086638,0.5106508538245201,True,True,True
0.2,0.22416666666666665,0.435,0.83,0.97,0.27788268811588585,0.35566825434474497,0.45954683174581856,0.49708297758618186,True,True,True
0.2,0.2875,0.5233333333333333,0.8341666666666666,0.9691666666666666,0.31307598463865605,0.39040403235136595,0.488135114524983,0.5161383938982124,True,True,True
0.2,0.2525,0.4716666666666667,0.8575,0.975,0.30140946061611584,0.379262534198381,0.49002662325106705,0.515631029896804,True,True,True
0.2,0.24166666666666667,0.4816666666666667,0.8058333333333333,0.9483333333333334,0.29222523108838655,0.3755671063865017,0.47882036124419275,0.5077589734123295,True,True,True
0.2,0.24833333333333332,0.4683333333333333,0.8475,0.9708333333333333,0.30103514978281426,0.377055504218674,0.4892091333179425,0.513259229418772,True,True,True
0.2,0.27666666666666667,0.5291666666666667,0.8275,0.965,0.30985261405172376,0.387470470089809,0.48476646364247283,0.5137989257884282,True,True,True
0.2,0.29,0.5266666666666666,0.85,0.9733333333333334,0.3223939406379378,0.3915795959604395,0.4894215665077261,0.5150817205735637,True,True,True
0.2,0.2725,0.5008333333333334,0.8341666666666666,0.9725,0.3063405337931441,0.3770259907386212,0.4690089181762852,0.5039390558683935,True,True,True
0.2,0.28583333333333333,0.5458333333333333,0.8291666666666667,0.9575,0.3245565443201704,0.3997263679873035,0.500403802410087,0.5222275419857332,True,True,True
0.2,0.2808333333333333,0.5091666666666667,0.8516666666666667,0.9783333333333334,0.309932027354599,0.3842121944428546,0.4829933587438364,0.5123988737242982,True,True,True
0.2,0.275,0.5258333333333334,0.8116666666666666,0.9516666666666667,0.3070316735987079,0.39019700446148264,0.4877472609635407,0.515846505426195,True,True,True
0.2,0.2575,0.5025,0.825,0.9558333333333333,0.30880875745311237,0.38907480885535844,0.490125498810328,0.5156182272723447,True,True,True
0.2,0.225,0.44333333333333336,0.81,0.9566666666666667,0.2825492821238595,0.3600065260625826,0.46228999079489436,0.4982941335419783,True,True,True
0.2,0.29833333333333334,0.5583333333333333,0.8266666666666667,0.9575,0.33022515542600817,0.4048637216641413,0.5019676283383087,0.523695722111307,True,True,True
0.2,0.26,0.485,0.8583333333333333,0.9783333333333334,0.3044066374901906,0.3787547821889882,0.4870888089934939,0.5135386730819871,True,True,True
0.2,0.2816666666666667,0.5391666666666667,0.8225,0.9583333333333334,0.32118519326577183,0.39382057309025226,0.48624435481198475,0.5133053220105446,True,True,True
0.2,0.2941666666666667,0.55,0.8308333333333333,0.9625,0.32398932105366773,0.396247172486775,0.49314407798886645,0.5178947831709757,True,True,True
0.2,0.23166666666666666,0.4691666666666667,0.8241666666666667,0.9575,0.2939113272843455,0.376518243996317,0.48491064814998425,0.5128172816564321,True,True,True
0.2,0.22166666666666668,0.44666666666666666,0.8166666666666667,0.9608333333333333,0.2759374252476244,0.35866275087923405,0.46447802630125956,0.501837425923015,True,True,True
0.2,0.26666666666666666,0.5241666666666667,0.8016666666666666,0.9366666666666666,0.3097681289911619,0.3901654759053412,0.48863194791679215,0.5146319721105188,True,True,True
0.2,0.25,0.4766666666666667,0.8475,0.9708333333333333,0.2942215483898166,0.3697755216991618,0.4699464070270429,0.5027708755291951,True,True,True
0.2,0.2225,0.4508333333333333,0.8141666666666667,0.955,0.2886458281780057,0.3671943217850712,0.4768193343746673,0.5063788312331791,True,True,True
0.2,0.27666666666666667,0.5066666666666667,0.8691666666666666,0.9833333333333333,0.31171670134453955,0.3825833660045926,0.48649298593064316,0.5129661639525277,True,True,True
0.2,0.27166666666666667,0.5025,0.83,0.9658333333333333,0.301859887489767,0.3806358546449284,0.4805414478190955,0.511318641568037,True,True,True
0.2,0.27166666666666667,0.49166666666666664,0.8325,0.9658333333333333,0.3014321010166871,0.3763495468385271,0.47639910668490576,0.5058915243559367,True,True,True
0.2,0.25833333333333336,0.5058333333333334,0.7975,0.9433333333333334,0.2973507159701248,0.3745159967644998,0.47011665424691834,0.5025883604806737,True,True,True
0.2,0.21916666666666668,0.45166666666666666,0.7933333333333333,0.9358333333333333,0.28615292844767265,0.3659496294704658,0.4760766188421963,0.505995981990639,True,True,True
0.2,0.2633333333333333,0.49666666666666665,0.82,0.9575,0.297127403050528,0.3784827115872515,0.4819573972727023,0.5117852933934288,True,True,True
0.2,0.27166666666666667,0.51,0.8275,0.9658333333333333,0.3056187446395452,0.3866923251697365,0.48620022087893316,0.5151972330083608,True,True,True
0.2,0.27666666666666667,0.54,0.82,0.9591666666666666,0.32033519792334136,0.3938900952571973,0.4855686452137945,0.5140179741236406,True,True,True
0.2,0.2225,0.4525,0.7916666666666666,0.9425,0.2750454778490768,0.3580378118238968,0.45952722005933744,0.4984736922025374,True,True,True
0.2,0.26166666666666666,0.49083333333333334,0.8616666666666667,0.9791666666666666,0.2997484355046714,0.37585194629893565,0.4838717962805276,0.5105946512966278,True,True,True
0.2,0.2808333333333333,0.5183333333333333,0.8333333333333334,0.9641666666666666,0.31797936635712465,0.3960709184347772,0.49813910431117164,0.5199945103352644,True,True,True
0.2,0.25083333333333335,0.47,0.8308333333333333,0.9691666666666666,0.28723771899914713,0.36740705584674277,0.4715150362756424,0.5043772288619266,True,True,True
0.2,0.25916666666666666,0.48583333333333334,0.8683333333333333,0.9808333333333333,0.31211796932530084,0.3880106500780754,0.4976843663001607,0.5200645627697132,True,True,True
0.2,0.2225,0.44416666666666665,0.8125,0.9566666666666667,0.27585920685137,0.3564758608589026,0.4647343932358948,0.5000927135677862,True,True,True
0.2,0.245,0.48833333333333334,0.8208333333333333,0.9516666666666667,0.31237578892963425,0.3877796685678835,0.49267123958695247,0.5151690439248902,True,True,True
0.2,0.3125,0.5633333333333334,0.8691666666666666,0.9816666666666667,0.33030480976513127,0.4006487570839494,0.49664020052423147,0.5209508365151788,True,True,True
0.2,0.26416666666666666,0.5141666666666667,0.8133333333333334,0.9566666666666667,0.3000212613648088,0.37712742966103563,0.4696147138644891,0.5052555757444762,True,True,True
0.2,0.245,0.47833333333333333,0.8066666666666666,0.9491666666666667,0.28729642845145054,0.37093861057030897,0.474686604024722,0.5084451938060492,True,True,True
0.2,0.2225,0.4533333333333333,0.7975,0.9425,0.27672592320421796,0.35997859986459163,0.46538309465328476,0.4999423169194851,True,True,True
0.2,0.26916666666666667,0.5041666666666667,0.8775,0.9858333333333333,0.31592773527293133,0.39105640416185694,0.49329545758511395,0.5168420416141154,True,True,True
0.2,0.3175,0.54,0.8833333333333333,0.9875,0.32387306562497725,0.3970087784925535,0.49745353854819596,0.5197583544823657,True,True,True
0.2,0.24833333333333332,0.475,0.82,0.9658333333333333,0.2889601710225581,0.3688529744018382,0.4692806415460164,0.5046305019277172,True,True,True
0.2,0.2675,0.52,0.8191666666666667,0.9575,0.3010685224820779,0.3844732366129302,0.4818041566709143,0.5133174049061371,True,True,True
0.2,0.2991666666666667,0.5466666666666666,0.8566666666666667,0.9783333333333334,0.3221194496067356,0.39432085611460926,0.4940470949693303,0.5189028317441271,True,True,True
0.2,0.22916666666666666,0.46416666666666667,0.8083333333333333,0.9491666666666667,0.2840920276454647,0.36997086033524923,0.47932394500125697,0.509033257261118,True,True,True
0.2,0.24,0.4425,0.8633333333333333,0.9866666666666667,0.2813743076015228,0.35856582209476057,0.46906236887247343,0.5026787368162305,True,True,True
0.2,0.2325,0.47583333333333333,0.8016666666666666,0.9458333333333333,0.2997181295153086,0.3781224839758563,0.4821116046010292,0.5089136509596383,True,True,True
0.2,0.305,0.5425,0.865,0.98,0.32169200259116715,0.3938371648448145,0.4926275077034856,0.5176152253222231,True,True,True
0.2,0.25916666666666666,0.48333333333333334,0.8683333333333333,0.9791666666666666,0.31264619035633745,0.38686085936525827,0.4986853550170801,0.519514064179507,True,True,True
0.2,0.2658333333333333,0.5016666666666667,0.8408333333333333,0.9708333333333333,0.30503529937402024,0.3807540051668145,0.48440005935529834,0.5120769785904574,True,True,True
0.2,0.20666666666666667,0.4241666666666667,0.8016666666666666,0.9458333333333333,0.26966790946668007,0.35101579844064673,0.4604326602786773,0.49652583442401277,True,True,True
0.2,0.265,0.5175,0.8108333333333333,0.95,0.3124437703620278,0.3880895770415993,0.48877925950917045,0.514484015904945,True,True,True
0.2,0.26,0.4766666666666667,0.8508333333333333,0.9775,0.28401138016889055,0.36483588844976195,0.4672948779586607,0.5036483577995426,True,True,True
0.2,0.31416666666666665,0.5675,0.8541666666666666,0.9733333333333334,0.3347851248591545,0.4086481446985797,0.5031714291136415,0.524449450225637,True,True,True
0.2,0.2875,0.5016666666666667,0.865,0.9775,0.3138312758349507,0.38562714297670836,0.4860216794533208,0.5125289959719924,True,True,True
0.2,0.25,0.49333333333333335,0.8016666666666666,0.9416666666666667,0.2950085370245652,0.3730861989397426,0.4752278538006573,0.5056818158567832,True,True,True
0.2,0.255,0.4741666666666667,0.8566666666666667,0.9791666666666666,0.29972991214232364,0.3739379203233936,0.47940887976076746,0.5082869711166086,True,True,True
0.2,0.2675,0.5091666666666667,0.8108333333333333,0.9516666666666667,0.30563669952865846,0.3829029183832033,0.48081342107330244,0.5101329551943762,True,True,True
0.2,0.24916666666666668,0.49416666666666664,0.8,0.94,0.2970540354335001,0.3796208900929054,0.48344500392465745,0.5134225175408023,True,True,True
0.2,0.25833333333333336,0.48833333333333334,0.85,0.9725,0.3049659571332728,0.3803510999950709,0.4878035555418561,0.5142661096146599,True,True,True
0.2,0.23083333333333333,0.45416666666666666,0.8291666666666667,0.97,0.2815012782460795,0.3618961436321232,0.47204221974012595,0.5055879640445653,True,True,True
0.2,0.2275,0.4508333333333333,0.82,0.9558333333333333,0.28451382425093624,0.3642431228233151,0.4742917576665648,0.5061367183223234,True,True,True
0.2,0.31916666666666665,0.5633333333333334,0.8766666666666667,0.98,0.33503982142707434,0.40860971305674704,0.508124523018352,0.5264612872827619,True,True,True
0.2,0.24916666666666668,0.47333333333333333,0.8566666666666667,0.9741666666666666,0.2926787759779415,0.37027272912882625,0.476410032262447,0.5070907939514483,True,True,True
0.2,0.225,0.4608333333333333,0.8108333333333333,0.9466666666666667,0.29095014710939715,0.3751666530880957,0.485797519863294,0.5126307253268304,True,True,True
0.2,0.23666666666666666,0.46416666666666667,0.8616666666666667,0.9783333333333334,0.2934011607762775,0.37538461262592276,0.4868964866340074,0.5144030820911347,True,True,True
0.2,0.235,0.45916666666666667,0.82,0.965,0.27893922651021735,0.35912553400878766,0.4619760063828151,0.498072907465731,True,True,True
0.2,0.205,0.445,0.7866666666666666,0.9325,0.28299202329594186,0.3675987469510444,0.4777546405855163,0.5068851099358176,True,True,True
0.2,0.24166666666666667,0.4725,0.8233333333333334,0.9641666666666666,0.296811893409142,0.3728031207331883,0.47787617997374204,0.5079302915909013,True,True,True
0.2,0.30583333333333335,0.5491666666666667,0.8716666666666667,0.9808333333333333,0.3175248444903344,0.39315521678604204,0.49142162201227924,0.517902159202562,True,True,True
0.2,0.31083333333333335,0.5633333333333334,0.8475,0.9733333333333334,0.32811323297788664,0.40305549625387044,0.4965557615542158,0.5207362325047697,True,True,True
0.2,0.31333333333333335,0.5458333333333333,0.8833333333333333,0.9866666666666667,0.3218852790848202,0.39268470550020407,0.4908900187807649,0.5167960395934654,True,True,True
0.2,0.27166666666666667,0.525,0.8183333333333334,0.9575,0.3062884412627786,0.3833546641170357,0.4796180963162985,0.5108496935856913,True,True,True
0.2,0.2975,0.5466666666666666,0.8408333333333333,0.97,0.31715109341939346,0.392654203526264,0.4882177253099231,0.515307210829113,True,True,True
0.2,0.28583333333333333,0.5233333333333333,0.8408333333333333,0.9716666666666667,0.30990512763453343,0.3841670889538037,0.483393130558092,0.5122380268151296,True,True,True
0.2,0.25083333333333335,0.4841666666666667,0.8041666666666667,0.95,0.292246742047171,0.3719124028448273,0.4722806519033734,0.5064546495854214,True,True,True
0.2,0.27,0.5141666666666667,0.8358333333333333,0.9675,0.31310186066318463,0.39148474935330146,0.49523742075129384,0.5195892331523225,True,True,True
0.2,0.2225,0.455,0.7891666666666667,0.9366666666666666,0.2835448360894848,0.36509583314399846,0.4679509291843476,0.5014187204418874,True,True,True
0.2,0.25166666666666665,0.465,0.8216666666666667,0.9666666666666667,0.2824679104630594,0.3633750024315298,0.4640272361904086,0.5009905862024353,True,True,True
0.2,0.26,0.4975,0.8108333333333333,0.9566666666666667,0.3018926626075355,0.37858579475199217,0.47343118379210203,0.5069660781457168,True,True,True
0.2,0.29833333333333334,0.5441666666666667,0.8658333333333333,0.9808333333333333,0.3255957153214604,0.3953546165390376,0.49294128865058745,0.5183596648889293,True,True,True
0.2,0.3275,0.5775,0.8783333333333333,0.985,0.33384745214661227,0.4070239710426848,0.5000085758926983,0.5237772531463731,True,True,True
0.2,0.2966666666666667,0.52,0.87,0.9833333333333333,0.31323891695899275,0.3851503465767188,0.48579729752450995,0.5134086436833575,True,True,True
0.2,0.285,0.5141666666666667,0.8383333333333334,0.9716666666666667,0.3076141059140695,0.3852353789231337,0.484448884520245,0.512753984920638,True,True,True
0.2,0.22166666666666668,0.43916666666666665,0.8241666666666667,0.96,0.27947116075582784,0.3601018435955276,0.4707288548534725,0.5041160529183667,True,True,True
0.2,0.2425,0.4841666666666667,0.8008333333333333,0.945,0.29025052141699553,0.3719201119378224,0.471571959383597,0.5036528043837996,True,True,True
0.2,0.27416666666666667,0.5116666666666667,0.8433333333333334,0.9741666666666666,0.310245175649127,0.38528745909802853,0.4841173363376179,0.5130648899669037,True,True,True
0.2,0.23,0.4508333333333333,0.8208333333333333,0.9616666666666667,0.2795934423792978,0.36060312695850444,0.4643156790582648,0.500086844012845,True,True,True
0.2,0.25833333333333336,0.4866666666666667,0.8075,0.9525,0.28898566140746806,0.3705697450494746,0.47022428018723567,0.5037372372614285,True,True,True
0.2,0.26,0.475,0.8675,0.9866666666666667,0.2952299046140719,0.3741575236606573,0.4771180216463058,0.5093305920874904,True,True,True
0.2,0.2733333333333333,0.5175,0.8308333333333333,0.965,0.31446701735403,0.3908026534061089,0.4925527504852073,0.5169070285707087,True,True,True
0.2,0.2625,0.5116666666666667,0.8083333333333333,0.9483333333333334,0.30260904799849553,0.38533630580868694,0.4820032103308638,0.5112606057889063,True,True,True
0.2,0.26,0.48833333333333334,0.8775,0.9841666666666666,0.3067071988958202,0.385309345182686,0.4955895059190972,0.5191724256282462,True,True,True
0.2,0.24583333333333332,0.49416666666666664,0.8083333333333333,0.9491666666666667,0.3072626635551902,0.3863071514411311,0.4896542217702862,0.5147027638700518,True,True,True
0.5,0.33666666666666667,0.5683333333333334,0.9216666666666666,0.9975,0.35118412235395974,0.42171388776071494,0.5298935962136864,0.5420502434170918,True,True,True
0.5,0.19916666666666666,0.4325,0.7675,0.91,0.28336602592200594,0.36472279179343237,0.47767810655057324,0.5034089918339928,True,True,True
0.5,0.26916666666666667,0.5258333333333334,0.7925,0.9366666666666666,0.3399693204272249,0.39986339981862506,0.48745458619440607,0.5138406868294639,True,True,True
0.5,0.31333333333333335,0.54,0.875,0.9841666666666666,0.32198320723983576,0.38972508401429024,0.4901502272727501,0.5153026762453375,True,True,True
0.5,0.35083333333333333,0.5891666666666666,0.8875,0.9875,0.33946057851353956,0.40874724808820806,0.5042071186734952,0.5254134710273665,True,True,True
0.5,0.27666666666666667,0.5308333333333334,0.8183333333333334,0.9575,0.3346732732464285,0.3940713100888228,0.4764898850204584,0.5097470777596425,True,True,True
0.5,0.20916666666666667,0.4483333333333333,0.7641666666666667,0.9133333333333333,0.27720721700528694,0.3597678675724849,0.46624756547948304,0.5033292061343644,True,True,True
0.5,0.19583333333333333,0.3625,0.8183333333333334,0.93,0.2945678579211286,0.36325836223474606,0.47781117179842986,0.5009268466711294,True,True,True
0.5,0.2783333333333333,0.5016666666666667,0.8658333333333333,0.9858333333333333,0.29585236554124,0.37629983687579727,0.48538673604812116,0.5179563732690095,True,True,True
0.5,0.19416666666666665,0.3875,0.8125,0.9416666666666667,0.2539216516257343,0.3243624317989953,0.4516682644742568,0.4849533791306021,True,True,True
0.5,0.3575,0.6091666666666666,0.8891666666666667,0.9858333333333333,0.3636640303303998,0.42967763470701753,0.5219233621923082,0.5361691096686079,True,True,True
0.5,0.17166666666666666,0.3883333333333333,0.7633333333333333,0.9216666666666666,0.2407602234289947,0.32152991160337047,0.4404210818037484,0.4820378694167537,True,True,True
0.5,0.30083333333333334,0.5783333333333334,0.8158333333333333,0.9441666666666667,0.3589725546714718,0.42969758143183223,0.5180550432454611,0.5328069574259471,True,True,True
0.5,0.3441666666666667,0.5675,0.8841666666666667,0.9858333333333333,0.3706909651688732,0.4281852222224256,0.5158158927992674,0.5313553958176555,True,True,True
0.5,0.295,0.5558333333333333,0.7983333333333333,0.9308333333333333,0.3570924243560387,0.42221589861308056,0.5072673118966671,0.5261576069594854,True,True,True
0.5,0.15666666666666668,0.3541666666666667,0.7125,0.8666666666666667,0.2656000274656139,0.3454176202992394,0.44855419320211437,0.4825371029189922,True,True,True
0.5,0.285,0.5091666666666667,0.8575,0.9858333333333333,0.3112767728496491,0.3790298459034837,0.47201666431627504,0.5077035530438875,True,True,True
0.5,0.33666666666666667,0.5741666666666667,0.8791666666666667,0.9866666666666667,0.35185644867333543,0.412907288780392,0.5047208525755119,0.5249340621577555,True,True,True
0.5,0.22833333333333333,0.4666666666666667,0.8025,0.9358333333333333,0.30984251979970345,0.3783174587475211,0.4819130488191016,0.5079639520389624,True,True,True
0.5,0.18916666666666668,0.43,0.7141666666666666,0.8783333333333333,0.23759263539746725,0.33237331701028106,0.42778903184899464,0.47683661156170576,True,True,True
0.5,0.22416666666666665,0.4708333333333333,0.7908333333333334,0.9308333333333333,0.3018591012253513,0.3799420408587163,0.49023867962924944,0.5135437118018319,True,True,True
0.5,0.2325,0.47,0.7825,0.9283333333333333,0.2949353044411191,0.3742271014457977,0.47646992046425574,0.5049290733437509,True,True,True
0.5,0.24166666666666667,0.43,0.8316666666666667,0.9533333333333334,0.30920870618274277,0.3775507405251141,0.4754505228383029,0.5002984037474753,True,True,True
0.5,0.22083333333333333,0.45916666666666667,0.7858333333333334,0.9541666666666667,0.28451800210401024,0.3673590420869814,0.4583507096513215,0.5014743314193826,True,True,True
0.5,0.25333333333333335,0.45916666666666667,0.8825,0.995,0.29322872152716,0.3647333009980331,0.472924590737361,0.5072989961277212,True,True,True
0.5,0.2375,0.495,0.7525,0.9025,0.2973695518300343,0.379296520182035,0.47242223318429893,0.5063138535234434,True,True,True
0.5,0.26,0.4666666666666667,0.89,0.9925,0.3101486683168,0.37676469902744136,0.47820741097785896,0.503462369230776,True,True,True
0.5,0.24666666666666667,0.44,0.8808333333333334,0.975,0.2989415734223244,0.37562266143865225,0.49673505145676417,0.5161352053807918,True,True,True
0.5,0.2925,0.5066666666666667,0.8608333333333333,0.9958333333333333,0.32777239826340065,0.3814374127475452,0.4656746598394839,0.501206288599787,True,True,True
0.5,0.23333333333333334,0.48333333333333334,0.7575,0.9016666666666666,0.3039486134533373,0.3812077913163282,0.47757515367032594,0.5037589496787723,True,True,True
0.5,0.24166666666666667,0.49166666666666664,0.7858333333333334,0.9308333333333333,0.28157152443742267,0.36941844122909423,0.47362112299784975,0.5083233515410159,True,True,True
0.5,0.14916666666666667,0.355,0.6666666666666666,0.8483333333333334,0.22309076306256628,0.3105175123952056,0.40687110981269836,0.45873014441435706,True,True,True
0.5,0.255,0.49666666666666665,0.8025,0.9416666666666667,0.3282966049432491,0.3914049818527106,0.4963450507782359,0.5174171539442134,True,True,True
0.5,0.31083333333333335,0.5241666666666667,0.9158333333333334,0.9933333333333333,0.3177763306529842,0.385405752977977,0.488012884952403,0.5109594122558401,True,True,True
0.5,0.30666666666666664,0.5341666666666667,0.8808333333333334,0.99,0.3134361912779551,0.38692467752071447,0.4808372106329001,0.5108545790170179,True,True,True
0.5,0.235,0.4175,0.8858333333333334,0.9966666666666667,0.2796936632925364,0.3499138112664664,0.4694088086746322,0.49994850803114843,True,True,True
0.5,0.25416666666666665,0.5175,0.7541666666666667,0.8966666666666666,0.31008093835824885,0.39559269373763617,0.49108906994534457,0.5157290387005039,True,True,True
0.5,0.26666666666666666,0.4866666666666667,0.8841666666666667,0.9875,0.3013547071074975,0.38268328400721074,0.49794281665684487,0.5213013754059974,True,True,True
0.5,0.20583333333333334,0.43416666666666665,0.7691666666666667,0.9033333333333333,0.2789267208623646,0.35680949356495734,0.4761566757611038,0.5005852443403779,True,True,True
0.5,0.31333333333333335,0.52,0.8816666666666667,0.9958333333333333,0.3223306532276913,0.3861891805034214,0.4781095596092666,0.5092292990354246,True,True,True
0.5,0.2758333333333333,0.5066666666666667,0.8508333333333333,0.9675,0.3265223712713988,0.39735071663195387,0.5079429517233844,0.5230803580218979,True,True,True
0.5,0.335,0.5491666666666667,0.92,0.9966666666666667,0.3475802859279845,0.41025155065425944,0.5058100519793575,0.5287171520197486,True,True,True
0.5,0.2925,0.535,0.8425,0.9566666666666667,0.33892815483570843,0.40565918635545717,0.5048358464512254,0.5202546541547419,True,True,True
0.5,0.23,0.4875,0.7775,0.9066666666666666,0.31556227001721615,0.398002101021422,0.502771363240224,0.5234144820456781,True,True,True
0.5,0.20166666666666666,0.405,0.7991666666666667,0.9491666666666667,0.25271256737425263,0.329397999631647,0.432385710553966,0.47764769715932154,True,True,True
0.5,0.19916666666666666,0.4425,0.745,0.8858333333333334,0.2785596476899922,0.3691735538288171,0.47062914659289534,0.5022060172839472,True,True,True
0.5,0.2475,0.4925,0.7691666666666667,0.91,0.2994340419856308,0.3890268384139215,0.49643956657973887,0.5201269268103594,True,True,True
0.5,0.22166666666666668,0.4691666666666667,0.7666666666666667,0.9233333333333333,0.2661382957114756,0.3607322660363389,0.461170963405414,0.502791796741297,True,True,True
0.5,0.255,0.4716666666666667,0.8366666666666667,0.9633333333333334,0.2990417930737216,0.3800548449484404,0.5043593269598264,0.5211009237278623,True,True,True
0.5,0.23333333333333334,0.4658333333333333,0.8008333333333333,0.9391666666666667,0.2874080092320886,0.3716814643479335,0.4817247979595893,0.5093990145381333,True,True,True
0.5,0.30833333333333335,0.56,0.8475,0.97,0.34043397885596133,0.41220715005231945,0.5012988017912656,0.5205082115556601,True,True,True
0.5,0.22416666666666665,0.4716666666666667,0.7825,0.9175,0.30402947054179663,0.38318954966383334,0.4857832705268471,0.5108290700628924,True,True,True
0.5,0.24833333333333332,0.49666666666666665,0.8075,0.9425,0.32571320770695605,0.40207858751766723,0.5059141190327183,0.522772284440025,True,True,True
0.5,0.29833333333333334,0.5108333333333334,0.92,0.9966666666666667,0.3558218937887202,0.4149616128400039,0.5300354694258851,0.5387222767579842,True,True,True
0.5,0.22416666666666665,0.4683333333333333,0.7658333333333334,0.9158333333333334,0.2812896786133868,0.37065276753722226,0.46541830522457295,0.4978107416998654,True,True,True
0.5,0.25833333333333336,0.5016666666666667,0.8166666666666667,0.9575,0.30943575710063204,0.38156058248802527,0.4705444683275103,0.5055048235686015,True,True,True
0.5,0.2975,0.5725,0.8225,0.9525,0.353046221140981,0.42425406170805713,0.5173193555913691,0.5284898435995069,True,True,True
0.5,0.20333333333333334,0.4275,0.7433333333333333,0.9075,0.2684044756065989,0.3484358860881746,0.44602611581731794,0.49003625901848086,True,True,True
0.5,0.34,0.5591666666666667,0.9008333333333334,0.9925,0.34602848164284994,0.42160187200744864,0.5249821688027666,0.538880123474397,True,True,True
0.5,0.27166666666666667,0.5041666666666667,0.8275,0.9541666666666667,0.3011902968084241,0.3787602219926354,0.4787690663975034,0.5080107728002261,True,True,True
0.5,0.245,0.5191666666666667,0.74,0.8933333333333333,0.2904260460809571,0.3782876506928829,0.46578967343210487,0.5008975293288498,True,True,True
0.5,0.2425,0.5041666666666667,0.7566666666666667,0.8983333333333333,0.3314627760317671,0.4010869448093288,0.49491922758260803,0.5153268012020981,True,True,True
0.5,0.23916666666666667,0.5066666666666667,0.7375,0.8883333333333333,0.29618188173603455,0.3853607134868454,0.4721553997709334,0.5049927296363953,True,True,True
0.5,0.2925,0.515,0.9125,0.9958333333333333,0.3431092122872434,0.4096517547479936,0.5260621048654314,0.5358959623630067,True,True,True
0.5,0.3075,0.5908333333333333,0.8175,0.9516666666666667,0.3659790687048379,0.4382386844105382,0.537417863737718,0.5451399972962899,True,True,True
0.5,0.22,0.4666666666666667,0.7783333333333333,0.9325,0.2631948205077399,0.35227221367044087,0.44515817527277146,0.4923726307808235,True,True,True
0.5,0.215,0.4075,0.8133333333333334,0.9641666666666666,0.25907723742601085,0.34127190346280867,0.4577617798126522,0.49454823042026114,True,True,True
0.5,0.3516666666666667,0.5575,0.9058333333333334,0.9958333333333333,0.35463442394802297,0.4058362108716408,0.49813471962256245,0.5199324593128032,True,True,True
0.5,0.27166666666666667,0.525,0.8266666666666667,0.9566666666666667,0.33699351442585,0.40550173648549587,0.4881394338986299,0.51887039014453,True,True,True
0.5,0.36666666666666664,0.5875,0.9183333333333333,0.9975,0.367504520370225,0.4221090590355498,0.5102664447994402,0.5286279669364748,True,True,True
0.5,0.175,0.3675,0.7733333333333333,0.9266666666666666,0.237505139029592,0.31342094926427844,0.4389524769005639,0.4795213010883184,True,True,True
0.5,0.3333333333333333,0.5708333333333333,0.8925,0.9958333333333333,0.3468714554198486,0.4138012743427339,0.4983673344504714,0.5231535552838876,True,True,True
0.5,0.24916666666666668,0.495,0.7766666666666666,0.9308333333333333,0.3173921312923988,0.3879341753976656,0.4739214456137011,0.5060842312093007,True,True,True
0.5,0.3075,0.5275,0.8933333333333333,0.9916666666666667,0.3466180619163729,0.4115603232107308,0.5173063830623694,0.5283734923315637,True,True,True
0.5,0.305,0.5566666666666666,0.8358333333333333,0.965,0.35335480847317363,0.4224930927108539,0.5104188843924231,0.529078067163789,True,True,True
0.5,0.20083333333333334,0.4508333333333333,0.7516666666666667,0.895,0.2817448649203548,0.35907820403073487,0.4599489138091738,0.49283688946550264,True,True,True
0.5,0.3233333333333333,0.5591666666666667,0.9091666666666667,0.9966666666666667,0.34435881926794126,0.4157598885959567,0.5082232140623293,0.5301806214874316,True,True,True
0.5,0.32666666666666666,0.5441666666666667,0.8908333333333334,0.9958333333333333,0.3353475760213047,0.39528882639165336,0.47989561255756275,0.5101642088408691,True,True,True
0.5,0.3016666666666667,0.5891666666666666,0.7958333333333333,0.9325,0.38769508641203476,0.4443296657691596,0.527938813514964,0.5385543865377996,True,True,True
0.5,0.275,0.49583333333333335,0.8441666666666666,0.9758333333333333,0.29993778781617725,0.37134672166262395,0.47304370124935813,0.5067020630685185,True,True,True
0.5,0.2866666666666667,0.5433333333333333,0.8091666666666667,0.9516666666666667,0.31318501828275325,0.38621934588039564,0.46639284497326383,0.49892801620279015,True,True,True
0.5,0.29333333333333333,0.55,0.8425,0.9666666666666667,0.32720844254200526,0.4085480563883554,0.5065562551347061,0.5279899681802939,True,True,True
0.5,0.26166666666666666,0.5083333333333333,0.8,0.9483333333333334,0.3145068769446339,0.384432701307688,0.4709769804159879,0.5026944865082491,True,True,True
0.5,0.16916666666666666,0.3625,0.7041666666666667,0.865,0.24861366658490686,0.3202602597353226,0.42882901085933783,0.46923479803831325,True,True,True
0.5,0.2525,0.49666666666666665,0.7883333333333333,0.9325,0.3036479709392079,0.3821557317363327,0.4832254644560997,0.5115582001850366,True,True,True
0.5,0.16916666666666666,0.37916666666666665,0.76,0.945,0.23903751085995012,0.31922358876186785,0.4250625226750189,0.4750112534234705,True,True,True
0.5,0.275,0.4925,0.8841666666666667,0.9866666666666667,0.34343699395599747,0.4086591388601074,0.5169391980473188,0.5312244875104981,True,True,True
0.5,0.2425,0.46,0.83,0.9575,0.291448280196419,0.37769714558963513,0.4960779847055578,0.5185911648709866,True,True,True
0.5,0.3225,0.5675,0.8766666666666667,0.9858333333333333,0.35456792236098733,0.41620408281354054,0.5079263711114451,0.5248828152565597,True,True,True
0.5,0.17166666666666666,0.3925,0.72,0.8725,0.2812144717676533,0.3594798618382227,0.4657135612339667,0.4936337308074957,True,True,True
0.5,0.23083333333333333,0.4841666666666667,0.785,0.9325,0.29060893216994116,0.3768102513718647,0.48149322426865704,0.5099089595414719,True,True,True
0.5,0.22666666666666666,0.4775,0.76,0.9233333333333333,0.2978803491056723,0.37017356364201714,0.45267639664906095,0.49397010775965194,True,True,True
0.5,0.30666666666666664,0.5475,0.8691666666666666,0.975,0.339432511469724,0.4098827831752168,0.5045831276431101,0.5254880929480676,True,True,True
0.5,0.2866666666666667,0.5008333333333334,0.8983333333333333,0.9958333333333333,0.31964472764162316,0.3921063938736843,0.49437333394854943,0.5209416473940465,True,True,True
0.5,0.18166666666666667,0.37833333333333335,0.77,0.91,0.2708297362358211,0.35199390533938446,0.45253865467989185,0.48600814480998444,True,True,True
0.5,0.21,0.42583333333333334,0.7791666666666667,0.9175,0.28699680687354334,0.3586689693435705,0.4757063774803119,0.501582461843102,True,True,True
0.5,0.2783333333333333,0.5508333333333333,0.7833333333333333,0.9225,0.33280552767713234,0.41024185404599883,0.4972063027856633,0.522363718322989,True,True,True
0.5,0.22416666666666665,0.4775,0.7625,0.9158333333333334,0.27872074996138163,0.37149812383159403,0.4768770293253392,0.5131038073181557,True,True,True
0.5,0.24583333333333332,0.475,0.7941666666666667,0.9283333333333333,0.31277114468265615,0.3908597662515431,0.4957445397642376,0.5130666974466512,True,True,True
0.5,0.3233333333333333,0.585,0.8533333333333334,0.9708333333333333,0.3677575190550002,0.4376836756031844,0.5354887807159446,0.5436449668220856,True,True,True
0.5,0.20416666666666666,0.44416666666666665,0.7425,0.8975,0.2943378093129976,0.37505635612586,0.48388960971450434,0.510250381371635,True,True,True
0.5,0.315,0.5216666666666666,0.8941666666666667,0.9925,0.33699783635004854,0.40009777746971326,0.5009386046299359,0.5227812059188836,True,True,True
0.5,0.20416666666666666,0.4166666666666667,0.7833333333333333,0.9275,0.2617515477742389,0.34066314249038365,0.45342999646916166,0.48732135159668055,True,True,True
0.5,0.21583333333333332,0.44583333333333336,0.7675,0.9091666666666667,0.2781487416840838,0.3598691165890928,0.4686773107873543,0.5023081990670716,True,True,True
0.5,0.23166666666666666,0.4608333333333333,0.835,0.9575,0.3250971298477573,0.39595174235677927,0.5078532945897897,0.5212628800588743,True,True,True
0.5,0.21833333333333332,0.43,0.79,0.9758333333333333,0.2708289559728236,0.35020391616396485,0.4480708460373458,0.4933627044274307,True,True,True
0.5,0.2225,0.40166666666666667,0.8658333333333333,0.9941666666666666,0.2736549304801791,0.3371372030471671,0.44814185365332415,0.48813278396320725,True,True,True
0.5,0.18666666666666668,0.4083333333333333,0.71,0.8575,0.27796620930404764,0.35231694880649117,0.47223376754339075,0.49442846267801077,True,True,True
0.5,0.2791666666666667,0.5358333333333334,0.8083333333333333,0.9441666666666667,0.3376447882733859,0.41360764291444335,0.5129897461452415,0.5293659569010235,True,True,True
0.5,0.28583333333333333,0.48333333333333334,0.8533333333333334,0.9866666666666667,0.3238967671874225,0.38894847765158763,0.4766127586352722,0.5098776925865705,True,True,True
0.5,0.19333333333333333,0.42583333333333334,0.715,0.9133333333333333,0.25876763545088344,0.34388688940767237,0.4333733912759838,0.4840311659053279,True,True,True
0.5,0.29583333333333334,0.5566666666666666,0.83,0.965,0.3311897268886563,0.39632243707706116,0.47565206634879453,0.5079815696899542,True,True,True
0.5,0.34833333333333333,0.615,0.8583333333333333,0.975,0.38737336899703,0.4415767284646691,0.5281136171253021,0.5379588106622608,True,True,True
0.5,0.19583333333333333,0.425,0.7333333333333333,0.8908333333333334,0.2881581547042389,0.3723220522460468,0.48801666449770714,0.511205231607164,True,True,True
0.5,0.2575,0.5125,0.785,0.9333333333333333,0.3303055378152624,0.39722674951753967,0.477424911350219,0.50863049154488,True,True,True
0.5,0.1875,0.4033333333333333,0.7625,0.9375,0.25434891261543063,0.3379145056366134,0.44251137548167596,0.4859372404431477,True,True,True
0.5,0.20666666666666667,0.4508333333333333,0.7541666666666667,0.9058333333333334,0.28124628055683215,0.3549541102818927,0.45419956869074457,0.4917423063551566,True,True,True
0.5,0.2,0.42333333333333334,0.7683333333333333,0.9166666666666666,0.2669415065896249,0.3485795547826735,0.44648306787610265,0.4830333793105275,True,True,True
0.5,0.2791666666666667,0.5566666666666666,0.7758333333333334,0.9125,0.3471968490264268,0.42138690837739756,0.5137739863073059,0.5292508878203306,True,True,True
0.5,0.23333333333333334,0.455,0.7891666666666667,0.9558333333333333,0.3108726686841763,0.3736187011338089,0.4566046561694194,0.4971191921335954,True,True,True
0.5,0.2775,0.5416666666666666,0.815,0.9466666666666667,0.3484678205423997,0.42316538387729996,0.5222028492697453,0.5340907836893524,True,True,True
0.5,0.25,0.5083333333333333,0.7741666666666667,0.9216666666666666,0.3185128155661934,0.39331456671598003,0.4795339126742933,0.5100763484104702,True,True,True
0.5,0.33,0.5891666666666666,0.87,0.98,0.3587446569238133,0.43554510006579583,0.5271492432973534,0.5401305805839766,True,True,True
0.5,0.3125,0.5358333333333334,0.88,0.9916666666666667,0.3206710617214546,0.3926907614755254,0.48248022780379607,0.5121259210628707,True,True,True
0.5,0.2525,0.49583333333333335,0.8475,0.9733333333333334,0.3019954540430691,0.37216695893509394,0.4807906564070258,0.5080624447110957,True,True,True
0.5,0.24333333333333335,0.4216666666666667,0.8616666666666667,0.96,0.30778701075777004,0.37261848367184547,0.48939616173597955,0.5067212109007009,True,True,True
0.5,0.31666666666666665,0.525,0.8933333333333333,0.9925,0.3293577805480146,0.3907844690867131,0.4941031824767988,0.5197242232746869,True,True,True
0.5,0.22583333333333333,0.4241666666666667,0.8241666666666667,0.9708333333333333,0.2756589885923454,0.3579601795252301,0.4633174134339024,0.4979800234027555,True,True,True
0.5,0.20833333333333334,0.43416666666666665,0.76,0.9116666666666666,0.27192483450834165,0.35002464919595266,0.4506022875538163,0.490416696681233,True,True,True
0.5,0.2025,0.4266666666666667,0.77,0.9425,0.2645360918477883,0.3456010534360917,0.4401477115273682,0.48767352071221703,True,True,True
0.5,0.24083333333333334,0.45916666666666667,0.8383333333333334,0.9583333333333334,0.3084297268837959,0.38040099821064755,0.49607388825087023,0.5141169288970383,True,True,True
0.5,0.14916666666666667,0.36,0.6825,0.8858333333333334,0.22849245246703476,0.31399145648425497,0.4041045952862303,0.45891339084032845,True,True,True
0.5,0.185,0.3975,0.775,0.9291666666666667,0.2856397727428987,0.3526547360655179,0.4637813609383871,0.4945843261976509,True,True,True
0.5,0.29333333333333333,0.5625,0.795,0.9258333333333333,0.3451320471168062,0.4188322335069464,0.5059969786532917,0.5264930037944322,True,True,True
0.5,0.25666666666666665,0.53,0.7766666666666666,0.915,0.3353381807938615,0.39178434582271127,0.47151290872182755,0.504166748821702,True,True,True
0.5,0.1875,0.4275,0.7125,0.8591666666666666,0.2723137454706021,0.3537591735185907,0.44994813583334053,0.48474597789319745,True,True,True
0.5,0.20333333333333334,0.4216666666666667,0.7741666666666667,0.9275,0.2808304561877463,0.3508388564190658,0.45579431263886105,0.4932949904064115,True,True,True
0.5,0.35,0.5841666666666666,0.8991666666666667,0.9958333333333333,0.3401299559986109,0.41569417575409107,0.5116600043389948,0.5335297192947762,True,True,True
0.5,0.30083333333333334,0.5075,0.9083333333333333,0.9941666666666666,0.32397507610727627,0.39572022578397287,0.5066111045663902,0.5278533943360294,True,True,True
0.5,0.15416666666666667,0.36666666666666664,0.73,0.9041666666666667,0.2362519462466191,0.3171649444247898,0.4264471867042031,0.4756984699087252,True,True,True
0.5,0.3491666666666667,0.5866666666666667,0.8983333333333333,0.9916666666666667,0.33891056666128094,0.41251683607109446,0.5089668027567549,0.5300498822321714,True,True,True
0.5,0.27,0.4741666666666667,0.91,0.9941666666666666,0.3361817704688601,0.40148474884534924,0.5223359971792483,0.5309234858257538,True,True,True
0.5,0.255,0.51,0.7783333333333333,0.9233333333333333,0.3165996957612581,0.3892683042672133,0.4922628310230407,0.5174171321430375,True,True,True
0.5,0.21583333333333332,0.42583333333333334,0.8058333333333333,0.9475,0.2826593815511712,0.3623249507649048,0.46961214545663477,0.5002347496416675,True,True,True
0.5,0.31083333333333335,0.57,0.8391666666666666,0.9625,0.33508529097494794,0.40861446813927665,0.5081020678846079,0.5287598009248403,True,True,True
0.5,0.22583333333333333,0.42333333333333334,0.8758333333333334,0.9958333333333333,0.27236185111193917,0.3457223293406408,0.462900468792634,0.4972451733590695,True,True,True
0.5,0.3,0.5591666666666667,0.8108333333333333,0.9433333333333334,0.3621251351003979,0.4191168200108272,0.5088672281896814,0.5257471228036263,True,True,True
0.5,0.35833333333333334,0.5841666666666666,0.9225,1.0,0.36153495286397436,0.41858596480974397,0.5120700409914217,0.5302266824246263,True,True,True
0.5,0.3425,0.5708333333333333,0.8875,0.9875,0.344705926656497,0.4100552249409709,0.4998600929394858,0.5219675991517028,True,True,True
0.5,0.2025,0.44166666666666665,0.7858333333333334,0.9291666666666667,0.298931653489247,0.37625205063746864,0.4916920604159585,0.5134756234751776,True,True,True
0.5,0.3125,0.5125,0.8858333333333334,0.9933333333333333,0.3365139213393002,0.3928629062905388,0.4874549123753414,0.5131815365673639,True,True,True
0.5,0.16333333333333333,0.3675,0.7058333333333333,0.865,0.24459575878816,0.33545961912145406,0.4572121462726677,0.49084668410793425,True,True,True
0.5,0.245,0.49333333333333335,0.7916666666666666,0.9358333333333333,0.323636095133723,0.3958739234904661,0.4886384275061229,0.5172986590238324,True,True,True
0.5,0.235,0.4741666666666667,0.7558333333333334,0.9025,0.2826531084365343,0.3698321518613544,0.4656023442651722,0.4996268068444234,True,True,True
0.5,0.2991666666666667,0.54,0.865,0.9808333333333333,0.33306151647584814,0.414230665280088,0.5215549617416491,0.5360334727578416,True,True,True
0.5,0.2525,0.5108333333333334,0.7758333333333334,0.9241666666666667,0.3186128667903322,0.3950636252435127,0.48159565537249155,0.5128149120367741,True,True,True
0.5,0.245,0.49166666666666664,0.7575,0.9033333333333333,0.3161739179765703,0.38579874431479594,0.47261088831148346,0.5041655413079367,True,True,True
0.5,0.32,0.5883333333333334,0.8408333333333333,0.9691666666666666,0.3438386856189156,0.42495181238815394,0.5108094988580114,0.5322857506460333,True,True,True
0.5,0.2808333333333333,0.5125,0.85,0.9758333333333333,0.31065582836897343,0.39385351816425496,0.4884686796026738,0.5181459280978055,True,True,True
0.5,0.2875,0.5341666666666667,0.8225,0.9583333333333334,0.32355590315254595,0.39905067074349804,0.48868925117769957,0.5169583014321162,True,True,True
0.5,0.1475,0.3433333333333333,0.7366666666666667,0.9066666666666666,0.24126439096790553,0.3140853365948173,0.41952143587803026,0.46508867396950904,True,True,True
0.5,0.28833333333333333,0.5666666666666667,0.7883333333333333,0.9291666666666667,0.336267936290524,0.41340888422150984,0.512561899193517,0.5304631110018241,True,True,True
0.5,0.15666666666666668,0.36583333333333334,0.75,0.9116666666666666,0.24415934696406122,0.3273817736258927,0.4408991289542405,0.48410297751898734,True,True,True
0.5,0.285,0.5516666666666666,0.8083333333333333,0.9425,0.32674215806099144,0.40111953171011633,0.5005215140076642,0.5216280368552256,True,True,True
0.5,0.20416666666666666,0.4508333333333333,0.7275,0.8725,0.2703455857001921,0.35106698667781394,0.43913936223828415,0.47723502332062867,True,True,True
0.5,0.22833333333333333,0.47833333333333333,0.7541666666666667,0.9091666666666667,0.29274040611762475,0.36974032435139464,0.45834663976968015,0.49779674115434974,True,True,True
0.5,0.2625,0.5233333333333333,0.7541666666666667,0.8941666666666667,0.32904941738669025,0.39644017802776477,0.4846421410802753,0.508372687101579,True,True,True
0.5,0.19666666666666666,0.435,0.755,0.9016666666666666,0.27633901038323844,0.3668130176541313,0.4776333389488064,0.5077255088562583,True,True,True
0.5,0.25,0.4691666666666667,0.8191666666666667,0.965,0.29710537412997107,0.3607131418204095,0.45212408892304456,0.48702154497020783,True,True,True
0.5,0.24333333333333335,0.51,0.755,0.8983333333333333,0.31139287452061687,0.3861981690812581,0.4731004037554133,0.5069700680136697,True,True,True
0.5,0.2941666666666667,0.565,0.8216666666666667,0.95,0.3517870367331366,0.426633064097766,0.5281299038781109,0.5403583673153439,True,True,True
0.5,0.25166666666666665,0.43166666666666664,0.86,0.9708333333333333,0.2999184301124349,0.3692342271733782,0.4880020139745175,0.5100991845048155,True,True,True
0.5,0.25833333333333336,0.5091666666666667,0.7975,0.9383333333333334,0.3044213107367048,0.3848924450048792,0.48002808851143236,0.5109729251479487,True,True,True
0.5,0.30083333333333334,0.5141666666666667,0.8866666666666667,0.9866666666666667,0.3286104079813512,0.3991953512444648,0.5041331686551178,0.5224473493955611,True,True,True
0.5,0.25833333333333336,0.49,0.8833333333333333,0.9858333333333333,0.31778598920541445,0.38841370625133587,0.49758889348342916,0.5188763563368847,True,True,True
0.5,0.215,0.44416666666666665,0.7533333333333333,0.91,0.27084070111664726,0.34656147085422573,0.44138998593869616,0.4840632373096014,True,True,True
0.5,0.3491666666666667,0.5775,0.9025,0.995,0.3460319950770617,0.41980506815463386,0.5126192717769075,0.5330998700023909,True,True,True
0.5,0.215,0.4583333333333333,0.7691666666666667,0.9158333333333334,0.2881759015969482,0.3734619118543403,0.48041308353599493,0.5078830585299982,True,True,True
0.5,0.21583333333333332,0.4483333333333333,0.7591666666666667,0.91,0.2729353674991342,0.35875447233392854,0.45996270153639596,0.49467349896744545,True,True,True
0.5,0.21833333333333332,0.44083333333333335,0.8,0.9333333333333333,0.30573798429924554,0.3830042620574852,0.500534885791785,0.5171717521519196,True,True,True
0.5,0.1825,0.36333333333333334,0.7808333333333334,0.9141666666666667,0.28104517117980116,0.3560579213374057,0.46227223309600135,0.49177851364606123,True,True,True
0.5,0.245,0.4675,0.8416666666666667,0.9925,0.27334592754183445,0.35286074554708685,0.453546065141381,0.49655563763582544,True,True,True
0.5,0.2941666666666667,0.5166666666666667,0.85,0.975,0.3364349670559529,0.39806449848171604,0.4952122714680857,0.5210732613998537,True,True,True
0.5,0.175,0.3775,0.7383333333333333,0.8966666666666666,0.26312090938345056,0.33024944646968096,0.4279541240835338,0.4682584021736894,True,True,True
0.5,0.23166666666666666,0.4425,0.7941666666666667,0.9658333333333333,0.28333024299732357,0.35559123011770677,0.438902786396389,0.48452885434705756,True,True,True
0.5,0.3358333333333333,0.61,0.845,0.9675,0.37744240464289025,0.44434025651962,0.5293373155418878,0.5403478265074657,True,True,True
0.5,0.3525,0.5716666666666667,0.9208333333333333,0.9966666666666667,0.3688009712004625,0.42744079766993887,0.5206925130320306,0.5334669350405218,True,True,True
0.5,0.2808333333333333,0.5558333333333333,0.7791666666666667,0.9183333333333333,0.3491392133672307,0.42490403726535225,0.518422773626613,0.5333507356967634,True,True,True
0.5,0.38333333333333336,0.615,0.9125,0.9958333333333333,0.3724950488798212,0.4368678840324128,0.5181805421436914,0.5347423311291748,True,True,True
0.5,0.2833333333333333,0.5016666666666667,0.8825,0.9866666666666667,0.32842497358648537,0.39452368459082116,0.5028812004239825,0.523500113520868,True,True,True
0.5,0.31833333333333336,0.5516666666666666,0.8975,0.9916666666666667,0.34324634424352457,0.4147082766401141,0.5200184599707439,0.5340843541740141,True,True,True
0.5,0.2658333333333333,0.5308333333333334,0.8058333333333333,0.9416666666666667,0.33486876421102335,0.4032269119836848,0.499332945966577,0.5185880309536742,True,True,True
0.5,0.28583333333333333,0.5675,0.7766666666666666,0.9133333333333333,0.34846727061933713,0.4204612523744194,0.5165074141587148,0.5326063902524301,True,True,True
0.5,0.2675,0.5166666666666667,0.8058333333333333,0.9416666666666667,0.30195762351825844,0.38971265836349295,0.4881659668187169,0.5179535272599819,True,True,True
0.5,0.25166666666666665,0.445,0.8525,0.9891666666666666,0.29466965554121904,0.3550522425472895,0.44830699495055426,0.48778291745702956,True,True,True
0.5,0.3775,0.6175,0.9058333333333334,0.9916666666666667,0.3989755537678267,0.4625148851017931,0.5458474689516019,0.5506550597296209,True,True,True
0.5,0.27666666666666667,0.5491666666666667,0.7858333333333334,0.9216666666666666,0.3391862817783964,0.4081148265757656,0.4989039652367924,0.521809941569465,True,True,True
0.5,0.26916666666666667,0.5225,0.8208333333333333,0.9583333333333334,0.317341700345821,0.3871703208246442,0.480074742593188,0.5122306612422112,True,True,True
0.5,0.21916666666666668,0.46,0.8158333333333333,0.9466666666666667,0.29759134647409935,0.37410709197453573,0.4919338252052572,0.5154663155623562,True,True,True
0.5,0.17166666666666666,0.375,0.7775,0.9375,0.24800180334853758,0.3319620474747321,0.4525930819537409,0.4921759563495438,True,True,True
0.5,0.33666666666666667,0.5691666666666667,0.89,0.99,0.36277135087861934,0.4156893629144992,0.5010146918153086,0.5220081015038434,True,True,True
0.5,0.29583333333333334,0.5575,0.8366666666666667,0.965,0.33977038989555997,0.4192477971269092,0.50910424359675,0.529236762971599,True,True,True
0.5,0.22583333333333333,0.4558333333333333,0.79,0.9241666666666667,0.2867861972936583,0.3626466896520842,0.4820554483481906,0.5036220517819168,True,True,True
0.5,0.2608333333333333,0.47,0.885,0.9866666666666667,0.28817612373877927,0.3650396425250298,0.481897922778987,0.5107866244857707,True,True,True
0.5,0.215,0.4575,0.7641666666666667,0.9066666666666666,0.2591608667664372,0.3499036356825276,0.4519764304551458,0.49362992809007,True,True,True
0.5,0.18,0.4025,0.715,0.8566666666666667,0.2923781802894188,0.369690395239022,0.4782430448274989,0.4977184641283509,True,True,True
0.5,0.25083333333333335,0.4691666666666667,0.8675,0.9866666666666667,0.30417472125903755,0.3760775528336429,0.479031208301658,0.5091713528771793,True,True,True
0.5,0.21916666666666668,0.4116666666666667,0.8391666666666666,0.9775,0.26542808003239515,0.3404583030603487,0.44924672118155795,0.48966913993262684,True,True,True
0.5,0.2916666666666667,0.5291666666666667,0.8741666666666666,0.9825,0.34243128464931427,0.40881981582752186,0.5132200817944595,0.5272476950468574,True,True,True
0.5,0.25833333333333336,0.5216666666666666,0.8016666666666666,0.9358333333333333,0.3375558373480739,0.40935225612882753,0.5182587781616621,0.5324086751035235,True,True,True
0.5,0.185,0.4141666666666667,0.7483333333333333,0.9183333333333333,0.24419660264322884,0.3252352442677902,0.43607706556106024,0.47784982212905647,True,True,True
0.5,0.16833333333333333,0.33916666666666667,0.7783333333333333,0.9308333333333333,0.2407103541418129,0.31741199470436876,0.43152679536292454,0.47435269021638865,True,True,True
0.5,0.24166666666666667,0.4625,0.83,0.9591666666666666,0.30759580458556307,0.3806822825605051,0.4846216871764768,0.5087475919636792,True,True,True
0.5,0.2525,0.5108333333333334,0.7683333333333333,0.9116666666666666,0.3182711861568955,0.3979319780781289,0.48513206792260244,0.5151892510444135,True,True,True
0.5,0.22166666666666668,0.4533333333333333,0.7575,0.9325,0.2828796076524624,0.3598322746627514,0.44292749812315096,0.48887128088069043,True,True,True
0.5,0.28583333333333333,0.5233333333333333,0.8591666666666666,0.9833333333333333,0.32083832607881724,0.38446942323025446,0.4765843197104582,0.5094372491062555,True,True,True
0.5,0.24916666666666668,0.4508333333333333,0.8425,0.9933333333333333,0.2973214278241789,0.36024858448090497,0.45103187710276654,0.4920831254800351,True,True,True
0.5,0.2125,0.46166666666666667,0.7133333333333334,0.8616666666666667,0.2818139141903663,0.37311198164861975,0.46936273753807567,0.49860319603286607,True,True,True
0.5,0.155,0.35083333333333333,0.7058333333333333,0.8591666666666666,0.27317668828342545,0.35139969324221954,0.4650779038165592,0.4908086047472137,True,True,True
0.5,0.2733333333333333,0.49166666666666664,0.89,0.9983333333333333,0.3003996288280799,0.3721041670023022,0.4713892815628535,0.5082863790981906,True,True,True
0.5,0.235,0.43083333333333335,0.87,0.9766666666666667,0.2938940275699431,0.3618458179982353,0.48644233079577437,0.5072755080797684,True,True,True
0.5,0.21583333333333332,0.44916666666666666,0.7583333333333333,0.9075,0.2875021525623361,0.36574368635060595,0.4710490644769208,0.49762704375873984,True,True,True
0.5,0.17083333333333334,0.3908333333333333,0.7191666666666666,0.8925,0.22791701196073252,0.3142510317692571,0.42619012507010545,0.4738805427123706,True,True,True
0.5,0.27416666666666667,0.5175,0.85,0.9791666666666666,0.29815125439765816,0.3784473880556833,0.4731958738130828,0.508862900910054,True,True,True
0.5,0.20416666666666666,0.45916666666666667,0.7283333333333334,0.875,0.2980306215517033,0.3719504027683131,0.4632724999634044,0.49102851105659123,True,True,True
0.5,0.22833333333333333,0.4141666666666667,0.8183333333333334,0.9325,0.3271395749223147,0.3936982160320847,0.4997534102045505,0.5139477937790063,True,True,True
0.5,0.20333333333333334,0.40166666666666667,0.8591666666666666,0.975,0.25371965458546425,0.33230649793296024,0.44641959581600804,0.4845049920838063,True,True,True
0.5,0.23916666666666667,0.49166666666666664,0.7541666666666667,0.9125,0.30351853382206184,0.37564911504498916,0.4524337668262051,0.4933461327437518,True,True,True
0.5,0.21416666666666667,0.4533333333333333,0.7558333333333334,0.9,0.2871929139444967,0.3683694771959472,0.47730797761635624,0.5030966623467567,True,True,True
0.5,0.2608333333333333,0.5141666666666667,0.8408333333333333,0.9641666666666666,0.3386129517024296,0.4187907617122855,0.5361715608514342,0.5445750040881028,True,True,True
0.5,0.23666666666666666,0.48,0.7725,0.9233333333333333,0.2924158780614169,0.3676233675841382,0.46606854099333994,0.499196190922792,True,True,True
0.5,0.26416666666666666,0.47,0.8766666666666667,0.9783333333333334,0.2946446745383963,0.362881218119546,0.4732692423025453,0.4986128636497359,True,True,True
0.5,0.2725,0.53,0.8091666666666667,0.9525,0.32535789821856637,0.40180767326071687,0.48874033113859516,0.5176358028136167,True,True,True
0.5,0.26416666666666666,0.5275,0.7875,0.9225,0.3421701851204955,0.41113113362152737,0.5141229264604602,0.5295424326085132,True,True,True
0.5,0.24916666666666668,0.44666666666666666,0.8475,0.9816666666666667,0.2880563687755293,0.3586644469329409,0.46402703192135647,0.4999502151581646,True,True,True
0.5,0.19083333333333333,0.39166666666666666,0.7958333333333333,0.9308333333333333,0.2802590880608047,0.3494679272198884,0.4740394778505056,0.49903687538191394,True,True,True
0.5,0.225,0.4675,0.7875,0.9258333333333333,0.2967605573412737,0.38319794155804926,0.48806648919083273,0.513408178576989,True,True,True
0.5,0.3,0.5408333333333334,0.8516666666666667,0.9833333333333333,0.31281342453035693,0.3820059831073812,0.4692329563078012,0.5049021244306586,True,True,True
0.5,0.30083333333333334,0.5091666666666667,0.8691666666666666,0.9866666666666667,0.3196314668048983,0.37871097931985814,0.473178939562949,0.5036990163678413,True,True,True
0.5,0.22916666666666666,0.4666666666666667,0.8033333333333333,0.9375,0.30894234834924567,0.38361938364074843,0.4935388378240007,0.5149385474850412,True,True,True
0.5,0.15583333333333332,0.375,0.7316666666666667,0.9233333333333333,0.22481257200353716,0.3127511014105238,0.42035619101989424,0.47270348429544734,True,True,True
0.5,0.37833333333333335,0.5958333333333333,0.91,0.9958333333333333,0.36318199687018693,0.4207452037384929,0.521290840965063,0.5342824661595685,True,True,True
0.5,0.2841666666666667,0.5125,0.8733333333333333,0.9866666666666667,0.3051500669185066,0.38738740525026777,0.4863297992694354,0.5150010273867427,True,True,True
0.5,0.27416666666666667,0.5233333333333333,0.8133333333333334,0.9483333333333334,0.34686081178923295,0.4182333430167238,0.512805412735916,0.5319597052997911,True,True,True
0.5,0.26916666666666667,0.4583333333333333,0.8841666666666667,0.99,0.3025509253906498,0.3690857377271784,0.4692596304502872,0.4994965744949237,True,True,True
0.5,0.17,0.36833333333333335,0.7708333333333334,0.9025,0.2637808241355134,0.3419484776395829,0.46077508861015803,0.4906499118412416,True,True,True
0.5,0.1725,0.36083333333333334,0.7558333333333334,0.9016666666666666,0.2531139430904844,0.33178486730008033,0.45641743125112366,0.49016118880354365,True,True,True
0.5,0.2833333333333333,0.49166666666666664,0.8783333333333333,0.9916666666666667,0.298221798032548,0.37851694585545737,0.4806577579452466,0.5125565775235517,True,True,True
0.5,0.2808333333333333,0.5191666666666667,0.8183333333333334,0.9608333333333333,0.31015069225653397,0.3780438230496694,0.4589972300857537,0.4956322258208464,True,True,True
0.5,0.20666666666666667,0.43,0.7808333333333334,0.9316666666666666,0.27752466157088623,0.3602162488959285,0.45989298667430784,0.49829395782670977,True,True,True
0.5,0.32916666666666666,0.5558333333333333,0.8866666666666667,0.985,0.330924580375974,0.39931089826942234,0.4994748310495739,0.5223599603912051,True,True,True
0.5,0.37166666666666665,0.6108333333333333,0.8925,0.9866666666666667,0.39189046766608737,0.44255284415297563,0.531684549150345,0.5393237935542224,True,True,True
0.5,0.30583333333333335,0.5275,0.8783333333333333,0.9875,0.34506904642380737,0.41039805042716987,0.5054395758820392,0.528762529514554,True,True,True
0.5,0.28833333333333333,0.5408333333333334,0.8441666666666666,0.9725,0.3061080607991224,0.3934495508053322,0.48812225363251893,0.5176857810457335,True,True,True
0.5,0.17666666666666667,0.37416666666666665,0.7358333333333333,0.9475,0.2460139330707139,0.32695416335735433,0.4158485361139312,0.4693608619979911,True,True,True
0.5,0.26416666666666666,0.49666666666666665,0.8225,0.965,0.31797681086416496,0.37861387683272524,0.46988238761984463,0.503883777976696,True,True,True
0.5,0.255,0.4575,0.8858333333333334,0.9908333333333333,0.32444073612589347,0.3845398219954567,0.4927920535935342,0.5155067595689379,True,True,True
0.5,0.24166666666666667,0.4841666666666667,0.7808333333333334,0.9258333333333333,0.2993295227151757,0.3693401947191648,0.469184681342414,0.5025085392518107,True,True,True
0.5,0.2375,0.4741666666666667,0.7733333333333333,0.9183333333333333,0.2953917183798835,0.3677477541399667,0.4631005453087594,0.4978402139133387,True,True,True
0.5,0.24166666666666667,0.49416666666666664,0.7608333333333334,0.9283333333333333,0.2863084032875635,0.3581763589021005,0.4442031594343307,0.4863930154820991,True,True,True
0.5,0.30833333333333335,0.5183333333333333,0.9058333333333334,0.9941666666666666,0.3470775650454513,0.40895739817600085,0.5193884345024097,0.528923778265734,True,True,True
0.5,0.2675,0.5075,0.8516666666666667,0.97,0.3333504338754509,0.4041285575614866,0.5237174709313857,0.5358483463991803,True,True,True
0.5,0.2791666666666667,0.5008333333333334,0.8766666666666667,0.9883333333333333,0.31791647394055383,0.3849282290908496,0.4844913292628787,0.5106585584586649,True,True,True
0.5,0.19666666666666666,0.43666666666666665,0.7325,0.885,0.2912811814950783,0.37021134954349777,0.48140654639536573,0.5083051867275533,True,True,True
0.5,0.24916666666666668,0.465,0.8116666666666666,0.9508333333333333,0.29701721458714386,0.3755824415909157,0.4787427803870422,0.5070178036069453,True,True,True
0.5,0.3475,0.57,0.9233333333333333,0.9966666666666667,0.34877080854862336,0.41529294555984014,0.5160400326843945,0.5335895929828384,True,True,True
0.5,0.23833333333333334,0.44166666666666665,0.8675,0.9775,0.3035927000709654,0.3752431264830535,0.48015683672217013,0.5052253148170767,True,True,True
0.5,0.2025,0.41333333333333333,0.8575,0.9941666666666666,0.2819389733773897,0.35229785678961095,0.46359713307822203,0.5016325957727705,True,True,True
0.5,0.31,0.5283333333333333,0.8908333333333334,0.9941666666666666,0.33777653841608957,0.4003934963837734,0.49520322154320545,0.5188258759578049,True,True,True
0.5,0.295,0.5808333333333333,0.7891666666666667,0.9283333333333333,0.3553761723589997,0.42266810340133354,0.507321736695479,0.527535877076201,True,True,True
0.5,0.2075,0.4525,0.7175,0.865,0.2962424037745885,0.37925052704135503,0.47692846009703854,0.5025371600137476,True,True,True
0.5,0.2475,0.5125,0.7691666666666667,0.9083333333333333,0.29734538356772394,0.38617139619495505,0.4810514674326107,0.5128197959739057,True,True,True
0.5,0.1975,0.4125,0.8066666666666666,0.95,0.2690227382312602,0.3537137787802195,0.47428670141170537,0.507018059473998,True,True,True
0.5,0.1375,0.35083333333333333,0.7116666666666667,0.9025,0.23646535682244504,0.3133313352391845,0.4142056737124947,0.4664088608441209,True,True,True
0.5,0.2325,0.4266666666666667,0.8508333333333333,0.9733333333333334,0.27737656189888643,0.3430765650826568,0.43786172096619114,0.4778418561176854,True,True,True
0.5,0.3616666666666667,0.5766666666666667,0.9133333333333333,0.9958333333333333,0.361300806454951,0.41264830441451344,0.5023157981361289,0.5229681342602396,True,True,True
0.5,0.22333333333333333,0.4708333333333333,0.795,0.9358333333333333,0.2953308604773775,0.3730726104572392,0.48277047540336565,0.5104999160555398,True,True,True
0.5,0.2758333333333333,0.5508333333333333,0.7958333333333333,0.9308333333333333,0.330709711618511,0.4055783225893654,0.4912693334599041,0.5177979661086677,True,True,True
0.5,0.3125,0.55,0.8733333333333333,0.9866666666666667,0.32995919062279927,0.4075639867744154,0.5083147914636021,0.5306357643654135,True,True,True
0.5,0.25583333333333336,0.49333333333333335,0.8608333333333333,0.9783333333333334,0.31343588578757786,0.3858737278682216,0.4964959673814448,0.5198765269214686,True,True,True
0.5,0.1625,0.3775,0.7341666666666666,0.9033333333333333,0.22312200872500243,0.30838311956282904,0.42253933479564376,0.47322612428662725,True,True,True
0.5,0.3308333333333333,0.5825,0.87,0.9833333333333333,0.3350379135645676,0.4015405636015767,0.48233438680363133,0.5123462640977168,True,True,True
0.5,0.21166666666666667,0.41833333333333333,0.8375,0.96,0.28222738338289766,0.36010935767060315,0.476035279843706,0.5023373134097111,True,True,True
0.5,0.1775,0.4025,0.735,0.9058333333333334,0.24118360807794711,0.33438462762582255,0.45152919704350686,0.4929381531834406,True,True,True
0.5,0.18,0.39666666666666667,0.71,0.8633333333333333,0.25776997582618233,0.33452957091281976,0.433776437013553,0.4727006331852464,True,True,True
0.5,0.2991666666666667,0.49916666666666665,0.8925,0.9883333333333333,0.3371516318330607,0.3980023119858891,0.5087231694790176,0.5217863364184395,True,True,True
0.5,0.15583333333333332,0.3625,0.7016666666666667,0.9058333333333334,0.23168492943261854,0.3154561417986027,0.4149852338847846,0.47071091128066533,True,True,True
0.5,0.20666666666666667,0.43583333333333335,0.7808333333333334,0.9283333333333333,0.27206840375567287,0.34725452914873295,0.4624385649067342,0.49363516303778604,True,True,True
0.5,0.2075,0.4558333333333333,0.7225,0.8658333333333333,0.31100872074978986,0.38375627674601304,0.48727169603310766,0.5036352647625537,True,True,True
0.5,0.2325,0.43833333333333335,0.7941666666666667,0.985,0.2836673335309058,0.3588882727802031,0.45117110016638123,0.49585470466772175,True,True,True
0.5,0.14,0.3491666666666667,0.7216666666666667,0.9133333333333333,0.21424903699011472,0.2976945733037436,0.41170789564251786,0.4649462089247866,True,True,True
0.5,0.2525,0.5183333333333333,0.7491666666666666,0.8866666666666667,0.3111688034071486,0.3913138851454582,0.4805680930941289,0.5081105805343292,True,True,True
0.5,0.22333333333333333,0.42916666666666664,0.8025,0.9416666666666667,0.27671081645783197,0.36054504005296717,0.46483821244865803,0.49866649964322024,True,True,True
0.5,0.21916666666666668,0.4533333333333333,0.7808333333333334,0.9408333333333333,0.2564168486007016,0.3420883534998786,0.43493541883245407,0.48214867709253856,True,True,True
0.5,0.23666666666666666,0.4791666666666667,0.7583333333333333,0.9233333333333333,0.2712362917727077,0.36120901780271947,0.4488350840139888,0.4943293696856362,True,True,True
0.5,0.33166666666666667,0.5491666666666667,0.8891666666666667,0.9933333333333333,0.325725625143508,0.39460964583392893,0.4824330040599206,0.5123351355888222,True,True,True
0.5,0.36833333333333335,0.61,0.8933333333333333,0.99,0.3579855592860671,0.43535191721097155,0.5361095267658723,0.5462260591453603,True,True,True
0.5,0.3825,0.6,0.9125,0.9975,0.35929219884221814,0.42095140221084354,0.5008810732593131,0.5239851516698488,True,True,True
0.5,0.2525,0.4683333333333333,0.8858333333333334,0.99,0.2926273402298729,0.37177923244816585,0.48878827290780313,0.5172008436590336,True,True,True
0.5,0.13666666666666666,0.30833333333333335,0.7058333333333333,0.9883333333333333,0.2712469898421373,0.340382056292514,0.42934674895358466,0.48446151976214047,True,True,True
0.5,0.13,0.32416666666666666,0.6925,0.855,0.19601662912002016,0.28745487227750205,0.41593217416353756,0.46615849120798186,True,True,True
0.5,0.25166666666666665,0.52,0.7716666666666666,0.9233333333333333,0.3123807490599639,0.3896409786458004,0.4783163596284112,0.510799147118324,True,True,True
0.5,0.26166666666666666,0.5166666666666667,0.7875,0.9316666666666666,0.31118662699886446,0.39432842985989097,0.49794524285791,0.5221633618667302,True,True,True
0.5,0.23833333333333334,0.4375,0.8333333333333334,0.9591666666666666,0.2921793893645694,0.3575829053866449,0.46850894780902735,0.4959267063366197,True,True,True
0.5,0.23416666666666666,0.4508333333333333,0.8641666666666666,0.98,0.2921197334582099,0.37320657537575147,0.4851146852153165,0.5126722499510129,True,True,True
0.5,0.305,0.5075,0.8816666666666667,0.9983333333333333,0.31932177087839997,0.38110440317971556,0.4662759050716025,0.5014566603658288,True,True,True
0.5,0.2125,0.45,0.7366666666666667,0.915,0.2809244401221634,0.3624534635383935,0.4394172958128862,0.48757414483982825,True,True,True
0.5,0.2991666666666667,0.5666666666666667,0.8483333333333334,0.9691666666666666,0.3421955072192481,0.42657886585779387,0.5283275196646694,0.5422008243725452,True,True,True
0.5,0.17833333333333334,0.3983333333333333,0.7541666666666667,0.9158333333333334,0.2456757790245517,0.33051460987696374,0.4466875730422933,0.4882431222717095,True,True,True
0.5,0.2125,0.4266666666666667,0.78,0.92,0.27410887588342137,0.3582998282561967,0.4812165307062985,0.5073729176813704,True,True,True
0.5,0.32,0.5716666666666667,0.8516666666666667,0.975,0.34798969213750885,0.41893119693411845,0.5058568301207615,0.5265214655599434,True,True,True
0.5,0.295,0.54,0.8425,0.9691666666666666,0.34922341786604183,0.4109557138948267,0.49342592498684706,0.5175243305469257,True,True,True
0.5,0.235,0.4841666666666667,0.7175,0.8825,0.28909229945682585,0.3658448241962868,0.4538606203759186,0.4879208805369147,True,True,True
0.5,0.31583333333333335,0.585,0.8458333333333333,0.9666666666666667,0.3454240041306882,0.4210212018994032,0.5108258029780246,0.5279828538748592,True,True,True
0.5,0.29083333333333333,0.515,0.875,0.9858333333333333,0.3221332642100341,0.39617854686873066,0.4973957781991685,0.5216086878678787,True,True,True
0.5,0.21083333333333334,0.4125,0.8425,0.9608333333333333,0.2897096524331055,0.3677678878513857,0.4839215464812659,0.5067100782034253,True,True,True
0.5,0.16583333333333333,0.37666666666666665,0.685,0.9033333333333333,0.24479818480296497,0.3288550162669358,0.4166978418964355,0.47440644482366756,True,True,True
0.5,0.25666666666666665,0.4633333333333333,0.865,0.9766666666666667,0.2856441971442933,0.3628858364605432,0.47333368334687737,0.5057125245849006,True,True,True
0.5,0.2816666666666667,0.5591666666666667,0.7783333333333333,0.9133333333333333,0.3485061182308788,0.4160042794431411,0.4991309443119232,0.5205968876864966,True,True,True
0.5,0.22916666666666666,0.4508333333333333,0.8483333333333334,0.9658333333333333,0.30832322248851646,0.3803681244425385,0.4981804399058552,0.5195035554105849,True,True,True
0.5,0.19416666666666665,0.4166666666666667,0.77,0.9133333333333333,0.2590997616450645,0.34553761150913825,0.45626588838816795,0.49551977499049776,True,True,True
0.5,0.2725,0.525,0.8108333333333333,0.9516666666666667,0.3034858927295942,0.38575644015732,0.47996887716167386,0.5123587016293445,True,True,True
0.5,0.2808333333333333,0.5425,0.7825,0.9225,0.3221804009799711,0.395949305025944,0.48507773244837815,0.5134349016524636,True,True,True
0.5,0.3308333333333333,0.5816666666666667,0.8816666666666667,0.9825,0.35013870249496964,0.41633096223746335,0.5107275167553642,0.5294333139016967,True,True,True
0.5,0.275,0.5133333333333333,0.845,0.9733333333333334,0.31781731591317847,0.398680057004168,0.49709777166868746,0.5223313252683561,True,True,True
0.5,0.2725,0.555,0.7591666666666667,0.8941666666666667,0.342820257060697,0.41557148938947447,0.501487779229907,0.5181793508683673,True,True,True
0.5,0.25416666666666665,0.4608333333333333,0.8758333333333334,0.9891666666666666,0.2948320661788649,0.3657718685820255,0.4716666701169235,0.5010673926941779,True,True,True
0.5,0.20666666666666667,0.44166666666666665,0.785,0.9233333333333333,0.290995109676647,0.37237061922213566,0.49046326018412506,0.515311654560053,True,True,True
0.5,0.1725,0.395,0.7291666666666666,0.8841666666666667,0.24105313331017916,0.3286946316139524,0.43928208326759866,0.48008544492841404,True,True,True
0.5,0.14916666666666667,0.3325,0.7441666666666666,0.89,0.25439921548088273,0.3274534396829139,0.442409766668938,0.47779178830091856,True,True,True
0.5,0.20333333333333334,0.415,0.71,0.9325,0.2630758069540073,0.34675586161684696,0.422543626563734,0.47763931468487214,True,True,True
0.5,0.23666666666666666,0.5,0.7575,0.9058333333333334,0.297993525727987,0.36798316564391426,0.4613676421263579,0.4943883377422265,True,True,True
0.5,0.25916666666666666,0.46,0.875,0.9908333333333333,0.3100464580776553,0.3702633399922502,0.47353382805790667,0.5039713701106215,True,True,True
0.5,0.18416666666666667,0.38416666666666666,0.765,0.9016666666666666,0.23083688604778138,0.3167857646519517,0.44392093365632423,0.48194670093815595,True,True,True
0.5,0.3458333333333333,0.59,0.8866666666666667,0.9866666666666667,0.3560816300097918,0.425734502900477,0.5160331568871391,0.532458358301388,True,True,True
0.5,0.18666666666666668,0.37166666666666665,0.7591666666666667,0.9916666666666667,0.27110091293207095,0.3366784729816289,0.42701168124860195,0.47682277760206804,True,True,True
0.5,0.22666666666666666,0.475,0.7733333333333333,0.9241666666666667,0.2695279298343497,0.358454252373399,0.4495249912119877,0.493790779928514,True,True,True
0.5,0.25333333333333335,0.47,0.83,0.96,0.30098774933262384,0.36743136750444855,0.47701436419188337,0.5023601930619246,True,True,True
0.5,0.30666666666666664,0.5516666666666666,0.86,0.9775,0.33929579291465795,0.4085970724211535,0.5110516544083885,0.5292993447368115,True,True,True
0.5,0.29833333333333334,0.535,0.8733333333333333,0.9825,0.32989637719265585,0.40133167226485894,0.49995542827650186,0.5203547250632925,True,True,True
0.5,0.2633333333333333,0.47333333333333333,0.9075,0.9958333333333333,0.3028013452604203,0.3772833603237727,0.4896692579907889,0.5174435548675489,True,True,True
0.5,0.2658333333333333,0.5175,0.8266666666666667,0.9575,0.3357678943414889,0.40861377783372843,0.5151426942659653,0.5304011547165502,True,True,True
0.5,0.26666666666666666,0.5075,0.8325,0.955,0.3511112362305769,0.41679805362834943,0.5112456157741998,0.5203057371059424,True,True,True
0.5,0.15583333333333332,0.3358333333333333,0.7508333333333334,0.9191666666666667,0.20929102841163089,0.2950064872651704,0.42253984620846946,0.47082098274723916,True,True,True
0.5,0.27,0.5091666666666667,0.8683333333333333,0.9808333333333333,0.35194948684376376,0.4158480873829583,0.5149789717217684,0.52734554577349,True,True,True
0.5,0.31833333333333336,0.5516666666666666,0.8908333333333334,0.9883333333333333,0.3300030850094686,0.4001806253824941,0.5038201249324935,0.5257999641533064,True,True,True
0.5,0.2725,0.49416666666666664,0.8558333333333333,0.9633333333333334,0.3115363214394898,0.3877438740221867,0.48835938596522366,0.5110958395549708,True,True,True
0.5,0.25166666666666665,0.4483333333333333,0.8625,0.9708333333333333,0.33888429562528555,0.3972689351803009,0.512453342813962,0.5211164016673233,True,True,True
0.5,0.24583333333333332,0.4533333333333333,0.8533333333333334,0.9866666666666667,0.2901012029471783,0.3625067016220934,0.45767835148302055,0.49822030813373136,True,True,True
0.5,0.18083333333333335,0.4091666666666667,0.7508333333333334,0.8991666666666667,0.2520163238742979,0.3315968157292312,0.44670932406366726,0.48302435634882895,True,True,True
0.5,0.2825,0.505,0.9066666666666666,0.9941666666666666,0.3414379404117581,0.4040988244983082,0.509069878102477,0.5221595490662232,True,True,True
0.5,0.29083333333333333,0.5508333333333333,0.8408333333333333,0.9716666666666667,0.31356505287370684,0.39899485913212485,0.4994300583027556,0.5254445083197493,True,True,True
0.5,0.2925,0.5266666666666666,0.8958333333333334,0.9916666666666667,0.3180623945200452,0.3945001706676677,0.49310479673585605,0.5170762967212791,True,True,True
0.5,0.2733333333333333,0.4791666666666667,0.9133333333333333,0.9958333333333333,0.3172001712542798,0.38627830437130883,0.5086371384432707,0.5255512775157068,True,True,True
0.5,0.3075,0.5516666666666666,0.8433333333333334,0.9766666666666667,0.33280677966265126,0.40198339556048907,0.48325133468351616,0.5135903851904765,True,True,True
0.5,0.2808333333333333,0.5416666666666666,0.8083333333333333,0.955,0.3363872752210489,0.4036356159675186,0.4876460628059103,0.5154404616724474,True,True,True
0.5,0.245,0.4975,0.8233333333333334,0.9616666666666667,0.3019462982950197,0.38967468185847454,0.5016465993748757,0.5240225087137838,True,True,True
0.5,0.2275,0.4525,0.8116666666666666,0.9725,0.31066931686429144,0.37302962356037844,0.45536585770047405,0.4977593524186135,True,True,True
0.5,0.21333333333333335,0.44,0.7541666666666667,0.9425,0.2868566140512421,0.36148510535028683,0.4467331873267842,0.4916220720118582,True,True,True
0.5,0.21583333333333332,0.4483333333333333,0.7758333333333334,0.9283333333333333,0.2781558870018085,0.3583503629825963,0.46058501151964076,0.49997034263193363,True,True,True
0.5,0.22,0.48083333333333333,0.7708333333333334,0.9025,0.3233454816241249,0.40077142538308536,0.5034238394008105,0.5212953288502582,True,True,True
0.5,0.31416666666666665,0.5425,0.8908333333333334,0.9908333333333333,0.3201689891998979,0.3999117546916848,0.5027358199070633,0.5275507134479386,True,True,True
0.5,0.24833333333333332,0.4708333333333333,0.83,0.9675,0.2903882856937624,0.36880380959083,0.46790156282613016,0.5012485515470475,True,True,True
0.5,0.17166666666666666,0.38416666666666666,0.7466666666666667,0.885,0.24989292026844234,0.3378022719110865,0.4626803489612035,0.4954002372026312,True,True,True
0.5,0.17333333333333334,0.38916666666666666,0.6816666666666666,0.8358333333333333,0.2689175828663603,0.35193182056065725,0.4574996942807509,0.4876742876478719,True,True,True
0.5,0.18583333333333332,0.36666666666666664,0.8008333333333333,0.9291666666666667,0.26914357755794455,0.34386415404053067,0.4693144157554598,0.4961086280143571,True,True,True
0.5,0.3,0.52,0.8708333333333333,0.9816666666666667,0.32543796461111424,0.3939672240635389,0.4973141036011989,0.5207355673465338,True,True,True
0.5,0.2866666666666667,0.5566666666666666,0.8091666666666667,0.9525,0.3240395220778283,0.3926262650061689,0.4794052228338926,0.5086545618138103,True,True,True
0.5,0.22666666666666666,0.47583333333333333,0.7683333333333333,0.9125,0.29566088164293913,0.37525333925419246,0.4817204122443142,0.5131630007806395,True,True,True
0.5,0.2658333333333333,0.5091666666666667,0.8141666666666667,0.96,0.3093187000915719,0.3845239645681992,0.4806223694848043,0.5108370461652885,True,True,True
0.5,0.22166666666666668,0.43583333333333335,0.8416666666666667,0.9716666666666667,0.2830985290530948,0.36116591219751315,0.48413695053827466,0.5116758270376258,True,True,True
0.5,0.19916666666666666,0.44166666666666665,0.7591666666666667,0.9108333333333334,0.26227053781699483,0.3510912369113945,0.4590359731851745,0.49487940512019035,True,True,True
0.5,0.22583333333333333,0.48,0.7375,0.8891666666666667,0.2806090120669264,0.3710691653859447,0.47390072549358603,0.5075753822219792,True,True,True
0.5,0.2275,0.4525,0.8275,0.9541666666666667,0.30837465266064035,0.375853894874302,0.47539841095375657,0.500827624654177,True,True,True
0.5,0.22083333333333333,0.4791666666666667,0.7633333333333333,0.9,0.3076173781732331,0.3954201154567557,0.49704814862793567,0.5168867000153563,True,True,True
0.5,0.2125,0.43416666666666665,0.7358333333333333,0.905,0.26783554368540524,0.34844393062932466,0.44860743175578677,0.4897372014486854,True,True,True
0.5,0.175,0.4075,0.7191666666666666,0.87,0.27182314090604043,0.3531326532334848,0.47081926437094845,0.4983728579613345,True,True,True
0.5,0.2833333333333333,0.5141666666666667,0.845,0.9716666666666667,0.3171532290708323,0.39136691677127167,0.49191958923507295,0.5174874115870286,True,True,True
0.5,0.20833333333333334,0.42083333333333334,0.7866666666666666,0.9925,0.3021091776351948,0.3666961898022219,0.4488698607186364,0.49423591572828174,True,True,True
0.5,0.20416666666666666,0.455,0.7466666666666667,0.9083333333333333,0.26860680897042444,0.35020106060659845,0.44683328468023065,0.48976088359980574,True,True,True
0.5,0.28833333333333333,0.5025,0.8783333333333333,0.9958333333333333,0.30472992649361524,0.3739271452478956,0.47680348960727076,0.5106969059477636,True,True,True
0.5,0.20583333333333334,0.4058333333333333,0.8483333333333334,0.975,0.27847502229117477,0.3481217437620916,0.47348232319883227,0.5018379033866678,True,True,True
0.5,0.2675,0.49,0.8133333333333334,0.9716666666666667,0.31954788886778485,0.3804230869445362,0.4619359387883396,0.499022226623743,True,True,True
0.5,0.2708333333333333,0.5166666666666667,0.7966666666666666,0.94,0.32508891220081554,0.3921771174915783,0.4800448242554657,0.5110476589802633,True,True,True
0.5,0.2925,0.505,0.8833333333333333,0.9958333333333333,0.315022145839207,0.37799131012568526,0.4731683601455223,0.5075050011202378,True,True,True
0.5,0.31,0.5183333333333333,0.8991666666666667,0.9916666666666667,0.3169386996239084,0.38974587651363907,0.5027041139110641,0.5232038754388094,True,True,True
0.5,0.31916666666666665,0.5216666666666666,0.8791666666666667,0.9958333333333333,0.3216572744221638,0.3856825499764913,0.47365218244462864,0.5067629324392455,True,True,True
0.5,0.3675,0.5891666666666666,0.9225,0.9966666666666667,0.36829549604132544,0.42036289220844975,0.5201800443827913,0.5335330228798628,True,True,True
0.5,0.24916666666666668,0.49166666666666664,0.785,0.925,0.3035712069657816,0.3693350948979734,0.4645818322078379,0.49804651281974266,True,True,True
0.5,0.25583333333333336,0.4816666666666667,0.8233333333333334,0.9566666666666667,0.3021922864022963,0.3772843571024184,0.4789693267049063,0.510655809702713,True,True,True
0.5,0.3775,0.6233333333333333,0.8958333333333334,0.9908333333333333,0.3763086951123554,0.4441241991001914,0.5396430438341476,0.5468096951749115,True,True,True
0.5,0.24333333333333335,0.46416666666666667,0.8575,0.9708333333333333,0.3232184674639047,0.3975864056962694,0.5171805104405507,0.5319915311866688,True,True,True
0.5,0.37916666666666665,0.6191666666666666,0.9058333333333334,0.9941666666666666,0.3555975412487629,0.43116973261022273,0.5280026886549787,0.5396625288254453,True,True,True
0.5,0.295,0.5658333333333333,0.8433333333333334,0.9733333333333334,0.3540578204997738,0.42238434050796325,0.5060233403778792,0.527701097370977,True,True,True
0.5,0.23916666666666667,0.475,0.8016666666666666,0.935,0.29797530676486667,0.3728547893205589,0.4857596617502436,0.5101632161576898,True,True,True
0.5,0.20416666666666666,0.39166666666666666,0.8558333333333333,0.9883333333333333,0.25959463673475264,0.33702318524192953,0.45535828909404463,0.4962864399902559,True,True,True
0.5,0.2025,0.41,0.8125,0.955,0.2777114670950549,0.35601926743824935,0.4747275303841829,0.505229802213297,True,True,True
0.5,0.19833333333333333,0.39416666666666667,0.8133333333333334,0.9925,0.26917085470406527,0.3436013573743949,0.4472364830618997,0.4928167304576313,True,True,True
0.5,0.17833333333333334,0.38333333333333336,0.7891666666666667,0.9525,0.24162326778541082,0.3230970270485761,0.4472445350366025,0.4882778191923822,True,True,True
0.5,0.21416666666666667,0.4325,0.795,0.945,0.26790843250562263,0.35151701873067104,0.457766208150055,0.49475237063293415,True,True,True
0.5,0.2425,0.4475,0.8125,0.9741666666666666,0.27732076989023713,0.3552430647750899,0.45357017063938854,0.49629589937186286,True,True,True
0.5,0.21833333333333332,0.38416666666666666,0.8325,0.9458333333333333,0.2828174593655018,0.3528016281681888,0.4606542154463541,0.49183020450562054,True,True,True
0.5,0.19333333333333333,0.37,0.8166666666666667,0.9858333333333333,0.25141076425648695,0.32415120254560514,0.44289350524928456,0.4870947537268638,True,True,True
0.5,0.24833333333333332,0.4533333333333333,0.8475,0.9691666666666666,0.2926925723576772,0.36548206526365223,0.478048575156751,0.5053664615535621,True,True,True
0.5,0.2675,0.4741666666666667,0.8791666666666667,0.9925,0.2989827085114254,0.3726167413733058,0.47995198520831117,0.510305929774615,True,True,True
0.5,0.18666666666666668,0.4066666666666667,0.7383333333333333,0.8841666666666667,0.2873016581259713,0.36148236487322777,0.46413877046106006,0.4911875386799867,True,True,True
0.5,0.395,0.6225,0.9258333333333333,0.9966666666666667,0.3838281340196578,0.4479469130661903,0.5385229464773624,0.5456300174903291,True,True,True
0.5,0.21166666666666667,0.4483333333333333,0.79,0.9325,0.2869756639749118,0.3654245538453758,0.47214768662820567,0.5020883854513961,True,True,True
0.5,0.215,0.465,0.7725,0.9091666666666667,0.2890177200146166,0.37694954878327575,0.4858639351259146,0.5113788923215403,True,True,True
0.5,0.18666666666666668,0.4116666666666667,0.78,0.93,0.26554426925589725,0.35498435459983585,0.46467072982091506,0.498700606806129,True,True,True
0.5,0.295,0.5516666666666666,0.8266666666666667,0.9625,0.3238891944656241,0.39485172515230155,0.48859610503059797,0.5152013673948662,True,True,True
0.5,0.2925,0.575,0.7891666666666667,0.9275,0.33507723730869104,0.4144396961910264,0.499573298695461,0.5220760497005954,True,True,True
0.5,0.2225,0.4658333333333333,0.8033333333333333,0.9433333333333334,0.28631739385214205,0.3669434581246718,0.48120411045554506,0.5096255626844078,True,True,True
0.5,0.1925,0.43166666666666664,0.76,0.9158333333333334,0.29153400682517505,0.3775031891990948,0.4860188117238113,0.5129079976357473,True,True,True
0.5,0.21333333333333335,0.4475,0.7816666666666666,0.9258333333333333,0.2918107650248422,0.36593524186493004,0.47339383096322907,0.5038468433376584,True,True,True
0.5,0.32083333333333336,0.5491666666666667,0.875,0.9841666666666666,0.3379891020625591,0.402267756401149,0.49433090135982144,0.518165143431904,True,True,True
0.5,0.32083333333333336,0.5975,0.8308333333333333,0.9566666666666667,0.3721561888321173,0.44059241849752323,0.52471738595498,0.5365560668416035,True,True,True
0.5,0.20916666666666667,0.44333333333333336,0.7441666666666666,0.8925,0.2936116510780329,0.37461648723250657,0.47813196849962697,0.5046974296260722,True,True,True
0.5,0.25583333333333336,0.5175,0.7808333333333334,0.9216666666666666,0.29069784352571515,0.377040544594049,0.47829616663122987,0.5110178755376845,True,True,True
0.5,0.24083333333333334,0.49,0.7758333333333334,0.9175,0.30683383052278984,0.3870072846782743,0.48875101782188174,0.5139188787131446,True,True,True
0.5,0.25666666666666665,0.4508333333333333,0.8716666666666667,0.9741666666666666,0.32153360279658716,0.3921154328612552,0.5122653193116242,0.5231755083669626,True,True,True
0.5,0.20416666666666666,0.43,0.7375,0.9175,0.25070898738095065,0.3381358295020584,0.4321737648447803,0.4821404137886831,True,True,True
0.5,0.37083333333333335,0.6141666666666666,0.8983333333333333,0.99,0.38037811022146917,0.4495266543525824,0.541315937411636,0.5491880497474411,True,True,True
0.5,0.31,0.5141666666666667,0.9158333333333334,0.9966666666666667,0.3366946524730608,0.3940148212646862,0.5034260938617979,0.5207749073801977,True,True,True
0.5,0.2575,0.4775,0.8691666666666666,0.9758333333333333,0.32489985953436523,0.38886286633519856,0.503553110990352,0.5211203343317892,True,True,True
0.5,0.335,0.5908333333333333,0.8733333333333333,0.98,0.37103027720723847,0.4432643016872806,0.5431842722326596,0.548464559163437,True,True,True
0.5,0.20833333333333334,0.44333333333333336,0.7991666666666667,0.9366666666666666,0.2764163005970767,0.3692582703405286,0.48967924870132834,0.5168619484970582,True,True,True
0.5,0.1525,0.3491666666666667,0.6783333333333333,0.9058333333333334,0.24726472091268056,0.3243709626373878,0.4137211619771013,0.47178794933727414,True,True,True
0.5,0.3416666666666667,0.5683333333333334,0.895,0.9925,0.3422300075192772,0.4165877032310419,0.5117572911455333,0.5324710310454726,True,True,True
0.5,0.30583333333333335,0.5308333333333334,0.8616666666666667,0.9775,0.32246158300426236,0.3884372599879012,0.4826839602200519,0.5114294518075123,True,True,True
0.5,0.2275,0.4525,0.7833333333333333,0.9466666666666667,0.28369685813896184,0.362178468735487,0.4611745986609178,0.5011216622039724,True,True,True
0.5,0.24583333333333332,0.44916666666666666,0.85,0.9666666666666667,0.29077942855616395,0.3638637918738912,0.47354268569067604,0.5009184052918589,True,True,True
0.5,0.23333333333333334,0.43666666666666665,0.8525,0.9625,0.3089420843787387,0.37394580396720445,0.4804973715585223,0.5017671723814664,True,True,True
0.5,0.30416666666666664,0.5258333333333334,0.8591666666666666,0.9833333333333333,0.3122807246046294,0.3819545358033171,0.47322218348971234,0.5048256476199099,True,True,True
0.5,0.37,0.6108333333333333,0.8975,0.9916666666666667,0.38275837373052723,0.4423444238981844,0.5380288519249256,0.5464752003603945,True,True,True
0.5,0.22166666666666668,0.455,0.71,0.8691666666666666,0.27195774354970087,0.3568396114356355,0.44233124168230453,0.48194676603312253,True,True,True
0.5,0.2975,0.55,0.8483333333333334,0.97,0.3403265737180485,0.41597374374922474,0.5097339753559396,0.5305141560245756,True,True,True
0.5,0.30416666666666664,0.5008333333333334,0.8991666666666667,0.9933333333333333,0.32027945294022464,0.3886227080055197,0.49851784880602784,0.5196086714961946,True,True,True
0.5,0.32416666666666666,0.5516666666666666,0.8925,0.9883333333333333,0.3558078838241329,0.4243202551512269,0.5200581076708636,0.5369049313801156,True,True,True
0.5,0.23,0.43333333333333335,0.8391666666666666,0.9783333333333334,0.26341452488518663,0.34379538937806214,0.4596958307352662,0.4940144750312545,True,True,True
0.5,0.32416666666666666,0.5833333333333334,0.8725,0.98,0.3624157697211861,0.42668747740886054,0.5110377176689602,0.5297883955420556,True,True,True
0.5,0.3616666666666667,0.5891666666666666,0.9,0.9958333333333333,0.3656455733179564,0.42572709851610585,0.5125158372563348,0.5297654917762777,True,True,True
0.5,0.23166666666666666,0.4508333333333333,0.8241666666666667,0.9883333333333333,0.3047939035344739,0.37137861339100553,0.46092409635625425,0.5031918089532701,True,True,True
0.5,0.2325,0.45166666666666666,0.7908333333333334,0.9383333333333334,0.2913964344018889,0.36411345390844424,0.4650613476417928,0.4965811120046349,True,True,True
0.5,0.16083333333333333,0.37416666666666665,0.7041666666666667,0.8733333333333333,0.24086320140699247,0.32566724437391154,0.42425585353189793,0.4731628859479567,True,True,True
0.5,0.2775,0.5516666666666666,0.78,0.9191666666666667,0.3398767695672752,0.41370470277051635,0.5021316464041942,0.5221165362041753,True,True,True
0.5,0.23583333333333334,0.47333333333333333,0.8208333333333333,0.9608333333333333,0.2973787359014319,0.3780392990722447,0.481671134973932,0.5108525997862402,True,True,True
0.5,0.25583333333333336,0.5208333333333334,0.7891666666666667,0.9383333333333334,0.311923003304401,0.39571700587787023,0.4917251169350163,0.5165377588942754,True,True,True
0.5,0.1675,0.3825,0.745,0.9141666666666667,0.23457423980165615,0.31552848984842485,0.4316872987082267,0.4776391339124222,True,True,True
0.5,0.25166666666666665,0.44416666666666665,0.8625,0.9616666666666667,0.31825923274135337,0.3840855348147928,0.510342704336643,0.5186407139045073,True,True,True
0.5,0.23333333333333334,0.42,0.8366666666666667,0.9766666666666667,0.2826773663515488,0.3528975871164085,0.46268925446642856,0.4995847112171067,True,True,True
0.5,0.22666666666666666,0.4658333333333333,0.7675,0.9125,0.3061059698016445,0.3811726788761125,0.4698226638680934,0.4968139121437547,True,True,True
0.5,0.17,0.3475,0.8083333333333333,0.9341666666666667,0.27629672698457347,0.34783562458611145,0.45764293446645077,0.48868737657151884,True,True,True
0.5,0.2325,0.4725,0.7758333333333334,0.9208333333333333,0.3020083717859067,0.37995755619423915,0.48685661072760866,0.5110843548899916,True,True,True
0.5,0.24666666666666667,0.49,0.7783333333333333,0.9208333333333333,0.2999498403732248,0.3753157663481756,0.47507117181011305,0.5057582903202861,True,True,True
0.5,0.18916666666666668,0.42,0.74,0.9,0.26355200883384106,0.34613813201700977,0.4571761605970109,0.4937314528167251,True,True,True
0.5,0.26666666666666666,0.5358333333333334,0.7683333333333333,0.915,0.3230989336004181,0.39626652751510905,0.4943553507015062,0.5187975777273732,True,True,True
0.5,0.16333333333333333,0.37583333333333335,0.7283333333333334,0.8866666666666667,0.2407955516500356,0.32284070466681397,0.42969932236718855,0.4746847621099908,True,True,True
0.5,0.225,0.4325,0.87,0.9916666666666667,0.28540152084732606,0.35980981062145717,0.4744399472150009,0.5084917178405925,True,True,True
0.5,0.32916666666666666,0.5708333333333333,0.91,0.9958333333333333,0.3544359839094922,0.4258861344088323,0.5200941692301331,0.537790635817908,True,True,True
0.5,0.1725,0.38916666666666666,0.7025,0.905,0.24478146498737555,0.32919386073053425,0.4194071840345785,0.4738378906325707,True,True,True
0.5,0.27666666666666667,0.5058333333333334,0.8625,0.9833333333333333,0.30838339792489206,0.390676466784053,0.4902210487960242,0.5192792578235401,True,True,True
0.5,0.20416666666666666,0.44666666666666666,0.7283333333333334,0.8816666666666667,0.2626363550155193,0.34852729813484584,0.4418084419773434,0.4834230502702394,True,True,True
0.5,0.235,0.435,0.835,0.9833333333333333,0.28174392075185345,0.3484714556191016,0.4416623878382054,0.48226955397003146,True,True,True
0.5,0.29583333333333334,0.51,0.9141666666666667,0.9966666666666667,0.3295543143875431,0.39870816489223965,0.5035634122426264,0.525572235198853,True,True,True
0.5,0.22916666666666666,0.43916666666666665,0.7975,0.9575,0.26297966293751424,0.34884406291952724,0.4509430786612389,0.4937240302282111,True,True,True
0.5,0.3125,0.5625,0.8491666666666666,0.9766666666666667,0.33912522475221907,0.407692025172325,0.4980252668707239,0.5219440909128198,True,True,True
0.5,0.25833333333333336,0.4575,0.8691666666666666,0.9758333333333333,0.30066449690732455,0.37630000328787816,0.490050373108272,0.5115605794966005,True,True,True
0.5,0.2025,0.4175,0.7841666666666667,0.9325,0.2681907682508162,0.3440563574106617,0.45162807183342846,0.48706631157550323,True,True,True
0.5,0.2966666666666667,0.5158333333333334,0.8541666666666666,0.9783333333333334,0.31886990970928014,0.38609120824118887,0.4846112891080303,0.5134568935042073,True,True,True
0.5,0.19,0.38916666666666666,0.7591666666666667,0.9533333333333334,0.2626541858285478,0.3399790304264921,0.437473400327144,0.48623297285545675,True,True,True
0.5,0.25083333333333335,0.5091666666666667,0.78,0.9283333333333333,0.3176145980526956,0.3869919851175612,0.470989172318015,0.5048348947406676,True,True,True
0.5,0.2808333333333333,0.5066666666666667,0.8533333333333334,0.9691666666666666,0.3230536331452413,0.39373244433986876,0.5005350133099083,0.518533360277279,True,True,True
0.5,0.19333333333333333,0.43,0.7616666666666667,0.9175,0.2628097638633353,0.34280346536798784,0.4462576140024488,0.48954672425135887,True,True,True
0.5,0.19416666666666665,0.4141666666666667,0.7891666666666667,0.9916666666666667,0.27849060814395027,0.35196616333563474,0.44532570783084047,0.49433487170230156,True,True,True
0.5,0.13916666666666666,0.3416666666666667,0.6808333333333333,0.835,0.23225996241460914,0.31235138377916094,0.4175024746909594,0.4616780862618118,True,True,True
0.5,0.16583333333333333,0.38,0.7225,0.9125,0.2390806070986794,0.3289261081094735,0.4273550455749657,0.48021737356682354,True,True,True
0.5,0.1825,0.4008333333333333,0.7566666666666667,0.9075,0.24737460935723685,0.33433312012335387,0.4423548652007987,0.48288942907724086,True,True,True
0.5,0.25916666666666666,0.5191666666666667,0.78,0.9275,0.3311664605652455,0.3927189994189331,0.4772652201202549,0.5066141304492887,True,True,True
0.5,0.33916666666666667,0.56,0.8975,0.995,0.3362410024143275,0.4102550348975431,0.4988145347500116,0.5253121018050074,True,True,True
0.5,0.32916666666666666,0.5433333333333333,0.8933333333333333,0.9958333333333333,0.3377452486592187,0.3961975985304779,0.4829545989054801,0.5111832706144429,True,True,True
0.5,0.31,0.505,0.8875,0.9925,0.337749913597645,0.3946058886344144,0.4835126813207171,0.5114095092901259,True,True,True
0.5,0.345,0.5591666666666667,0.91,0.9966666666666667,0.33426756547676273,0.39913263535373633,0.4916853616907952,0.5163486303692212,True,True,True
0.5,0.24666666666666667,0.4533333333333333,0.8533333333333334,0.9733333333333334,0.2879442990917812,0.36671063371263546,0.4865972511167561,0.5147458830813587,True,True,True
0.5,0.3075,0.5391666666666667,0.8891666666666667,0.9875,0.33679848337991103,0.4121621624219714,0.5183841012604685,0.5318710277985521,True,True,True
0.5,0.16083333333333333,0.36666666666666664,0.715,0.9066666666666666,0.23948280395175497,0.3202251737756692,0.4259093668437254,0.475443929079645,True,True,True
0.5,0.33416666666666667,0.5658333333333333,0.9091666666666667,0.995,0.3208403858864225,0.39088783494253493,0.48419960943623314,0.5127783398759179,True,True,True
0.5,0.24,0.4775,0.755,0.9016666666666666,0.3010203918770776,0.37280810254849645,0.4768780048969543,0.5029651599301608,True,True,True
0.5,0.25916666666666666,0.4625,0.8966666666666666,0.9933333333333333,0.301715377353134,0.36875189691768545,0.4848707705887092,0.5109381641854,True,True,True
0.5,0.2866666666666667,0.4975,0.9008333333333334,0.9958333333333333,0.3364056671800181,0.39679656735533425,0.5081080445435436,0.526418129006962,True,True,True
0.5,0.2175,0.4666666666666667,0.7608333333333334,0.9108333333333334,0.30076599479161065,0.37468262222574605,0.4803819154554639,0.5048491524921562,True,True,True
0.5,0.235,0.4625,0.7975,0.9433333333333334,0.2888745642432057,0.3704473572366912,0.47794743203014356,0.5099296048015383,True,True,True
0.5,0.25333333333333335,0.46166666666666667,0.8416666666666667,0.995,0.32187965574078686,0.3781504643290683,0.46266250389777497,0.5015361766500621,True,True,True
0.5,0.23083333333333333,0.4583333333333333,0.81,0.9683333333333334,0.2771863815519412,0.3560934531346332,0.45080125225833656,0.4919134616306362,True,True,True
0.5,0.33416666666666667,0.5658333333333333,0.8925,0.9908333333333333,0.34602469447995177,0.4062954591714268,0.49944404858784774,0.5216667648577556,True,True,True
0.5,0.24916666666666668,0.5083333333333333,0.7675,0.91,0.3187967741678551,0.4000135582394999,0.49108313917068624,0.5160783866195007,True,True,True
0.5,0.28833333333333333,0.5566666666666666,0.8208333333333333,0.9566666666666667,0.363754546510361,0.4296712743805144,0.5164695840960726,0.532782350169863,True,True,True
0.5,0.21833333333333332,0.44666666666666666,0.7733333333333333,0.9275,0.2730352653380004,0.36139853628785845,0.46779889888753207,0.5064400654609936,True,True,True
0.5,0.305,0.5133333333333333,0.9008333333333334,0.9925,0.3473151661949244,0.40075824626343914,0.494862686308752,0.5200656641039967,True,True,True
0.5,0.235,0.46166666666666667,0.815,0.9408333333333333,0.31163144853824026,0.38745294876503666,0.494509691577132,0.5123984319930993,True,True,True
0.5,0.25916666666666666,0.45916666666666667,0.8508333333333333,0.995,0.3060276761319399,0.3697665282984319,0.462607265854924,0.5006482776251046,True,True,True
0.5,0.25916666666666666,0.4841666666666667,0.8566666666666667,0.98,0.3103214671905928,0.3889439428342029,0.500291740779786,0.5245087325008355,True,True,True
0.5,0.17,0.39416666666666667,0.78,0.93,0.2592897339586273,0.3421029176130706,0.4526825766643076,0.49111860946225505,True,True,True
0.5,0.24833333333333332,0.49916666666666665,0.7766666666666666,0.9266666666666666,0.28627123136339905,0.3707374307780155,0.4606445127837814,0.49808082520331187,True,True,True
0.5,0.26166666666666666,0.5275,0.7775,0.92,0.32386303456455184,0.3942191827577127,0.4734415334250803,0.5057170684010854,True,True,True
0.5,0.2925,0.5041666666666667,0.9158333333333334,0.995,0.33555623302465837,0.4043567935798245,0.5148569004956755,0.5289355575943077,True,True,True
0.5,0.26166666666666666,0.45166666666666666,0.8791666666666667,0.9741666666666666,0.3183588827326035,0.3774039422038615,0.48047887570499637,0.5006472691901294,True,True,True
0.5,0.25333333333333335,0.4825,0.8133333333333334,0.9591666666666666,0.3022393595130396,0.36882566474993456,0.4639660284231284,0.5001834048708583,True,True,True
0.5,0.22333333333333333,0.43,0.7675,0.9416666666666667,0.2777449139896102,0.34835309609360005,0.4377659220739708,0.48182121794071786,True,True,True
0.5,0.2841666666666667,0.5333333333333333,0.825,0.9583333333333334,0.3415886496239238,0.40690335190273347,0.4909149317251569,0.5163930364755732,True,True,True
0.5,0.28833333333333333,0.5041666666666667,0.9,0.995,0.31971118822620714,0.3836019649723069,0.49410452481172634,0.5152983098396662,True,True,True
0.5,0.13666666666666666,0.3283333333333333,0.6708333333333333,0.865,0.2226292399067234,0.30336415116924204,0.4011688362819294,0.4533827905961559,True,True,True
0.5,0.25666666666666665,0.5208333333333334,0.7958333333333333,0.9366666666666666,0.31303460996064464,0.3953862458206502,0.5010654430682693,0.5265790260018881,True,True,True
0.5,0.24333333333333335,0.49166666666666664,0.815,0.9466666666666667,0.3057259161503602,0.38950489675373795,0.49519223330277884,0.517603131692387,True,True,True
0.5,0.22416666666666665,0.45416666666666666,0.7941666666666667,0.9316666666666666,0.28097607040897354,0.36485632945268154,0.47717907494615264,0.5076282677445929,True,True,True
0.5,0.22083333333333333,0.4241666666666667,0.8783333333333333,0.9991666666666666,0.2850495640751829,0.35193144599942733,0.4639508372613228,0.5008787987950476,True,True,True
0.5,0.37833333333333335,0.6158333333333333,0.9083333333333333,0.9933333333333333,0.35745755806372853,0.4274485823780243,0.517046750500541,0.5332098704702094,True,True,True
0.5,0.19833333333333333,0.35833333333333334,0.8425,0.9558333333333333,0.2679574854579098,0.3356016125192492,0.45244679026045426,0.48480907315848676,True,True,True
0.5,0.21,0.42,0.7975,0.9316666666666666,0.2584888028936533,0.3412031783409744,0.4608067947128519,0.49312359031221653,True,True,True
0.5,0.24833333333333332,0.5166666666666667,0.7758333333333334,0.9283333333333333,0.3093979945985885,0.3876288987117058,0.4718679143634582,0.5075451932523981,True,True,True
0.5,0.2075,0.43166666666666664,0.7566666666666667,0.8958333333333334,0.27786083493995156,0.3580067584247027,0.46027997377948027,0.49244036183508,True,True,True
0.5,0.2,0.4375,0.7483333333333333,0.8875,0.3090694985386185,0.3802324824596557,0.48035638060495406,0.5018708238132329,True,True,True
0.5,0.1825,0.4008333333333333,0.7091666666666666,0.9083333333333333,0.2551095109185363,0.3331715188017943,0.4239092630013532,0.4756497168882129,True,True,True
0.5,0.33916666666666667,0.5791666666666667,0.8808333333333334,0.9833333333333333,0.3584780947038211,0.4255649890161629,0.5241380194567878,0.5368485129097743,True,True,True
0.5,0.3233333333333333,0.5591666666666667,0.8708333333333333,0.9816666666666667,0.3304683300837903,0.39938039385956786,0.48823063521291904,0.513236758143545,True,True,True
0.5,0.25583333333333336,0.47583333333333333,0.8658333333333333,0.9758333333333333,0.3117417268474413,0.3886240168932207,0.49798360706677564,0.5209271844353848,True,True,True
0.5,0.3625,0.6166666666666667,0.8875,0.9866666666666667,0.3664219374706844,0.4399840503961064,0.5320119354888807,0.5432234734175603,True,True,True
0.5,0.29083333333333333,0.5783333333333334,0.7841666666666667,0.9258333333333333,0.3602967562951538,0.42376705989663405,0.5126929822088815,0.5284052636126586,True,True,True
0.5,0.2375,0.4741666666666667,0.835,0.9641666666666666,0.32042859591844247,0.39141036307498034,0.4908246984485165,0.5116605819129239,True,True,True
0.5,0.1425,0.36083333333333334,0.7108333333333333,0.885,0.22436392726893828,0.3067889192825153,0.41186378473985535,0.46162094059913783,True,True,True
0.5,0.1925,0.43083333333333335,0.7525,0.9025,0.30017896102331393,0.3755174091770524,0.4865646006354052,0.5095473603898988,True,True,True
0.5,0.21,0.38166666666666665,0.825,0.9241666666666667,0.3118572157266611,0.3751336905659771,0.49737083487784267,0.5102536723923092,True,True,True
0.5,0.16416666666666666,0.375,0.6958333333333333,0.9016666666666666,0.23862208600186424,0.3243426460450966,0.4134944521493231,0.46846356936720895,True,True,True
0.5,0.25083333333333335,0.5141666666666667,0.7608333333333334,0.9083333333333333,0.30676293979417396,0.38665820312522203,0.4687287283111693,0.5047456437330354,True,True,True
0.5,0.22083333333333333,0.4125,0.8858333333333334,0.9966666666666667,0.26642728431312623,0.3315766823800357,0.45539325852796403,0.49024698770134173,True,True,True
0.5,0.26416666666666666,0.47,0.8708333333333333,0.9816666666666667,0.2996835442848959,0.3704237684268753,0.4954463196692902,0.5167780429046136,True,True,True
0.5,0.27166666666666667,0.5275,0.8058333333333333,0.9466666666666667,0.3320902383951087,0.39834858001694917,0.48110404939141943,0.5131579016965749,True,True,True
0.5,0.2125,0.43416666666666665,0.7416666666666667,0.9,0.27554250640455297,0.34957262340530054,0.4472172326489415,0.4853801258604028,True,True,True
0.5,0.23083333333333333,0.4075,0.8741666666666666,0.9758333333333333,0.28115254735712275,0.3470133073182113,0.47240687901212103,0.4988903904077328,True,True,True
0.5,0.31833333333333336,0.565,0.875,0.9833333333333333,0.3568310488672011,0.430680068470625,0.5285988620644365,0.5411550995543223,True,True,True
0.5,0.19916666666666666,0.43166666666666664,0.7833333333333333,0.9358333333333333,0.27987544003859166,0.35555410366007134,0.46205909421370517,0.4941593134165464,True,True,True
0.5,0.3075,0.5166666666666667,0.91,0.9966666666666667,0.3331468628431,0.396507370762184,0.4982884654122476,0.5181038544900045,True,True,True
0.5,0.24666666666666667,0.49666666666666665,0.7858333333333334,0.9275,0.2982164206035365,0.3822425259686231,0.47266434886545566,0.5035163958933911,True,True,True
0.5,0.19833333333333333,0.415,0.7766666666666666,0.9225,0.25958257265264684,0.3424864595972244,0.43701636510741204,0.47968980669514716,True,True,True
0.5,0.17416666666666666,0.37,0.8416666666666667,0.9791666666666666,0.2548744825855379,0.3284048600340021,0.44064580786055557,0.48321286328913193,True,True,True
0.5,0.2975,0.5308333333333334,0.8633333333333333,0.9758333333333333,0.327934813187683,0.3991358265643403,0.5037329539829404,0.522392792371711,True,True,True
0.5,0.20333333333333334,0.435,0.7383333333333333,0.8791666666666667,0.302052954389989,0.377280079104611,0.4876334402825195,0.5045023483485624,True,True,True
0.5,0.215,0.4483333333333333,0.785,0.9408333333333333,0.26647854519972297,0.35234867599303304,0.45327138644432474,0.495322957616138,True,True,True
0.5,0.30666666666666664,0.5466666666666666,0.8516666666666667,0.9725,0.3435704871712228,0.41425894318426193,0.511684126705394,0.529155303137401,True,True,True
0.5,0.215,0.45666666666666667,0.7516666666666667,0.9375,0.27136346165725966,0.35722671707169706,0.4478205906880794,0.4935598524831486,True,True,True
0.5,0.24,0.5008333333333334,0.7833333333333333,0.9283333333333333,0.306932136441108,0.38677222869987427,0.49070127633529304,0.5142371734437252,True,True,True
0.5,0.26416666666666666,0.45666666666666667,0.87,0.99,0.30151045877446164,0.36937334159277335,0.46995450558971624,0.5039102185691406,True,True,True
0.5,0.15,0.3616666666666667,0.7141666666666666,0.9058333333333334,0.23005190380925034,0.3148597191989732,0.4159680155551651,0.4691961855527016,True,True,True
0.5,0.23166666666666666,0.4325,0.815,0.9375,0.2897960684711954,0.35625279949538385,0.4552168346490773,0.4864758142432967,True,True,True
0.5,0.22583333333333333,0.46416666666666667,0.765,0.9308333333333333,0.2994360847043575,0.3651726566119878,0.45694843490474035,0.4948920612995546,True,True,True
0.5,0.20416666666666666,0.42833333333333334,0.7691666666666667,0.9166666666666666,0.2765849894570421,0.3549161984554608,0.46044368160465354,0.4924855330800505,True,True,True
0.5,0.19666666666666666,0.42333333333333334,0.7633333333333333,0.9641666666666666,0.27978429572159164,0.3595080572120061,0.44459843160766205,0.494268653132737,True,True,True
0.5,0.2025,0.42583333333333334,0.7833333333333333,0.9391666666666667,0.27589226454478205,0.34615653448610406,0.4523621099141487,0.4862355126293357,True,True,True
0.5,0.35,0.6175,0.8741666666666666,0.9808333333333333,0.3821179210000565,0.4513388548895994,0.5379496186818028,0.5471833061607471,True,True,True
0.5,0.21583333333333332,0.4525,0.7741666666666667,0.9258333333333333,0.28471979178647666,0.3635223179165694,0.46997573297231365,0.5007577533465232,True,True,True
0.5,0.20333333333333334,0.44666666666666666,0.725,0.8816666666666667,0.2881172635697083,0.36730010147184106,0.4688884613911398,0.49631189844395807,True,True,True
0.5,0.27666666666666667,0.5383333333333333,0.8133333333333334,0.9458333333333333,0.3184749940820678,0.4048090451462933,0.5099965607564544,0.5304817505866743,True,True,True
0.5,0.31166666666666665,0.53,0.8941666666666667,0.9958333333333333,0.33467222791666934,0.40515326042526817,0.4979850239169885,0.5240263245397411,True,True,True
0.5,0.20833333333333334,0.445,0.7375,0.9058333333333334,0.2702115363085736,0.3590045084773619,0.4497935047357704,0.49486123914496005,True,True,True
0.5,0.20583333333333334,0.4033333333333333,0.8233333333333334,0.9558333333333333,0.2667140493925681,0.3450431866891851,0.45424623051048296,0.49056363358167243,True,True,True
0.5,0.24583333333333332,0.4775,0.7883333333333333,0.9366666666666666,0.30244812818033173,0.37909365965688546,0.4732191036184413,0.5067555407476234,True,True,True
0.5,0.25,0.5066666666666667,0.7791666666666667,0.92,0.29871240824455064,0.37103839846061165,0.4648855572951839,0.5001383301029643,True,True,True
0.5,0.1225,0.30666666666666664,0.7291666666666666,0.9266666666666666,0.22696242546998516,0.3050007402035748,0.4112177900979713,0.46410840830767236,True,True,True
0.5,0.285,0.5166666666666667,0.8416666666666667,0.9708333333333333,0.29946314212937175,0.3776371209283673,0.4663997568817009,0.5035066709870846,True,True,True
0.5,0.27666666666666667,0.5308333333333334,0.8116666666666666,0.9566666666666667,0.3122373271657574,0.38524070416647077,0.47044460929852777,0.5040954953889059,True,True,True
0.5,0.2791666666666667,0.5708333333333333,0.7558333333333334,0.8958333333333334,0.369361462035691,0.44036256747333985,0.5203172002616138,0.5338993525406863,True,True,True
0.5,0.36333333333333334,0.6025,0.8983333333333333,0.9916666666666667,0.354780489503783,0.41460359997105417,0.5078274898598071,0.5251102200324405,True,True,True
0.5,0.265,0.5483333333333333,0.7591666666666667,0.905,0.31974735590426673,0.40039043487870835,0.4890540117446965,0.517260567757781,True,True,True
0.5,0.31333333333333335,0.5716666666666667,0.84,0.9683333333333334,0.3489627985158729,0.4166417620151491,0.5103434754938015,0.5299969038952546,True,True,True
0.5,0.24583333333333332,0.4558333333333333,0.8316666666666667,0.9491666666666667,0.3042716128429803,0.3759528409599371,0.4734926551844327,0.4988727459467979,True,True,True
0.5,0.19666666666666666,0.4083333333333333,0.7833333333333333,0.96,0.25137427774908294,0.34029195744354807,0.4448592343180893,0.4927241061258972,True,True,True
0.5,0.22333333333333333,0.4675,0.7725,0.9258333333333333,0.2782898917887675,0.35351734393052675,0.45254247764510136,0.4933099709994123,True,True,True
0.5,0.18916666666666668,0.41,0.795,0.9433333333333334,0.24319821521967946,0.3257705433838123,0.4414157666261274,0.4842948175172887,True,True,True
0.5,0.18916666666666668,0.38,0.7658333333333334,0.9616666666666667,0.276985969430306,0.3408662825752385,0.437079460023848,0.4827119613333276,True,True,True
0.5,0.24166666666666667,0.44166666666666665,0.87,0.995,0.2824735943564167,0.35749523372067676,0.4626134307477946,0.5006102780891838,True,True,True
0.5,0.26666666666666666,0.53,0.7775,0.9183333333333333,0.3273870170192317,0.4066182954354794,0.5111530719733772,0.5309223303364541,True,True,True
0.5,0.19333333333333333,0.43,0.77,0.9175,0.2620029225390259,0.34749144759486145,0.4487314206637635,0.4888070393633282,True,True,True
0.5,0.26166666666666666,0.5133333333333333,0.8516666666666667,0.975,0.3128809741950748,0.3913312376838273,0.49573193503211077,0.5204015839813937,True,True,True
0.5,0.18166666666666667,0.3933333333333333,0.7775,0.9283333333333333,0.25043606196359336,0.3299058300038947,0.4428372063311771,0.48266671230379493,True,True,True
0.5,0.2375,0.4216666666666667,0.8733333333333333,0.9775,0.2918738034720636,0.3563425958532912,0.4710553238389747,0.49796293679354325,True,True,True
0.5,0.3425,0.5641666666666667,0.8991666666666667,0.9916666666666667,0.33899880232953744,0.3991392346415373,0.4927985197339898,0.5161745950786351,True,True,True
0.5,0.19333333333333333,0.42,0.77,0.9125,0.2697620006976052,0.35464995526266707,0.4733239366421272,0.5041445704966301,True,True,True
0.5,0.2683333333333333,0.5358333333333334,0.7783333333333333,0.9191666666666667,0.3208733769477484,0.39392456569498707,0.4887754413844552,0.516399043693771,True,True,True
0.5,0.2425,0.455,0.8666666666666667,0.9908333333333333,0.2956168710831443,0.3648024381424478,0.4720277536708425,0.503916128109181,True,True,True
0.5,0.30416666666666664,0.5058333333333334,0.9025,0.995,0.3248504509691422,0.3915891769855266,0.5005207340242799,0.5215695126341763,True,True,True
0.5,0.25333333333333335,0.49916666666666665,0.8183333333333334,0.9575,0.29685620003872676,0.37881065607701786,0.4803351374030643,0.5117887773782163,True,True,True
0.5,0.24416666666666667,0.48083333333333333,0.8375,0.9716666666666667,0.30318129422294166,0.3831996919199888,0.487978488184127,0.5151299046300515,True,True,True
0.5,0.29083333333333333,0.5,0.865,0.99,0.2997952279688708,0.3723887430520131,0.4603743483584654,0.496068526019017,True,True,True
0.5,0.2658333333333333,0.4741666666666667,0.8841666666666667,0.9908333333333333,0.29015026244268005,0.36438513829278835,0.47493239203057236,0.5039625525688028,True,True,True
0.5,0.18416666666666667,0.41083333333333333,0.7366666666666667,0.89,0.26763784293847753,0.3473621206540278,0.4632202342239076,0.49143836721998385,True,True,True
0.5,0.16166666666666665,0.37083333333333335,0.7325,0.8908333333333334,0.2417705073665267,0.32728026908676394,0.4342702409182103,0.4761888316932513,True,True,True
0.5,0.22,0.445,0.8058333333333333,0.9575,0.266709066066942,0.348235287533252,0.4519638644974671,0.4912983516356523,True,True,True
0.5,0.215,0.43916666666666665,0.8166666666666667,0.9508333333333333,0.2704587420831332,0.34781326954519753,0.45747228698896236,0.49265083683514943,True,True,True
0.5,0.21083333333333334,0.42833333333333334,0.795,0.935,0.2895492805810903,0.36493085964247435,0.46945498274130737,0.4982379660344476,True,True,True
0.5,0.30583333333333335,0.5233333333333333,0.8975,0.9941666666666666,0.3219768932586451,0.3937984242447426,0.49109082639434576,0.5182177192581332,True,True,True
0.5,0.25916666666666666,0.4825,0.8625,0.98,0.30511479113030254,0.3823591748748019,0.5066757838923402,0.5224466294551826,True,True,True
0.5,0.21416666666666667,0.4625,0.7858333333333334,0.9283333333333333,0.2908867153595282,0.36471634300836037,0.46337046034756263,0.4945472377833149,True,True,True
0.5,0.2875,0.5625,0.8141666666666667,0.9466666666666667,0.34146644235388135,0.41247534565736993,0.5058932833708526,0.5247470098213846,True,True,True
0.5,0.325,0.5633333333333334,0.8908333333333334,0.9941666666666666,0.34414274127725475,0.41385760778297725,0.5031137555287992,0.5271597544553166,True,True,True
0.5,0.26416666666666666,0.5208333333333334,0.785,0.9191666666666667,0.3155737274824745,0.3926353663274562,0.4857004930077171,0.5135266012064967,True,True,True
0.5,0.21833333333333332,0.4166666666666667,0.8516666666666667,0.9841666666666666,0.2790905389196186,0.3467609067319204,0.44892733052746886,0.4880217225795816,True,True,True
0.5,0.265,0.5208333333333334,0.7916666666666666,0.9341666666666667,0.31519935555402895,0.39974516855432224,0.49090507043902154,0.5193821085886442,True,True,True
0.5,0.185,0.4191666666666667,0.75,0.8991666666666667,0.2658850051647492,0.3500251233877585,0.47297467459017223,0.5018361061625305,True,True,True
0.5,0.195,0.4175,0.7466666666666667,0.8866666666666667,0.2603589403724809,0.3418158772783174,0.45869040115347637,0.4887919479058373,True,True,True
0.5,0.2658333333333333,0.54,0.7925,0.9283333333333333,0.3425237477640514,0.41151266763881933,0.511464220544725,0.5272101700239581,True,True,True
0.5,0.2725,0.5083333333333333,0.8708333333333333,0.9866666666666667,0.3320262789047224,0.4085523102820136,0.5061623006038313,0.5263826336072458,True,True,True
0.5,0.18666666666666668,0.4008333333333333,0.7516666666666667,0.895,0.264037704871891,0.33897684949346607,0.44441836367123366,0.479879806432092,True,True,True
0.5,0.3525,0.5908333333333333,0.8941666666666667,0.9933333333333333,0.35946299796662406,0.42267507758875716,0.5056950501998302,0.527159486066267,True,True,True
0.5,0.30583333333333335,0.5825,0.8375,0.9691666666666666,0.36268993546514094,0.4319877783042519,0.5191324733432949,0.5330617497581456,True,True,True
0.5,0.2841666666666667,0.5141666666666667,0.8316666666666667,0.9666666666666667,0.31770913186731375,0.3866867161008029,0.47232268093626495,0.5031040624611649,True,True,True
0.5,0.2775,0.4633333333333333,0.8858333333333334,0.9758333333333333,0.3367777921370715,0.3989007818708536,0.5105988417923377,0.5203851767789099,True,True,True
0.5,0.33666666666666667,0.5616666666666666,0.8883333333333333,0.9908333333333333,0.34953267402276306,0.41258194840867435,0.5015329211223502,0.521341331289298,True,True,True
0.5,0.24833333333333332,0.4816666666666667,0.7858333333333334,0.9491666666666667,0.30036366860394925,0.3729347073623763,0.4523574442297161,0.4942368007372776,True,True,True
0.5,0.26666666666666666,0.52,0.7933333333333333,0.935,0.3076828234224282,0.3803200082390479,0.47350474831300715,0.504571575396487,True,True,True
0.5,0.21583333333333332,0.4058333333333333,0.8516666666666667,0.9766666666666667,0.25906116997831724,0.3324935763971688,0.4570249602881349,0.4940637192160648,True,True,True
0.5,0.36833333333333335,0.6033333333333334,0.9016666666666666,0.9925,0.34915613285958536,0.4198887650472973,0.5051065604790159,0.5250563050462511,True,True,True
0.5,0.2325,0.43416666666666665,0.875,0.9875,0.28293239743695664,0.35517348578945657,0.4680609080374524,0.5016081609750864,True,True,True
0.5,0.175,0.38416666666666666,0.7658333333333334,0.9108333333333334,0.23938094100332383,0.32699028047658835,0.4347967237999063,0.4800444495936002,True,True,True
0.5,0.2841666666666667,0.4866666666666667,0.895,0.9958333333333333,0.3047059583599321,0.37252279084033935,0.47581475495953107,0.5082273911968184,True,True,True
0.5,0.16833333333333333,0.3525,0.7416666666666667,0.8725,0.28707142513480566,0.3664686175022802,0.47744253873639136,0.5006380976168424,True,True,True
0.5,0.29083333333333333,0.5008333333333334,0.8983333333333333,0.995,0.30868052384930605,0.37957171320862426,0.4861729979117191,0.5157355192381241,True,True,True
0.5,0.32083333333333336,0.5408333333333334,0.8858333333333334,0.9783333333333334,0.34717259996411726,0.41274948183366333,0.5057045360588707,0.5206917694410661,True,True,True
0.5,0.18666666666666668,0.3908333333333333,0.7766666666666666,0.9025,0.3054221002277164,0.37643221692360485,0.47627090667585387,0.498391325436055,True,True,True
0.5,0.2975,0.5366666666666666,0.8733333333333333,0.9841666666666666,0.32486624745921333,0.395795487871411,0.49358182883431906,0.5202449625941448,True,True,True
0.5,0.2025,0.41,0.7758333333333334,0.9,0.2999978775255192,0.37413189010535186,0.485079266883066,0.5044909716674573,True,True,True
0.5,0.23833333333333334,0.45916666666666667,0.8091666666666667,0.9583333333333334,0.2779277435955437,0.3651342294442038,0.47270139314737775,0.5085086503731809,True,True,True
0.5,0.3541666666666667,0.5866666666666667,0.9033333333333333,0.9958333333333333,0.3534581818502747,0.4205870218737778,0.5214063210656885,0.5364231594972904,True,True,True
0.5,0.345,0.5891666666666666,0.8908333333333334,0.9858333333333333,0.3620648648057824,0.4248118406413661,0.5202362098703096,0.5330232832052255,True,True,True
0.5,0.31916666666666665,0.5691666666666667,0.8525,0.9725,0.3491546480185394,0.4096956158491206,0.5008303550816827,0.522032442231191,True,True,True
0.5,0.27666666666666667,0.5408333333333334,0.7816666666666666,0.9183333333333333,0.3344951686777348,0.4039246986024997,0.4916163721037398,0.5141098226579459,True,True,True
0.5,0.3383333333333333,0.5958333333333333,0.8666666666666667,0.9791666666666666,0.3642799964509931,0.4258877316678341,0.5089383195965793,0.5276652783694578,True,True,True
0.5,0.2791666666666667,0.5233333333333333,0.8108333333333333,0.9491666666666667,0.3229575118564797,0.3967044271916445,0.49269619255823804,0.5180427359016103,True,True,True
0.5,0.2775,0.5075,0.8408333333333333,0.9741666666666666,0.3229638420235896,0.38707014247698945,0.485060353990287,0.5114727368722217,True,True,True
0.5,0.29583333333333334,0.5133333333333333,0.9016666666666666,0.995,0.30114873924058627,0.3830356963933896,0.495935963769185,0.5228155734442028,True,True,True
0.5,0.19916666666666666,0.43416666666666665,0.765,0.9175,0.26177983225685686,0.3500463142643352,0.46540306533356113,0.4974194070491518,True,True,True
0.5,0.21,0.44583333333333336,0.7525,0.8983333333333333,0.2651528927112833,0.35370900556327384,0.4606507197022513,0.49518986174559265,True,True,True
0.5,0.26416666666666666,0.5108333333333334,0.8483333333333334,0.97,0.344359077564822,0.415941315712734,0.5210410074818445,0.5327814044853646,True,True,True
0.5,0.305,0.5791666666666667,0.81,0.9416666666666667,0.372697678349059,0.4349655955911136,0.5164036354019311,0.5327447268249941,True,True,True
0.5,0.37916666666666665,0.605,0.9166666666666666,0.9975,0.3589392995965299,0.429289034899481,0.5273502489203982,0.5397226591425681,True,True,True
0.5,0.3175,0.5375,0.9108333333333334,0.9966666666666667,0.3399172472318463,0.4054766918841116,0.49586845273048785,0.5221113691132389,True,True,True
0.5,0.31416666666666665,0.5475,0.8858333333333334,0.9883333333333333,0.3447958417105783,0.407055713208822,0.5087060239130146,0.5269549386604507,True,True,True
0.5,0.31416666666666665,0.5925,0.8291666666666667,0.9516666666666667,0.3428915607327848,0.4123637418693809,0.49980010306385536,0.5213395518846172,True,True,True
0.5,0.24833333333333332,0.4825,0.79,0.9333333333333333,0.2922554972670557,0.38150609496911947,0.48403857922285454,0.5136381399250897,True,True,True
0.5,0.21583333333333332,0.4658333333333333,0.7783333333333333,0.925,0.29909586832388096,0.3766746344522525,0.48025962284100987,0.5089336633934319,True,True,True
0.5,0.32166666666666666,0.5491666666666667,0.9,0.9966666666666667,0.34153989572723154,0.4075362231754329,0.49280731527996946,0.5212974128002813,True,True,True
0.5,0.3333333333333333,0.5425,0.91,0.995,0.33789015817523727,0.40647979210735274,0.5097574887898539,0.5281095221070281,True,True,True
0.5,0.2825,0.5341666666666667,0.8291666666666667,0.9608333333333333,0.30910915201871236,0.38746348315482876,0.48023626693675375,0.5106719721058348,True,True,True
0.5,0.20333333333333334,0.44333333333333336,0.7816666666666666,0.915,0.29723772115086666,0.38031423210993026,0.4963497328719757,0.5177593328774441,True,True,True
0.5,0.30916666666666665,0.5916666666666667,0.8208333333333333,0.9541666666666667,0.3751346759707674,0.44159137396901305,0.5303126146115666,0.5391578522552226,True,True,True
0.5,0.23833333333333334,0.4625,0.8025,0.9575,0.28048744691234856,0.364601112917788,0.46197546067240125,0.5001169645891895,True,True,True
0.5,0.32,0.55,0.8983333333333333,0.9891666666666666,0.32483489586940406,0.3940341693504951,0.49113597425477046,0.5173405862604041,True,True,True
0.5,0.2775,0.5275,0.8325,0.9658333333333333,0.3187627854197387,0.3862988867764124,0.4888870480463288,0.5139366123832172,True,True,True
0.5,0.2325,0.4241666666666667,0.875,0.9775,0.2943294048648397,0.36182738671664866,0.4812994610378186,0.5074967373458074,True,True,True
0.5,0.24333333333333335,0.49666666666666665,0.7675,0.9233333333333333,0.3164168965627611,0.39051664829347016,0.48277332940368173,0.5139008134349026,True,True,True
0.5,0.2758333333333333,0.5058333333333334,0.88,0.9908333333333333,0.31205431622191615,0.3926447380682982,0.4932565546645625,0.5177787433086923,True,True,True
0.5,0.28833333333333333,0.49666666666666665,0.8808333333333334,0.9858333333333333,0.3186274772823706,0.3879144051321966,0.4997101714478411,0.5221389290144248,True,True,True
0.5,0.2525,0.47833333333333333,0.8016666666666666,0.9566666666666667,0.31012865202651607,0.3863165968539306,0.46547887658203135,0.5027264803903083,True,True,True
0.5,0.17333333333333334,0.37166666666666665,0.785,0.9191666666666667,0.2644163502990384,0.3451601987226122,0.459162857135855,0.49172732339583747,True,True,True
0.5,0.31333333333333335,0.5825,0.8391666666666666,0.9583333333333334,0.33888038625370853,0.40666976853499176,0.49706387183111994,0.5209030263923944,True,True,True
0.5,0.12833333333333333,0.3016666666666667,0.7075,0.8583333333333333,0.2278577960924881,0.3102148077177388,0.4261424826618108,0.4702959043690977,True,True,True
0.5,0.175,0.39916666666666667,0.7216666666666667,0.8858333333333334,0.24833730044673924,0.3284755617376103,0.42914819058018006,0.47074715606818285,True,True,True
0.5,0.18333333333333332,0.4075,0.7125,0.8725,0.2490539981318869,0.33373797722215637,0.4286514681191424,0.47224896945556577,True,True,True
0.5,0.3475,0.555,0.9183333333333333,0.9975,0.33693063982964366,0.40359877742674083,0.5077845412288066,0.5279526478168636,True,True,True
0.5,0.3283333333333333,0.5416666666666666,0.9158333333333334,0.9983333333333333,0.34943132463488286,0.41273571470322357,0.5119107990350589,0.5247113289464782,True,True,True
0.5,0.21333333333333335,0.41333333333333333,0.8458333333333333,0.9941666666666666,0.27469949492287926,0.34713838732991603,0.4596989682706529,0.4987473675320521,True,True,True
0.5,0.25083333333333335,0.5058333333333334,0.7825,0.93,0.31218922175855485,0.3931373539237341,0.4883930449403197,0.5177987626809633,True,True,True
0.5,0.195,0.4216666666666667,0.77,0.9116666666666666,0.27128517417391873,0.35932767270328714,0.4752612079736477,0.5047136981165692,True,True,True
0.5,0.24583333333333332,0.44416666666666665,0.8358333333333333,0.9816666666666667,0.2817888094606554,0.35475472441590766,0.45624791528080105,0.4960773049502253,True,True,True
0.5,0.22833333333333333,0.4558333333333333,0.8033333333333333,0.9558333333333333,0.2669465099936176,0.3568090794490382,0.4571465820555944,0.5017438258890857,True,True,True
0.5,0.27,0.5141666666666667,0.8283333333333334,0.955,0.32043825928322717,0.40008696937760924,0.49536063182804,0.5175813364805584,True,True,True
0.5,0.25166666666666665,0.44,0.8775,0.9891666666666666,0.28439908728182495,0.35183782022024906,0.4792620594769037,0.5047994113296012,True,True,True
0.5,0.2758333333333333,0.5408333333333334,0.79,0.9258333333333333,0.31574791009650544,0.39800704276968113,0.4950272379305417,0.5200699551275098,True,True,True
0.5,0.1475,0.36083333333333334,0.6683333333333333,0.8675,0.21892458726263556,0.3101964382209291,0.39068231061742764,0.4515996084092727,True,True,True
0.5,0.18333333333333332,0.40166666666666667,0.7083333333333334,0.8525,0.2694278083010032,0.35616180482973975,0.45796046897939763,0.4892973259698679,True,True,True
0.5,0.3175,0.5475,0.8958333333333334,0.9908333333333333,0.35536697341145196,0.4223122565865207,0.5210121372641409,0.5339819088471338,True,True,True
0.5,0.22833333333333333,0.4266666666666667,0.8658333333333333,0.9983333333333333,0.28685066094570916,0.35480029180398487,0.4608375088668106,0.4999051933196382,True,True,True
0.5,0.25583333333333336,0.4725,0.82,0.9641666666666666,0.27855677085747244,0.3634403890450545,0.46589327555478044,0.5027319828722279,True,True,True
0.5,0.30666666666666664,0.5691666666666667,0.83,0.9558333333333333,0.3365017261517198,0.4123590707587128,0.5142636355822715,0.5314667491786497,True,True,True
0.5,0.32083333333333336,0.545,0.8941666666666667,0.9916666666666667,0.3206457297267625,0.40213770096369816,0.4998637041734524,0.5239936653688602,True,True,True
0.5,0.27416666666666667,0.455,0.8908333333333334,0.9933333333333333,0.2979907792483234,0.36095065746465327,0.4721159046181855,0.5009328936066301,True,True,True
0.5,0.19583333333333333,0.42833333333333334,0.7583333333333333,0.9058333333333334,0.24732261210729187,0.3389388657765396,0.4522884606803237,0.49242535938713794,True,True,True
0.5,0.21333333333333335,0.4008333333333333,0.845,0.9566666666666667,0.31195368241613813,0.38070202217678106,0.49372136938838934,0.5111484303287026,True,True,True
0.5,0.25333333333333335,0.4741666666666667,0.8125,0.9441666666666667,0.31216269738347086,0.38614547467537846,0.4757732985518792,0.5007017602536972,True,True,True
0.5,0.2683333333333333,0.47583333333333333,0.8666666666666667,0.9958333333333333,0.2972260890711723,0.36783662321046995,0.4581786068755923,0.49982050449416077,True,True,True
0.5,0.26916666666666667,0.5066666666666667,0.86,0.9666666666666667,0.3552160233986859,0.42317858594337826,0.5270598378683681,0.5351955310467502,True,True,True
0.5,0.21916666666666668,0.4691666666666667,0.7541666666666667,0.9,0.2903732624097048,0.37240748872046014,0.48125859327842446,0.5063407142325616,True,True,True
0.5,0.20666666666666667,0.4475,0.745,0.9233333333333333,0.2668923335655754,0.3540684540537344,0.44841293318148795,0.4968854677318181,True,True,True
0.5,0.255,0.455,0.8475,0.9791666666666666,0.29280450002543706,0.36283768837759317,0.46948341998765347,0.5031241368509141,True,True,True
0.5,0.27166666666666667,0.5266666666666666,0.8175,0.955,0.30694829107451954,0.38847937592257775,0.4808568026266883,0.512092543726065,True,True,True
0.5,0.23,0.43916666666666665,0.8466666666666667,0.9725,0.2934791905674892,0.36469834730998635,0.4736831635754826,0.5049440735824755,True,True,True
0.5,0.2758333333333333,0.52,0.8475,0.9791666666666666,0.30607347117932576,0.38695788177339757,0.4717178128591818,0.5097365132624819,True,True,True
0.5,0.21333333333333335,0.385,0.845,0.9608333333333333,0.2661201041555736,0.3376394161722301,0.4575128594748867,0.4908022640458235,True,True,True
0.5,0.2916666666666667,0.49916666666666665,0.9258333333333333,0.9983333333333333,0.3378902218298292,0.4054153458576125,0.5245968423835676,0.5375215183649746,True,True,True
0.5,0.2708333333333333,0.54,0.7658333333333334,0.9166666666666666,0.3175530709421739,0.3929413534808953,0.48745726691708313,0.5120090621917464,True,True,True
0.5,0.22833333333333333,0.43083333333333335,0.8791666666666667,0.9966666666666667,0.28354652371080047,0.35406060027200104,0.46097281475903645,0.49808215534137484,True,True,True
0.5,0.31166666666666665,0.5858333333333333,0.8458333333333333,0.9675,0.3604982733752552,0.43796904129773906,0.533507915459612,0.5425439702046565,True,True,True
0.5,0.18333333333333332,0.4025,0.7483333333333333,0.9033333333333333,0.25056814038322384,0.3328245036764877,0.4437007673702929,0.48289745616933916,True,True,True
0.5,0.33416666666666667,0.5808333333333333,0.8825,0.9875,0.34426398308178274,0.4225999964215703,0.5114532221015964,0.5332401198666833,True,True,True
0.5,0.145,0.3333333333333333,0.7158333333333333,0.895,0.21828439958013865,0.2967326234042791,0.4057894077760867,0.45804172086803874,True,True,True
0.5,0.2866666666666667,0.555,0.8016666666666666,0.9308333333333333,0.36295400741958955,0.42965998205777806,0.5176364226503137,0.5320822523791349,True,True,True
0.5,0.15833333333333333,0.3591666666666667,0.6975,0.8575,0.24045493422830755,0.3218080681922141,0.4180309418913691,0.46398294471037616,True,True,True
0.5,0.28,0.5533333333333333,0.7791666666666667,0.92,0.31201870542590854,0.4014231131915682,0.49417326946536605,0.5217674099947999,True,True,True
0.5,0.2816666666666667,0.5666666666666667,0.7966666666666666,0.9341666666666667,0.33355146939543856,0.4120848963542341,0.5082842023325445,0.5267292553727239,True,True,True
0.5,0.24333333333333335,0.4558333333333333,0.82,0.9583333333333334,0.28892718848654725,0.36825124633970674,0.48082407309843905,0.5136984284179797,True,True,True
0.5,0.2808333333333333,0.5266666666666666,0.8216666666666667,0.96,0.30477919182823904,0.37744128173930863,0.4712891368885629,0.5005060125854075,True,True,True
0.5,0.30833333333333335,0.5566666666666666,0.8591666666666666,0.9716666666666667,0.3545555513750484,0.41971496272946823,0.5054905285346858,0.5275315082319736,True,True,True
0.5,0.18166666666666667,0.425,0.75,0.8983333333333333,0.24934130863854473,0.34548020293374987,0.4554802836121356,0.4944596900745152,True,True,True
0.5,0.26166666666666666,0.5033333333333333,0.8225,0.9541666666666667,0.3168245370949949,0.39862846552959474,0.5033324787535792,0.5228155939466248,True,True,True
0.5,0.2891666666666667,0.5408333333333334,0.8433333333333334,0.9733333333333334,0.3287799537472997,0.3991864209450049,0.49394142700826743,0.5184776280617198,True,True,True
0.5,0.19,0.3958333333333333,0.7925,0.9358333333333333,0.25862426779775705,0.332729656562124,0.45502703568167807,0.4884375351813825,True,True,True
0.5,0.295,0.5675,0.8191666666666667,0.9466666666666667,0.3477389845694123,0.4182465789479017,0.5098458534523885,0.5285894952004975,True,True,True
0.5,0.2633333333333333,0.48333333333333334,0.8241666666666667,0.9891666666666666,0.3132172445190621,0.37619517632043675,0.45588463073709673,0.49679988826274707,True,True,True
0.5,0.195,0.3958333333333333,0.78,0.9083333333333333,0.3274536105318552,0.39880173680922093,0.4988339901635328,0.5126562490011115,True,True,True
0.5,0.2075,0.4508333333333333,0.7816666666666666,0.9241666666666667,0.31385241645997475,0.39219808287113656,0.4955672854670064,0.5142341210180051,True,True,True
0.5,0.35333333333333333,0.5716666666666667,0.9216666666666666,0.9966666666666667,0.3529378772810403,0.4209461770080826,0.5276557014832033,0.5396205152003952,True,True,True
0.5,0.2808333333333333,0.54,0.8291666666666667,0.9683333333333334,0.3134341500918927,0.40121713796722286,0.5055146287530876,0.5269770188506697,True,True,True
0.5,0.25916666666666666,0.5008333333333334,0.8358333333333333,0.975,0.28817088118935663,0.37545032927417077,0.4749203655976237,0.5106037881873307,True,True,True
0.5,0.305,0.5775,0.8358333333333333,0.97,0.3360011488408091,0.4101497273760152,0.5017035576344311,0.5243146030968948,True,True,True
0.5,0.22666666666666666,0.4683333333333333,0.8083333333333333,0.9441666666666667,0.2841974824581512,0.37071527238303387,0.47366585133639677,0.5052462198076708,True,True,True
0.5,0.15833333333333333,0.3566666666666667,0.7425,0.8875,0.23875052677727113,0.3134139239672049,0.43121258490463643,0.4714594075042363,True,True,True
0.5,0.31416666666666665,0.5391666666666667,0.8908333333333334,0.9933333333333333,0.35535180614873935,0.41278997977463283,0.4981146909077259,0.5215514570122882,True,True,True
0.5,0.23833333333333334,0.43666666666666665,0.8958333333333334,0.99,0.2877779646746355,0.3598068693973037,0.47169169719950466,0.5006538171980242,True,True,True
0.5,0.25833333333333336,0.5141666666666667,0.7925,0.9441666666666667,0.31930123483627953,0.3869643709778512,0.46778235713018534,0.5011899356839531,True,True,True
0.5,0.315,0.5166666666666667,0.8975,0.9966666666666667,0.336121234347726,0.39528902760374485,0.49559658891893654,0.5186533480339789,True,True,True
0.5,0.18416666666666667,0.4075,0.7333333333333333,0.8858333333333334,0.2826632866622256,0.368106683897239,0.47417674847694274,0.4990246873790205,True,True,True
0.5,0.2125,0.4058333333333333,0.8458333333333333,0.9783333333333334,0.2680360442650288,0.3416949231131731,0.457419527417643,0.4951614461013264,True,True,True
0.5,0.23583333333333334,0.47333333333333333,0.7916666666666666,0.9366666666666666,0.29384412318184205,0.36898581082139476,0.46615206260229003,0.5021138302454117,True,True,True
0.5,0.21416666666666667,0.44666666666666666,0.79,0.95,0.2720731226562674,0.3537313577197488,0.4524304502659331,0.49533151334031716,True,True,True
0.5,0.22916666666666666,0.4825,0.7733333333333333,0.9141666666666667,0.28489702796396577,0.36738627412272784,0.4700526099768856,0.5038040012546462,True,True,True
0.5,0.2833333333333333,0.5508333333333333,0.7916666666666666,0.9291666666666667,0.33338958225405374,0.41421982772938876,0.5175783935669199,0.5331969529129061,True,True,True
0.5,0.21333333333333335,0.42,0.7741666666666667,0.9925,0.29627223468726993,0.36020709937048445,0.44671374955952825,0.4937228209619783,True,True,True
0.5,0.2775,0.5325,0.7958333333333333,0.9316666666666666,0.32755065981972703,0.4008671855699368,0.48786401877478236,0.5153865493227624,True,True,True
0.5,0.25083333333333335,0.49083333333333334,0.7791666666666667,0.9358333333333333,0.31322980611720047,0.37828411606191775,0.464896778081297,0.50050055524467,True,True,True
0.5,0.20833333333333334,0.44583333333333336,0.7266666666666667,0.8841666666666667,0.2753730341772336,0.3584012760022561,0.4563521388559844,0.4929924085450281,True,True,True
0.5,0.2758333333333333,0.5558333333333333,0.795,0.9308333333333333,0.31631321053064637,0.3954666804903149,0.48814830309310603,0.5148052348841248,True,True,True
0.5,0.30666666666666664,0.5641666666666667,0.8466666666666667,0.9725,0.3422687756738197,0.41374570463465055,0.5140878061774325,0.532108822152284,True,True,True
0.5,0.26,0.5358333333333334,0.7566666666666667,0.8941666666666667,0.3087442540284695,0.3910226229422712,0.4927206946141414,0.5149851470196345,True,True,True
0.5,0.245,0.455,0.8241666666666667,0.9641666666666666,0.28157085750702887,0.36301345082717434,0.471053470067745,0.5038213976735215,True,True,True
0.5,0.24333333333333335,0.45,0.8625,0.9725,0.3169044754849562,0.3862093097114028,0.5089307115323956,0.5213361072154193,True,True,True
0.5,0.28833333333333333,0.5733333333333334,0.7925,0.9291666666666667,0.3480085420856834,0.42674910231565416,0.5147685619855723,0.5297711770362515,True,True,True
0.5,0.26166666666666666,0.5333333333333333,0.7741666666666667,0.9116666666666666,0.3190763777285891,0.39699465375685283,0.494193031396991,0.5170221839169572,True,True,True
0.5,0.2808333333333333,0.5258333333333334,0.8275,0.9725,0.33047502546231194,0.3949339412109928,0.46894675738385055,0.5057169947634514,True,True,True
0.5,0.25666666666666665,0.46,0.8891666666666667,0.9891666666666666,0.31315606284633873,0.38192627904952137,0.5075519919094895,0.5226977892108218,True,True,True
0.5,0.27666666666666667,0.5508333333333333,0.7866666666666666,0.9258333333333333,0.32661316961059556,0.39642855941739885,0.49076794294784293,0.516004750143291,True,True,True
0.5,0.3525,0.5991666666666666,0.8883333333333333,0.9858333333333333,0.3625464876357637,0.41484315547317563,0.49814950468736496,0.519394732792865,True,True,True
0.5,0.29833333333333334,0.5466666666666666,0.8316666666666667,0.9616666666666667,0.3241325227105363,0.3980454668195081,0.5021433554431852,0.5238223485055216,True,True,True
0.5,0.31166666666666665,0.5741666666666667,0.84,0.9666666666666667,0.32963515039563035,0.39735602337078046,0.4886273874551367,0.5155454706112067,True,True,True
0.5,0.22416666666666665,0.4375,0.8308333333333333,0.9666666666666667,0.2894655889072458,0.36577229743095774,0.4762249697982359,0.5067471770182161,True,True,True
0.5,0.21333333333333335,0.4425,0.7833333333333333,0.9308333333333333,0.2728846069922433,0.36234565414795006,0.47565221463933416,0.5068150665379273,True,True,True
0.5,0.23166666666666666,0.43916666666666665,0.87,0.9908333333333333,0.2788713915855244,0.34980565438962835,0.4564915072194882,0.49334167793498646,True,True,True
0.5,0.235,0.4575,0.8358333333333333,0.9633333333333334,0.2853476111699599,0.361945908071762,0.46734430066006877,0.4985091005173145,True,True,True
0.5,0.1575,0.3433333333333333,0.7241666666666666,0.8641666666666666,0.28920468198011934,0.36106018448650845,0.46072632539735014,0.4883311494931402,True,True,True
0.5,0.23416666666666666,0.47583333333333333,0.7558333333333334,0.905,0.27813137671653715,0.3655372688740984,0.4689860446040858,0.5032071258242611,True,True,True
0.5,0.3275,0.5533333333333333,0.8975,0.9933333333333333,0.32683185336451986,0.40454692140855136,0.5018699539315989,0.5254531868953514,True,True,True
0.5,0.2875,0.5516666666666666,0.7975,0.9391666666666667,0.32660149789689336,0.40665454121132505,0.4907139283134571,0.516441895180594,True,True,True
0.5,0.31333333333333335,0.5525,0.8666666666666667,0.9808333333333333,0.3294399486119997,0.40032338577438703,0.4968543765093299,0.5199137996911604,True,True,True
0.5,0.29833333333333334,0.5533333333333333,0.8316666666666667,0.9666666666666667,0.3277370750352049,0.39719928413806266,0.48393975137545625,0.511785893818946,True,True,True
0.5,0.20166666666666666,0.45,0.7433333333333333,0.8975,0.2857979110365065,0.3696153831222075,0.4718065876547175,0.5045502850999969,True,True,True
0.5,0.1675,0.3908333333333333,0.7116666666666667,0.8758333333333334,0.23712215298535477,0.32845164329537496,0.43680678220260283,0.4812857262485725,True,True,True
0.5,0.2658333333333333,0.5233333333333333,0.8,0.9408333333333333,0.3141897571206896,0.3927036796802219,0.47958708237129666,0.5131221829828754,True,True,True
0.5,0.305,0.5466666666666666,0.8691666666666666,0.9766666666666667,0.3346497985399642,0.4122355903304216,0.5210401294421394,0.5359239485535138,True,True,True
0.5,0.2025,0.4091666666666667,0.7966666666666666,0.9275,0.2822430889528874,0.360227930904174,0.4914789981866565,0.5099191416597116,True,True,True
0.5,0.2075,0.43416666666666665,0.8025,0.95,0.28230571478991345,0.3622641759023177,0.47059943494287004,0.5063246645209942,True,True,True
0.5,0.16583333333333333,0.3775,0.7308333333333333,0.94,0.2415447972760655,0.3318876342352569,0.42938756829021796,0.48385980183418564,True,True,True
0.5,0.2708333333333333,0.5283333333333333,0.795,0.935,0.31653758069389204,0.3921555277218404,0.4834872091310466,0.5114282182780259,True,True,True
0.5,0.20083333333333334,0.4225,0.7608333333333334,0.9108333333333334,0.2754702488581241,0.35227670856690785,0.4598215836742491,0.4905153012266401,True,True,True
0.5,0.2658333333333333,0.5358333333333334,0.7583333333333333,0.9,0.33788080985768926,0.41710708282500986,0.5028704456505807,0.526078249727975,True,True,True
0.5,0.3233333333333333,0.58,0.8475,0.9716666666666667,0.3685306314743304,0.42117538846726804,0.49549237554253334,0.5179146630747586,True,True,True
0.5,0.2475,0.485,0.8283333333333334,0.9658333333333333,0.29478672239888415,0.3799273017961026,0.47597037503346057,0.506393997598536,True,True,True
0.5,0.26416666666666666,0.5166666666666667,0.805,0.945,0.3207412392565677,0.39594068810945654,0.5025050346937849,0.5243849638316331,True,True,True
0.5,0.25333333333333335,0.4683333333333333,0.9175,0.9991666666666666,0.30600596942825903,0.37806370668241956,0.49237891562307,0.5166951326372572,True,True,True
0.5,0.34833333333333333,0.5616666666666666,0.9191666666666667,1.0,0.3456922180379313,0.408468750777399,0.500111983167275,0.5246052625343687,True,True,True
0.5,0.2791666666666667,0.5475,0.7858333333333334,0.9208333333333333,0.3589420493964067,0.43024066264380895,0.5254654769127398,0.5378491364443128,True,True,True
0.5,0.30916666666666665,0.5116666666666667,0.8966666666666666,0.9958333333333333,0.3199793222601483,0.3858994255899487,0.49071973760482857,0.5178941875336793,True,True,True
0.5,0.37666666666666665,0.6116666666666667,0.915,0.9958333333333333,0.382834152293156,0.442402655062005,0.5258605017098762,0.5398478271409279,True,True,True
0.5,0.24833333333333332,0.5141666666666667,0.7625,0.9066666666666666,0.3168713327065051,0.3795972317908003,0.4675678992674539,0.5016236409561083,True,True,True
0.5,0.19416666666666665,0.415,0.7458333333333333,0.8883333333333333,0.2826018229021435,0.3590543658954337,0.47143032130664203,0.4957354524017874,True,True,True
0.5,0.2875,0.5325,0.8691666666666666,0.9791666666666666,0.3246596359583257,0.4079943392575759,0.5134337320120802,0.53136301471705,True,True,True
0.5,0.2025,0.4375,0.7208333333333333,0.8683333333333333,0.2616657168803383,0.3427042537683019,0.43812910910228736,0.47731144561080624,True,True,True
0.5,0.24,0.4575,0.8366666666666667,0.9675,0.2830703366904009,0.36226030466196113,0.4735950281821538,0.5043590004201145,True,True,True
0.5,0.2525,0.4625,0.8933333333333333,0.9983333333333333,0.2928679954105554,0.3722324121024622,0.4870820981552015,0.5170975683090866,True,True,True
0.5,0.2633333333333333,0.5316666666666666,0.79,0.9241666666666667,0.308915996862494,0.39414643189044857,0.4989398053756013,0.523007543135284,True,True,True
0.5,0.2975,0.5666666666666667,0.8316666666666667,0.9633333333333334,0.340701620083203,0.41254425242281545,0.5078437411620071,0.5245230392503384,True,True,True
0.5,0.2975,0.5691666666666667,0.8033333333333333,0.9333333333333333,0.3509464490183096,0.4163410262510368,0.4999250983527751,0.5213874648110332,True,True,True
0.5,0.3383333333333333,0.5708333333333333,0.9075,0.9958333333333333,0.3438438173027267,0.4123834773257238,0.5089875676109891,0.5267134260302055,True,True,True
0.5,0.25,0.505,0.7916666666666666,0.93,0.3104538537282064,0.3870795528634409,0.48206705407319683,0.5073671833626143,True,True,True
0.5,0.2475,0.44,0.8575,0.9783333333333334,0.2940882987326009,0.3593622947635133,0.46468195059518574,0.49574407310642377,True,True,True
0.5,0.3025,0.54,0.8533333333333334,0.9825,0.32133768819774255,0.39003218513075305,0.47473767893828817,0.5085146090529085,True,True,True
0.5,0.23666666666666666,0.49166666666666664,0.7633333333333333,0.9166666666666666,0.27775818147735154,0.3603794176252726,0.45069260120702126,0.4918827094639992,True,True,True
0.5,0.30083333333333334,0.5433333333333333,0.85,0.97,0.3206771284340406,0.3890045215017239,0.48705904848095904,0.5118117366094597,True,True,True
0.5,0.21916666666666668,0.4691666666666667,0.8166666666666667,0.9516666666666667,0.3039162028098596,0.3878783251428635,0.501175482467316,0.523870335724266,True,True,True
0.5,0.23833333333333334,0.4683333333333333,0.7891666666666667,0.9391666666666667,0.29740242332884814,0.3748541025537332,0.4657220904470783,0.5035060900030527,True,True,True
0.5,0.23166666666666666,0.4633333333333333,0.7916666666666666,0.9425,0.279109276762537,0.3623441056708253,0.4682931083368998,0.5019543368573489,True,True,True
0.5,0.36583333333333334,0.6058333333333333,0.9075,0.9933333333333333,0.3775840005150727,0.4344837080307313,0.5311839429898747,0.54045228372877,True,True,True
0.5,0.19166666666666668,0.4166666666666667,0.7366666666666667,0.8841666666666667,0.27491933222873033,0.3504489729870029,0.44383979912136645,0.4785222990552482,True,True,True
0.5,0.3491666666666667,0.5683333333333334,0.9191666666666667,0.9966666666666667,0.3609327294537774,0.424875665201313,0.5304500770571308,0.5389192397650929,True,True,True
0.5,0.155,0.37,0.735,0.9116666666666666,0.23115965715478864,0.3177621387741565,0.4332033870951106,0.4795771985024905,True,True,True
0.5,0.17333333333333334,0.385,0.7216666666666667,0.8925,0.23870094110804785,0.3150716475230006,0.4273955941678028,0.4715753088670712,True,True,True
0.5,0.18083333333333335,0.4075,0.7483333333333333,0.905,0.24114716523056723,0.3350815914995338,0.4416106377215195,0.48740577314500855,True,True,True
0.5,0.3125,0.5275,0.9083333333333333,0.9966666666666667,0.3258717802032295,0.39810983124326393,0.5056621895853385,0.5273458026859199,True,True,True
0.5,0.2891666666666667,0.5525,0.815,0.9533333333333334,0.33612284415538674,0.41324944502803795,0.5047724515401791,0.5259799123532773,True,True,True
0.5,0.31,0.5725,0.8316666666666667,0.9675,0.3436049058295069,0.41440453298194196,0.49284323893603205,0.5175132582336808,True,True,True
0.5,0.28833333333333333,0.5733333333333334,0.8033333333333333,0.9375,0.34146116708267304,0.41904770705843875,0.5075218141468212,0.5257976108802227,True,True,True
0.5,0.30583333333333335,0.5408333333333334,0.8708333333333333,0.9816666666666667,0.32234643662451956,0.40587228046057966,0.5129240258893297,0.5337084875154617,True,True,True
0.5,0.2816666666666667,0.5133333333333333,0.8391666666666666,0.9666666666666667,0.3138521981438935,0.3939529425280902,0.4969673810368918,0.5204213043950291,True,True,True
0.5,0.26916666666666667,0.5491666666666667,0.7733333333333333,0.9133333333333333,0.3413662229193772,0.41513502809612535,0.49648191904327965,0.5210260455713501,True,True,True
0.5,0.29,0.5533333333333333,0.825,0.955,0.3527497097086718,0.4203169565441808,0.5075814385438117,0.5279866754105726,True,True,True
0.5,0.26,0.48,0.7991666666666667,0.9366666666666666,0.2977212884663993,0.3703074452496328,0.47094127458177876,0.5007094276570486,True,True,True
0.5,0.27416666666666667,0.5283333333333333,0.81,0.9533333333333334,0.3147830577772956,0.392029753275843,0.4846280676927911,0.5165758444368564,True,True,True
0.5,0.2608333333333333,0.4841666666666667,0.8433333333333334,0.9725,0.29861208204604867,0.3804200243524933,0.4958194959829502,0.5195962878687167,True,True,True
0.5,0.30416666666666664,0.5958333333333333,0.8033333333333333,0.94,0.3530161565510057,0.43056991049260585,0.5285392185863361,0.5404001838388457,True,True,True
0.5,0.24833333333333332,0.5066666666666667,0.7925,0.9341666666666667,0.2944573117104162,0.3755758454314038,0.47074304460684935,0.5073219259864907,True,True,True
0.5,0.27666666666666667,0.5483333333333333,0.7875,0.93,0.31887369579191766,0.409532639631262,0.4959835011917857,0.5215553693658334,True,True,True
0.5,0.3025,0.5391666666666667,0.8716666666666667,0.975,0.3364841714063033,0.4110669811517374,0.5195838323667612,0.5343298046865859,True,True,True
0.5,0.21833333333333332,0.4225,0.7808333333333334,0.97,0.28784272836417474,0.3614683769258038,0.44792572280966086,0.49298795162279646,True,True,True
0.5,0.2475,0.4675,0.8208333333333333,0.9425,0.28625589963335984,0.36287571912724276,0.48028506798558257,0.5044171016243371,True,True,True
0.5,0.25416666666666665,0.46416666666666667,0.8383333333333334,0.9758333333333333,0.28728218660332316,0.36100069554181735,0.45815944819831,0.4944507821649551,True,True,True
0.5,0.31333333333333335,0.5858333333333333,0.8133333333333334,0.94,0.3782145225379526,0.44086833656907276,0.5356867391343839,0.5432170863079949,True,True,True
0.5,0.2708333333333333,0.54,0.8091666666666667,0.945,0.3239158385342195,0.40646578487238716,0.5029401029408461,0.5264818371165116,True,True,True
0.5,0.17083333333333334,0.385,0.7441666666666666,0.9233333333333333,0.24327734970966414,0.325752343273588,0.42854776656775206,0.47803913840301465,True,True,True
0.5,0.2733333333333333,0.5091666666666667,0.86,0.9675,0.3219973740957121,0.3965398722078724,0.499661138435461,0.5215176070696137,True,True,True
0.5,0.285,0.5266666666666666,0.8375,0.975,0.3105831570409358,0.3871206164522642,0.4710428191371641,0.5066786695954117,True,True,True
0.5,0.32,0.5291666666666667,0.9041666666666667,0.9975,0.3316698245563546,0.3969757562927864,0.49400580871386174,0.5139494861961018,True,True,True
0.5,0.24916666666666668,0.48833333333333334,0.7858333333333334,0.9375,0.3082774453730293,0.3821463729424202,0.4743607271668127,0.5082700932992139,True,True,True
0.5,0.25166666666666665,0.455,0.8775,0.9916666666666667,0.29007173290625865,0.36647440634659684,0.4679818730496177,0.5036375936275107,True,True,True
0.5,0.16,0.36833333333333335,0.7175,0.865,0.26753886239100616,0.3450354597051723,0.4524486966945676,0.4835689857693438,True,True,True
0.5,0.17166666666666666,0.3566666666666667,0.7825,0.9383333333333334,0.2453094730639026,0.31909071216207924,0.44391374207246154,0.4825299469985767,True,True,True
0.5,0.17583333333333334,0.39,0.8041666666666667,0.9683333333333334,0.24342912615780085,0.33136986866287593,0.4441019426320839,0.49320777708478714,True,True,True
0.5,0.2625,0.4666666666666667,0.8758333333333334,0.9841666666666666,0.3176721333963023,0.3840219679364143,0.49585421054396495,0.5165793911001045,True,True,True
0.5,0.2725,0.4716666666666667,0.8666666666666667,0.9916666666666667,0.2926226442401392,0.360935054550118,0.4581028870441804,0.49639104724824334,True,True,True
0.5,0.22833333333333333,0.4508333333333333,0.8225,0.9558333333333333,0.29814040371065587,0.37365397790965843,0.49043887311897655,0.5142122738541177,True,True,True
0.5,0.21333333333333335,0.44583333333333336,0.8016666666666666,0.9441666666666667,0.30969335624790895,0.3855373476135164,0.49526683357251255,0.513885602943006,True,True,True
0.5,0.2775,0.4791666666666667,0.8908333333333334,0.9966666666666667,0.29338180247668627,0.36533766273723967,0.4723974704569879,0.5043947884518788,True,True,True
0.5,0.255,0.45916666666666667,0.8566666666666667,0.965,0.2916364768252569,0.3588772027653385,0.4658613073323296,0.49317803242363645,True,True,True
0.5,0.21583333333333332,0.43333333333333335,0.8008333333333333,0.9716666666666667,0.2572952939451179,0.3404926382073559,0.4388216906596569,0.48552393540853045,True,True,True
0.5,0.31833333333333336,0.5258333333333334,0.8908333333333334,0.9958333333333333,0.3377801577409654,0.3951551921323745,0.4874599506803919,0.5146530394265557,True,True,True
0.5,0.225,0.45916666666666667,0.8116666666666666,0.955,0.2795164523842629,0.36019305775764676,0.46728545378262654,0.5034855127483513,True,True,True
0.5,0.315,0.5591666666666667,0.8541666666666666,0.9691666666666666,0.331187231267074,0.4058120995406115,0.5097006786995241,0.5285034583811945,True,True,True
0.5,0.24583333333333332,0.44166666666666665,0.905,0.9958333333333333,0.30671995709629607,0.369098773678365,0.47744978981077185,0.5062765831161935,True,True,True
0.5,0.23916666666666667,0.435,0.8483333333333334,0.9941666666666666,0.29152147764649844,0.3589227663929146,0.45640612402100517,0.49618484313009326,True,True,True
0.5,0.24083333333333334,0.43833333333333335,0.8591666666666666,0.9716666666666667,0.2862520252588208,0.355438299846395,0.466111590273621,0.49314053922279605,True,True,True
0.5,0.24833333333333332,0.455,0.9083333333333333,0.9983333333333333,0.30079861047663886,0.37507664337999636,0.49342957330637127,0.5189723255205917,True,True,True
0.5,0.27416666666666667,0.49416666666666664,0.8591666666666666,0.9725,0.3333582732314414,0.3943234696035974,0.4844704482866538,0.5039188968641414,True,True,True
0.5,0.16916666666666666,0.36916666666666664,0.7616666666666667,0.91,0.23154629409952066,0.31455751478658095,0.4409374310134991,0.4813046020238204,True,True,True
0.5,0.18916666666666668,0.4025,0.7391666666666666,0.9225,0.2539059996697231,0.33234144661906695,0.42837574692480074,0.47629843130642996,True,True,True
0.5,0.25,0.49666666666666665,0.7833333333333333,0.9291666666666667,0.29637744908109054,0.37581847412103003,0.4790869926560213,0.5093969298034255,True,True,True
0.5,0.1975,0.3775,0.835,0.9766666666666667,0.27281103536757884,0.3403332964072862,0.45877137959755915,0.4942186095602954,True,True,True
0.5,0.2925,0.515,0.8808333333333334,0.9833333333333333,0.33051390832843963,0.3938400433064271,0.49191247762654655,0.5120215502546261,True,True,True
0.5,0.3358333333333333,0.555,0.9008333333333334,0.9958333333333333,0.3382349359777629,0.40026271031309857,0.495085172556449,0.5198765725627661,True,True,True
0.5,0.22416666666666665,0.4666666666666667,0.7866666666666666,0.9283333333333333,0.29618292293462156,0.37637037173531884,0.4768640606442088,0.506538683241132,True,True,True
0.5,0.1875,0.41833333333333333,0.765,0.91,0.2504402421830624,0.32763561555780285,0.44407534147387795,0.48347490213204947,True,True,True
0.5,0.29,0.5741666666666667,0.8125,0.9525,0.32986478702329664,0.41041091048533007,0.5024258531913562,0.5255276431319107,True,True,True
0.5,0.27666666666666667,0.5025,0.8941666666666667,0.9916666666666667,0.3063309502778013,0.3846913469792297,0.4973535880438822,0.5204833713295405,True,True,True
0.5,0.1825,0.38416666666666666,0.7558333333333334,0.9083333333333333,0.25572851500903876,0.33832258508373525,0.4386963592311194,0.4804421581065541,True,True,True
0.5,0.14,0.30666666666666664,0.7266666666666667,0.9825,0.23670251624040864,0.30979904916912643,0.42053949553031533,0.47438042681806775,True,True,True
0.5,0.2375,0.4666666666666667,0.8533333333333334,0.9641666666666666,0.30119075397083145,0.3755981733833653,0.48651843851079035,0.5135964384204715,True,True,True
0.5,0.19833333333333333,0.395,0.82,0.9866666666666667,0.2645894630312931,0.33981231378369764,0.44424515816779064,0.4892229553159677,True,True,True
0.5,0.25416666666666665,0.5016666666666667,0.7741666666666667,0.9208333333333333,0.30249135555245804,0.3793146476203433,0.46843031472808205,0.5019920062199693,True,True,True
0.5,0.16166666666666665,0.3675,0.7108333333333333,0.8783333333333333,0.2325419240614077,0.30661520035675616,0.41379895707229886,0.45995505237839673,True,True,True
0.5,0.21666666666666667,0.43583333333333335,0.8158333333333333,0.9441666666666667,0.28132026748814154,0.3638852660108946,0.47281573741999117,0.500224415214279,True,True,True
0.5,0.2625,0.4775,0.8916666666666667,0.9883333333333333,0.3065914563113584,0.38002473757168503,0.4919651755963622,0.5159866304377199,True,True,True
0.5,0.22833333333333333,0.4691666666666667,0.7641666666666667,0.9208333333333333,0.27906707575875217,0.354673106533887,0.4441148737366785,0.4861629022599463,True,True,True
0.5,0.36666666666666664,0.6033333333333334,0.8958333333333334,0.99,0.36672013439674317,0.4302585221135571,0.5262507833286896,0.53949144617116,True,True,True
0.5,0.29833333333333334,0.5725,0.8025,0.9316666666666666,0.36306486890588774,0.4294498703380125,0.5102397562347027,0.528080487505605,True,True,True
0.5,0.30083333333333334,0.5408333333333334,0.8625,0.9741666666666666,0.3521242880560516,0.41221977228172835,0.5089461668597072,0.5251539369261558,True,True,True
0.5,0.2816666666666667,0.4975,0.8741666666666666,0.9858333333333333,0.30660380522734415,0.38247388045960956,0.4918901060488608,0.520288230268486,True,True,True
0.5,0.28,0.5008333333333334,0.8591666666666666,0.9841666666666666,0.3057066006583105,0.3847208400640017,0.49031708699549476,0.5193120752817709,True,True,True
0.5,0.27666666666666667,0.47833333333333333,0.8791666666666667,0.9833333333333333,0.295931460007196,0.3734322121765044,0.48643792876560243,0.5112571414611362,True,True,True
0.5,0.22583333333333333,0.4766666666666667,0.7775,0.915,0.3014285620582682,0.3782050521367929,0.47997651862163776,0.5070265507533938,True,True,True
0.5,0.3425,0.5775,0.9016666666666666,0.9925,0.34938347868739716,0.4223007381419648,0.5167384365066786,0.5326474900709922,True,True,True
0.5,0.3283333333333333,0.5291666666666667,0.8975,1.0,0.33652068824719056,0.39790230912294966,0.4821675406321794,0.5133930724257991,True,True,True
0.5,0.30416666666666664,0.5758333333333333,0.8091666666666667,0.9483333333333334,0.3457954076391171,0.4151666393321361,0.49513204140884454,0.5183529876258879,True,True,True
0.5,0.36666666666666664,0.5908333333333333,0.9075,0.9958333333333333,0.3541884237693793,0.4182387569399587,0.5098567080188016,0.5284326499034582,True,True,True
0.5,0.24666666666666667,0.44666666666666666,0.8116666666666666,0.9916666666666667,0.2977709045576459,0.36358584526752985,0.4464483299135774,0.48984509011007477,True,True,True
0.5,0.275,0.5108333333333334,0.8575,0.9716666666666667,0.3286329035100108,0.4098043933323844,0.5206373888560878,0.5345293497429163,True,True,True
0.5,0.22666666666666666,0.4558333333333333,0.8041666666666667,0.9416666666666667,0.2832846405343907,0.36401815100745477,0.46997627271863146,0.498223909771908,True,True,True
0.5,0.23166666666666666,0.4725,0.805,0.9458333333333333,0.2737493018427106,0.36378457488266136,0.47826940482197644,0.5098951279445849,True,True,True
0.5,0.225,0.41083333333333333,0.865,0.9783333333333334,0.28921692400595583,0.352351869352755,0.45582795741743304,0.48747825252240856,True,True,True
0.5,0.2325,0.4483333333333333,0.8358333333333333,0.9633333333333334,0.3046188169363644,0.3756290532927827,0.4886978375221718,0.5097976913746058,True,True,True
0.5,0.21833333333333332,0.42833333333333334,0.845,0.9758333333333333,0.273254515634534,0.3524399310475932,0.4749803008677627,0.5041052272360427,True,True,True
0.5,0.34,0.5875,0.8825,0.9858333333333333,0.3785395134234534,0.43831839153966,0.5237613243965649,0.5371351281870995,True,True,True
0.5,0.19833333333333333,0.43916666666666665,0.74,0.8925,0.2719824598973861,0.35350307371426565,0.44997404072771807,0.4856515484450073,True,True,True
0.5,0.30083333333333334,0.5683333333333334,0.8416666666666667,0.9675,0.3349856882707735,0.40470518803744926,0.4994018649719258,0.5210744545754091,True,True,True
0.5,0.31166666666666665,0.5375,0.8658333333333333,0.985,0.3263551778566647,0.3938724403001903,0.4756534329872791,0.5075810999146665,True,True,True
0.5,0.30833333333333335,0.5375,0.8916666666666667,0.9966666666666667,0.33221232173791976,0.39487142528625707,0.483104188952827,0.513945895482363,True,True,True
0.5,0.15416666666666667,0.35333333333333333,0.6983333333333334,0.9141666666666667,0.24572962267046425,0.3231287412588614,0.4225557732815592,0.47664005793487896,True,True,True
0.5,0.2633333333333333,0.5233333333333333,0.7633333333333333,0.9075,0.3400289522111336,0.4095779462132525,0.50063949204562,0.5221946434557772,True,True,True
0.5,0.21833333333333332,0.43083333333333335,0.8216666666666667,0.9633333333333334,0.25088073825097834,0.33281022864824383,0.4525112410181827,0.49208816567179764,True,True,True
0.5,0.3408333333333333,0.5791666666666667,0.8766666666666667,0.9841666666666666,0.3624165824451259,0.41956562818685095,0.5068541307523333,0.5264654457166982,True,True,True
0.5,0.2525,0.45,0.8325,0.9908333333333333,0.2886072489293197,0.3578279362414428,0.44661170563363045,0.48895718893105755,True,True,True
0.5,0.19416666666666665,0.4083333333333333,0.7466666666666667,0.8858333333333334,0.2982102156382066,0.375563625219334,0.48976025709380866,0.5066712681612553,True,True,True
0.5,0.2608333333333333,0.4875,0.8291666666666667,0.9633333333333334,0.3011740806919535,0.3745699694205925,0.4671283002430279,0.5017710859662623,True,True,True
0.5,0.2708333333333333,0.5316666666666666,0.7858333333333334,0.9283333333333333,0.33232904067426894,0.40340419850290365,0.4917599446162999,0.5185353396437387,True,True,True
0.5,0.2175,0.46,0.7416666666666667,0.9233333333333333,0.2790313434520912,0.3561046019828235,0.43962940009819995,0.488386598050359,True,True,True
0.5,0.2825,0.48833333333333334,0.9041666666666667,0.995,0.30753221166884065,0.37406543776770734,0.48518354172203876,0.5116264521933975,True,True,True
0.5,0.275,0.5616666666666666,0.7633333333333333,0.9058333333333334,0.3470707671979026,0.42592614588384287,0.5187271699833521,0.5344678820216403,True,True,True
0.5,0.25583333333333336,0.5158333333333334,0.7758333333333334,0.915,0.3217420390722295,0.4018945840532972,0.5063365824892988,0.5260217283047419,True,True,True
0.5,0.3016666666666667,0.5858333333333333,0.8041666666666667,0.9408333333333333,0.38434252937960545,0.4405456143130625,0.5240679057949141,0.5345813975579424,True,True,True
0.5,0.19833333333333333,0.42583333333333334,0.7183333333333334,0.8708333333333333,0.27827708546952734,0.35511181998558605,0.45430358997087905,0.48464069009647,True,True,True
0.5,0.3575,0.575,0.9041666666666667,0.995,0.352427820209646,0.41210227498110574,0.5056232907121577,0.5254362073101964,True,True,True
0.5,0.31333333333333335,0.5933333333333334,0.8233333333333334,0.9541666666666667,0.3748010106979707,0.43872810383082395,0.5303260394515512,0.5393344228648768,True,True,True
0.5,0.3225,0.56,0.87,0.985,0.3220302940929497,0.3975431104357941,0.49419165340165705,0.5198335172713151,True,True,True
0.5,0.23583333333333334,0.4675,0.8275,0.9591666666666666,0.29248419339511683,0.3765540469374947,0.4902653988811204,0.5154784881902541,True,True,True
0.5,0.30583333333333335,0.535,0.8516666666666667,0.9791666666666666,0.33221237516455465,0.39697365612212815,0.4831353270975755,0.5126600506785,True,True,True
0.5,0.2325,0.45666666666666667,0.7916666666666666,0.9533333333333334,0.2821732120426468,0.3516623495883563,0.4446964192274131,0.48613885374116034,True,True,True
0.5,0.21083333333333334,0.42333333333333334,0.7975,0.9325,0.2706818194054717,0.35557314870115625,0.47429217575791854,0.50234742541345,True,True,True
0.5,0.19,0.4216666666666667,0.7325,0.9075,0.2569993507175783,0.337318612441795,0.43688736991408217,0.4841922628268095,True,True,True
0.5,0.3258333333333333,0.54,0.9066666666666666,0.995,0.34134270131477623,0.41119967835073934,0.5185821842110973,0.5325145706612687,True,True,True
0.5,0.23416666666666666,0.4825,0.755,0.905,0.291548872573535,0.36835536663125573,0.46332010184548494,0.5000490978610903,True,True,True
0.5,0.2525,0.47583333333333333,0.8291666666666667,0.9783333333333334,0.2902400279252513,0.3669693644333701,0.45922901180949877,0.5006139763769589,True,True,True
0.5,0.1875,0.39916666666666667,0.7758333333333334,0.9166666666666666,0.2705999478631936,0.3525531462855072,0.46684824782234824,0.49808707601684044,True,True,True
0.5,0.26,0.465,0.8533333333333334,0.9708333333333333,0.3094833495597276,0.3742755898772046,0.4817215582257945,0.50445161078247,True,True,True
0.5,0.21916666666666668,0.4683333333333333,0.7966666666666666,0.935,0.3143051458652162,0.39170740715367974,0.5065610286968076,0.5242352008871313,True,True,True
0.5,0.24416666666666667,0.4775,0.805,0.9333333333333333,0.31260155697425823,0.3842684731901518,0.49292586146448647,0.5114407173070141,True,True,True
0.5,0.31666666666666665,0.5225,0.9091666666666667,0.9966666666666667,0.33700506751785625,0.4007422753833715,0.5060345705651106,0.5251462323490832,True,True,True
0.5,0.21833333333333332,0.445,0.7641666666666667,0.955,0.26880028258146405,0.3481427144774272,0.43217256168885826,0.4819008221917245,True,True,True
0.5,0.33666666666666667,0.5583333333333333,0.9141666666666667,0.9925,0.37469954104076475,0.43442025739295737,0.5319789027179838,0.5372934047882321,True,True,True
0.5,0.3025,0.49916666666666665,0.9133333333333333,0.9975,0.3379079562575414,0.39624653334521676,0.5053206353915316,0.5228532157647678,True,True,True
0.5,0.2525,0.5308333333333334,0.7675,0.9166666666666666,0.32647526905496066,0.3986469232825874,0.4879817269903228,0.5178768760372479,True,True,True
0.5,0.26166666666666666,0.48583333333333334,0.82,0.9541666666666667,0.31677471201421153,0.37901826357684326,0.47647485941814427,0.4998940549174837,True,True,True
0.5,0.36583333333333334,0.595,0.915,0.995,0.34735095331486515,0.41485139944931326,0.5138983947982254,0.5321762104688734,True,True,True
0.5,0.27166666666666667,0.47583333333333333,0.8875,0.9816666666666667,0.32611444479087787,0.39502004927844275,0.5129002816062725,0.5282650431769789,True,True,True
0.5,0.26666666666666666,0.47583333333333333,0.8766666666666667,0.9991666666666666,0.294485316987422,0.3632304498452755,0.45709994885142907,0.49676904013240064,True,True,True
0.5,0.25416666666666665,0.45166666666666666,0.8808333333333334,0.9858333333333333,0.29830659888031685,0.37183281351862024,0.4858543301542157,0.5110270974050166,True,True,True
0.5,0.3325,0.5716666666666667,0.8741666666666666,0.9766666666666667,0.34346665741599436,0.4156064514981197,0.5134935718379449,0.5304543163390537,True,True,True
0.5,0.22833333333333333,0.4708333333333333,0.7733333333333333,0.9191666666666667,0.31014567939064863,0.38977786492829236,0.5065875447536379,0.5227761895330988,True,True,True
0.5,0.2975,0.5008333333333334,0.8675,0.9925,0.3078053413408195,0.37660884756343777,0.4671504789328935,0.5040171954789499,True,True,True
0.5,0.25083333333333335,0.43916666666666665,0.8633333333333333,0.9958333333333333,0.2917242777934567,0.35871125719681063,0.45355712745783505,0.49329687170267517,True,True,True
0.5,0.2725,0.48333333333333334,0.8658333333333333,0.97,0.2978765018268225,0.36820388542931376,0.4874282351964372,0.5083725666511143,True,True,True
0.5,0.25333333333333335,0.4766666666666667,0.8416666666666667,0.965,0.28421910832160624,0.36771588816713646,0.4688731441471799,0.5033403184130117,True,True,True
0.5,0.1575,0.3275,0.7358333333333333,0.9291666666666667,0.23692688208671348,0.31304146440137387,0.4103789130936507,0.4621110500836558,True,True,True
0.5,0.335,0.5558333333333333,0.8925,0.9908333333333333,0.3585734955347008,0.417711446238189,0.5114392070067854,0.5296179129397457,True,True,True
0.5,0.14916666666666667,0.37166666666666665,0.7341666666666666,0.9075,0.23270459035209037,0.31982602251400877,0.4296532853100544,0.4805738701268187,True,True,True
0.5,0.2275,0.46416666666666667,0.785,0.925,0.30305793578752227,0.3773453869791103,0.4688098147234093,0.497012360892836,True,True,True
0.5,0.345,0.5716666666666667,0.905,0.9933333333333333,0.3357928202521363,0.4065240533392785,0.507990644529206,0.5266061651106193,True,True,True
0.5,0.26,0.5166666666666667,0.7733333333333333,0.9141666666666667,0.34218790366230434,0.4105605100851133,0.49794579146260265,0.5200903055622296,True,True,True
0.5,0.35,0.5933333333333334,0.8925,0.9916666666666667,0.36497768544392567,0.42442403193926614,0.5218710474673138,0.5350395904957357,True,True,True
0.5,0.23,0.47833333333333333,0.7333333333333333,0.8925,0.2808543382724658,0.36706267023495626,0.4636121520250707,0.49708119930003497,True,True,True
0.5,0.355,0.5833333333333334,0.9058333333333334,0.9958333333333333,0.3729247485326075,0.42942723231744223,0.5164525663528814,0.5322990544343057,True,True,True
0.5,0.17916666666666667,0.3958333333333333,0.77,0.9183333333333333,0.242893626017299,0.33247378902026753,0.4572394098926289,0.4923364046304323,True,True,True
0.5,0.21083333333333334,0.43083333333333335,0.7858333333333334,0.935,0.2780240091664904,0.3492164698250046,0.46485672481314916,0.4950721174248083,True,True,True
0.5,0.33916666666666667,0.545,0.9058333333333334,0.9966666666666667,0.3443655464741435,0.3991199224826655,0.5033321950848094,0.5228997325771287,True,True,True
0.5,0.1925,0.4041666666666667,0.7141666666666666,0.9308333333333333,0.2789844554901797,0.3509642248212287,0.4346015343797122,0.48454657551500835,True,True,True
0.5,0.2916666666666667,0.5566666666666666,0.83,0.9658333333333333,0.3307577199644658,0.4059405321147248,0.504374764335582,0.5264384835421142,True,True,True
0.5,0.31166666666666665,0.5333333333333333,0.8975,0.9916666666666667,0.34902115900152797,0.4191208329263989,0.5207869243550993,0.5314592730826533,True,True,True
0.5,0.22916666666666666,0.45666666666666667,0.8183333333333334,0.965,0.2829796801731859,0.36605874643141195,0.46317247068713197,0.500789581400698,True,True,True
0.5,0.2941666666666667,0.49666666666666665,0.9,0.9908333333333333,0.3364456933591761,0.3958105356999025,0.4977236747813693,0.5160159905146561,True,True,True
0.5,0.25083333333333335,0.49583333333333335,0.8375,0.965,0.33012024371495596,0.40309027409766446,0.5142483624118721,0.5294832974843761,True,True,True
0.5,0.2783333333333333,0.555,0.7825,0.9266666666666666,0.34251665399137676,0.41637197411922977,0.5108888720550349,0.5276666919067016,True,True,True
0.5,0.23666666666666666,0.45416666666666666,0.8666666666666667,0.9858333333333333,0.2795973104124551,0.3636350327531799,0.47429821222255747,0.507182065159457,True,True,True
0.5,0.30916666666666665,0.5208333333333334,0.8958333333333334,0.985,0.3569819301017123,0.41907249616596665,0.5245671034061979,0.5313342539704033,True,True,True
0.5,0.3433333333333333,0.57,0.8891666666666667,0.9891666666666666,0.34608045026599377,0.41252938777372644,0.5045305399288736,0.5247768492811271,True,True,True
0.5,0.37583333333333335,0.6116666666666667,0.9141666666666667,0.9958333333333333,0.38406956635794337,0.4492502679789056,0.5462542462676856,0.5513142764494999,True,True,True
0.5,0.25083333333333335,0.5058333333333334,0.765,0.9016666666666666,0.3284054522846699,0.4019957907331192,0.4972310482826497,0.5204763566476447,True,True,True
0.5,0.20916666666666667,0.4608333333333333,0.7825,0.9216666666666666,0.30524648775737584,0.39326713228515453,0.4977435967053741,0.5212043725919855,True,True,True
0.5,0.36583333333333334,0.59,0.9191666666666667,0.9958333333333333,0.3722101973721618,0.43141972887368846,0.537884266366317,0.5456460078519639,True,True,True
0.5,0.25416666666666665,0.4575,0.8733333333333333,0.99,0.28797134557074133,0.36199931145129133,0.4676135101057056,0.5011843577999681,True,True,True
0.5,0.23833333333333334,0.4583333333333333,0.8058333333333333,0.9791666666666666,0.3052175356277551,0.3739645850025719,0.45335360094749877,0.49681006531736005,True,True,True
0.5,0.275,0.5175,0.8741666666666666,0.975,0.3516967671406249,0.41881251754938637,0.519273145575418,0.5295016881596006,True,True,True
0.5,0.29083333333333333,0.51,0.8908333333333334,0.9875,0.31399060041486293,0.3892729117970701,0.503578910043282,0.5224019984721642,True,True,True
0.5,0.2833333333333333,0.5616666666666666,0.7791666666666667,0.9133333333333333,0.35803091370373286,0.4161150568792269,0.5026697191912481,0.5213835724586123,True,True,True
0.5,0.21583333333333332,0.4475,0.7691666666666667,0.9325,0.2790865851777035,0.3578433256414236,0.44280971964676447,0.48868588652020956,True,True,True
0.5,0.2725,0.55,0.79,0.925,0.35363093177888305,0.41857520365899975,0.5000171932647742,0.5224750633877161,True,True,True
0.5,0.32916666666666666,0.57,0.8733333333333333,0.9866666666666667,0.3433008222881839,0.4057778748105265,0.49041276796486016,0.5167814052212943,True,True,True
0.5,0.25916666666666666,0.4533333333333333,0.8825,0.9883333333333333,0.30712321340662435,0.37511682425701115,0.4877971269360101,0.5096958672451033,True,True,True
0.5,0.20416666666666666,0.435,0.7583333333333333,0.9333333333333333,0.2689813418179218,0.35364209721452367,0.45364090015066133,0.49748770381073676,True,True,True
0.5,0.30916666666666665,0.5766666666666667,0.8233333333333334,0.9516666666666667,0.3536466309315424,0.4270353381124526,0.5126372312075254,0.5289976095296839,True,True,True
0.5,0.24,0.4866666666666667,0.7691666666666667,0.9191666666666667,0.32063418215184825,0.38747194004995483,0.4689691756647964,0.5039318869250404,True,True,True
0.5,0.21666666666666667,0.4533333333333333,0.7941666666666667,0.9341666666666667,0.2880417929697477,0.3647397465782127,0.47645843843653124,0.5027096908980223,True,True,True
0.5,0.2075,0.4166666666666667,0.8,0.935,0.27987254161505976,0.35110747781369933,0.45778800251900975,0.4881702838885162,True,True,True
0.5,0.295,0.49916666666666665,0.8891666666666667,0.98,0.32762373310193443,0.39387999034432886,0.5117778894960905,0.5217554180940085,True,True,True
0.5,0.22666666666666666,0.455,0.7866666666666666,0.9225,0.2916056465744627,0.36337196922112897,0.46753148847421716,0.49609560541037545,True,True,True
0.5,0.23416666666666666,0.495,0.7966666666666666,0.9341666666666667,0.3245856682771269,0.4037435712135071,0.5051559336428949,0.5232234574881897,True,True,True
0.5,0.3358333333333333,0.5583333333333333,0.9041666666666667,0.9916666666666667,0.36016374490159375,0.42680843347973885,0.5284419462461055,0.5378189046459806,True,True,True
0.5,0.3575,0.5816666666666667,0.9033333333333333,0.9925,0.3581742243502124,0.4252586197076626,0.5219917132865638,0.5351267757036895,True,True,True
0.5,0.23083333333333333,0.4658333333333333,0.7966666666666666,0.9516666666666667,0.29367417616165076,0.36460246088178383,0.47082712792736087,0.504524215904749,True,True,True
0.5,0.28833333333333333,0.5375,0.8275,0.9583333333333334,0.31052058242525493,0.39058696815573934,0.4925187880667906,0.5190566208799972,True,True,True
0.5,0.29,0.5175,0.8825,0.9833333333333333,0.3432005575542342,0.41132065670053886,0.5184500616430993,0.5301368034664243,True,True,True
0.5,0.3575,0.5966666666666667,0.9025,0.995,0.35859777322003905,0.4214029802203008,0.5110509502551032,0.5299101909904982,True,True,True
0.5,0.19166666666666668,0.42833333333333334,0.7575,0.9058333333333334,0.27875083048054417,0.35284838153190456,0.4679816836309913,0.5012535988829311,True,True,True
0.5,0.20083333333333334,0.41583333333333333,0.7841666666666667,0.9825,0.2679161024089927,0.3517848874145412,0.4401599960156446,0.49208453054394247,True,True,True
0.5,0.30916666666666665,0.5233333333333333,0.9058333333333334,0.9966666666666667,0.32607239868617655,0.3946198416663739,0.5039503038384506,0.527398151285077,True,True,True
0.5,0.31916666666666665,0.54,0.8908333333333334,0.9833333333333333,0.3483223135391535,0.4157350857624221,0.5124903030128164,0.5265267892718386,True,True,True
0.5,0.18666666666666668,0.4008333333333333,0.765,0.9275,0.25210494051739685,0.3349606031245079,0.43946449495371903,0.4822232892235723,True,True,True
0.5,0.2808333333333333,0.4825,0.8533333333333334,0.9833333333333333,0.3082357404755928,0.3724476433603659,0.46742293061955575,0.5027392564840119,True,True,True
0.5,0.27166666666666667,0.5233333333333333,0.8183333333333334,0.9533333333333334,0.3325958506209654,0.4049537688769952,0.5037094980073568,0.5254924648981213,True,True,True
0.5,0.2,0.4225,0.7975,0.9525,0.26959240612749213,0.350260474995745,0.46021098238296415,0.49760642530166405,True,True,True
0.5,0.2025,0.43833333333333335,0.7458333333333333,0.9025,0.25410165598443407,0.34648049566726885,0.4468595041836599,0.4911165231466243,True,True,True
0.5,0.2708333333333333,0.5483333333333333,0.7925,0.9233333333333333,0.3367520592908939,0.41296319302017476,0.5011998819644193,0.5236626074360656,True,True,True
0.5,0.24583333333333332,0.4716666666666667,0.8091666666666667,0.9725,0.30053470606891064,0.3655251101057544,0.45188540650558945,0.49233676121592573,True,True,True
0.5,0.36583333333333334,0.6125,0.8991666666666667,0.9925,0.36898430493271694,0.435068099474364,0.5257058947723977,0.539911981680481,True,True,True
0.5,0.215,0.4025,0.8183333333333334,0.9525,0.28203019317705474,0.35253236438104224,0.4570999850530824,0.48875484520032036,True,True,True
0.5,0.1825,0.38333333333333336,0.7708333333333334,0.9783333333333334,0.2630652885701025,0.33674645929330504,0.43518996335962856,0.48401943878099823,True,True,True
0.5,0.24416666666666667,0.415,0.8641666666666666,0.9675,0.28976663664135066,0.3529366315807658,0.4802503996914646,0.5024877576987784,True,True,True
0.5,0.19,0.37666666666666665,0.7783333333333333,0.9658333333333333,0.2387814563779405,0.32073423194754735,0.43492876626496657,0.48222965133953577,True,True,True
