level,scheme,w_I,w_Mw,w_E,w_PG,w_F,w_M,w_PT,J_baseline,J_hydrodynamic_only,J_biology_only,J_full_data_informed,order_J,rho_all,rho_feasible,tau_feasible,top50_overlap,top50_full,top50_bio,top50_aortic,top1_same
0.2,rand,0.43,0.203,0.162,0.104,0.143,0.09,0.078,0.3442212616277124,0.4171474668185557,0.5234945081626519,0.5501576925527304,True,0.9989031645574289,0.9984669638004651,0.9669397678877247,0.92,0.3,0.66,0.48,True
0.2,rand,0.459,0.195,0.143,0.107,0.141,0.07,0.095,0.3481810867256913,0.4240991759820278,0.5281982241442061,0.5548670404936634,True,0.9988969999521268,0.9979891071640595,0.9615185590856408,0.96,0.28,0.68,0.48,True
0.2,rand,0.401,0.175,0.171,0.128,0.16,0.091,0.084,0.30049460418782165,0.37652756869601395,0.4774778189677486,0.5062657767926826,True,0.9994073424221934,0.998785280845522,0.9702844121796045,0.92,0.36,0.62,0.5,True
0.2,rand,0.389,0.202,0.132,0.105,0.173,0.085,0.125,0.2843569289117466,0.3636763873478021,0.46979800479653516,0.49705082877539186,True,0.9987954206291415,0.9983357877802336,0.9652318019648528,0.96,0.32,0.66,0.54,True
0.2,rand,0.45,0.185,0.153,0.11,0.131,0.072,0.11,0.3444011619295957,0.41925620162660415,0.5196455788961295,0.5462262922563609,True,0.999000862369829,0.9984571899552017,0.9664055305722965,0.96,0.28,0.68,0.48,True
0.2,rand,0.399,0.184,0.13,0.146,0.149,0.078,0.124,0.27296295858551856,0.35385611357416846,0.45290196046992426,0.48308685539905005,True,0.9987053625740173,0.997203471501125,0.9567360028984679,0.96,0.34,0.64,0.52,True
0.2,rand,0.414,0.201,0.156,0.129,0.131,0.08,0.099,0.32731507414338373,0.4025420657539267,0.5032546407681867,0.5313814919645695,True,0.9997065509855273,0.9995692350829999,0.9825785798512857,0.98,0.32,0.66,0.5,True
0.2,rand,0.478,0.169,0.155,0.098,0.152,0.074,0.085,0.3486541355789032,0.42392862641180024,0.5278278396318962,0.5542038269838041,True,0.9980450807528246,0.9964993434461072,0.9496202470071808,0.9,0.28,0.68,0.48,True
0.2,rand,0.438,0.159,0.166,0.115,0.155,0.078,0.099,0.31787588035555636,0.3941033480358959,0.4932855548424978,0.5208705122898311,True,0.9994503398198933,0.9991743533323189,0.9758360352714043,0.94,0.32,0.64,0.48,True
0.2,rand,0.396,0.192,0.147,0.126,0.147,0.104,0.097,0.2887257712862947,0.36442670101693436,0.4695043263907802,0.49863305513850387,True,0.9986611161528262,0.9968066587574801,0.9516758445897778,0.92,0.36,0.62,0.56,True
0.2,rand,0.431,0.159,0.166,0.123,0.131,0.087,0.113,0.3144760274044485,0.38875140236359496,0.48604384153877445,0.5140309038989817,True,0.9991357007003342,0.9993341575547927,0.9790859090505001,0.94,0.3,0.64,0.48,True
0.2,rand,0.467,0.177,0.123,0.101,0.18,0.078,0.084,0.3103604435436539,0.39037403305165846,0.5001081900788127,0.527830469451792,True,0.9988140030952258,0.9975209075280975,0.9574543298382864,0.96,0.26,0.72,0.52,True
0.2,rand,0.469,0.184,0.149,0.11,0.149,0.069,0.079,0.34825089992009994,0.4246041463728701,0.5286414614185853,0.5557975291175424,True,0.9988264269238901,0.9978298696593183,0.9601775143958925,0.96,0.28,0.68,0.5,True
0.2,rand,0.464,0.17,0.147,0.107,0.169,0.062,0.091,0.3307766454668207,0.4097849084142122,0.512467277512363,0.5395189215175533,True,0.9986780806717918,0.9968256523511433,0.9519500920028783,0.9,0.26,0.7,0.5,True
0.2,rand,0.359,0.161,0.187,0.134,0.163,0.085,0.121,0.2764009271733748,0.3534480573662058,0.4466973432959611,0.4753070246722288,True,0.9977640065218751,0.9954667124904636,0.942236533781075,0.92,0.38,0.6,0.52,True
0.2,rand,0.39,0.185,0.16,0.112,0.16,0.088,0.115,0.29714735567724515,0.373571620056574,0.4750911674908793,0.5024609865597686,True,0.9994883591357795,0.9988869004189492,0.9716061672959541,0.94,0.32,0.66,0.52,True
0.2,rand,0.374,0.218,0.124,0.137,0.186,0.071,0.1,0.2729451695825315,0.3566297876075078,0.4620677277083938,0.49170087708269333,True,0.9974472201582993,0.9962631182330666,0.9483685214290387,0.96,0.32,0.66,0.54,True
0.2,rand,0.459,0.141,0.153,0.13,0.156,0.085,0.086,0.2994174145680307,0.3773633222527894,0.4774355985842849,0.5069870513530346,True,0.9988790876249604,0.9989134685696635,0.9726335467487005,0.94,0.3,0.64,0.46,True
0.2,rand,0.389,0.179,0.138,0.119,0.199,0.087,0.099,0.2606477769915936,0.3426635176679436,0.44868766695178464,0.47777031395438335,True,0.9989008924219136,0.9985824085181193,0.9679021498648891,0.94,0.34,0.64,0.52,True
0.2,rand,0.372,0.207,0.143,0.139,0.157,0.079,0.113,0.2840632602576645,0.363749481938139,0.46455593483903035,0.49383992004114113,True,0.9985368164512507,0.9971712532723267,0.9551140013787852,0.96,0.34,0.64,0.52,True
0.2,rand,0.442,0.178,0.14,0.133,0.148,0.09,0.079,0.3047218561760347,0.3821754594934003,0.48677598237510833,0.5164827135523438,True,0.9996000684505236,0.9993781657109031,0.9789852677979862,0.96,0.3,0.66,0.5,True
0.2,rand,0.396,0.176,0.172,0.105,0.174,0.083,0.105,0.30376446821145686,0.38031104887140177,0.48150323120812505,0.5082838857347877,True,0.9992626512266773,0.9983920735991758,0.9668206757389165,0.92,0.3,0.66,0.48,False
0.2,rand,0.443,0.215,0.14,0.116,0.141,0.066,0.089,0.3493612414231244,0.4260716143287658,0.5307525879342685,0.557836458803618,True,0.9990937940144875,0.9982841448126004,0.9643818027196621,0.96,0.26,0.7,0.5,True
0.2,rand,0.458,0.191,0.119,0.117,0.148,0.078,0.099,0.3153869338377998,0.3941937508876191,0.5008518706698379,0.5291662042129827,True,0.9990840048430557,0.9982467182361345,0.963829953185044,0.98,0.3,0.66,0.5,True
0.2,rand,0.392,0.216,0.15,0.128,0.171,0.071,0.083,0.31153310285555696,0.3909146427650944,0.49503104625429784,0.5233793763391487,True,0.9990383127837809,0.9987284848991953,0.9698625575961501,0.98,0.3,0.68,0.52,True
0.2,rand,0.394,0.193,0.164,0.127,0.131,0.091,0.109,0.31236944423997026,0.38649771168080443,0.48610914301668334,0.5142072022561759,True,0.9993871779247905,0.9987245056613228,0.9694956363630264,0.94,0.36,0.62,0.52,True
0.2,rand,0.478,0.18,0.173,0.097,0.129,0.064,0.089,0.38369054994385365,0.45592116904221397,0.5558820564407757,0.5810126216658937,True,0.9964839575296857,0.9941106970072793,0.9342020071220459,0.86,0.26,0.7,0.44,False
0.2,rand,0.405,0.169,0.165,0.105,0.178,0.074,0.115,0.30106239652506445,0.37924062536344105,0.4790997610507738,0.5058331050394296,True,0.999523528625153,0.9989685680269157,0.973433225367634,0.92,0.3,0.66,0.48,False
0.2,rand,0.35,0.172,0.182,0.126,0.186,0.088,0.108,0.2691362200507825,0.34748657929638516,0.44533415085253564,0.4737834039461876,True,0.9974593067473657,0.9951606604873696,0.9402576751535199,0.88,0.42,0.56,0.52,False
0.2,rand,0.38,0.191,0.126,0.139,0.195,0.094,0.085,0.24547140524618777,0.32862979158529665,0.4365458640666957,0.46757258993259543,True,0.9976510584917992,0.995481797685971,0.9423350783408284,0.92,0.34,0.64,0.52,True
0.2,rand,0.403,0.171,0.13,0.129,0.184,0.076,0.117,0.2619651488240589,0.3450140316266719,0.4468478431622835,0.47631993263527467,True,0.9992660851460975,0.9990398767512697,0.9742878373368983,0.94,0.34,0.62,0.5,True
0.2,rand,0.453,0.148,0.16,0.133,0.135,0.079,0.102,0.313700982470095,0.3899861480490847,0.4864434447476762,0.5154291332578942,True,0.9984125721967262,0.998540260515256,0.9681755586008853,0.92,0.3,0.62,0.44,True
0.2,rand,0.428,0.147,0.156,0.123,0.177,0.088,0.091,0.2820252615790192,0.3610708786337464,0.46250534377270136,0.4917106194717134,True,0.9996237264376616,0.9994495965726994,0.9804307277872175,0.94,0.3,0.64,0.48,True
0.2,rand,0.445,0.201,0.169,0.101,0.126,0.082,0.086,0.36656251303263704,0.43773933827006933,0.5413251180938009,0.5671215229190726,True,0.9983283746019259,0.9979323067393601,0.9620465063227867,0.94,0.28,0.68,0.46,True
0.2,rand,0.427,0.21,0.142,0.107,0.156,0.084,0.083,0.3277319946819116,0.40393683205279685,0.5123082391777992,0.5395708273746418,True,0.9992875224300138,0.9989676817162089,0.9724092006233049,0.98,0.3,0.68,0.54,True
0.2,rand,0.411,0.158,0.164,0.139,0.156,0.078,0.104,0.2905073383699721,0.3690115615538661,0.4650300268623256,0.49447269171936464,True,0.9991021919098173,0.9985125047814772,0.9668408039894192,0.94,0.3,0.64,0.46,True
0.2,rand,0.403,0.175,0.152,0.128,0.144,0.095,0.112,0.28830602331376987,0.36458292272078735,0.46550007659815623,0.4944299400535872,True,0.9994205017109592,0.9986767552139781,0.9689177878381756,0.96,0.34,0.64,0.52,True
0.2,rand,0.428,0.166,0.184,0.113,0.151,0.076,0.092,0.3345653684539395,0.4089901024138105,0.506660348525195,0.5335443937774261,True,0.9990240752614615,0.9982255693237384,0.9641436184220458,0.92,0.32,0.64,0.46,False
0.2,rand,0.468,0.157,0.133,0.13,0.161,0.067,0.093,0.3053198241470799,0.38623696900515947,0.4872868156479598,0.5166293793259028,True,0.9984732908408546,0.9971044791040831,0.9540144956950705,0.94,0.26,0.68,0.5,True
0.2,rand,0.453,0.16,0.152,0.094,0.163,0.083,0.106,0.31760591465653776,0.393846017733987,0.4975912736253382,0.5240650057398298,True,0.9987442083873354,0.9974190738070212,0.9575700672786772,0.92,0.3,0.66,0.48,True
0.2,rand,0.452,0.172,0.125,0.122,0.178,0.071,0.091,0.29545639149331765,0.3774840108686289,0.4826076523852099,0.5116303599847933,True,0.9993129993191404,0.9984620990661355,0.966397563139806,0.98,0.28,0.68,0.52,True
0.2,rand,0.417,0.194,0.17,0.1,0.137,0.088,0.104,0.34038309296251856,0.4125603706829081,0.5149834040415832,0.5408911354561342,True,0.9988255722146515,0.9979326776300601,0.962299367469728,0.94,0.3,0.66,0.48,True
0.2,rand,0.411,0.194,0.159,0.123,0.16,0.069,0.095,0.3204124134129952,0.3983260611705102,0.4990062389473849,0.526735069635052,True,0.9996644099246705,0.9993242241166046,0.9777566058402118,0.98,0.3,0.66,0.5,True
0.2,rand,0.373,0.202,0.168,0.133,0.159,0.077,0.098,0.3041372158364382,0.3815378005396895,0.48085223293221807,0.5092277759130086,True,0.9988471800714921,0.9978684500274898,0.9605549190928198,0.94,0.36,0.62,0.52,False
0.2,rand,0.357,0.214,0.159,0.12,0.17,0.091,0.099,0.290226809378967,0.36742037841995534,0.4719171390382682,0.4998977377435677,True,0.997726255869195,0.9959830957545659,0.9457992341200683,0.9,0.38,0.6,0.54,True
0.2,rand,0.446,0.197,0.134,0.096,0.166,0.09,0.081,0.32191878290090076,0.3984868516594813,0.5095829651640177,0.536649916853615,True,0.9985542194467977,0.9973905962409578,0.9560470296572998,0.96,0.3,0.68,0.52,True
0.2,rand,0.441,0.197,0.17,0.099,0.13,0.093,0.082,0.357615325769824,0.42823746704182525,0.5334366555186975,0.5594663632719066,True,0.9979614485877363,0.9973130190159366,0.9565464618729003,0.92,0.3,0.66,0.5,True
0.2,rand,0.384,0.195,0.154,0.139,0.147,0.098,0.093,0.28764211488213776,0.3640773367632093,0.4665970013181313,0.4963343206138749,True,0.9986924198651222,0.9968220635459616,0.9519584787739213,0.92,0.38,0.6,0.54,True
0.2,rand,0.473,0.151,0.151,0.099,0.15,0.075,0.111,0.3283700290248341,0.404536647153639,0.5055829032498749,0.5321355037606478,True,0.9980488811002117,0.9966568050724363,0.9508367481469431,0.92,0.3,0.64,0.48,True
0.2,rand,0.405,0.145,0.176,0.136,0.183,0.071,0.094,0.2841709884865634,0.36449678828516097,0.45962091485044565,0.4888969518041156,True,0.9983937665318475,0.9971505640038386,0.9542463899144047,0.92,0.28,0.64,0.48,True
0.2,rand,0.416,0.17,0.136,0.133,0.151,0.077,0.127,0.2818540599766661,0.3618148873959514,0.46054926888026493,0.4897561872739783,True,0.9994881444005271,0.999121796369492,0.9759199029818326,0.96,0.32,0.64,0.5,True
0.2,rand,0.428,0.161,0.164,0.112,0.166,0.075,0.103,0.31126501566823667,0.3886697946601916,0.4881908528971415,0.5155169320865098,True,0.9996293923450256,0.9991632742449215,0.975716104445492,0.94,0.32,0.64,0.48,True
0.2,rand,0.431,0.178,0.14,0.131,0.179,0.068,0.083,0.29749572190254076,0.379184424802632,0.4820905184145703,0.5113747222399938,True,0.9994361369112905,0.9987953413066502,0.9702814768097394,0.98,0.3,0.66,0.5,True
0.2,rand,0.354,0.214,0.176,0.107,0.189,0.07,0.1,0.3089384274030611,0.3870588400499735,0.48912543451283486,0.5153822910812657,True,0.9972142941499258,0.9961971729709317,0.9469926716394628,0.92,0.34,0.64,0.5,False
0.2,rand,0.428,0.214,0.125,0.113,0.17,0.068,0.091,0.31792913537040285,0.3982867292538327,0.5060810344648472,0.5337688268183233,True,0.9990452515861653,0.9984769892488597,0.966460044584075,0.96,0.28,0.7,0.5,True
0.2,rand,0.385,0.193,0.154,0.126,0.164,0.081,0.106,0.2925117935138728,0.37100743593512525,0.47222824186526224,0.5006491875226202,True,0.9994628341780742,0.9991133758070903,0.9747453356972846,0.94,0.34,0.64,0.52,True
0.2,rand,0.435,0.19,0.133,0.101,0.17,0.067,0.113,0.31563183876925627,0.39520353848013984,0.5000087247329256,0.5265995663442087,True,0.9991509076237373,0.9982808483230308,0.9643545457137729,0.98,0.28,0.7,0.52,True
0.2,rand,0.429,0.165,0.173,0.102,0.158,0.066,0.117,0.3308427921501638,0.40691613105492247,0.504066722402727,0.529902068018077,True,0.9988359191118019,0.9971177912710519,0.9544409630025982,0.88,0.28,0.66,0.5,False
0.2,rand,0.409,0.191,0.129,0.127,0.163,0.08,0.111,0.284503568376238,0.3648960343333856,0.46853225845042534,0.4975211659099014,True,0.9995788026075869,0.9992388317237707,0.9770768580471907,0.96,0.32,0.66,0.52,True
0.2,rand,0.411,0.175,0.162,0.137,0.15,0.086,0.089,0.30149680402901474,0.37834285093398456,0.4780179739261527,0.5073894924505723,True,0.9995477523675238,0.9991691576055204,0.9756305593808551,0.94,0.34,0.64,0.5,True
0.2,rand,0.43,0.2,0.124,0.131,0.129,0.095,0.099,0.30397442481392156,0.38050379104647625,0.48658693432325784,0.5160306305366905,True,0.998980155880215,0.99792614979089,0.9607213964980199,0.96,0.32,0.66,0.54,True
0.2,rand,0.408,0.197,0.153,0.132,0.134,0.083,0.103,0.315034308485033,0.39095341748353135,0.4914848985852372,0.5200216436837478,True,0.9996959314104137,0.9993915222544759,0.9793064811289264,0.96,0.34,0.64,0.52,True
0.2,rand,0.478,0.143,0.143,0.123,0.158,0.064,0.101,0.31375738679547255,0.39359442007324524,0.49238253046840846,0.5208877703990545,True,0.9976959711456583,0.996014284364725,0.9461447690870329,0.9,0.26,0.68,0.48,True
0.2,rand,0.388,0.164,0.18,0.11,0.163,0.092,0.113,0.29606699851945567,0.37115994156250237,0.4700091549431799,0.4971661764109406,True,0.9988607005798914,0.9973405109328399,0.9562118297082913,0.88,0.36,0.6,0.52,True
0.2,rand,0.407,0.192,0.14,0.119,0.171,0.081,0.1,0.2928826903443598,0.3723070326132505,0.4769507748750982,0.505327930550995,True,0.9997270848405851,0.9996782297223225,0.984907166831327,0.96,0.32,0.66,0.54,True
0.2,rand,0.406,0.185,0.144,0.132,0.153,0.079,0.111,0.29325904063916614,0.3720621188114768,0.4724601779407875,0.501420305563039,True,0.9997211359470979,0.9993896523302332,0.9797413352074971,0.96,0.34,0.64,0.52,True
0.2,rand,0.41,0.164,0.165,0.111,0.177,0.087,0.095,0.29419123827867305,0.37170136135639764,0.4737761646011693,0.5015981415405215,True,0.999570592646293,0.9990618228140397,0.974313416988579,0.94,0.32,0.64,0.5,True
0.2,rand,0.446,0.143,0.14,0.134,0.162,0.08,0.104,0.281112283490063,0.3614514299593638,0.46079341018377834,0.4907047289712693,True,0.999029586437916,0.998716481231359,0.9698143336626539,0.92,0.28,0.66,0.48,True
0.2,rand,0.452,0.187,0.146,0.105,0.148,0.074,0.098,0.33752479655573675,0.41365577080540156,0.5175229367810247,0.5442697163192717,True,0.9992170232950095,0.9985470191941921,0.9674262006082086,0.96,0.28,0.68,0.48,True
0.2,rand,0.466,0.157,0.136,0.105,0.153,0.087,0.107,0.3077796404445744,0.384839655397569,0.4892367765669323,0.5169531356112973,True,0.9987117198876614,0.9980087366866726,0.9620037337904682,0.94,0.3,0.64,0.48,True
0.2,rand,0.4,0.163,0.173,0.12,0.172,0.066,0.115,0.30157834453161064,0.3803181361578709,0.47594529184840584,0.5033893122720969,True,0.9991064601391693,0.9981805368416112,0.9632537820144017,0.92,0.3,0.64,0.52,False
0.2,rand,0.396,0.183,0.134,0.118,0.185,0.092,0.101,0.2669552922955848,0.34747933440864964,0.4541380136926154,0.4831845768833986,True,0.999025113455951,0.9982523837849614,0.9642539044612589,0.96,0.32,0.66,0.54,True
0.2,rand,0.457,0.174,0.14,0.12,0.139,0.073,0.107,0.3247382812016403,0.4019439032557935,0.502907784528008,0.5308526509386099,True,0.9990941040188414,0.998640058205168,0.9685563180062298,0.98,0.3,0.66,0.5,True
0.2,rand,0.453,0.144,0.16,0.132,0.152,0.064,0.105,0.31272358137014034,0.39154786956650434,0.4865837993274538,0.5152492610230763,True,0.9978851519264387,0.9965569328786845,0.9500114898763287,0.9,0.26,0.66,0.48,True
0.2,rand,0.393,0.198,0.149,0.132,0.151,0.083,0.105,0.29821507611105263,0.37599863417421275,0.4774476852295135,0.5062372620811506,True,0.999542109789154,0.9990031084956181,0.9734567083265541,0.96,0.34,0.64,0.52,True
0.2,rand,0.449,0.161,0.181,0.112,0.15,0.073,0.084,0.34364167420122144,0.4180352965757039,0.5165426533705034,0.5434207523303851,True,0.9985796428419983,0.9976626476228445,0.9588687587746593,0.9,0.3,0.66,0.48,False
0.2,rand,0.412,0.202,0.164,0.107,0.138,0.075,0.112,0.34025150930474607,0.4143421578760679,0.5149950719966369,0.5410154566032898,True,0.9994782870867313,0.9990488469321622,0.9742022922722615,0.96,0.28,0.68,0.48,False
0.2,rand,0.397,0.2,0.152,0.12,0.168,0.084,0.089,0.30281143872791205,0.3807365286284961,0.48556865463312754,0.5137508990083353,True,0.999540611850721,0.9993594184277488,0.9786426682008866,0.96,0.32,0.66,0.54,True
0.2,rand,0.405,0.187,0.16,0.11,0.167,0.09,0.091,0.30575192398394535,0.38199162560679034,0.48673908944541483,0.5142945446841058,True,0.9994049707858059,0.9988024236498083,0.9705980774166062,0.96,0.3,0.68,0.52,True
0.2,rand,0.402,0.175,0.153,0.159,0.145,0.078,0.097,0.2863571114748717,0.3656971267774748,0.462131614358356,0.49303704763095796,True,0.9980422532787435,0.9959397516190172,0.9461007385390582,0.94,0.34,0.64,0.5,True
0.2,rand,0.444,0.155,0.157,0.111,0.155,0.095,0.093,0.3054449435287384,0.3808450381717147,0.48396002996847576,0.5120100889882953,True,0.999057281534604,0.9985899232278235,0.9681671718298424,0.94,0.3,0.64,0.48,True
0.2,rand,0.429,0.169,0.141,0.132,0.135,0.091,0.113,0.29430118611017836,0.37102605264072824,0.47153748666373124,0.5008235139990166,True,0.999370079616757,0.9991606035061816,0.9754959517056176,0.96,0.3,0.66,0.5,True
0.2,rand,0.435,0.143,0.155,0.121,0.172,0.069,0.115,0.2919020682204088,0.37211256324379033,0.4691384488387184,0.49741466785106536,True,0.9990847584238175,0.9984083541131191,0.966193345264913,0.9,0.26,0.66,0.46,True
0.2,rand,0.463,0.145,0.133,0.093,0.173,0.089,0.114,0.2917168305616983,0.37019230695727273,0.47597760395387684,0.5032321917362372,True,0.998218230499923,0.9965352860526484,0.950000167735421,0.92,0.28,0.66,0.5,True
0.2,rand,0.415,0.181,0.152,0.117,0.179,0.079,0.088,0.2998702236641118,0.3789898677041991,0.48295887815877175,0.5111260520272228,True,0.9998652772293958,0.9998869980311932,0.9917038060844346,0.98,0.3,0.68,0.52,True
0.2,rand,0.42,0.145,0.163,0.129,0.154,0.091,0.11,0.2841444395445129,0.3611976413841273,0.45885609207711675,0.48796470950678494,True,0.999218059427867,0.9990156560821979,0.973607670205325,0.92,0.3,0.64,0.46,True
0.2,rand,0.425,0.162,0.138,0.113,0.16,0.085,0.127,0.28468664879587113,0.36336998608303456,0.46478856869875385,0.4928380877971604,True,0.9997356529833182,0.999602683235843,0.9831270746774867,0.94,0.3,0.64,0.48,True
0.2,rand,0.38,0.207,0.16,0.136,0.153,0.064,0.111,0.31178756682098924,0.39047053136077897,0.48785045935534027,0.5160118947335591,True,0.998517969987759,0.9971416162148103,0.9539801099337949,0.96,0.32,0.66,0.5,False
0.2,rand,0.393,0.161,0.175,0.134,0.148,0.076,0.123,0.2964722220830438,0.37347408666390125,0.46652187083621927,0.494942657292653,True,0.9988954854121304,0.9980414243303745,0.961952155148555,0.94,0.32,0.64,0.48,True
0.2,rand,0.406,0.207,0.136,0.144,0.144,0.086,0.087,0.29941130274811034,0.3777199380465983,0.4817910930407723,0.5118617231843423,True,0.9991091873528293,0.9978026150961781,0.9610296103338439,0.96,0.34,0.64,0.52,True
0.2,rand,0.425,0.203,0.124,0.108,0.175,0.083,0.092,0.30035281559389093,0.3801189378650106,0.48994428204068924,0.5179039335880153,True,0.9991174323618677,0.9986486843655978,0.9684300971020352,0.96,0.32,0.66,0.52,True
0.2,rand,0.421,0.168,0.164,0.105,0.168,0.08,0.104,0.3099791844813407,0.38675119668508323,0.488152051238608,0.515070268457103,True,0.9996226713160882,0.9990703923841213,0.9756645258035785,0.92,0.3,0.66,0.48,True
0.2,rand,0.401,0.197,0.163,0.115,0.13,0.095,0.109,0.320294096563339,0.39315850315025497,0.4951173506765243,0.5223914765208348,True,0.9990955421699453,0.9982955426787224,0.964514733040691,0.92,0.36,0.62,0.52,True
0.2,rand,0.381,0.202,0.141,0.122,0.188,0.081,0.094,0.27963551318532875,0.36071557746580124,0.46662416597598233,0.49533707245549624,True,0.9987495186089199,0.9985719368609351,0.968049757035243,0.96,0.32,0.66,0.54,True
0.2,rand,0.433,0.167,0.149,0.122,0.155,0.074,0.11,0.30561029610512236,0.38404516670135364,0.48358542535976523,0.5117417866378876,True,0.9997188746622774,0.9995230496234168,0.9816887434436418,0.98,0.3,0.66,0.5,True
0.2,rand,0.381,0.202,0.18,0.112,0.169,0.082,0.085,0.3206379981012781,0.3959648473723232,0.49838223481111205,0.5252886401200757,True,0.99871124050396,0.9977751830266215,0.9597091132331506,0.94,0.32,0.66,0.5,False
0.2,rand,0.367,0.213,0.153,0.138,0.136,0.085,0.118,0.2975113824733719,0.374033368367394,0.47369235200677595,0.5024713981189425,True,0.9985517471159612,0.9967800336092927,0.9519349958150013,0.94,0.36,0.62,0.54,True
0.2,rand,0.476,0.143,0.149,0.112,0.175,0.066,0.09,0.31582185659305456,0.39564135490841174,0.4964902942101591,0.5244057917802956,True,0.9982025590582706,0.9963593702730265,0.9486733805564456,0.9,0.26,0.68,0.48,True
0.2,rand,0.458,0.172,0.143,0.138,0.144,0.063,0.093,0.32258617833858644,0.4017868948859508,0.5006020079742718,0.5297745712693149,True,0.9982482753145951,0.9966527053256208,0.9504635368355371,0.94,0.28,0.68,0.5,True
0.2,rand,0.381,0.158,0.162,0.149,0.174,0.089,0.098,0.25740727616313475,0.3376640190273496,0.43526424275561426,0.4661007597087746,True,0.9980739766959191,0.9961270917278735,0.94674735858646,0.92,0.36,0.62,0.5,True
0.2,rand,0.416,0.191,0.15,0.13,0.157,0.068,0.099,0.3126202977650725,0.39164183079433834,0.49187058665184585,0.5202538184724119,True,0.9995484001540103,0.9989998840671397,0.9729514053712237,1.0,0.3,0.68,0.52,True
0.2,rand,0.424,0.158,0.159,0.137,0.138,0.083,0.111,0.2993338607920388,0.3761355143243287,0.47241917039533426,0.5016258135550872,True,0.9991448548890994,0.9990427384315443,0.9738798209256647,0.92,0.3,0.64,0.46,True
0.2,rand,0.418,0.169,0.147,0.126,0.178,0.085,0.087,0.28384182493216165,0.3637184711785173,0.46722539142308167,0.4965532408543395,True,0.9998344512731967,0.9997119970610148,0.9857055874346042,0.94,0.32,0.64,0.5,True
0.2,rand,0.453,0.201,0.121,0.103,0.133,0.087,0.111,0.32621973088509054,0.4019297100414468,0.5099518332082126,0.5370372109631074,True,0.9983558970640579,0.9973184488394995,0.9559648393010801,0.94,0.28,0.7,0.52,True
0.2,rand,0.377,0.184,0.145,0.13,0.205,0.073,0.095,0.2626439247587424,0.3464154501649578,0.4494100450889826,0.47885138378296443,True,0.9982953369485822,0.9981096466415599,0.9634655479832333,0.94,0.32,0.66,0.52,True
0.2,rand,0.417,0.181,0.164,0.117,0.137,0.075,0.119,0.32572754327637216,0.4008159022249181,0.49843046927709717,0.5253843899775885,True,0.999695661553631,0.999508075572982,0.9810819605586931,0.98,0.3,0.66,0.5,True
0.2,rand,0.447,0.147,0.163,0.107,0.172,0.062,0.111,0.3158929150306628,0.3947473810079175,0.492201358782393,0.519036674201269,True,0.9984861621521772,0.9965438006608808,0.9499272028273483,0.88,0.28,0.66,0.5,True
0.2,rand,0.393,0.191,0.173,0.13,0.15,0.074,0.099,0.31780566667379406,0.3941318649144926,0.4918215354788103,0.519810149149964,True,0.9993484099109552,0.9986816211696822,0.9689551089693161,0.96,0.34,0.64,0.5,False
0.2,rand,0.388,0.18,0.144,0.133,0.17,0.093,0.103,0.2668706858461338,0.3464437108569647,0.4494063466979741,0.4792091714648569,True,0.9990287043849263,0.9978314501178226,0.9602274156835974,0.94,0.36,0.62,0.52,True
0.2,rand,0.369,0.181,0.178,0.117,0.166,0.095,0.104,0.2904592564194251,0.36586149497325443,0.4663023896363833,0.49404653639954527,True,0.9982760971474,0.9961829553583903,0.9470857647980383,0.84,0.42,0.56,0.56,True
0.2,rand,0.46,0.199,0.132,0.125,0.137,0.065,0.093,0.3402018956227034,0.418091057035534,0.5214092295531749,0.5494545461714432,True,0.9987138870969567,0.9974151226607607,0.9562277645732727,0.98,0.28,0.7,0.5,True
0.2,rand,0.422,0.204,0.124,0.126,0.153,0.066,0.115,0.30789968998341893,0.3883228694225096,0.4912368490936138,0.5195068678954502,True,0.9991485783050597,0.9982772945305827,0.9645784725006166,0.98,0.32,0.66,0.5,True
0.2,rand,0.454,0.154,0.175,0.101,0.134,0.075,0.118,0.3430491641821907,0.41625540502343744,0.5128033106385775,0.538636134353569,True,0.9977926256637424,0.9965784327326651,0.9505465658688612,0.9,0.3,0.66,0.48,True
0.2,rand,0.358,0.22,0.164,0.104,0.172,0.083,0.108,0.30784572415843076,0.3843063566073909,0.48866729095337463,0.5149767305590185,True,0.9975988623089783,0.9963741244760649,0.9486025123411335,0.9,0.34,0.64,0.52,False
0.2,rand,0.427,0.179,0.167,0.096,0.167,0.072,0.103,0.33072564166984725,0.40687772440420117,0.5085402673693129,0.5343282134810862,True,0.9991031838803465,0.9977823732578538,0.9611684113946027,0.92,0.32,0.64,0.46,False
0.2,rand,0.441,0.196,0.123,0.107,0.171,0.086,0.086,0.3052967032529507,0.3843648011225308,0.4947004177695398,0.522742072085352,True,0.9991313175621231,0.9984166993574317,0.9658213919691635,0.96,0.3,0.68,0.52,True
0.2,rand,0.469,0.165,0.135,0.126,0.15,0.074,0.091,0.31536494036296003,0.39412119628932096,0.49658301216489803,0.5255087377906711,True,0.9989251846321693,0.9982802535136865,0.9645939880270457,0.96,0.3,0.64,0.48,True
0.2,rand,0.419,0.158,0.127,0.136,0.168,0.088,0.115,0.2577976680110914,0.33945198992858666,0.44132274851194797,0.47167002313051476,True,0.9992026931077557,0.9984685442589692,0.9673846860915466,0.94,0.32,0.64,0.5,True
0.2,rand,0.402,0.172,0.147,0.119,0.189,0.081,0.1,0.27574740519273344,0.3566360545095154,0.46014275020115214,0.48880712012372923,True,0.9995977342490334,0.9996168149450501,0.9838105965174773,0.96,0.3,0.68,0.52,True
0.2,rand,0.442,0.157,0.126,0.129,0.176,0.073,0.105,0.27676484081802066,0.35941087163465063,0.46157381707845785,0.49124570017729574,True,0.9992302872929811,0.9985566590953937,0.9678325396652336,0.94,0.3,0.66,0.48,True
0.2,rand,0.371,0.188,0.168,0.117,0.163,0.091,0.112,0.290280884792879,0.36657068164213746,0.4672748957082093,0.4949736614421329,True,0.9988158619277717,0.9974917231933677,0.957171695654143,0.9,0.38,0.6,0.52,True
0.2,rand,0.389,0.21,0.134,0.153,0.152,0.078,0.095,0.2872465058688248,0.3677479399018755,0.469631536627451,0.5002096048324872,True,0.9981352022845139,0.9957598846931347,0.9458025888284854,0.96,0.34,0.64,0.52,True
0.2,rand,0.46,0.151,0.143,0.131,0.173,0.06,0.092,0.30334271465342344,0.38523329762300423,0.48414563684163264,0.5133428501730738,True,0.998077848006851,0.9960425188772781,0.9462210887035226,0.94,0.26,0.7,0.52,True
0.2,rand,0.449,0.2,0.144,0.115,0.132,0.067,0.105,0.3473018654337714,0.42319983072515543,0.5249919373618964,0.551869485906988,True,0.9990213877613447,0.9982365494798077,0.9639607868133121,0.96,0.28,0.68,0.5,True
0.2,rand,0.395,0.18,0.159,0.113,0.147,0.106,0.11,0.29174945893504095,0.3659085207959975,0.4693855360781845,0.4973031151168417,True,0.99832791529201,0.996165080950824,0.9468500965317347,0.9,0.36,0.62,0.56,True
0.2,rand,0.379,0.2,0.123,0.11,0.194,0.095,0.108,0.257571158066505,0.3389882768132724,0.4489073673951878,0.477532443498635,True,0.9974805549036699,0.9958658267106475,0.9450452634033182,0.94,0.34,0.64,0.56,True
0.2,rand,0.405,0.192,0.14,0.123,0.149,0.078,0.121,0.2991384974440131,0.37736750881033937,0.4785975049591094,0.5066758398785733,True,0.9998384915294483,0.9997260066327796,0.9863798838264475,0.96,0.32,0.66,0.54,True
0.2,rand,0.38,0.167,0.188,0.121,0.161,0.072,0.121,0.3053141403662835,0.3817709999343938,0.47533692911200814,0.5024370933265851,True,0.9986985476865688,0.997261516913487,0.9547374353589623,0.94,0.34,0.62,0.5,False
0.2,rand,0.44,0.179,0.154,0.099,0.142,0.081,0.116,0.33157108786883666,0.4060958059627457,0.5082710931776478,0.5343863370133933,True,0.9990777922776819,0.998353901170062,0.96601261034894,0.96,0.3,0.66,0.48,True
0.2,rand,0.459,0.184,0.147,0.094,0.179,0.064,0.083,0.33800472318907093,0.41657451363632914,0.5229569543598258,0.5491171494400098,True,0.9984646479368335,0.9963856684999931,0.9486490589204214,0.9,0.26,0.7,0.5,True
0.2,rand,0.435,0.195,0.161,0.113,0.134,0.063,0.11,0.3509677638097762,0.42618752263521564,0.5247844703380253,0.5510766761650592,True,0.9989633715912921,0.9978546256975126,0.9603100253783693,0.94,0.26,0.7,0.48,False
0.2,rand,0.481,0.155,0.165,0.111,0.142,0.077,0.077,0.3478153637027117,0.4221824245399483,0.5232556508818427,0.5505747939884101,True,0.9978302570672853,0.9972854285748297,0.9557954265260149,0.92,0.28,0.66,0.48,True
0.2,rand,0.407,0.157,0.161,0.119,0.182,0.092,0.092,0.2781233500970977,0.35664665657584216,0.4589963848657219,0.48782128703717803,True,0.9994375879747216,0.9988434707871909,0.9709876429315455,0.92,0.34,0.62,0.5,True
0.2,rand,0.394,0.218,0.155,0.104,0.135,0.099,0.106,0.32538974257712694,0.39789616185298365,0.5041866156430672,0.5307052745634919,True,0.9979886042963804,0.9962307815309491,0.9471822126650307,0.9,0.38,0.6,0.56,True
0.2,rand,0.36,0.188,0.157,0.122,0.197,0.098,0.089,0.259565780910659,0.3392722794972151,0.4452047998582518,0.47437950774895693,True,0.9972659569125849,0.994947203729211,0.9390961073640882,0.86,0.4,0.58,0.56,True
0.2,rand,0.372,0.178,0.175,0.13,0.18,0.085,0.091,0.2837730378401698,0.36209225684285185,0.4618155165599928,0.4906339724646571,True,0.9986001518489648,0.9974198294306648,0.9564403692192084,0.92,0.38,0.6,0.52,True
0.2,rand,0.462,0.141,0.158,0.103,0.154,0.093,0.099,0.3111246627546634,0.3862166047164005,0.4886014543223927,0.5160531728251279,True,0.9982223351007957,0.9974299945228684,0.9574098799517593,0.92,0.32,0.62,0.5,True
0.2,rand,0.384,0.194,0.177,0.11,0.16,0.072,0.113,0.32206824376651466,0.3978929702481229,0.4963140322113729,0.5225372249711445,True,0.9991136853998994,0.9982328002674515,0.9639138208954723,0.94,0.32,0.64,0.48,False
0.2,rand,0.405,0.182,0.139,0.129,0.141,0.094,0.12,0.2851228695384275,0.36217542657216467,0.4639051740415692,0.49295764992699653,True,0.9993925479337042,0.9985682902440307,0.967623289727715,0.96,0.34,0.64,0.52,True
0.2,rand,0.409,0.173,0.168,0.107,0.175,0.071,0.106,0.3104087659069308,0.38829675877529934,0.48819791679930696,0.5149702048990155,True,0.999521234679741,0.9989077020538843,0.972089245308021,0.92,0.3,0.66,0.48,False
0.2,rand,0.392,0.187,0.176,0.099,0.18,0.081,0.095,0.3143882990233736,0.39048816410861176,0.4934737664692898,0.5196792613960649,True,0.9987013177604739,0.9974439202269227,0.9583408115375132,0.92,0.32,0.64,0.48,False
0.2,rand,0.418,0.158,0.143,0.133,0.142,0.09,0.125,0.27846865475625987,0.35629851217509895,0.45471859556763994,0.4841537886210539,True,0.9992976306118763,0.999002922439581,0.9732705220094032,0.94,0.3,0.66,0.48,True
0.2,rand,0.446,0.185,0.15,0.093,0.169,0.063,0.102,0.33752641988438936,0.41532679701089925,0.5190325555799268,0.5447013388695974,True,0.9985747163009859,0.9965562415807606,0.9499133646551277,0.9,0.28,0.68,0.46,False
0.2,rand,0.468,0.183,0.147,0.102,0.156,0.071,0.082,0.34456870247392396,0.42114750714585875,0.526496087520544,0.5532233918143931,True,0.9987417027448655,0.9974967524061198,0.9572803043391476,0.96,0.28,0.68,0.48,True
0.2,rand,0.385,0.217,0.189,0.111,0.139,0.078,0.092,0.35300550442280393,0.4249492450573236,0.525027225384646,0.5508830823778791,True,0.998398291705655,0.9972169990371171,0.9552947362947583,0.92,0.32,0.66,0.5,False
0.2,rand,0.392,0.199,0.155,0.124,0.151,0.091,0.098,0.3024663396424457,0.3785514950898421,0.481706776837035,0.5100963026614184,True,0.9993986544877888,0.998681748599747,0.9691069095251914,0.96,0.32,0.66,0.52,True
0.2,rand,0.398,0.175,0.172,0.106,0.172,0.073,0.114,0.30906606223228145,0.38629911528118865,0.4851189004980646,0.5116211844666961,True,0.9993982089582555,0.9986628808076496,0.9692289370438645,0.94,0.32,0.64,0.48,False
0.2,rand,0.404,0.181,0.173,0.129,0.135,0.069,0.12,0.3245872885876347,0.40017283646477453,0.4942666433293571,0.5217017585528687,True,0.9991209514592426,0.9983074356086109,0.9646615015339405,0.96,0.3,0.66,0.5,False
0.2,rand,0.384,0.187,0.2,0.109,0.156,0.08,0.094,0.33454025502800766,0.4074720508111647,0.5051410044493985,0.5312323148200548,True,0.9981950110978736,0.996175029045505,0.9475487145596023,0.9,0.36,0.6,0.5,False
0.2,rand,0.414,0.186,0.139,0.101,0.179,0.089,0.102,0.2915777855707979,0.37011329140565896,0.4778495533983437,0.5052661569034642,True,0.9990574513479796,0.9982631147806482,0.9641545212244015,0.96,0.3,0.68,0.52,True
0.2,rand,0.369,0.188,0.162,0.12,0.188,0.079,0.103,0.28127346645351403,0.36112940558246953,0.46261017931071197,0.4906880912088659,True,0.9986885283718978,0.998301541662767,0.9648300756319014,0.94,0.34,0.64,0.54,True
0.2,rand,0.362,0.188,0.169,0.134,0.147,0.098,0.111,0.28367915579322867,0.3591397664069499,0.45817498070135704,0.4870936310146802,True,0.9981097011983376,0.9955760841273582,0.9431620139656511,0.9,0.4,0.58,0.52,True
0.2,rand,0.408,0.174,0.167,0.105,0.169,0.087,0.101,0.3059706897492102,0.3820322923844367,0.4844983306333874,0.5114931952868899,True,0.9993777208931303,0.9985704480055126,0.9688406295445815,0.92,0.32,0.64,0.48,True
0.2,rand,0.454,0.167,0.139,0.103,0.176,0.07,0.101,0.31170175211588025,0.3914109112064722,0.49545869495755673,0.5226476577940831,True,0.999167459273761,0.9980370794944246,0.9623761064247699,0.94,0.3,0.66,0.5,True
0.2,rand,0.392,0.205,0.171,0.094,0.186,0.081,0.08,0.32349020441784904,0.39967992971007843,0.5061987820109195,0.5321726600994275,True,0.9980902831202378,0.996867641982456,0.9535955764814812,0.92,0.34,0.64,0.5,False
0.2,rand,0.44,0.155,0.16,0.11,0.159,0.077,0.109,0.31170686627475563,0.3886430963879006,0.4880099247568515,0.5153073831729837,True,0.9994143820275337,0.9989551719922364,0.973020596232327,0.94,0.32,0.64,0.48,True
0.2,rand,0.451,0.201,0.133,0.117,0.122,0.072,0.113,0.3406870865160651,0.4164794276249776,0.5190116074255862,0.5462888413721556,True,0.9989090502998719,0.9983476754174996,0.9652418660901041,0.98,0.28,0.68,0.5,True
0.2,rand,0.359,0.209,0.161,0.111,0.179,0.074,0.117,0.2957014369855227,0.3744918601127048,0.47621661740637544,0.5030441545319999,True,0.9982194501180316,0.9978588724163838,0.9604819541847471,0.96,0.32,0.66,0.52,False
0.2,rand,0.387,0.169,0.182,0.13,0.152,0.089,0.102,0.2989583201153904,0.37417407348430404,0.47089967237484437,0.49935153318792913,True,0.9989156973270702,0.9977814621125338,0.9597464343642911,0.9,0.36,0.6,0.48,True
0.2,rand,0.413,0.19,0.165,0.095,0.16,0.092,0.095,0.32324413571108246,0.39722583930284844,0.5027498662105491,0.5289612990274221,True,0.9985651745253981,0.9970771765002153,0.9546829213471838,0.9,0.32,0.64,0.5,True
0.2,rand,0.433,0.14,0.16,0.115,0.172,0.083,0.107,0.28897054844020964,0.36732947262131965,0.46658139161438933,0.49480636393659483,True,0.9994251249750489,0.9991285293995652,0.9755328534982061,0.94,0.28,0.66,0.48,True
0.2,rand,0.374,0.212,0.143,0.118,0.161,0.09,0.114,0.2889633492359244,0.3666952731647061,0.47168513676171536,0.4996401039307265,True,0.9985860228335947,0.997497023144117,0.9574052672276858,0.96,0.32,0.66,0.54,True
0.2,rand,0.479,0.141,0.128,0.11,0.175,0.079,0.098,0.292681821998764,0.37330921373578113,0.47796546962221137,0.506578084398767,True,0.9985394953793183,0.9974081974677782,0.9565858796968014,0.94,0.28,0.66,0.48,True
0.2,rand,0.45,0.186,0.133,0.097,0.153,0.089,0.101,0.31878923129238496,0.39485857336818464,0.5029421567929945,0.5298849361806856,True,0.9986465009178167,0.9975269069192667,0.9574610392551205,0.94,0.3,0.66,0.52,True
0.2,rand,0.366,0.186,0.152,0.131,0.176,0.1,0.099,0.26048564188283746,0.3393637066172453,0.44319168479354526,0.47291460881228126,True,0.9978367487125325,0.9953003299453438,0.9413412459722531,0.88,0.4,0.58,0.56,True
0.2,rand,0.394,0.183,0.169,0.126,0.154,0.088,0.097,0.303157215620385,0.3790955199513015,0.47922713226558633,0.5075915649602247,True,0.9995043774741483,0.9989228951374658,0.9720603109479231,0.92,0.36,0.62,0.5,True
0.2,rand,0.475,0.157,0.122,0.13,0.14,0.087,0.1,0.29853569172344585,0.37711542137085,0.4807260164221476,0.5105133144403289,True,0.9983442437432396,0.9978350991774758,0.9599523295933926,0.96,0.3,0.66,0.5,True
0.2,rand,0.421,0.15,0.167,0.099,0.189,0.092,0.092,0.29024360458545007,0.36762428457825236,0.47146044372573964,0.49881169407743686,True,0.9988130966281725,0.9973005345337024,0.9569641230708329,0.9,0.3,0.66,0.52,True
0.2,rand,0.378,0.22,0.157,0.108,0.169,0.076,0.102,0.31623002121499494,0.3934327717753883,0.49791874787585944,0.5245050616166482,True,0.9986412305182825,0.9983390561781913,0.9655161135032045,0.96,0.28,0.7,0.5,False
0.2,rand,0.418,0.198,0.158,0.098,0.15,0.075,0.113,0.335660046675037,0.41063654595899113,0.5131827277559012,0.5388624767916266,True,0.9992663900506245,0.9985127225932495,0.9679746954344096,0.92,0.28,0.68,0.48,False
0.2,rand,0.372,0.192,0.185,0.122,0.154,0.087,0.098,0.311968124648379,0.3863382016561763,0.4849605090046905,0.512457179585066,True,0.9986156880909586,0.9970955626636651,0.9538291480550241,0.92,0.38,0.6,0.52,False
0.2,rand,0.481,0.147,0.129,0.098,0.17,0.072,0.113,0.30805552918666457,0.38781643265956217,0.49151332520436436,0.518638814828451,True,0.9978972430727969,0.9958045336636927,0.9447848541624384,0.9,0.24,0.7,0.46,True
0.2,rand,0.457,0.199,0.127,0.09,0.144,0.089,0.104,0.33246153280376867,0.4074735619643986,0.5172817781688569,0.5435174465714186,True,0.997681889547825,0.9959683790070099,0.9455543404056178,0.9,0.26,0.7,0.5,True
0.2,rand,0.338,0.19,0.171,0.139,0.17,0.09,0.111,0.2663487477154822,0.3447622918221605,0.44280933552327517,0.47213909508028934,True,0.9968048010765972,0.9935422815642274,0.931173963437033,0.9,0.4,0.58,0.52,True
0.2,rand,0.412,0.157,0.17,0.107,0.159,0.1,0.106,0.29626890409546836,0.37079291220761396,0.47222558641471435,0.49968568768377203,True,0.9986811491398068,0.9971705399896633,0.954787336646667,0.9,0.34,0.62,0.5,True
0.2,rand,0.403,0.202,0.13,0.137,0.177,0.072,0.089,0.2864237975920186,0.36871792492838346,0.47337478789772186,0.503121148693954,True,0.9989000991276084,0.9980866216980487,0.9635582218032563,0.96,0.34,0.64,0.52,True
0.2,rand,0.37,0.217,0.136,0.1,0.191,0.086,0.111,0.282138353713575,0.3620209563477125,0.47120259323093855,0.49820715136534083,True,0.9971974081899916,0.9962598669343506,0.9480020195344672,0.94,0.32,0.66,0.54,True
0.2,rand,0.474,0.152,0.13,0.124,0.135,0.083,0.113,0.3055063715239164,0.3832177938720769,0.48430988247883516,0.5132270586233367,True,0.9981985214061858,0.9979593565187219,0.9615344939506222,0.94,0.3,0.64,0.48,True
0.2,rand,0.443,0.187,0.122,0.107,0.184,0.067,0.101,0.3019962133461268,0.3839015038939336,0.4909917660302433,0.5186486530284306,True,0.9990317118720361,0.9981491426334242,0.9629870826952399,0.98,0.28,0.7,0.52,True
0.2,rand,0.356,0.219,0.135,0.12,0.169,0.09,0.122,0.2736484782303527,0.3529045339170034,0.4586287020537093,0.4868654959453001,True,0.997442643443691,0.9956881004470051,0.9439436610268427,0.92,0.36,0.62,0.56,True
0.2,rand,0.445,0.164,0.121,0.126,0.184,0.063,0.108,0.28158303644916155,0.36578453469494476,0.4682463143255616,0.4974788981344929,True,0.9986486455576669,0.9972083781693099,0.9546275686583011,0.94,0.28,0.68,0.5,True
0.2,rand,0.371,0.18,0.154,0.127,0.194,0.087,0.097,0.26132422642568215,0.34235289270149905,0.44537480562966714,0.47470566380629226,True,0.9984591901457981,0.9975899322822792,0.957942859251531,0.92,0.34,0.64,0.54,True
0.2,rand,0.454,0.177,0.144,0.113,0.159,0.073,0.089,0.3246484826676408,0.4025977460064501,0.5062736041503558,0.5339678620263173,True,0.999471910892878,0.9989116845487553,0.9719600890339614,0.98,0.3,0.66,0.5,True
0.2,rand,0.373,0.181,0.142,0.141,0.188,0.077,0.108,0.2554109035142284,0.3385087303789786,0.43920548732270037,0.46931989075722746,True,0.9981504898285801,0.9970413014763924,0.9537494737301171,0.94,0.36,0.62,0.5,True
0.2,rand,0.462,0.161,0.145,0.111,0.161,0.09,0.081,0.31144507302309815,0.38829500348043305,0.4939985872926288,0.5223023230240356,True,0.9991963472958483,0.9988228185670603,0.9708865823404794,0.94,0.3,0.64,0.48,True
0.2,rand,0.446,0.172,0.15,0.113,0.165,0.067,0.097,0.32153067720079254,0.40018564024865116,0.5015380632177804,0.5289893650094366,True,0.9993741454806486,0.9984952076768886,0.9670823429954526,0.96,0.3,0.66,0.5,True
0.2,rand,0.396,0.188,0.168,0.11,0.137,0.093,0.117,0.31535275964185755,0.38857114045185426,0.489182666382906,0.5160249478307234,True,0.9991302625490563,0.9981500782062328,0.9631921392472369,0.92,0.32,0.64,0.5,True
0.2,rand,0.44,0.164,0.157,0.098,0.167,0.081,0.103,0.31507552871657235,0.39173679528212496,0.4947837903863942,0.5214378047343655,True,0.9992524915040142,0.9983109621236971,0.9661648302433673,0.92,0.3,0.66,0.48,True
0.2,rand,0.419,0.163,0.167,0.12,0.179,0.077,0.085,0.3011302650906504,0.3797755126659988,0.4804591974585884,0.5087826171704087,True,0.999700412096372,0.9994413372317216,0.9798830716381209,0.94,0.32,0.64,0.48,True
0.2,rand,0.417,0.184,0.171,0.135,0.128,0.087,0.088,0.32599713618200943,0.3998471641000036,0.49852951231703,0.5272056413045412,True,0.9992725197166892,0.9991787111962627,0.9757349746803382,0.94,0.32,0.64,0.48,True
0.2,rand,0.443,0.168,0.136,0.117,0.158,0.084,0.103,0.29821623327975594,0.37665677785235874,0.4804246220103158,0.5089010461928538,True,0.999676982841883,0.9994720975465828,0.980494467247143,0.96,0.3,0.66,0.5,True
0.2,rand,0.438,0.167,0.156,0.11,0.162,0.077,0.1,0.3157604084157567,0.39300438896136947,0.4945377592875343,0.5218617763041871,True,0.9996684994430772,0.9992865190667701,0.9777607992257333,0.94,0.32,0.64,0.48,True
0.2,rand,0.373,0.198,0.147,0.126,0.146,0.094,0.127,0.2820546440321869,0.35890708411525607,0.46031453298790853,0.4887648376499238,True,0.9988202586293514,0.9973007906152064,0.9557178488938688,0.94,0.34,0.64,0.54,True
0.2,rand,0.415,0.159,0.165,0.107,0.194,0.071,0.099,0.2957681414381247,0.3756658271955504,0.4764135476507313,0.5037060088805126,True,0.9993408914644483,0.9986744170962064,0.9691102642336086,0.92,0.3,0.64,0.5,True
0.2,rand,0.428,0.156,0.142,0.112,0.178,0.098,0.097,0.2758057472947902,0.35444704207556765,0.46018111136913564,0.4889658277925554,True,0.9992173173488419,0.9983035149967109,0.9647592074165894,0.92,0.3,0.64,0.48,True
0.2,rand,0.457,0.15,0.151,0.114,0.143,0.088,0.107,0.3107425901348388,0.38644657265872007,0.48723778013286456,0.5152246434427674,True,0.9988349762949207,0.9987997154555862,0.9711012836791758,0.94,0.3,0.64,0.48,True
0.2,rand,0.357,0.164,0.169,0.143,0.166,0.092,0.119,0.255918955072474,0.33479617405615225,0.4306884332224409,0.46061623556071796,True,0.9975773922559631,0.9949367630135124,0.9391124615676217,0.92,0.38,0.6,0.52,True
0.2,rand,0.445,0.184,0.129,0.11,0.162,0.091,0.089,0.30362969543486273,0.3815970417758082,0.4902420304567597,0.51853700698517,True,0.9992777342351447,0.9986033896950947,0.9679155686985575,0.96,0.3,0.68,0.52,True
0.2,rand,0.411,0.149,0.165,0.12,0.183,0.073,0.109,0.28523700679839986,0.36521711947708546,0.4627643432251526,0.4909595748681301,True,0.9993778069391409,0.9989448497498568,0.972415910040139,0.92,0.3,0.64,0.5,True
0.2,rand,0.452,0.179,0.132,0.116,0.177,0.07,0.084,0.3085122609277996,0.3892711801038799,0.4950947308227561,0.5234866251037835,True,0.9994761270388943,0.998775158908548,0.9701401597176678,1.0,0.3,0.68,0.52,True
0.2,rand,0.396,0.154,0.161,0.13,0.181,0.087,0.101,0.2683036618705801,0.348044832022556,0.447542432299045,0.4769553048250877,True,0.9992854869481547,0.9987367503470452,0.9697900120266297,0.92,0.34,0.64,0.5,True
0.2,rand,0.364,0.201,0.162,0.131,0.171,0.09,0.091,0.2852529091025915,0.3631822563883089,0.4659961365106844,0.49494509433586936,True,0.9982506631185183,0.9966781831960994,0.9507642025774224,0.9,0.38,0.6,0.54,True
0.2,rand,0.455,0.184,0.142,0.113,0.14,0.081,0.096,0.33035082103693547,0.40617860596714644,0.5101788838445281,0.537765862318428,True,0.9993216770538922,0.9991201218651572,0.9749113937639324,0.98,0.3,0.66,0.5,True
0.2,rand,0.389,0.197,0.154,0.123,0.183,0.068,0.096,0.2981512949085707,0.3787010521824607,0.48060214181832955,0.5087016032098356,True,0.9990876153032817,0.9989368827244908,0.9724645533121875,0.98,0.3,0.68,0.52,False
0.2,rand,0.364,0.178,0.183,0.104,0.183,0.095,0.104,0.2883658065809989,0.36405704345115925,0.46578748931769676,0.49265776177202375,True,0.9973755850640444,0.9944190488584131,0.9362601207359559,0.82,0.4,0.58,0.54,False
0.2,rand,0.469,0.175,0.141,0.12,0.14,0.074,0.092,0.33255186317454516,0.4094561386124894,0.511936445990777,0.5400015110605526,True,0.9988923930725864,0.9983608980170106,0.9654578254444569,0.96,0.28,0.66,0.48,True
0.2,rand,0.471,0.158,0.125,0.132,0.128,0.089,0.107,0.3013414041819402,0.3787402424361108,0.48075993403802936,0.5104903002553571,True,0.998117092800221,0.9978998356860559,0.9609700642594396,0.96,0.3,0.66,0.5,True
0.2,rand,0.464,0.183,0.138,0.106,0.141,0.079,0.101,0.33481211521769405,0.4107047287719484,0.5154466365793899,0.5424787227031873,True,0.9988288187425701,0.9981524081815084,0.9633883896896392,0.96,0.28,0.68,0.48,True
0.2,rand,0.461,0.171,0.168,0.123,0.129,0.077,0.081,0.3499436329357706,0.4236341090292759,0.5229933313709348,0.5507116158739424,True,0.9985083563805709,0.9986147387062397,0.9686280248986459,0.94,0.3,0.66,0.48,True
0.2,rand,0.371,0.229,0.152,0.114,0.146,0.092,0.107,0.31308422553572474,0.3879030031376086,0.49356118134400295,0.5207213564096053,True,0.9980383873931591,0.996470783233708,0.9492965176449277,0.9,0.36,0.62,0.54,True
0.2,rand,0.358,0.207,0.144,0.142,0.169,0.086,0.104,0.2690193670462791,0.3493429525405406,0.45189303947048026,0.4817727944886363,True,0.9976396432352275,0.9954270968039057,0.9423736574876254,0.94,0.36,0.62,0.52,True
0.2,rand,0.436,0.209,0.163,0.096,0.155,0.069,0.082,0.3599878208712562,0.43462578066793783,0.5398340341597874,0.5653573480814438,True,0.9986541070379384,0.9974940079777896,0.9575797120653766,0.92,0.28,0.68,0.48,False
0.2,rand,0.371,0.163,0.179,0.133,0.184,0.087,0.093,0.27252450942053036,0.3512896741912616,0.4494450324404963,0.4786906939296397,True,0.9982728502939605,0.9967055069704571,0.9508715532467708,0.92,0.38,0.6,0.52,True
0.2,rand,0.417,0.182,0.143,0.121,0.184,0.069,0.094,0.295358948270065,0.3766873035476506,0.4798687177393159,0.5082648893435934,True,0.9995912728772254,0.9994472543836795,0.9799837128906349,0.98,0.32,0.66,0.5,True
0.2,rand,0.421,0.195,0.161,0.132,0.136,0.071,0.093,0.3330530200571638,0.40914637928855985,0.508045073396021,0.5362069620928573,True,0.9994234985643878,0.9989271988538102,0.9720196351083654,0.98,0.3,0.66,0.5,True
0.2,rand,0.385,0.199,0.18,0.129,0.131,0.074,0.113,0.3308181414199962,0.4048954896909523,0.5002061086551014,0.5274667846456401,True,0.999001929210153,0.9979961182603764,0.961703487387135,0.96,0.34,0.64,0.5,False
0.2,rand,0.462,0.176,0.133,0.106,0.159,0.086,0.088,0.3154627625495167,0.3928504118448069,0.5004424272228557,0.5283083823192617,True,0.9990842696000116,0.9983871123762669,0.9657714906814587,0.96,0.3,0.66,0.5,True
0.2,rand,0.396,0.155,0.138,0.147,0.181,0.103,0.089,0.2378677380276553,0.31938754964148314,0.4228548649938465,0.4547234516893591,True,0.9979516232834904,0.9953555315909226,0.9416263961877094,0.92,0.32,0.64,0.5,True
0.2,rand,0.4,0.202,0.161,0.1,0.155,0.085,0.108,0.32309331447101175,0.3978241632801053,0.5018343170099462,0.5279504978201738,True,0.9990440950105942,0.9982033122176152,0.9643348368018223,0.94,0.32,0.66,0.52,True
0.2,rand,0.414,0.158,0.179,0.119,0.175,0.082,0.084,0.30493940771149275,0.38194584905887474,0.4814435793155596,0.5095169846171486,True,0.9993927114536767,0.9988295259482706,0.9707523940037942,0.94,0.32,0.64,0.48,True
0.2,rand,0.419,0.166,0.147,0.118,0.172,0.083,0.105,0.2865477121035136,0.36583395596854557,0.46810832874361996,0.49655923016128944,True,0.9999069513848502,0.9998620628580835,0.9902709262517675,0.96,0.3,0.66,0.5,True
0.2,rand,0.473,0.145,0.126,0.135,0.162,0.078,0.091,0.2882040762611833,0.369439421987604,0.47178328128331837,0.5020966220168844,True,0.9984555375848757,0.9975757765527083,0.9579625681634816,0.94,0.28,0.68,0.48,True
0.2,rand,0.423,0.158,0.17,0.134,0.147,0.064,0.114,0.3131718574748089,0.39102179942296594,0.4841244048772211,0.5124064352691776,True,0.998356968136153,0.9970396717557864,0.9532902980155222,0.92,0.28,0.66,0.48,True
0.2,rand,0.371,0.184,0.165,0.129,0.176,0.077,0.109,0.2829802815902033,0.3624573552606027,0.46107490485907265,0.48956387238134197,True,0.9988354888817486,0.9981508444151213,0.9632193962531261,0.94,0.36,0.62,0.52,True
0.2,rand,0.42,0.166,0.151,0.114,0.18,0.092,0.087,0.2863685151311006,0.3648050819587587,0.4699734952062105,0.49855921351883886,True,0.9995926952948216,0.9991222556062754,0.9748090751572102,0.92,0.32,0.64,0.5,True
0.2,rand,0.361,0.171,0.147,0.141,0.187,0.094,0.109,0.23806077689950067,0.3198534100475609,0.4211325123369458,0.4517809697473652,True,0.9974859592007793,0.9950039500063113,0.9393720321313972,0.92,0.36,0.62,0.54,True
0.2,rand,0.458,0.166,0.145,0.098,0.185,0.074,0.085,0.3157130726018294,0.39483588399804587,0.5010854528383544,0.5281458225455239,True,0.9990430289298189,0.997757408771758,0.9600953240396729,0.94,0.3,0.66,0.5,True
0.2,rand,0.404,0.174,0.17,0.1,0.148,0.096,0.119,0.3095578725069355,0.3828839843518474,0.48419275518017285,0.5106102906992233,True,0.998613228563942,0.9969111986371546,0.9530336628216118,0.88,0.34,0.62,0.5,True
0.2,rand,0.431,0.18,0.13,0.135,0.172,0.078,0.084,0.28690106096865997,0.36830902863682047,0.4730363548617608,0.5030410265906113,True,0.999565330276273,0.9989987783161614,0.9743624795991794,0.96,0.32,0.64,0.5,True
0.2,rand,0.407,0.187,0.153,0.108,0.168,0.086,0.1,0.3032977430273742,0.3804965281057224,0.4849770757072769,0.5123718356049981,True,0.9995959762194433,0.9992527639418219,0.9768785109120279,0.96,0.3,0.68,0.52,True
0.2,rand,0.411,0.172,0.146,0.129,0.164,0.072,0.115,0.28962578146264967,0.36976123026431157,0.46872925422846046,0.49745055309353886,True,0.9996365310172105,0.9993700696269732,0.978667409175463,0.98,0.32,0.66,0.5,True
0.2,rand,0.401,0.168,0.155,0.126,0.173,0.085,0.101,0.2804434187636403,0.3595633694344217,0.46071242184872174,0.4896573567113622,True,0.9996865248344844,0.9994272116293866,0.9797371418219756,0.96,0.32,0.66,0.52,True
0.2,rand,0.464,0.158,0.165,0.11,0.147,0.069,0.097,0.34026943125659465,0.4159609407144472,0.514699912928157,0.5415673604579619,True,0.9982892395090814,0.9970791347705413,0.9539000162703358,0.9,0.3,0.66,0.48,True
0.2,rand,0.353,0.199,0.172,0.139,0.142,0.088,0.118,0.2916203593655039,0.3673806341736518,0.4641778183182221,0.4928594179972088,True,0.9979817108499005,0.9955166320987849,0.9428613482237658,0.9,0.4,0.58,0.52,True
0.2,rand,0.387,0.179,0.154,0.134,0.157,0.092,0.106,0.27871397041217266,0.3565787938641336,0.4572054998673739,0.48660843301944595,True,0.9992063924351733,0.9981314347399045,0.9632026227110406,0.94,0.36,0.62,0.52,True
0.2,rand,0.426,0.174,0.154,0.103,0.165,0.084,0.104,0.3094514612035507,0.38624785316624755,0.4897685780879999,0.5167668172613221,True,0.999593258337381,0.9990790999695128,0.974998616182778,0.94,0.3,0.66,0.48,True
0.2,rand,0.362,0.221,0.161,0.114,0.162,0.084,0.105,0.30777928340420874,0.3840843153278919,0.487854083115888,0.5148960244648603,True,0.998164692303155,0.9971078101992612,0.9541595868341113,0.9,0.36,0.62,0.54,False
0.2,rand,0.402,0.174,0.151,0.142,0.166,0.07,0.105,0.28580588201327684,0.3667543697236458,0.46435723999889783,0.4939999797626865,True,0.9988664180280563,0.9977760363602188,0.9596877269669915,0.98,0.32,0.66,0.5,True
0.2,rand,0.398,0.156,0.192,0.119,0.175,0.081,0.088,0.30514957599399695,0.3813181486979465,0.4784853692358063,0.5061914986594778,True,0.998729142848487,0.9974175206258791,0.9562436994382539,0.88,0.32,0.62,0.5,False
0.2,rand,0.463,0.201,0.125,0.11,0.144,0.066,0.101,0.33868749178019947,0.4168063328203995,0.5223327919085509,0.5494766344268045,True,0.9985591274331218,0.9970920784895592,0.9535276436360344,0.96,0.26,0.7,0.48,True
0.2,rand,0.451,0.192,0.155,0.093,0.138,0.078,0.104,0.3522802266653722,0.42576808213295536,0.529659655486132,0.5551593871573324,True,0.9984172761899858,0.9972412331413077,0.9555752737861406,0.92,0.28,0.68,0.46,True
0.2,rand,0.41,0.18,0.174,0.099,0.149,0.075,0.122,0.3309879969231251,0.40526707016453034,0.5036071604957215,0.5291364457262547,True,0.9991936418920849,0.9980365327258075,0.9640056560383913,0.92,0.32,0.64,0.46,False
0.2,rand,0.408,0.161,0.158,0.139,0.15,0.099,0.096,0.27947992094899254,0.35627557200615917,0.4563813336514422,0.4864806423051907,True,0.9989500943554728,0.9979145886677199,0.9609704835979919,0.92,0.34,0.62,0.48,True
0.2,rand,0.442,0.151,0.168,0.103,0.17,0.088,0.088,0.3117013053291029,0.3875111278587464,0.490176460688202,0.5174494570326716,True,0.9989928577036831,0.9980450493696641,0.9637951480852164,0.92,0.3,0.66,0.48,True
0.2,rand,0.366,0.194,0.156,0.124,0.185,0.082,0.104,0.27612144926917054,0.3561554893705631,0.4585184294457443,0.48702205698893747,True,0.9985116122400872,0.997908313245931,0.9608920672887413,0.94,0.34,0.64,0.54,True
0.2,rand,0.439,0.186,0.152,0.109,0.154,0.076,0.094,0.32874144819435175,0.40520371942321565,0.5086485372001124,0.5357400352813978,True,0.9996615668255887,0.9993488132336277,0.9784573205608402,0.98,0.3,0.66,0.5,True
0.2,rand,0.476,0.155,0.135,0.124,0.151,0.073,0.097,0.31334296547806473,0.3923397739564363,0.49388612877260063,0.5226853328241685,True,0.9984753128678521,0.9976396800839314,0.9584888380464192,0.92,0.26,0.68,0.48,True
0.2,rand,0.404,0.185,0.171,0.132,0.149,0.075,0.093,0.3183221321315651,0.39466570965462355,0.49272928984940745,0.5210198639619154,True,0.9994797622387048,0.9989859917473196,0.9727962501069314,0.96,0.32,0.64,0.48,True
0.2,rand,0.391,0.221,0.129,0.11,0.177,0.086,0.095,0.2943730480044752,0.3737611653008568,0.4838498349579405,0.5117141080292472,True,0.9982603058055687,0.9975967263810734,0.9583089418075504,0.96,0.32,0.66,0.54,True
0.2,rand,0.47,0.165,0.148,0.096,0.176,0.064,0.091,0.33248439928693746,0.4111403058415371,0.5150979963761503,0.5414571054297507,True,0.9982285514639128,0.9957426604638867,0.944463640831498,0.86,0.26,0.68,0.48,True
0.2,rand,0.447,0.195,0.161,0.125,0.132,0.06,0.09,0.35710864844172496,0.43277797478559343,0.531478749111477,0.5587403284405426,True,0.9984686167955128,0.9970270692073577,0.9534207123052383,0.94,0.26,0.7,0.5,False
0.2,rand,0.382,0.235,0.133,0.123,0.155,0.071,0.11,0.31074101545341826,0.38985538724084756,0.4947929806369953,0.5225189957438471,True,0.9984275655784532,0.9978343134265967,0.9609511940245934,0.94,0.32,0.66,0.52,True
0.2,rand,0.353,0.211,0.163,0.115,0.184,0.09,0.094,0.2863444263083856,0.36416753059634566,0.4694691379193109,0.49725547823778543,True,0.9972301622061702,0.9954297227589166,0.9421103128768804,0.88,0.4,0.58,0.54,True
0.2,rand,0.434,0.191,0.143,0.102,0.169,0.085,0.085,0.3163702123792516,0.39351693300348634,0.5016273579020655,0.5289076159920248,True,0.9993344918330942,0.9987979538265424,0.9703167012481192,0.96,0.3,0.68,0.52,True
0.2,rand,0.36,0.212,0.164,0.11,0.169,0.076,0.12,0.3042312831031781,0.3815511242420312,0.4827296703589147,0.5092326780864408,True,0.9983467711956063,0.9976980605600105,0.9589106926298733,0.96,0.32,0.66,0.52,False
0.2,rand,0.415,0.167,0.129,0.119,0.202,0.075,0.104,0.26406123463809483,0.3479145845399299,0.4526233142961316,0.4816864005250037,True,0.9993300214552959,0.999366458429927,0.9787017949367385,0.96,0.3,0.68,0.52,True
0.2,rand,0.48,0.139,0.132,0.13,0.129,0.09,0.109,0.29966919327142755,0.3766496678992783,0.4769079170861857,0.5065684442262239,True,0.9973374514903407,0.997559165860546,0.958363875157881,0.92,0.3,0.64,0.46,True
0.2,rand,0.381,0.198,0.162,0.137,0.156,0.081,0.095,0.2995800955756311,0.3772185347941225,0.4771928852802688,0.5061703658677691,True,0.9990776804070173,0.9981255102596998,0.9632047194038011,0.94,0.36,0.62,0.52,True
0.2,rand,0.391,0.159,0.177,0.141,0.153,0.088,0.101,0.28697648437905754,0.36372619310998144,0.45927916273703157,0.48877577963961577,True,0.9986725763312749,0.9975118612148658,0.9573327216581652,0.9,0.36,0.62,0.48,True
0.2,rand,0.388,0.171,0.18,0.114,0.167,0.096,0.093,0.29784693011724894,0.37285282823311255,0.4739477140676981,0.5016679146881242,True,0.9986744273513204,0.9970520373575769,0.953585931694782,0.86,0.38,0.58,0.5,True
0.2,rand,0.437,0.141,0.152,0.125,0.168,0.088,0.1,0.2807689707768895,0.3596317416861172,0.4599943233294143,0.4892860608844842,True,0.99940627699246,0.9993010171883044,0.9780824318952257,0.92,0.3,0.64,0.46,True
0.2,rand,0.487,0.16,0.147,0.104,0.13,0.076,0.106,0.34554978410284426,0.4200695140033428,0.5213738770873195,0.548037364441019,True,0.9972276395281092,0.9962649222030904,0.947770544653685,0.92,0.26,0.68,0.46,True
0.2,rand,0.452,0.141,0.171,0.104,0.142,0.088,0.112,0.3206591080540313,0.3943751437103153,0.4925915033383972,0.5194530070688242,True,0.9980440785826423,0.9974513840460262,0.9580313396860328,0.9,0.32,0.62,0.46,True
0.2,rand,0.44,0.161,0.142,0.13,0.144,0.086,0.107,0.29537116550366044,0.37317158337054224,0.4737108693896115,0.5030047737396083,True,0.9994250618240044,0.9993793716145841,0.9793211579782514,0.94,0.3,0.64,0.48,True
0.2,rand,0.404,0.203,0.139,0.128,0.164,0.073,0.099,0.3012956040717865,0.38123020194080537,0.4844917217299498,0.5131341681089528,True,0.9994733116090846,0.9991584245742097,0.9757991334788159,0.98,0.3,0.68,0.52,True
0.2,rand,0.419,0.175,0.121,0.138,0.182,0.062,0.113,0.2712212392804326,0.3560266918143121,0.45706848302124664,0.48694881818401164,True,0.9983331902488364,0.9968111322448693,0.9520788289383857,0.96,0.32,0.64,0.48,True
0.2,rand,0.418,0.151,0.166,0.115,0.171,0.089,0.1,0.2907920618023669,0.3679611420082445,0.46832101845510493,0.496481162283378,True,0.9994826223733777,0.9990019591822855,0.9735300925731788,0.94,0.32,0.64,0.5,True
0.2,rand,0.348,0.205,0.163,0.141,0.147,0.09,0.116,0.2826861277934266,0.3594702484747763,0.4580043049740906,0.48713500927247955,True,0.9975294681002372,0.9945593575023355,0.9371306675702015,0.92,0.38,0.6,0.54,True
0.2,rand,0.432,0.19,0.153,0.105,0.156,0.082,0.092,0.32718760590847257,0.40301453147148525,0.5078329248726275,0.5347616172781199,True,0.9995725914528033,0.9992393434796544,0.9769644753152168,0.96,0.3,0.66,0.5,True
0.2,rand,0.453,0.17,0.15,0.107,0.147,0.086,0.096,0.3239836688105522,0.3993220490187193,0.5030580691731511,0.530388582496218,True,0.9991843363361257,0.9988409441706331,0.9713067595697251,0.96,0.3,0.66,0.5,True
0.2,rand,0.427,0.171,0.15,0.136,0.142,0.079,0.105,0.30343723627457814,0.38112374725986914,0.479634035618479,0.5088228658419662,True,0.9994753679242782,0.9992386652097243,0.9768424477965437,0.96,0.3,0.64,0.48,True
0.2,rand,0.355,0.216,0.152,0.109,0.179,0.091,0.107,0.28521894781225693,0.36309251036191,0.46954788590782587,0.4969400778105346,True,0.9971954967315751,0.9954201773106706,0.9421836971235054,0.88,0.4,0.58,0.54,True
0.2,rand,0.456,0.14,0.141,0.123,0.174,0.079,0.097,0.28642215797793924,0.36694577246862053,0.46830360689258027,0.4975310963064344,True,0.9991802654809143,0.9987859037464781,0.970647978704311,0.94,0.28,0.66,0.48,True
0.2,rand,0.384,0.177,0.147,0.133,0.173,0.084,0.112,0.2675429015905719,0.3480545786999935,0.4486378772210175,0.4781116603057966,True,0.9991541491603361,0.9984903799909166,0.9669385098720683,0.94,0.36,0.62,0.52,True
0.2,rand,0.36,0.207,0.153,0.137,0.153,0.082,0.117,0.2863176596451485,0.3645546698707706,0.464076178447886,0.4929443596302777,True,0.9983560144685769,0.9967330436710892,0.9514334669066401,0.94,0.36,0.62,0.52,True
0.2,rand,0.37,0.178,0.162,0.148,0.157,0.098,0.097,0.26731804453995944,0.3451828359733606,0.4446484415690995,0.4752108083430619,True,0.9978401078706642,0.9950031158075797,0.9396458602059456,0.92,0.38,0.6,0.54,True
0.2,rand,0.379,0.18,0.156,0.136,0.181,0.071,0.108,0.2773790940027957,0.35878287376021667,0.45718638705731895,0.4863132170690915,True,0.9986628090782469,0.9979077632203154,0.9609163889247657,0.98,0.32,0.66,0.52,True
0.2,rand,0.426,0.165,0.16,0.134,0.153,0.09,0.082,0.3008325713621281,0.3775533000198862,0.4785102869260613,0.5080310159012863,True,0.9995574948809677,0.9994279338687957,0.9798692334659003,0.94,0.3,0.64,0.48,True
0.2,rand,0.378,0.207,0.144,0.129,0.166,0.071,0.115,0.2917912605538298,0.3719823277838812,0.47320753322261244,0.5015755418066573,True,0.9989030074393664,0.9984519750935372,0.9667120670539119,0.96,0.32,0.66,0.52,True
0.2,rand,0.441,0.148,0.13,0.129,0.179,0.088,0.096,0.26593470468332886,0.3475196744776245,0.4514014175110211,0.4816034456034467,True,0.9993719061142319,0.9989166486215381,0.9721064381886588,0.92,0.3,0.66,0.48,True
0.2,rand,0.425,0.188,0.14,0.128,0.153,0.074,0.102,0.30756748911449416,0.3864570281795464,0.48835639339610754,0.5169983132786832,True,0.999763903635586,0.999457649094275,0.9806601059752389,1.0,0.3,0.68,0.52,True
0.2,rand,0.349,0.179,0.163,0.128,0.192,0.093,0.106,0.25321059844272015,0.33326142328026764,0.4346655267032502,0.4639026170838012,True,0.9972672355584737,0.994974751422213,0.9392063934033013,0.88,0.4,0.58,0.54,True
0.2,rand,0.453,0.164,0.156,0.102,0.15,0.089,0.097,0.3232833851853788,0.3980303425916123,0.5015909203671807,0.5286060944605215,True,0.9988566378627013,0.9981951049886126,0.964363351823368,0.96,0.3,0.66,0.48,True
0.2,rand,0.43,0.205,0.142,0.139,0.132,0.073,0.089,0.3281941155528647,0.40534813535222386,0.507093400650956,0.5361236038320674,True,0.9992750439138471,0.9985293634126479,0.9677864124244981,0.98,0.32,0.66,0.5,True
0.2,rand,0.387,0.216,0.124,0.113,0.168,0.088,0.113,0.2849473553386024,0.36434161286989525,0.4727528311329226,0.5007570703463415,True,0.9982863992311803,0.9972915366683226,0.9555148890346323,0.96,0.32,0.66,0.54,True
0.2,rand,0.426,0.17,0.182,0.108,0.141,0.076,0.106,0.3397509235345892,0.4131077449109119,0.5101929851972481,0.5364341298768305,True,0.998926495504622,0.9980688254584458,0.962966954444737,0.92,0.32,0.64,0.46,False
0.2,rand,0.455,0.181,0.142,0.111,0.159,0.077,0.086,0.3240002858396565,0.4015726324409038,0.5068675585755629,0.5346010908433446,True,0.999520933681464,0.9991045505626293,0.974506732061116,1.0,0.3,0.68,0.52,True
0.2,rand,0.365,0.165,0.174,0.131,0.186,0.068,0.121,0.2727330235237262,0.35370973557264995,0.44809847289533583,0.47657398812435486,True,0.9978977518618815,0.9965823798076778,0.9499733300680838,0.94,0.34,0.62,0.52,False
0.2,rand,0.384,0.202,0.149,0.117,0.173,0.081,0.103,0.2946891622072428,0.3735016519862796,0.47751041958681895,0.5053940178562245,True,0.9992267348839728,0.9990626350280315,0.9741762932820287,0.96,0.32,0.66,0.54,True
0.2,rand,0.4,0.207,0.156,0.11,0.151,0.087,0.1,0.3194888564589442,0.39455406965202716,0.4991849603303159,0.5262251561061667,True,0.9993032814367742,0.9987915916871691,0.9703083144770764,0.96,0.32,0.66,0.54,True
0.2,rand,0.469,0.154,0.122,0.145,0.149,0.081,0.089,0.28801099788915097,0.36881508964251336,0.47102951031124546,0.5020689758545587,True,0.9981724114875179,0.9970722132416823,0.9544556398519232,0.94,0.3,0.66,0.48,True
0.2,rand,0.378,0.176,0.17,0.1,0.185,0.097,0.104,0.28409981767253695,0.3604871158832699,0.46456529072743763,0.4915557993772635,True,0.997768921561151,0.9952078189752437,0.9410020010835708,0.82,0.38,0.6,0.56,True
0.2,rand,0.414,0.168,0.137,0.117,0.191,0.067,0.116,0.27809687463238036,0.360921815231289,0.46247990946976075,0.49070349726193163,True,0.9993771417915425,0.999261230916452,0.9768353190411573,0.96,0.3,0.68,0.5,True
0.2,rand,0.449,0.146,0.124,0.131,0.171,0.074,0.115,0.27102747712010555,0.3537800602916969,0.4543362991090306,0.48422760133841064,True,0.9988038693057234,0.9980081891038061,0.9621018590116694,0.94,0.28,0.68,0.48,True
0.2,rand,0.403,0.19,0.138,0.138,0.145,0.076,0.12,0.2918190488343379,0.37112698102709857,0.47040969577862496,0.49960325176544634,True,0.9993537467167425,0.9986033852167218,0.9693161594627098,0.96,0.34,0.64,0.52,True
0.2,rand,0.419,0.191,0.164,0.125,0.14,0.086,0.084,0.32626884364766906,0.4008636497969838,0.5028135944818503,0.5309698123051053,True,0.9997085595576631,0.9997174826606765,0.9857684882174254,0.96,0.3,0.66,0.5,True
0.2,rand,0.406,0.187,0.135,0.107,0.181,0.093,0.101,0.2803849733034393,0.3595360896373041,0.46766088528571015,0.4957918953402322,True,0.9989325532305794,0.9980161866635325,0.9618137734263481,0.96,0.32,0.66,0.54,True
0.2,rand,0.403,0.16,0.152,0.124,0.189,0.066,0.117,0.27658452042649556,0.3589121968208467,0.4568385862492375,0.4853357595802734,True,0.9990931952731422,0.9986865856495898,0.9690729431024679,0.96,0.3,0.68,0.52,True
0.2,rand,0.461,0.155,0.15,0.124,0.156,0.067,0.096,0.31750473657722866,0.396304962258869,0.4952729005850019,0.523685741917292,True,0.9986689456887562,0.9976520277722304,0.9588939190877878,0.9,0.26,0.68,0.48,True
0.2,rand,0.474,0.149,0.146,0.095,0.179,0.087,0.08,0.31132889728090385,0.38890571322117373,0.4960719303707139,0.5234673964034572,True,0.9983421206962725,0.9967612443922833,0.9520662487818214,0.92,0.28,0.66,0.46,True
0.2,rand,0.446,0.187,0.123,0.117,0.166,0.072,0.097,0.3059973528963892,0.3865450916513092,0.49252991053711875,0.5209081915354704,True,0.9994120736506975,0.9987371163522475,0.9694306388874444,1.0,0.3,0.68,0.52,True
0.2,rand,0.474,0.18,0.142,0.094,0.129,0.087,0.104,0.3468212504047031,0.41996840672139296,0.5255158415002952,0.5516427425145656,True,0.9974609713524726,0.9963665910386196,0.9487505388500396,0.94,0.28,0.68,0.46,True
0.2,rand,0.448,0.174,0.145,0.114,0.165,0.07,0.094,0.3184162839723535,0.3971890631263707,0.49992426478093555,0.5276550492027975,True,0.9995464370462861,0.9989349293396625,0.9723412677778579,0.98,0.3,0.66,0.5,True
0.2,rand,0.435,0.201,0.139,0.102,0.14,0.073,0.12,0.3343871302415316,0.41037214293740565,0.5138864656649437,0.5400344300867808,True,0.9992025223178178,0.9985653043906896,0.9675650016689674,0.96,0.26,0.7,0.5,True
0.2,rand,0.441,0.191,0.142,0.098,0.153,0.089,0.097,0.3249116269343133,0.40027126188907647,0.5077937403585843,0.534497106483726,True,0.9988525868642614,0.9979271936588975,0.9610581253553894,0.94,0.3,0.66,0.5,True
0.2,rand,0.449,0.173,0.131,0.128,0.161,0.076,0.092,0.300433741494821,0.3805754858988169,0.48431789431423483,0.5135959993735032,True,0.9995383399322195,0.9990294563918113,0.9735778971681229,0.98,0.3,0.66,0.5,True
0.2,rand,0.444,0.164,0.152,0.106,0.173,0.075,0.097,0.3115656124339334,0.3900095493678165,0.49270696537185293,0.5200347798018519,True,0.9995308645629715,0.9988857759402298,0.9720783425056653,0.94,0.3,0.66,0.5,True
0.2,rand,0.444,0.177,0.148,0.101,0.164,0.069,0.108,0.3241490657785893,0.402029940208927,0.5045521913230849,0.5310415961070015,True,0.999259935840275,0.9982179711534485,0.9641369090052117,0.94,0.3,0.66,0.48,True
0.2,rand,0.442,0.174,0.154,0.111,0.159,0.062,0.109,0.32792632700848984,0.40608560246223785,0.5054600539533369,0.5322868906691374,True,0.9990529062088935,0.99769497821809,0.9590998143168891,0.92,0.3,0.66,0.5,True
0.2,rand,0.457,0.15,0.131,0.12,0.172,0.067,0.115,0.29064564113331615,0.3725096162967551,0.47296109011359616,0.5015688727542849,True,0.9987610362960517,0.9976162923922166,0.9584104217371687,0.94,0.26,0.68,0.5,True
0.2,rand,0.399,0.218,0.167,0.121,0.153,0.068,0.084,0.3408230513147629,0.41689643377435337,0.5186910450882128,0.5457572538472477,True,0.999142815935018,0.9986435924556254,0.9684506446910901,0.98,0.3,0.68,0.52,False
0.2,rand,0.408,0.185,0.161,0.105,0.174,0.068,0.109,0.3156279639741305,0.3937952522155293,0.494732158289064,0.5211911640321909,True,0.9994514297721974,0.9988835624026492,0.9715298476794643,0.94,0.32,0.64,0.48,False
0.2,rand,0.452,0.143,0.158,0.12,0.159,0.084,0.094,0.3036593034870761,0.3809408078354564,0.4810270593742203,0.5095903527763755,True,0.9991553061699351,0.9990600286150114,0.9745826323390536,0.94,0.28,0.66,0.48,True
0.2,rand,0.417,0.169,0.17,0.138,0.137,0.088,0.09,0.3108276201919449,0.38589236363503954,0.48372374452019185,0.5129481968277675,True,0.9991670964265232,0.9989514366221238,0.9725551304394501,0.92,0.32,0.64,0.46,True
0.2,rand,0.406,0.175,0.171,0.121,0.159,0.074,0.103,0.3127219680375304,0.3895934401707594,0.4876247337359967,0.5152509894802816,True,0.9996490344899754,0.9992515828727543,0.9764969128295792,0.94,0.32,0.64,0.48,True
0.2,rand,0.467,0.146,0.149,0.125,0.132,0.074,0.117,0.31855771045710435,0.3952865182455433,0.4917676158736225,0.5200565390181766,True,0.9978190179174921,0.9975980438369519,0.9585961887157672,0.92,0.28,0.66,0.46,True
0.2,rand,0.469,0.192,0.121,0.124,0.146,0.065,0.093,0.3290702647885002,0.40863055727794695,0.51320933377205,0.5416415100790701,True,0.9984703703763181,0.9967609972675248,0.9509608723583769,0.96,0.26,0.7,0.5,True
0.2,rand,0.449,0.19,0.131,0.091,0.17,0.087,0.092,0.3170584518437925,0.3942832258551635,0.5048087269390221,0.5314900327928787,True,0.9983176588896553,0.9967473284592242,0.9510485141157744,0.94,0.28,0.7,0.5,True
0.2,rand,0.393,0.192,0.17,0.125,0.158,0.076,0.096,0.3143527616171071,0.39113167708851415,0.49051995715722096,0.5183471265086469,True,0.9995035336156046,0.9990707286692126,0.9738643053992354,0.96,0.34,0.64,0.5,False
0.2,rand,0.365,0.172,0.188,0.102,0.185,0.095,0.102,0.28889552817577435,0.36442916536140446,0.46557973552657084,0.4923547357943938,True,0.997219180868888,0.993969150296816,0.9338405372901001,0.82,0.38,0.6,0.56,False
0.2,rand,0.419,0.154,0.154,0.125,0.168,0.077,0.114,0.28523873149160467,0.3648402419980473,0.46299028960297517,0.4916363026954547,True,0.9996513942991057,0.9995339023494211,0.9818812198390747,0.94,0.28,0.66,0.48,True
0.2,rand,0.44,0.169,0.147,0.1,0.172,0.077,0.106,0.30981761354414894,0.3879584611641444,0.49183592242252727,0.5186896930800023,True,0.9994216582865302,0.998661366710489,0.96947089538845,0.94,0.3,0.66,0.5,True
0.2,rand,0.4,0.223,0.131,0.126,0.141,0.073,0.115,0.31504106928248166,0.3931811673188159,0.4965401522670194,0.5245053631439893,True,0.9991501669553023,0.99851321969264,0.9677742516064861,0.94,0.32,0.66,0.5,True
0.2,rand,0.379,0.187,0.143,0.149,0.145,0.082,0.125,0.27327627875554833,0.352852929534928,0.45018292731233867,0.4802681344092872,True,0.9983845474559264,0.9964448823605538,0.9499825555162309,0.96,0.34,0.64,0.52,True
0.2,rand,0.423,0.182,0.168,0.091,0.16,0.082,0.103,0.33170111548480746,0.4059886765198421,0.5092770055653526,0.534835546748213,True,0.998720903373303,0.9971746018738716,0.956940640111913,0.92,0.32,0.64,0.46,False
0.2,rand,0.466,0.153,0.128,0.136,0.171,0.074,0.082,0.28925227287205574,0.3713090145989135,0.4742892823543083,0.5046610147033869,True,0.9987574590389521,0.9976724577022159,0.9588641460505857,0.94,0.28,0.68,0.48,True
0.2,rand,0.429,0.152,0.166,0.113,0.181,0.068,0.101,0.30426298978786404,0.3836208597170094,0.48207123090363313,0.509603807720244,True,0.999204194843932,0.9982049052969886,0.9638425333416083,0.9,0.28,0.66,0.52,True
0.2,rand,0.361,0.205,0.157,0.11,0.194,0.088,0.096,0.28154972939753226,0.3606299554174033,0.466848720129674,0.4944874344194237,True,0.9975616743733364,0.9964401829188961,0.9490583333473113,0.9,0.38,0.6,0.54,True
0.2,rand,0.445,0.159,0.164,0.102,0.177,0.061,0.101,0.3244077437608942,0.40304150247273746,0.5025671594133745,0.5289884833912644,True,0.9985959487237823,0.9964376843939502,0.9491187180988198,0.88,0.28,0.66,0.5,False
0.2,rand,0.41,0.186,0.169,0.105,0.152,0.072,0.117,0.32923160125893725,0.4046463989328158,0.5036917478287364,0.529691407745996,True,0.9994919592878453,0.9987595884202696,0.9706584621681145,0.94,0.32,0.64,0.48,False
0.2,rand,0.385,0.185,0.144,0.111,0.194,0.083,0.109,0.27274588639407743,0.3535989775136342,0.45846627220361,0.48642926531507424,True,0.9989636498031098,0.9988792257091954,0.9718791566933982,0.96,0.32,0.66,0.54,True
0.2,rand,0.458,0.205,0.137,0.101,0.159,0.07,0.081,0.3454770667814922,0.4226962790674683,0.5308081744039422,0.5573763325089565,True,0.9987514675022338,0.9975916886187005,0.9577918973727602,0.96,0.26,0.7,0.5,True
0.2,rand,0.467,0.18,0.138,0.098,0.168,0.077,0.083,0.3291463550215431,0.4068021179781199,0.5147472145072395,0.5416808477162746,True,0.9987853414186344,0.9975154907325283,0.9576145171652043,0.96,0.28,0.68,0.48,True
0.2,rand,0.444,0.188,0.156,0.12,0.143,0.065,0.094,0.3412157157747084,0.41783555572947395,0.518030654133626,0.5453953842842629,True,0.9991986723827547,0.9983500359271357,0.9654062468025435,0.96,0.3,0.66,0.5,True
0.2,rand,0.388,0.202,0.133,0.104,0.187,0.08,0.116,0.28304067904252367,0.3635608734011514,0.470492891592658,0.4977690901414182,True,0.9986259793240441,0.9985071714464938,0.9673716865964301,0.96,0.32,0.66,0.54,True
0.2,rand,0.42,0.184,0.141,0.123,0.153,0.084,0.104,0.2996267203668441,0.3775284513041482,0.4805425366846355,0.5090956494581262,True,0.999906601883967,0.9997894529628434,0.9877414761052508,0.96,0.32,0.66,0.52,True
0.2,rand,0.388,0.185,0.162,0.122,0.158,0.104,0.092,0.28882542641134745,0.3641419736945109,0.4681775783558821,0.4969293873307772,True,0.9985048638673986,0.9965275710375385,0.9496307304709843,0.88,0.4,0.58,0.54,True
0.2,rand,0.375,0.203,0.136,0.111,0.194,0.09,0.1,0.26997874799848776,0.3505956950177253,0.45918307883649107,0.487442479661158,True,0.9978636586529365,0.9969061254549233,0.9526042601442191,0.96,0.32,0.66,0.54,True
0.2,rand,0.378,0.172,0.188,0.141,0.139,0.091,0.1,0.3004758334512699,0.37471305095229646,0.4695372033822297,0.49857397471540243,True,0.9980913894570914,0.9961962536831155,0.9472145017335455,0.9,0.38,0.58,0.5,True
0.2,rand,0.46,0.167,0.129,0.098,0.148,0.092,0.117,0.3073145194751811,0.3836361147119501,0.48989364357764087,0.5170742012071389,True,0.9982191522664561,0.9969385761519868,0.9526885471931994,0.92,0.3,0.64,0.48,True
0.2,rand,0.429,0.188,0.125,0.107,0.176,0.091,0.093,0.28955411358024574,0.3689714044930824,0.47874129734986554,0.5070372677692219,True,0.9990819521085916,0.9982478215443641,0.9639280784062452,0.96,0.3,0.68,0.52,True
0.2,rand,0.43,0.195,0.166,0.102,0.157,0.071,0.091,0.3456107292151773,0.4208891968491021,0.5236183724683522,0.5496112456835275,True,0.999192461770506,0.9982914189115433,0.9652796065597968,0.94,0.3,0.66,0.48,False
0.2,rand,0.424,0.168,0.124,0.136,0.177,0.093,0.088,0.2611882095299393,0.3428816268865169,0.44903178256140536,0.4798763834892297,True,0.9991572412828663,0.9980399464673217,0.9623886865813341,0.94,0.34,0.62,0.5,True
0.2,rand,0.379,0.189,0.178,0.12,0.142,0.084,0.119,0.31271697586205716,0.3870062614167297,0.48406215643079264,0.5111593490062537,True,0.999216516676064,0.9982551542692792,0.9643004510405467,0.92,0.36,0.6,0.5,False
0.2,rand,0.438,0.19,0.132,0.099,0.167,0.081,0.104,0.3112523950919883,0.38944561939500877,0.4970675930586462,0.5240266158583656,True,0.9991398498975628,0.9983747300823591,0.9654595027986655,0.96,0.3,0.68,0.52,True
0.2,rand,0.4,0.164,0.134,0.137,0.186,0.075,0.114,0.2550531456349546,0.33870769072047496,0.43901514609039444,0.4691253686571807,True,0.9988996147525874,0.9983032695004518,0.9655593053740752,0.94,0.34,0.62,0.5,True
0.2,rand,0.423,0.186,0.163,0.113,0.153,0.077,0.096,0.3274965776371737,0.40334783883778075,0.5048617532037087,0.5319636193641898,True,0.9997890150733079,0.9995886577862105,0.9832516182274728,0.96,0.3,0.66,0.48,True
0.2,rand,0.436,0.156,0.172,0.108,0.162,0.087,0.088,0.3169387332957516,0.39204960277840933,0.4933907057601655,0.520748620989409,True,0.9991603020468881,0.9985396107440627,0.9688154692314531,0.92,0.3,0.66,0.48,True
0.2,rand,0.395,0.18,0.149,0.135,0.174,0.066,0.111,0.28492557417705044,0.36648158459296,0.46477907213398084,0.4938173386317586,True,0.9989004100000177,0.9980902784930735,0.9624687802447932,0.98,0.32,0.66,0.5,True
0.2,rand,0.417,0.188,0.126,0.115,0.168,0.087,0.109,0.283785603524964,0.3635267705744893,0.46997387245868955,0.498489086362426,True,0.9994565993687758,0.9989961434044045,0.9727404780794965,0.96,0.32,0.66,0.54,True
0.2,rand,0.365,0.2,0.151,0.126,0.179,0.075,0.114,0.2799621195601305,0.36042892625566053,0.4616190443944776,0.48992409895109595,True,0.9985497034960807,0.9981558182588993,0.9634387103158961,0.94,0.34,0.64,0.52,True
0.2,rand,0.453,0.189,0.134,0.114,0.13,0.083,0.108,0.3279356420864514,0.4035608441212461,0.5076749663669802,0.5352389598833044,True,0.9991081353779571,0.9988387481394191,0.9713075982468294,0.96,0.3,0.66,0.5,True
0.2,rand,0.373,0.203,0.166,0.101,0.192,0.082,0.093,0.30175058106649993,0.37962449045128993,0.48508852756791354,0.5116475163354798,True,0.9979736509537174,0.9970779207243643,0.9541646188967371,0.92,0.34,0.64,0.52,False
0.2,rand,0.368,0.216,0.151,0.13,0.151,0.09,0.103,0.29494507941067205,0.37181487105411987,0.4751504903300203,0.5037754958652289,True,0.9984363075493189,0.9968393138311973,0.952129988241747,0.94,0.34,0.64,0.54,True
0.2,rand,0.447,0.182,0.155,0.102,0.125,0.087,0.111,0.3399041650567673,0.4125514773228652,0.514893964217538,0.5412547671993321,True,0.9986110511549935,0.9982481598650794,0.9649026212014218,0.94,0.3,0.66,0.48,True
0.2,rand,0.423,0.2,0.154,0.119,0.147,0.072,0.095,0.33246166603234617,0.4089326103036498,0.5108595236425876,0.5382504126451302,True,0.9997519931532983,0.9995451613859837,0.981893799995639,0.98,0.3,0.66,0.5,True
0.2,rand,0.401,0.188,0.161,0.105,0.164,0.078,0.113,0.3116046567033538,0.38824818844402526,0.48985969354241055,0.5163965313128671,True,0.9995786978983809,0.9991674236609637,0.9764767845790765,0.94,0.32,0.66,0.5,True
0.2,rand,0.446,0.178,0.151,0.119,0.136,0.072,0.108,0.33152323423829005,0.4076629150977633,0.5073073398601642,0.5347593722947311,True,0.9992994666579629,0.9989618415108393,0.9726448688896083,0.98,0.3,0.66,0.5,True
0.2,rand,0.463,0.147,0.113,0.133,0.171,0.078,0.105,0.26917682112522096,0.3523997794934657,0.4556767664609555,0.48613051405650104,True,0.9984868317485603,0.9972964901558605,0.9556587221580168,0.92,0.3,0.66,0.48,True
0.2,rand,0.423,0.203,0.131,0.114,0.166,0.069,0.105,0.3112945143746411,0.3912318459059829,0.49631342712247395,0.5238882637263882,True,0.9994256161860077,0.9990875930001305,0.9741037477125082,0.98,0.28,0.7,0.52,True
0.2,rand,0.369,0.19,0.163,0.113,0.186,0.082,0.107,0.2847335156988914,0.36360849198646206,0.46572587724308545,0.49326450615182826,True,0.9986667501591471,0.9981028028735389,0.9626717401040297,0.92,0.36,0.62,0.54,True
0.2,rand,0.361,0.162,0.173,0.15,0.179,0.099,0.087,0.25110278682373444,0.33028808669676635,0.42887100144299267,0.45992945120340667,True,0.9968150098444014,0.9931741703052904,0.9291934274552691,0.88,0.4,0.58,0.52,True
0.2,rand,0.446,0.19,0.145,0.107,0.159,0.066,0.098,0.333663417872193,0.4115492085560641,0.5150184974918215,0.5417949506963011,True,0.9992474946504989,0.9982560454654839,0.964242162981799,0.96,0.28,0.68,0.5,True
0.2,rand,0.461,0.186,0.138,0.098,0.143,0.092,0.09,0.33215557664605366,0.4065744894132591,0.5150234520169182,0.5419555977381111,True,0.9982321582349026,0.997187611954233,0.9547454027914528,0.94,0.3,0.66,0.5,True
0.2,rand,0.357,0.166,0.155,0.127,0.189,0.094,0.122,0.242763141456421,0.3234683578844857,0.4237652072501908,0.4531192901836985,True,0.9978053701304412,0.9959070265198331,0.9451261957438815,0.88,0.38,0.6,0.54,True
0.2,rand,0.47,0.171,0.125,0.138,0.138,0.081,0.088,0.3085252483993401,0.38725035983699513,0.4907633624780516,0.5208326827026403,True,0.998615659445124,0.9978987067289636,0.9609692255823354,0.96,0.3,0.66,0.5,True
0.2,rand,0.456,0.153,0.14,0.103,0.176,0.081,0.101,0.2986739808863934,0.37784090960530603,0.4823162136012608,0.5099574934867556,True,0.9991744741395171,0.9982978107710273,0.9652502528611469,0.94,0.28,0.66,0.48,True
0.2,rand,0.385,0.155,0.17,0.131,0.173,0.095,0.101,0.267624830268123,0.3456811434020668,0.44456470694116074,0.4740329655753678,True,0.9987128746186142,0.9973084767244549,0.9555945633595392,0.92,0.36,0.62,0.5,True
0.2,rand,0.379,0.195,0.142,0.125,0.163,0.085,0.121,0.2785672224031798,0.3577161050752956,0.45979589784400093,0.48833959380341374,True,0.9991874355116074,0.9985887368661333,0.9679717600645447,0.96,0.32,0.66,0.54,True
0.2,rand,0.43,0.158,0.154,0.125,0.162,0.074,0.106,0.29903817292674006,0.37792965911776527,0.4766212796337592,0.5051559041754166,True,0.9996173053219315,0.9993957649020992,0.9793316414420549,0.96,0.3,0.64,0.48,True
0.2,rand,0.437,0.158,0.142,0.133,0.159,0.081,0.1,0.2886520297377273,0.3682006327625866,0.46865892155688677,0.4982738784546966,True,0.9995159088331558,0.9992961471613523,0.9778975035937314,0.94,0.3,0.64,0.48,True
0.2,rand,0.4,0.164,0.133,0.139,0.161,0.085,0.127,0.25726482194389677,0.3384191439107015,0.4376235879049473,0.46775652230137715,True,0.9990462095940194,0.9981687294079324,0.964384318750975,0.94,0.32,0.64,0.5,True
0.2,rand,0.418,0.192,0.157,0.134,0.125,0.072,0.112,0.32715819920586225,0.40291921170685474,0.4999910198496773,0.5281573171332595,True,0.9993145193929913,0.9988614840243166,0.9712019249316898,0.98,0.3,0.66,0.5,True
0.2,rand,0.411,0.211,0.13,0.098,0.184,0.077,0.1,0.3052486196265412,0.38509081829766145,0.49454006558575714,0.5213608387581723,True,0.9986031858117701,0.9982494565575927,0.9641809395531864,0.98,0.28,0.7,0.52,True
0.2,rand,0.473,0.153,0.171,0.11,0.138,0.069,0.097,0.3501634610094859,0.42463312749805204,0.5220138862615358,0.5486976603710934,True,0.9973912846089966,0.9960942045930159,0.9465263671694816,0.88,0.26,0.66,0.46,True
0.2,rand,0.426,0.214,0.127,0.101,0.142,0.086,0.114,0.32245605223963747,0.398418932128561,0.5064470548950412,0.5331076666041781,True,0.9986406548889173,0.9977243885070881,0.9591551670057717,0.94,0.3,0.68,0.5,True
0.2,rand,0.422,0.191,0.161,0.098,0.146,0.097,0.095,0.32728384185395554,0.40012177291831547,0.5060573929596195,0.5325712533980639,True,0.9984030412718332,0.9970325140945385,0.9535465138708806,0.9,0.32,0.64,0.5,True
0.2,rand,0.492,0.178,0.133,0.096,0.141,0.074,0.097,0.3493011628714716,0.4250797268475074,0.5312659405417224,0.5576056958841422,True,0.997261366092073,0.9952807586415782,0.941112706461336,0.92,0.24,0.72,0.46,True
0.2,rand,0.428,0.191,0.155,0.102,0.151,0.099,0.084,0.32275710161477567,0.3964986028940882,0.5041539455497658,0.5312670046865332,True,0.9985597587265519,0.9973879869780641,0.956095253590796,0.92,0.3,0.66,0.5,True
0.2,rand,0.441,0.171,0.156,0.107,0.146,0.077,0.112,0.3254632124957078,0.40112130693442744,0.5015951979251245,0.5284107234276739,True,0.9994303004310024,0.9990447109512387,0.9740102352153808,0.96,0.3,0.66,0.48,True
0.2,rand,0.422,0.162,0.132,0.149,0.16,0.073,0.112,0.27138825781858916,0.35367332017019515,0.4518138117840715,0.48252407046942986,True,0.9984044040106077,0.9969103619956742,0.9536014472212112,0.94,0.32,0.64,0.48,True
0.2,rand,0.467,0.183,0.126,0.113,0.142,0.063,0.116,0.3305695930154899,0.40921157386377016,0.5114275940010667,0.5386961940929257,True,0.9982678517043339,0.996531316992896,0.949356902396436,0.94,0.24,0.72,0.5,True
0.2,rand,0.409,0.152,0.171,0.142,0.178,0.071,0.087,0.28678419544547784,0.367164459254031,0.4632844504572547,0.4930580966820497,True,0.9984990813150642,0.9972823641464007,0.9551144207173373,0.92,0.28,0.64,0.46,True
0.2,rand,0.398,0.174,0.162,0.134,0.175,0.07,0.097,0.29244697809504516,0.37256032148211043,0.4708787924637838,0.4998057443127681,True,0.9991756143305388,0.9985180380147415,0.9669930238838466,0.98,0.3,0.66,0.5,True
0.2,rand,0.405,0.206,0.141,0.115,0.154,0.084,0.105,0.30855953384922635,0.3857871214826466,0.49088432891473777,0.5185622405857117,True,0.9995716790178679,0.9993383212202032,0.9782333937739965,0.96,0.32,0.66,0.54,True
0.2,rand,0.449,0.148,0.125,0.126,0.169,0.086,0.108,0.271212240073391,0.35239116486716643,0.45552909030057265,0.4853347064893609,True,0.9992057258769845,0.9987411094323636,0.9697619163436362,0.94,0.3,0.66,0.48,True
0.2,rand,0.446,0.183,0.164,0.1,0.141,0.088,0.088,0.3446559476056808,0.41744309298236065,0.5217595198691697,0.54811402351403,True,0.9986506171289331,0.9980044085428398,0.9628830867343088,0.94,0.3,0.66,0.46,True
0.2,rand,0.425,0.163,0.146,0.136,0.17,0.078,0.091,0.2849131642452028,0.3654534720013024,0.4662720958588859,0.49613643087516995,True,0.9995546777150466,0.9991806910442035,0.9759345798311575,0.96,0.3,0.66,0.48,True
0.2,rand,0.432,0.175,0.134,0.126,0.158,0.087,0.098,0.2908879416749884,0.369758272056049,0.47399713208952743,0.5032723946669456,True,0.9997469650497813,0.999455729093681,0.9801086757791729,0.96,0.3,0.66,0.5,True
0.2,rand,0.458,0.173,0.153,0.128,0.126,0.074,0.098,0.33580084687363787,0.41121737659434043,0.5100441936059545,0.5382773042701219,True,0.9986902975777037,0.9986007641472083,0.9685353510786225,0.96,0.3,0.64,0.48,True
0.2,rand,0.349,0.203,0.165,0.142,0.153,0.08,0.118,0.2847888319288839,0.362894388550993,0.45985681803607803,0.48885820153824405,True,0.9976429227492588,0.9952536453507462,0.9412330566258007,0.92,0.38,0.6,0.52,True
0.2,rand,0.415,0.209,0.149,0.115,0.149,0.073,0.1,0.3298882936732076,0.40660755173666874,0.509937684954065,0.5370533902174764,True,0.9996737860101468,0.999524064585563,0.9816149398584649,0.98,0.3,0.68,0.52,True
0.2,rand,0.379,0.213,0.186,0.105,0.137,0.067,0.122,0.3503583357225066,0.42328520952733373,0.5198770521904924,0.5447982505182289,True,0.9983636776633539,0.9965988614412761,0.95026435102327,0.92,0.32,0.64,0.48,False
0.2,rand,0.385,0.213,0.153,0.117,0.159,0.095,0.089,0.30456719788439585,0.38041748286622873,0.487182792867742,0.5151549986592242,True,0.9985668621339783,0.9972978291893537,0.9556469806785569,0.94,0.34,0.64,0.56,True
0.2,rand,0.465,0.179,0.13,0.102,0.164,0.081,0.09,0.3179230793353839,0.3960546277207688,0.5041424157342442,0.5316541143974365,True,0.9989443612823072,0.9979553638457308,0.961421272541544,0.96,0.28,0.68,0.48,True
0.2,rand,0.384,0.174,0.171,0.119,0.178,0.083,0.1,0.2893149270050706,0.3673434142114787,0.467327822643362,0.49535157306990885,True,0.9992433740991047,0.9986279551988787,0.968246007477645,0.94,0.34,0.64,0.5,True
0.2,rand,0.415,0.191,0.148,0.13,0.138,0.074,0.114,0.31423273569742877,0.3915060157601111,0.4906250771911196,0.5188457800453693,True,0.9997028994011673,0.999404316965814,0.979491828768973,1.0,0.3,0.68,0.52,True
0.2,rand,0.394,0.2,0.172,0.121,0.132,0.086,0.104,0.3279849858105756,0.40114489692064403,0.5007392912877509,0.5280047760499191,True,0.9993469541817254,0.9988130121518124,0.9705506921602143,0.94,0.34,0.62,0.5,True
0.2,rand,0.406,0.218,0.157,0.104,0.14,0.075,0.11,0.34232768655695733,0.41666446320541844,0.5196474014267582,0.5455022793053594,True,0.9992181923488799,0.9987953563702681,0.9706702036475744,0.96,0.28,0.7,0.5,False
0.2,rand,0.47,0.15,0.121,0.125,0.153,0.078,0.112,0.2909546586253315,0.3714381846243473,0.47352249093014764,0.5028617962507103,True,0.9984668751504719,0.9976513022758228,0.9583567464024946,0.94,0.28,0.66,0.48,True
0.2,rand,0.454,0.198,0.155,0.089,0.128,0.077,0.11,0.3637378509637741,0.43604300567894627,0.5398967581384035,0.5647961419370993,True,0.9977226039593143,0.9962317655516099,0.9479013782819532,0.9,0.28,0.68,0.44,True
0.2,rand,0.386,0.2,0.159,0.127,0.16,0.08,0.099,0.30250416441524974,0.38014718332911474,0.48153807323112024,0.5098511654958445,True,0.999413840035323,0.9989880131219908,0.9729815977469778,0.94,0.34,0.64,0.52,True
0.2,rand,0.365,0.19,0.152,0.135,0.175,0.098,0.097,0.2630910356205501,0.3421752404007828,0.4457669600984668,0.4756190864344814,True,0.9978926588712091,0.9954969761130591,0.9425975842744688,0.92,0.38,0.6,0.54,True
0.2,rand,0.455,0.161,0.15,0.127,0.144,0.074,0.099,0.3186994525426358,0.3961555223669224,0.49533684871784817,0.5238463752291029,True,0.9990314244371278,0.9987016736949708,0.9695761493650376,0.96,0.3,0.64,0.48,True
0.2,rand,0.372,0.191,0.132,0.112,0.176,0.1,0.126,0.25704051198626227,0.3364486796762786,0.442866548078842,0.47127402639447924,True,0.9976858957328947,0.9954176242310002,0.9421719556440454,0.92,0.36,0.62,0.56,True
0.2,rand,0.399,0.162,0.159,0.123,0.16,0.093,0.114,0.279717326048187,0.35694844637604917,0.45679637553921565,0.4854662951448855,True,0.9994512996723653,0.9987846880718017,0.9702433170014946,0.92,0.34,0.62,0.5,True
0.2,rand,0.4,0.175,0.144,0.119,0.174,0.088,0.111,0.2759837638973086,0.3554625957083203,0.45855236414385653,0.48717408470339263,True,0.9996122205777873,0.9993158593303014,0.9777796694605796,0.94,0.32,0.66,0.52,True
0.2,rand,0.475,0.15,0.145,0.132,0.145,0.082,0.081,0.31290409925324625,0.39039915642277473,0.4916475531664333,0.5212450256214896,True,0.9984922726125117,0.9984694468546685,0.9670613760678456,0.94,0.3,0.64,0.46,True
0.2,rand,0.403,0.188,0.135,0.127,0.155,0.1,0.101,0.2791916351392457,0.35698069850807623,0.4627352782384102,0.49217246905238,True,0.998989775889313,0.997535471196726,0.9574706840418198,0.96,0.32,0.66,0.54,True
0.2,rand,0.415,0.209,0.159,0.102,0.147,0.087,0.091,0.3372651157452568,0.41100803092584853,0.5168604502639234,0.5432096654863048,True,0.9989867634108837,0.998374236647092,0.9658218113077156,0.96,0.3,0.68,0.52,True
0.2,rand,0.396,0.198,0.157,0.114,0.172,0.088,0.085,0.30344475116165326,0.3805464070177596,0.48619396141094995,0.5140740739187241,True,0.9992821295261339,0.9988244332240485,0.9707955858746646,0.96,0.32,0.66,0.54,True
0.2,rand,0.403,0.175,0.182,0.104,0.158,0.074,0.114,0.3253544226031226,0.4002990509470154,0.497855127167174,0.5237887441531935,True,0.9991133727913788,0.9978206360686752,0.9613059544397051,0.92,0.32,0.64,0.46,False
0.2,rand,0.458,0.144,0.166,0.125,0.138,0.09,0.089,0.3168242564433329,0.39133338781877325,0.4901814706580123,0.5189355593161125,True,0.9983247471061089,0.9987816195721244,0.9716824869124437,0.92,0.3,0.62,0.46,True
0.2,rand,0.449,0.143,0.141,0.115,0.178,0.087,0.098,0.2814255464781534,0.3612247858141203,0.4646505750349819,0.493560618641702,True,0.999409456137563,0.9990529120733692,0.9741783899747892,0.92,0.28,0.66,0.48,True
0.2,rand,0.363,0.184,0.15,0.151,0.181,0.081,0.1,0.2560306850235483,0.33823608416918327,0.43773905226386955,0.4685452006527047,True,0.997325467982876,0.994849796676171,0.9388424075400426,0.94,0.36,0.62,0.52,True
0.2,rand,0.45,0.146,0.163,0.124,0.151,0.084,0.093,0.30981469859308225,0.38615915033261233,0.485022789755646,0.5136525268147627,True,0.9990263441417684,0.9990983121891978,0.9752854437524427,0.94,0.3,0.64,0.46,True
0.2,rand,0.399,0.193,0.136,0.111,0.173,0.1,0.098,0.27997850980367234,0.3580252129264854,0.46668584994906515,0.4951166440353513,True,0.9984774593523202,0.9968248641575151,0.9518435800106345,0.94,0.34,0.64,0.56,True
0.2,rand,0.391,0.199,0.158,0.13,0.159,0.077,0.096,0.3059155557856608,0.3838266777904015,0.48492185290846274,0.5133442314796836,True,0.9994828084627954,0.9990979856751018,0.9745046353683554,0.98,0.32,0.66,0.5,True
0.2,rand,0.447,0.182,0.145,0.11,0.135,0.078,0.113,0.33006150851557087,0.4055992591415504,0.5073295882553454,0.5343215750018813,True,0.9993060409855051,0.9990377755801361,0.9736630228942076,0.98,0.3,0.66,0.5,True
0.2,rand,0.423,0.154,0.167,0.097,0.185,0.084,0.101,0.2994796016349595,0.3769306397614467,0.4793552496588604,0.5061152806854898,True,0.9990434807527551,0.9977121735414765,0.9612858261892021,0.92,0.3,0.66,0.48,True
0.2,rand,0.424,0.213,0.126,0.101,0.169,0.077,0.1,0.3149758920492492,0.3938584250416052,0.503063474726479,0.5299910477621033,True,0.9988446741035013,0.9982986897534877,0.9645348612911937,0.96,0.28,0.7,0.5,True
0.2,rand,0.428,0.148,0.18,0.129,0.135,0.088,0.102,0.3133605222213529,0.3873377057435666,0.482659181055577,0.5111138335997015,True,0.9985244651052284,0.9985653809301535,0.9682661357281479,0.92,0.3,0.62,0.46,True
0.2,rand,0.424,0.185,0.169,0.095,0.18,0.074,0.083,0.3302599318802204,0.40682891856654685,0.5113784829267157,0.5374547003401898,True,0.9989700447686651,0.9977963531095076,0.9616590375006081,0.9,0.3,0.66,0.48,False
0.2,rand,0.408,0.174,0.178,0.124,0.135,0.089,0.102,0.3191230633013921,0.39256367246313534,0.49030597607791854,0.5181222387608518,True,0.9992605955625257,0.9989095027669097,0.9717743220553628,0.92,0.34,0.62,0.48,True
0.2,rand,0.468,0.146,0.17,0.137,0.127,0.078,0.084,0.332072894054747,0.40683894141075555,0.5026941938961228,0.5318034128230205,True,0.9972676783753333,0.9976069549847473,0.9591006529939934,0.9,0.28,0.64,0.44,True
0.2,rand,0.428,0.151,0.174,0.106,0.172,0.085,0.093,0.30801215062555726,0.3840712791602662,0.4847873538167302,0.5120133840848967,True,0.9991557332532869,0.9982209053019391,0.965715718654024,0.92,0.3,0.66,0.48,True
0.2,rand,0.395,0.223,0.13,0.115,0.158,0.088,0.101,0.302596021941732,0.3804583664238387,0.488979089303196,0.5169136571102129,True,0.9986445255488073,0.9977985397768508,0.9599732965209996,0.96,0.32,0.66,0.54,True
0.2,rand,0.374,0.195,0.172,0.137,0.168,0.078,0.085,0.29983367668818106,0.3778850680963141,0.4773959589246393,0.5063372000396893,True,0.9985992278037857,0.9974155700909244,0.9564516913601162,0.94,0.36,0.62,0.52,False
0.2,rand,0.414,0.184,0.143,0.138,0.137,0.088,0.106,0.29619398409547576,0.37345890009010707,0.4742423232326948,0.5037957016983463,True,0.9994785713749379,0.9988828454558626,0.9721236310692966,0.96,0.34,0.64,0.52,True
0.2,rand,0.443,0.192,0.122,0.128,0.14,0.078,0.107,0.3086097926956453,0.3873187269657986,0.49127064056593145,0.5201404138442091,True,0.9993064226044454,0.9986459265021492,0.9684720309572492,0.96,0.32,0.64,0.5,True
0.2,rand,0.445,0.19,0.127,0.127,0.146,0.078,0.097,0.31057176484872384,0.38933051082483683,0.4938135500306197,0.5227427771332233,True,0.9994859757806412,0.9989600261413211,0.9724020718679184,0.96,0.32,0.64,0.5,True
0.2,rand,0.472,0.179,0.154,0.098,0.139,0.087,0.08,0.3504302857011846,0.42354215527276734,0.5296245262417986,0.5561862024487637,True,0.9980340887818614,0.9973239804442646,0.9562801818922905,0.94,0.28,0.68,0.46,True
0.2,rand,0.474,0.167,0.137,0.115,0.149,0.075,0.093,0.3241829945187464,0.4018886124604901,0.5054152858285146,0.533485325306042,True,0.9988312908563927,0.998136566548108,0.9631514634076793,0.94,0.26,0.68,0.48,True
0.2,rand,0.467,0.169,0.134,0.12,0.137,0.081,0.103,0.3184250539295044,0.39548813035370645,0.4981911749027353,0.5265931619744166,True,0.9988807636232969,0.9985998212461532,0.9681143351722727,0.96,0.3,0.64,0.5,True
0.2,rand,0.454,0.147,0.14,0.13,0.145,0.088,0.106,0.2918145685271428,0.369765744287148,0.47025658174958124,0.4997852066395251,True,0.9989133752783582,0.998922839361367,0.9725257767408001,0.92,0.3,0.64,0.46,True
0.2,rand,0.353,0.177,0.171,0.125,0.176,0.098,0.11,0.2641860100940416,0.34168225329244106,0.442047558655912,0.4707946795874535,True,0.9974578829191789,0.994558689003401,0.9368019061453227,0.86,0.4,0.58,0.56,True
0.2,rand,0.424,0.203,0.144,0.096,0.144,0.082,0.117,0.3302960585589229,0.4051821268845696,0.5103543149737781,0.5362287481828845,True,0.9989471256053439,0.9981240291396486,0.9630625636346254,0.92,0.26,0.7,0.48,True
0.2,rand,0.436,0.164,0.179,0.115,0.142,0.081,0.093,0.33399775869967785,0.4076703479665962,0.5059644880854822,0.5331279993301279,True,0.9990030166667976,0.9987179090180602,0.96992126499345,0.94,0.32,0.64,0.48,True
0.2,rand,0.359,0.198,0.163,0.144,0.138,0.094,0.113,0.2841205571645493,0.36010226974482146,0.4582928061342331,0.4878019423801123,True,0.9978442233222319,0.9949314032154163,0.93939803112163,0.92,0.38,0.6,0.54,True
0.2,rand,0.402,0.19,0.168,0.118,0.143,0.097,0.092,0.31496256923322935,0.3885986075427056,0.491296032906262,0.5191362302932577,True,0.9991300273059908,0.9982848723446321,0.9645377966610588,0.92,0.36,0.62,0.5,True
0.2,rand,0.41,0.172,0.171,0.12,0.152,0.093,0.092,0.3069761619607536,0.3817932328089955,0.48277190116275914,0.5109425243072777,True,0.9994054612372161,0.9988705466225405,0.9712505682037381,0.92,0.34,0.62,0.5,True
0.2,rand,0.438,0.154,0.158,0.126,0.173,0.076,0.085,0.29956118514218855,0.37883800732504835,0.4791173011712593,0.5080814576341721,True,0.9995589359617594,0.9992785324994136,0.9773896846070881,0.94,0.28,0.66,0.48,True
0.2,rand,0.445,0.211,0.14,0.098,0.141,0.095,0.081,0.3413625266339875,0.41483900146914865,0.5255628627704428,0.5522614505376345,True,0.9979947525171332,0.9968911009210123,0.9520486365626316,0.94,0.28,0.68,0.5,True
0.2,rand,0.366,0.16,0.184,0.121,0.183,0.092,0.103,0.27342215476146325,0.35078940558419436,0.4490123401296181,0.4773477763659442,True,0.9979943103513154,0.9958541918978872,0.9447303401506599,0.86,0.42,0.56,0.52,True
0.2,rand,0.462,0.179,0.154,0.112,0.129,0.084,0.091,0.3438568845554069,0.4174927160659195,0.5203102196914702,0.5475571627380752,True,0.9987378167854954,0.9987710917317169,0.9706031094792319,0.96,0.3,0.66,0.48,True
0.2,rand,0.397,0.215,0.147,0.105,0.175,0.084,0.086,0.3124998647315167,0.38994540582583315,0.49855790182068255,0.5256771192941946,True,0.998732578504018,0.9983243565298773,0.965122354602744,0.96,0.32,0.66,0.54,True
0.2,rand,0.385,0.184,0.134,0.14,0.175,0.078,0.114,0.26186604266973557,0.3443008721169645,0.44540832116721146,0.47545178714796416,True,0.9986877819525946,0.9976706293047035,0.9595921177771031,0.94,0.36,0.62,0.5,True
0.2,rand,0.367,0.172,0.188,0.129,0.149,0.088,0.117,0.2945464435659703,0.36939418657585216,0.4640445748510195,0.49207868679248806,True,0.9983285549404755,0.99637939104258,0.9484926456404725,0.9,0.38,0.58,0.5,True
0.2,rand,0.471,0.159,0.132,0.124,0.139,0.072,0.114,0.3135610760670074,0.39211502801218906,0.4920319176580273,0.5205818947522919,True,0.9982669723640178,0.9974718396248745,0.9569704131491151,0.94,0.28,0.66,0.48,True
0.2,rand,0.407,0.149,0.171,0.113,0.183,0.083,0.104,0.28574374434456096,0.36408203235813263,0.46326650318011453,0.4911208476403396,True,0.9993628797466527,0.9987186955831893,0.969716627780005,0.92,0.32,0.64,0.5,True
0.2,rand,0.413,0.195,0.137,0.11,0.187,0.072,0.097,0.29852512922577307,0.3794878210434296,0.4856160519364377,0.5132816365321483,True,0.9993844117571358,0.999420903230488,0.9800264854229531,0.98,0.28,0.7,0.54,True
0.2,rand,0.45,0.164,0.139,0.136,0.138,0.07,0.113,0.3079948289979172,0.38689552864661114,0.484628587073317,0.5138061029616545,True,0.998553951977168,0.9977437814901877,0.9594340271429458,0.94,0.28,0.66,0.48,True
0.2,rand,0.376,0.165,0.17,0.11,0.189,0.089,0.112,0.27397045068306775,0.3523180768759342,0.45304784772449863,0.4806604470595634,True,0.9986408015903124,0.9973672113991168,0.9559723873950187,0.88,0.36,0.62,0.56,True
0.2,rand,0.398,0.17,0.176,0.144,0.152,0.075,0.095,0.3026446205900356,0.3800900446210836,0.47502459597478247,0.5043602265419044,True,0.9986091387200144,0.9973483981617436,0.9556993979975746,0.96,0.34,0.64,0.5,True
0.2,rand,0.396,0.192,0.166,0.139,0.145,0.077,0.093,0.3122919517138893,0.3890207416374625,0.4873687928103557,0.5162795355755279,True,0.9992748321082825,0.9984800719979052,0.9668760284277992,0.94,0.36,0.62,0.5,True
0.2,rand,0.394,0.163,0.182,0.118,0.142,0.088,0.123,0.3061798313434854,0.3800426542453051,0.47545090771341153,0.5027056685509173,True,0.9990382946631202,0.9981198711739855,0.962919149849793,0.92,0.34,0.62,0.5,True
0.2,rand,0.448,0.182,0.136,0.11,0.141,0.086,0.107,0.3186172567176127,0.3946759628100964,0.49926200923381014,0.5268308951943388,True,0.9992865361018461,0.9989588731638651,0.9727216078446502,0.96,0.3,0.66,0.5,True
0.2,rand,0.415,0.205,0.158,0.128,0.144,0.071,0.088,0.3327385295868298,0.4091961579707582,0.510282808991857,0.5382251895990301,True,0.9996095910203814,0.9992554094388238,0.9768139327749981,0.98,0.3,0.66,0.5,True
0.2,rand,0.433,0.178,0.154,0.12,0.159,0.069,0.098,0.3195725499370737,0.39772480814346667,0.49819409285099825,0.5259630011531147,True,0.9996674913050126,0.999208717108855,0.976241535651325,0.96,0.3,0.66,0.48,True
0.2,rand,0.372,0.195,0.125,0.145,0.188,0.071,0.113,0.252098552141668,0.33714053262429533,0.43900309093466633,0.46947164888871046,True,0.99721417023499,0.9953841394369244,0.9428168983372389,0.94,0.36,0.62,0.5,True
0.2,rand,0.455,0.141,0.148,0.112,0.161,0.089,0.105,0.2953340070520067,0.3728354955347162,0.4747058966457383,0.5029756114493995,True,0.9989948683374508,0.9986374884333806,0.9689970428245304,0.94,0.3,0.64,0.48,True
0.2,rand,0.407,0.201,0.168,0.106,0.149,0.083,0.095,0.3342580787501645,0.40826963780960523,0.5112874238264039,0.5376765553615538,True,0.9993008408984738,0.9987731798748566,0.9710283187711033,0.96,0.3,0.68,0.5,False
0.2,rand,0.37,0.19,0.175,0.116,0.167,0.087,0.105,0.29801226104362155,0.3741038935716051,0.4745042529873289,0.5019330477653547,True,0.9987299425447023,0.9974649791647364,0.9568311927498042,0.9,0.38,0.6,0.52,False
0.2,rand,0.454,0.147,0.175,0.106,0.142,0.082,0.105,0.33201300872655326,0.4056568350962055,0.5034772252474771,0.5301342098547486,True,0.9981106355516768,0.9974195407791759,0.9575121985584818,0.92,0.32,0.64,0.46,True
0.2,rand,0.439,0.157,0.168,0.12,0.173,0.075,0.079,0.3131540010942658,0.3911035307188712,0.49156409293223724,0.5198085508673287,True,0.9994833791008411,0.9990479850489439,0.9737905018140586,0.94,0.32,0.64,0.48,True
0.2,rand,0.369,0.208,0.159,0.128,0.163,0.076,0.108,0.2989033166806494,0.3771526778828529,0.4776078952801231,0.5056837851624568,True,0.9988194930043182,0.9981260537713184,0.9630873046092017,0.92,0.36,0.62,0.52,True
0.2,rand,0.372,0.205,0.129,0.14,0.18,0.075,0.109,0.2647083875386493,0.34786070597674335,0.4510460824346822,0.48097101583821095,True,0.9978340469980054,0.9964644174302114,0.9498081106785401,0.94,0.34,0.64,0.52,True
0.2,rand,0.426,0.175,0.166,0.134,0.139,0.091,0.08,0.31614497597323143,0.39083876327413997,0.4915247449180403,0.5206653385816854,True,0.999368832980418,0.9993697349703811,0.9789257217235822,0.96,0.3,0.66,0.5,True
0.2,rand,0.363,0.192,0.149,0.125,0.171,0.085,0.125,0.2697038513446542,0.34926647418494194,0.45021956067872254,0.4787190170972419,True,0.9986185018931641,0.997718363059931,0.9591861980586304,0.94,0.34,0.64,0.52,True
0.2,rand,0.475,0.164,0.133,0.123,0.136,0.074,0.105,0.3207467660493746,0.39846979312840036,0.49963466450654265,0.5281313533057993,True,0.9983560724112878,0.9977287793481412,0.959241970086065,0.96,0.28,0.66,0.5,True
0.2,rand,0.36,0.213,0.175,0.122,0.154,0.087,0.098,0.3115174103033005,0.3864140439823469,0.48757106038169346,0.5150786249328053,True,0.9981749107280777,0.996525815108242,0.9496026347879908,0.9,0.38,0.6,0.54,False
0.2,rand,0.453,0.178,0.132,0.129,0.16,0.065,0.092,0.31285170351468344,0.39341364027768255,0.49574839393553705,0.5246575137936266,True,0.9990174687073553,0.9977685981899783,0.9595522806146498,0.96,0.28,0.68,0.5,True
0.2,rand,0.399,0.202,0.133,0.112,0.182,0.074,0.108,0.29138011184777074,0.37231033725315943,0.47814661617466586,0.5058868672000234,True,0.9991797543046768,0.9993078971904332,0.9782866497701186,0.98,0.3,0.68,0.52,True
0.2,rand,0.383,0.188,0.143,0.151,0.178,0.077,0.091,0.26752578083530626,0.34993262665182256,0.4509733574178639,0.48178385769088067,True,0.9980960585111136,0.9962493484578137,0.9483588766423395,0.94,0.36,0.62,0.5,True
0.2,rand,0.428,0.159,0.157,0.138,0.156,0.073,0.099,0.2991047713273908,0.3781172042581659,0.475184049685298,0.5045502171059717,True,0.9991101028259594,0.9985258983734077,0.9669884111597731,0.98,0.3,0.66,0.5,True
0.2,rand,0.375,0.211,0.13,0.136,0.154,0.09,0.114,0.27511880515910137,0.3544770879912064,0.458770935178872,0.4883111727288612,True,0.998285745042784,0.9963330435473232,0.948529966771613,0.94,0.34,0.64,0.54,True
0.2,rand,0.365,0.202,0.18,0.126,0.172,0.076,0.089,0.3087304094752113,0.3859185631075627,0.4857073524674664,0.5134758906362097,True,0.9982857994047656,0.997127158805757,0.9538773719885202,0.96,0.34,0.64,0.5,False
0.2,rand,0.455,0.2,0.131,0.1,0.148,0.083,0.093,0.33307749666231956,0.40920198776880246,0.5179614216462544,0.5448214429856515,True,0.9987048724481281,0.9977923111744149,0.959858817096265,0.94,0.28,0.68,0.5,True
0.2,rand,0.446,0.18,0.157,0.112,0.158,0.085,0.073,0.3282411859868818,0.403997099658078,0.509259714379351,0.5370085118875514,True,0.9995875516314041,0.999474144570117,0.9809641264255414,0.96,0.3,0.66,0.48,True
0.2,rand,0.429,0.156,0.166,0.106,0.174,0.074,0.105,0.30869226162152863,0.38647294306453334,0.48607637875602544,0.5130691790161283,True,0.9994209769713964,0.9986022448601347,0.9688230173253918,0.92,0.3,0.66,0.48,True
0.2,rand,0.427,0.199,0.164,0.111,0.163,0.066,0.08,0.3419562049549762,0.4187405999771619,0.5216645865745496,0.5484477220155598,True,0.9993625906841402,0.9986878294158779,0.968880466707035,0.96,0.32,0.64,0.5,False
0.2,rand,0.421,0.193,0.152,0.112,0.156,0.081,0.095,0.32099076329601817,0.39737945584591,0.5013699353378195,0.5287022220228191,True,0.9998203139027912,0.9997234535531092,0.9861010236892735,0.98,0.3,0.68,0.52,True
0.2,rand,0.38,0.196,0.136,0.133,0.171,0.085,0.108,0.2695832418707732,0.350290821626734,0.45382426884190435,0.4833618010905391,True,0.998763816786624,0.9977362313606252,0.9595342490569077,0.94,0.34,0.64,0.52,True
0.2,rand,0.448,0.192,0.134,0.102,0.156,0.085,0.094,0.32196932345755447,0.3987116070665075,0.5067752062941273,0.5339379504064308,True,0.9990822321650273,0.9983563190842961,0.9653202823993546,0.96,0.3,0.68,0.52,True
0.2,rand,0.364,0.157,0.158,0.143,0.198,0.081,0.108,0.24105902512498786,0.3241600647352712,0.42186800800147994,0.45234727470466446,True,0.9974779776466135,0.995800105774282,0.9444795756964794,0.92,0.34,0.64,0.52,True
0.2,rand,0.443,0.158,0.126,0.127,0.168,0.096,0.092,0.2716502692360612,0.3516878065168797,0.45785664498953876,0.4880430828986649,True,0.999209915981333,0.9983905334460276,0.9653949246616358,0.96,0.3,0.66,0.5,True
0.2,rand,0.455,0.155,0.145,0.123,0.13,0.089,0.112,0.3078879265511333,0.38353438475631746,0.4835815015794181,0.5122070889414987,True,0.9987397333437383,0.9989984978071687,0.9741964215325315,0.94,0.3,0.64,0.48,True
0.2,rand,0.476,0.137,0.151,0.122,0.176,0.067,0.081,0.30926743036352206,0.38960894356067893,0.48981570852795203,0.518643453178556,True,0.9981871360975318,0.9966919293581135,0.9511667675874781,0.9,0.26,0.68,0.48,True
0.2,rand,0.468,0.162,0.123,0.1,0.168,0.081,0.109,0.3019213422088135,0.38133033055757243,0.48784818845819783,0.5153569291549515,True,0.9985823746129502,0.9972180429051246,0.9548997193786409,0.94,0.28,0.66,0.48,True
0.2,rand,0.438,0.134,0.164,0.128,0.174,0.082,0.089,0.2863670199551675,0.36547715841242845,0.46411599326387726,0.49353307755314907,True,0.9990963776734538,0.9988564507403165,0.971671164771536,0.94,0.28,0.66,0.48,True
0.2,rand,0.375,0.208,0.144,0.119,0.171,0.085,0.107,0.28697407878832265,0.36583109111969486,0.47080811658205574,0.49891058312878944,True,0.998728434515123,0.9981128385000538,0.9629715671688107,0.96,0.32,0.66,0.54,True
0.2,rand,0.425,0.174,0.16,0.111,0.14,0.09,0.11,0.31731353332153145,0.3915342179873349,0.49263427075732724,0.5198839672235264,True,0.9994427676624463,0.9991749648337804,0.975749232191111,0.96,0.3,0.66,0.5,True
0.2,rand,0.445,0.152,0.12,0.137,0.183,0.071,0.102,0.2655478637984727,0.35008510807596344,0.4521786267380148,0.4826725859787659,True,0.9986217957301126,0.9973584358238825,0.9565116567730724,0.94,0.3,0.66,0.48,True
0.2,rand,0.358,0.182,0.171,0.12,0.19,0.098,0.09,0.2693789150179836,0.34728944348570995,0.4507964537173092,0.47944257350982167,True,0.9973242121234466,0.9946811562168666,0.937425881910909,0.84,0.42,0.56,0.56,True
0.2,rand,0.445,0.169,0.129,0.111,0.157,0.091,0.109,0.2928426301602391,0.3709015400038744,0.47660198567102063,0.5049365968240286,True,0.9992390785260016,0.9986073050143721,0.968002791117403,0.96,0.3,0.66,0.5,True
0.2,rand,0.357,0.157,0.19,0.13,0.177,0.08,0.12,0.27402966591366307,0.3521772932574512,0.4452426606469539,0.4735408274596394,True,0.9975240417762169,0.9952473467228432,0.9408162341049722,0.92,0.38,0.6,0.52,False
0.2,rand,0.434,0.188,0.136,0.135,0.143,0.069,0.105,0.3129964838827664,0.3920519716066104,0.49247694236524203,0.5213855986282891,True,0.9992514254232389,0.9983903518683633,0.9659367100710025,0.98,0.3,0.66,0.5,True
0.2,rand,0.471,0.163,0.137,0.102,0.165,0.088,0.084,0.31410098457610036,0.3914353239332768,0.4990578272679709,0.5268173473322633,True,0.998740429741338,0.9977575561509384,0.9597355315619355,0.94,0.3,0.64,0.48,True
0.2,rand,0.432,0.186,0.128,0.123,0.148,0.071,0.121,0.30424902386095537,0.38368196060493376,0.48519015185271464,0.5134401345613852,True,0.9994929985674043,0.998997068391968,0.9729841137782906,0.98,0.32,0.66,0.5,True
0.2,rand,0.385,0.185,0.172,0.127,0.142,0.101,0.098,0.3010060892409866,0.3747373568620939,0.4753985624506211,0.5038747706015986,True,0.9986126914545438,0.9969113964998112,0.9524478468642702,0.9,0.4,0.58,0.52,True
0.2,rand,0.38,0.197,0.167,0.131,0.145,0.082,0.107,0.3069540059504699,0.38288056636511525,0.48148113693795136,0.509723996596427,True,0.9992619462570288,0.9984143958452685,0.9661426053001039,0.94,0.36,0.62,0.52,True
0.2,rand,0.393,0.228,0.134,0.136,0.153,0.075,0.091,0.30879438983195917,0.38790679063766637,0.4929793988640742,0.5220001164468681,True,0.9987494402669027,0.997695209057856,0.95984414024694,0.94,0.32,0.66,0.52,True
0.2,rand,0.473,0.147,0.167,0.099,0.143,0.068,0.114,0.34402959486354767,0.41887644798906803,0.5160215642266972,0.5419154340048198,True,0.997049175761683,0.994913929825786,0.9391527180686273,0.86,0.26,0.68,0.46,True
0.2,rand,0.359,0.21,0.141,0.145,0.18,0.074,0.102,0.26966400280865715,0.3521115243947806,0.45395097268615625,0.4838904413431907,True,0.9971687384838861,0.995206044318206,0.9411403828057774,0.94,0.34,0.64,0.52,True
0.2,rand,0.397,0.19,0.133,0.141,0.182,0.08,0.088,0.27057242503714607,0.35305516575056506,0.45727954261084514,0.4876884695522503,True,0.9988583414218029,0.9978861163942792,0.9615533641854684,0.96,0.34,0.64,0.52,True
0.2,rand,0.492,0.152,0.139,0.097,0.152,0.077,0.101,0.331198696026267,0.4078629624632649,0.511875980374278,0.5386620926624871,True,0.9973685024899523,0.9955456344487256,0.9430525666035423,0.92,0.24,0.7,0.48,True
0.2,rand,0.411,0.171,0.176,0.115,0.157,0.084,0.096,0.3151999306069609,0.3904010395156494,0.48994644906117857,0.5173815103949169,True,0.9995298576184833,0.9990636133489449,0.9743377386246032,0.94,0.32,0.64,0.48,True
0.2,rand,0.464,0.152,0.141,0.118,0.147,0.092,0.095,0.3047392096490337,0.38127484322145194,0.4846499108936489,0.5134159057179684,True,0.9988045292449881,0.9986883525712561,0.969449928460843,0.94,0.3,0.64,0.48,True
0.2,rand,0.401,0.175,0.167,0.105,0.179,0.093,0.089,0.2980031474079308,0.374359660454563,0.478831235658981,0.5062389099955076,True,0.998944583721553,0.997733037873632,0.959725048098132,0.9,0.34,0.64,0.52,True
0.2,rand,0.385,0.212,0.147,0.113,0.141,0.088,0.124,0.30798238466983363,0.38339294700629906,0.48663749548944263,0.5137356022205622,True,0.9990945507419509,0.9982915467487329,0.9647415951973995,0.96,0.32,0.66,0.52,True
0.2,rand,0.44,0.169,0.133,0.13,0.155,0.086,0.098,0.29104919423004044,0.3701255579216206,0.4734909109665584,0.5030561980286364,True,0.9996074924959847,0.9993003214120079,0.9777830241689968,0.96,0.3,0.66,0.5,True
0.2,rand,0.446,0.191,0.126,0.106,0.13,0.092,0.118,0.31662271204437303,0.3918741436394001,0.49820502307515807,0.5255861437856609,True,0.9985567272594065,0.9977003424945589,0.9592511955342121,0.96,0.3,0.68,0.52,True
0.2,rand,0.463,0.164,0.135,0.124,0.162,0.074,0.088,0.30750176609988494,0.3872583034257186,0.49053546466663867,0.5195293866433107,True,0.9992596238827961,0.9986216671562206,0.9683550355012019,0.96,0.3,0.64,0.48,True
0.2,rand,0.444,0.201,0.123,0.111,0.147,0.081,0.104,0.318288148132103,0.3958978785256731,0.5030991006009954,0.5307497554613496,True,0.9992032969489278,0.9985912581900687,0.9679667280019189,0.96,0.32,0.66,0.52,True
0.2,rand,0.392,0.2,0.139,0.107,0.172,0.088,0.112,0.2897225757365202,0.3681044968229511,0.47452999291311954,0.502022705972527,True,0.998959148609338,0.9983370669663798,0.9652229958552578,0.96,0.32,0.66,0.54,True
0.2,rand,0.381,0.165,0.154,0.149,0.175,0.088,0.097,0.2569065824590696,0.3378358743577787,0.436830597332779,0.46771996381801995,True,0.9982205237942934,0.9963646445749129,0.9485752553352444,0.94,0.36,0.62,0.52,True
0.2,rand,0.465,0.146,0.142,0.119,0.167,0.083,0.088,0.2982425723064416,0.3771783523853402,0.48026336514849344,0.5092377760495336,True,0.9991499888953987,0.9988266308837616,0.9710849294756422,0.94,0.28,0.66,0.48,True
0.2,rand,0.385,0.216,0.155,0.111,0.138,0.091,0.115,0.31843744711647826,0.3924874981930757,0.4962587697721627,0.5230497983746848,True,0.9988214992978081,0.9977866692388268,0.959778304094254,0.94,0.34,0.64,0.52,True
0.2,rand,0.41,0.163,0.151,0.136,0.157,0.085,0.109,0.2812057529654486,0.3600041605958384,0.4586987029424649,0.48823997078381354,True,0.999519446485219,0.9991488107289959,0.9753693114628709,0.94,0.32,0.64,0.5,True
0.2,rand,0.443,0.171,0.125,0.124,0.173,0.091,0.082,0.28231548645411514,0.36266692019512287,0.4704756996794242,0.5002752378111563,True,0.9994935037757595,0.9988688737467049,0.9710077711820484,0.96,0.3,0.66,0.5,True
0.2,rand,0.366,0.196,0.175,0.103,0.172,0.075,0.124,0.306746360997391,0.3834364280860199,0.48280260427020644,0.5086866848019512,True,0.998454222155131,0.9973309145939929,0.9560763833559497,0.92,0.34,0.64,0.5,False
0.2,rand,0.421,0.159,0.177,0.117,0.164,0.072,0.099,0.31577743781833467,0.3926277991253433,0.4897517627654975,0.5171730752027932,True,0.9992769148991716,0.9984905615685808,0.9666009423375943,0.94,0.32,0.64,0.48,False
0.2,rand,0.376,0.171,0.162,0.116,0.179,0.097,0.108,0.2692839806408337,0.3470804833282284,0.4494294958028139,0.47779453792515514,True,0.9984937221568455,0.9967343444348505,0.9510673843506207,0.88,0.38,0.6,0.54,True
0.2,rand,0.363,0.227,0.14,0.12,0.172,0.089,0.1,0.2873146788115838,0.36601252045211863,0.4735237961340502,0.5017692497308515,True,0.9975245209429043,0.9960459387256644,0.9463984689110785,0.92,0.34,0.64,0.54,True
0.2,rand,0.421,0.194,0.151,0.113,0.158,0.078,0.094,0.32034151771322156,0.39726111515966983,0.5012109078890622,0.5285988886348743,True,0.9998496790299338,0.999778200033153,0.987579611424124,0.98,0.3,0.68,0.52,True
0.2,rand,0.423,0.175,0.14,0.126,0.174,0.082,0.091,0.28739131344993285,0.3675655997821754,0.4716444099865897,0.5008787081026388,True,0.9998685303762382,0.9997518786000722,0.9869929567896782,0.96,0.32,0.66,0.5,True
0.2,rand,0.466,0.143,0.159,0.11,0.145,0.086,0.1,0.31979907178680994,0.39488234934850003,0.49515234680885156,0.5227629305201462,True,0.9982880607980928,0.9980509799567409,0.9630055335915341,0.94,0.3,0.64,0.46,True
0.2,rand,0.465,0.193,0.118,0.112,0.165,0.062,0.095,0.323777209108723,0.4046436491629214,0.5112205338749692,0.5389459873681703,True,0.9984453357615161,0.9965028162207187,0.949084332337544,0.96,0.26,0.72,0.5,True
0.2,rand,0.498,0.16,0.126,0.109,0.149,0.072,0.096,0.3281363555443637,0.4064191804885958,0.5110198299771761,0.5388180094749397,True,0.997475020832249,0.9957317727251489,0.9439432416882905,0.92,0.24,0.7,0.48,True
0.2,rand,0.467,0.178,0.152,0.099,0.13,0.093,0.092,0.344682611756154,0.41699869379983007,0.5223700575816042,0.548986234993828,True,0.9977897209327136,0.9972063266674028,0.9552418996371883,0.92,0.3,0.66,0.46,True
0.2,rand,0.48,0.163,0.154,0.124,0.13,0.064,0.095,0.3477678291354604,0.4238270341254113,0.5218031947310606,0.5495893147208232,True,0.9972808493828493,0.9960063682299601,0.9460600626995004,0.9,0.26,0.66,0.46,True
0.2,rand,0.397,0.183,0.146,0.123,0.174,0.082,0.104,0.2832573419465981,0.3630078766200622,0.4658209409535927,0.49449903706863924,True,0.9996426115296272,0.9995221755264542,0.9814899769699268,0.96,0.32,0.66,0.54,True
0.2,rand,0.419,0.194,0.123,0.144,0.156,0.094,0.081,0.27947872619702196,0.3594078785577752,0.46630468517869295,0.4973175085595213,True,0.9988780174209209,0.9971181059785285,0.9547596603022257,0.96,0.34,0.64,0.52,True
0.2,rand,0.367,0.161,0.186,0.123,0.193,0.092,0.089,0.27198596919753193,0.35010109500478137,0.44965172158593714,0.47833459900120157,True,0.9977769865571608,0.9956396815007259,0.9432907509011585,0.88,0.38,0.6,0.54,True
0.2,rand,0.41,0.174,0.152,0.137,0.138,0.097,0.102,0.29073604175049456,0.36674900828396695,0.4672704369950908,0.49691830474274856,True,0.9991898751818521,0.9983930751262032,0.9657228474094103,0.96,0.34,0.64,0.52,True
0.2,rand,0.408,0.199,0.14,0.134,0.159,0.081,0.09,0.29848177546626325,0.37750243446494347,0.4814928864453671,0.5108045456603161,True,0.9995956130466845,0.9991170480728575,0.9753844076507481,0.96,0.34,0.64,0.52,True
0.2,rand,0.372,0.207,0.155,0.117,0.178,0.094,0.087,0.2888666693314097,0.3665524521473917,0.4732967531081697,0.5015401934572986,True,0.9981111225308646,0.996708915012224,0.9510229344640938,0.92,0.36,0.62,0.56,True
0.2,rand,0.491,0.141,0.153,0.106,0.14,0.078,0.101,0.33403662439493087,0.4093598001814434,0.5096296604331731,0.5367943247388474,True,0.9970344830527118,0.9961283481150308,0.9470308314477077,0.9,0.26,0.68,0.48,True
0.2,rand,0.41,0.196,0.177,0.104,0.143,0.084,0.096,0.34117107868872365,0.413878374883812,0.5154006507163907,0.5414742919802341,True,0.9990449531920552,0.9982479909082842,0.9657429756599131,0.94,0.32,0.64,0.48,False
0.2,rand,0.379,0.176,0.158,0.136,0.183,0.088,0.091,0.2670224417844058,0.34726137862664486,0.4487781388543344,0.4786471768511454,True,0.9987268085384899,0.9976178056751277,0.9582166873260793,0.94,0.36,0.62,0.52,True
0.2,rand,0.455,0.183,0.122,0.133,0.135,0.081,0.101,0.3087916168342746,0.38721386390913165,0.490741642347285,0.5201860497097102,True,0.9989985977212933,0.9982998577945615,0.9648447524812261,0.96,0.32,0.64,0.5,True
0.2,rand,0.468,0.184,0.172,0.095,0.125,0.067,0.099,0.37972188685650377,0.4514858976367364,0.5515289560418546,0.5764235447903823,True,0.9969238363465205,0.994931073444322,0.9391166549531432,0.88,0.26,0.7,0.46,False
0.2,rand,0.427,0.157,0.139,0.13,0.161,0.093,0.103,0.27420673838550336,0.3533632137660921,0.45576332383642315,0.4855767917579817,True,0.9994788988489105,0.9990406653520226,0.9735527368549944,0.94,0.32,0.64,0.5,True
0.2,rand,0.466,0.192,0.144,0.109,0.137,0.071,0.091,0.3517156327126175,0.4271927077457222,0.5310339560916788,0.5578871732220966,True,0.9986957938887062,0.9978427046760123,0.9601368385563347,0.96,0.28,0.68,0.48,True
0.2,rand,0.417,0.165,0.156,0.106,0.193,0.086,0.088,0.2882447563697456,0.3674389344630286,0.47243405522773335,0.5003285851811278,True,0.9994778933150126,0.9990094010166491,0.9735674137043194,0.92,0.3,0.66,0.52,True
0.2,rand,0.423,0.176,0.14,0.129,0.151,0.074,0.117,0.29702830939417996,0.3762288679636351,0.4758886776719175,0.5045815117272664,True,0.999693469930272,0.9994370066451399,0.9803011521746059,0.98,0.3,0.66,0.5,True
0.2,rand,0.414,0.195,0.15,0.122,0.15,0.079,0.101,0.31502525898286116,0.3920263746941954,0.49422905621791813,0.5221792531968452,True,0.9999281344369849,0.9998847747226173,0.9912383402915578,1.0,0.3,0.68,0.52,True
0.2,rand,0.4,0.207,0.137,0.108,0.152,0.091,0.116,0.30178216194697166,0.3784152166708683,0.4846194741199217,0.5119457352779931,True,0.999005307357001,0.9981667870154741,0.9633141667659102,0.96,0.32,0.66,0.54,True
0.2,rand,0.423,0.167,0.156,0.133,0.141,0.084,0.106,0.30231387420953654,0.37902152250064436,0.4773119870934063,0.5063057289024,True,0.9995430772371127,0.9994869132254671,0.9811150883043123,0.94,0.3,0.64,0.48,True
0.2,rand,0.415,0.16,0.162,0.11,0.157,0.084,0.123,0.29912126504105857,0.3755461806907666,0.4744786492962081,0.5017117408081179,True,0.9996593580581319,0.9993068993275291,0.9784107739815524,0.94,0.32,0.64,0.48,True
0.2,rand,0.397,0.164,0.168,0.155,0.144,0.093,0.089,0.28256068896019415,0.3595559461703909,0.4563624778421801,0.48727538982877083,True,0.9980831911060412,0.9962643176227506,0.9477223207201888,0.92,0.36,0.62,0.5,True
0.2,rand,0.44,0.157,0.164,0.116,0.174,0.074,0.085,0.3108917923097994,0.3892214325496133,0.48991058402226617,0.5179169245813479,True,0.9995234150183772,0.9990217686540638,0.9735087063070197,0.92,0.3,0.64,0.48,True
0.2,rand,0.396,0.177,0.14,0.114,0.176,0.084,0.122,0.2743691672812319,0.35431105712158445,0.457167821045468,0.48527653050316455,True,0.9995626081624395,0.9994357429297361,0.9798977484874459,0.96,0.32,0.66,0.54,True
0.2,rand,0.412,0.18,0.16,0.135,0.163,0.064,0.097,0.3094591293724157,0.3889486141207303,0.48663852104226635,0.515294188876902,True,0.9990393950320917,0.9979495285258592,0.960902550752545,0.96,0.3,0.68,0.5,True
0.2,rand,0.38,0.209,0.138,0.136,0.153,0.102,0.093,0.27896690392436385,0.35652169222815316,0.4629165893772865,0.4928183868992986,True,0.9979993803385147,0.995287392740323,0.941251926860647,0.92,0.36,0.62,0.56,True
0.2,rand,0.445,0.194,0.136,0.124,0.149,0.072,0.09,0.32448779928567306,0.40272695828590127,0.506656976584727,0.5350005793491134,True,0.9995398716163137,0.9990378342061084,0.9734751592228482,1.0,0.3,0.68,0.52,True
0.2,rand,0.378,0.215,0.139,0.118,0.149,0.1,0.113,0.2895988722762829,0.36576852264330617,0.47234438706579396,0.5005036944598056,True,0.9979761741743131,0.9957147255951924,0.9440585597901294,0.9,0.38,0.6,0.56,True
0.2,rand,0.408,0.183,0.166,0.124,0.158,0.073,0.099,0.31475425436371923,0.3920616125277202,0.49107122481236815,0.5189111619446258,True,0.999709050660115,0.9993896405236139,0.9788963680249322,0.96,0.32,0.64,0.5,True
0.2,rand,0.473,0.174,0.14,0.131,0.124,0.062,0.105,0.34050893220818423,0.41771667371825777,0.5158775697449101,0.5441238862908073,True,0.9974103578520119,0.9958463608522072,0.9447462750156413,0.92,0.26,0.68,0.48,True
0.2,rand,0.5,0.149,0.123,0.098,0.167,0.069,0.104,0.3185054728227,0.39836069233002563,0.5036296011889402,0.5308408468643138,True,0.9970120345925361,0.9941341319254717,0.934373935928424,0.88,0.24,0.7,0.44,True
0.2,rand,0.449,0.146,0.173,0.109,0.164,0.076,0.094,0.3213657658519488,0.3976791993175891,0.4964703966767407,0.5236332618960533,True,0.9987776806110102,0.9977598169149967,0.9601406126033041,0.9,0.3,0.64,0.46,True
0.2,rand,0.438,0.156,0.158,0.118,0.164,0.075,0.101,0.3069662476720034,0.3850800177263893,0.48454907455755014,0.5125480735351314,True,0.99958140807645,0.9992727948894958,0.9772752051823536,0.94,0.3,0.64,0.46,True
0.2,rand,0.438,0.207,0.127,0.133,0.162,0.065,0.078,0.31874336498927763,0.3995628946907788,0.5051039636593517,0.5342355477276,True,0.9989943213539201,0.9976994122143727,0.9590608158315399,0.98,0.32,0.66,0.5,True
0.2,rand,0.463,0.154,0.121,0.122,0.166,0.089,0.096,0.28228410159145545,0.362637879041868,0.4685030040491141,0.49817740363647395,True,0.9990170666891087,0.998314923448078,0.9646967259723203,0.96,0.3,0.66,0.5,True
0.2,rand,0.404,0.173,0.137,0.131,0.196,0.069,0.099,0.2690004506901052,0.3528338717022055,0.45492225709087736,0.4844900551228363,True,0.9989842406243159,0.9986456952552583,0.9688490163156243,0.98,0.32,0.66,0.5,True
0.2,rand,0.401,0.152,0.158,0.145,0.148,0.089,0.118,0.2714536164568439,0.3497344989075526,0.44521966147930364,0.4753894005693569,True,0.9986404170416848,0.9976874008111651,0.9589702387042776,0.92,0.34,0.62,0.48,True
0.2,rand,0.391,0.215,0.169,0.13,0.144,0.075,0.086,0.33262648145808194,0.4080645106633037,0.5086772237643752,0.5365144792786518,True,0.9991794864010193,0.998571004545125,0.9678623127024358,0.98,0.32,0.66,0.5,False
0.2,rand,0.464,0.193,0.119,0.116,0.135,0.084,0.098,0.32282294724852556,0.3997540348129532,0.5069716553033092,0.5352084338949061,True,0.9987431693247902,0.9980022279823687,0.9617051647413436,0.96,0.3,0.66,0.5,True
0.2,rand,0.466,0.185,0.119,0.107,0.155,0.088,0.089,0.3130220151328714,0.39099079467694875,0.5007469835328693,0.5288879464239443,True,0.9986878574734311,0.9976155534606903,0.9582351382223736,0.94,0.3,0.66,0.52,True
0.2,rand,0.407,0.182,0.149,0.115,0.166,0.08,0.111,0.2973792186553962,0.37575293783074093,0.47784587131254075,0.5055582402888918,True,0.9999030802909322,0.9998945526391287,0.9915599729610501,1.0,0.3,0.68,0.52,True
0.2,rand,0.455,0.199,0.121,0.115,0.16,0.064,0.095,0.3237935903652622,0.4040437001371026,0.5102641112536889,0.5381210964840346,True,0.9988420855617224,0.9974442768682547,0.9564458206203862,0.98,0.3,0.68,0.5,True
0.2,rand,0.392,0.18,0.148,0.143,0.151,0.086,0.11,0.27833630481738286,0.3572052464802395,0.4564608941378174,0.48641872671561354,True,0.9990814938837453,0.9979072351794397,0.96150472091342,0.94,0.36,0.62,0.5,True
0.2,rand,0.39,0.21,0.139,0.111,0.172,0.079,0.109,0.2981181328290012,0.3771517487956082,0.48288203206719277,0.5103222892377046,True,0.9990821160625919,0.998992753683254,0.9733732599546778,0.96,0.32,0.66,0.54,True
0.2,rand,0.384,0.164,0.174,0.122,0.194,0.076,0.095,0.28227777801800497,0.3622204502655563,0.4611989238085329,0.48949937953868544,True,0.9988662813093003,0.9982324586897378,0.9641390056979722,0.92,0.32,0.64,0.52,False
0.2,rand,0.471,0.166,0.124,0.104,0.173,0.071,0.1,0.30871382862569147,0.3892837555666189,0.4953330434738995,0.5229936048850283,True,0.9986793444522284,0.9971380730076073,0.9542849690612017,0.94,0.24,0.7,0.5,True
0.2,rand,0.439,0.173,0.152,0.132,0.136,0.085,0.094,0.31533117170499386,0.3912850478924351,0.49172200395034016,0.5206879854602141,True,0.9994821248690157,0.9996035886814156,0.9840072662984315,0.96,0.3,0.64,0.5,True
0.2,rand,0.404,0.168,0.153,0.112,0.194,0.089,0.089,0.27664197111487854,0.35638067890465974,0.4616158666012592,0.49009478896835473,True,0.999344022757987,0.9988732271322759,0.9713361132683751,0.94,0.32,0.66,0.52,True
0.2,rand,0.459,0.177,0.139,0.098,0.15,0.089,0.098,0.3243704142800627,0.3998473995081989,0.5067600711105913,0.5336512328677274,True,0.9985762868305679,0.9975430705883902,0.9578015421594593,0.94,0.3,0.66,0.5,True
0.2,rand,0.427,0.194,0.158,0.13,0.146,0.071,0.083,0.3318270325485671,0.40857534396940215,0.509315005106337,0.5376091160666899,True,0.9995803099861245,0.9991905100803206,0.9757869726608037,0.98,0.3,0.66,0.5,True
0.2,rand,0.472,0.143,0.134,0.123,0.159,0.092,0.088,0.2912379027738396,0.36978134936177187,0.47408571746234535,0.5037454814840213,True,0.9987178804782066,0.9984081542148384,0.9660344159536512,0.92,0.3,0.64,0.46,True
0.2,rand,0.388,0.17,0.164,0.12,0.172,0.094,0.102,0.2800777584368834,0.3574645852346524,0.4590717911504013,0.4876107609171399,True,0.9991420241598101,0.9980923299949804,0.962625612863294,0.92,0.36,0.62,0.52,True
0.2,rand,0.425,0.138,0.145,0.132,0.178,0.078,0.113,0.26421780670683753,0.34605818489028367,0.4441856706499998,0.4739831379272504,True,0.9991277869630114,0.9988293358209853,0.9709360642896321,0.92,0.28,0.66,0.46,True
0.2,rand,0.395,0.174,0.155,0.127,0.19,0.082,0.086,0.27707505667925036,0.35770448896029206,0.46067628255408694,0.4899165852611111,True,0.9993928905986497,0.9991807871256584,0.9757811019210739,0.96,0.32,0.66,0.52,True
0.2,rand,0.457,0.161,0.174,0.107,0.148,0.069,0.093,0.34718944043577826,0.42195058889499487,0.5204227863801935,0.5468591922871826,True,0.9982638814350642,0.996844801466483,0.9520591200264351,0.9,0.3,0.66,0.48,False
0.2,rand,0.446,0.166,0.125,0.127,0.178,0.069,0.099,0.28675811984858585,0.3695198604033516,0.4727907870781135,0.5021212357879964,True,0.9991882656982753,0.9982900025243366,0.9646602435182839,0.96,0.3,0.66,0.5,True
0.2,rand,0.382,0.16,0.157,0.121,0.203,0.071,0.117,0.26261744890301114,0.3453463417605965,0.4441657183764723,0.47261769278994054,True,0.99879189393628,0.9987256150764242,0.9704827593147672,0.96,0.3,0.68,0.52,True
0.2,rand,0.457,0.173,0.149,0.107,0.143,0.065,0.116,0.3364629204125775,0.4131465888334134,0.5128180850906363,0.5393329509847061,True,0.9986701187573835,0.9973533125652997,0.9560491263500606,0.92,0.26,0.7,0.48,True
0.2,rand,0.376,0.17,0.18,0.13,0.177,0.081,0.095,0.2867852258230045,0.3649541988348661,0.46249054095163566,0.4911492686921423,True,0.9986489452538603,0.9974619615556604,0.9568873841157912,0.94,0.36,0.62,0.5,True
0.2,rand,0.466,0.151,0.136,0.131,0.146,0.094,0.086,0.29678156392202276,0.3743036367918298,0.4777616189430401,0.5077531882399189,True,0.9987315902227253,0.9986350546412789,0.9687374722607547,0.94,0.3,0.64,0.48,True
0.2,rand,0.423,0.182,0.149,0.133,0.13,0.081,0.111,0.31229030758701093,0.38851488755107494,0.4874686079586866,0.5161365564324872,True,0.9995919066663154,0.9994949726681646,0.9814186894160627,0.96,0.3,0.66,0.5,True
0.2,rand,0.364,0.194,0.155,0.122,0.172,0.089,0.114,0.2762285440032324,0.35472488516019934,0.4568029516104132,0.48512814594886056,True,0.998557152932168,0.9974023291707969,0.9564395305421042,0.92,0.36,0.62,0.54,True
0.2,rand,0.459,0.18,0.17,0.121,0.137,0.065,0.078,0.3595652472503221,0.43435244541102813,0.5334410680419398,0.5606587634588317,True,0.9983254607563132,0.9972544598120668,0.9552922202634453,0.94,0.28,0.68,0.5,False
0.2,rand,0.396,0.158,0.167,0.134,0.174,0.079,0.102,0.280149533387082,0.3595650640080203,0.4567488758063597,0.4859757421827666,True,0.9991696820386146,0.9985487291183854,0.9675763238098752,0.96,0.32,0.66,0.5,True
0.2,rand,0.392,0.217,0.125,0.115,0.17,0.072,0.118,0.29475302072906984,0.3755284778500053,0.4813048496484628,0.50897419212374,True,0.9987570785050813,0.998629762833026,0.9689525929380033,0.94,0.32,0.66,0.52,True
0.2,rand,0.442,0.181,0.131,0.116,0.176,0.077,0.087,0.300720607617716,0.3810583424452006,0.4876429716285374,0.5161937922130466,True,0.9997071883553467,0.9993921423055584,0.9789282377548949,1.0,0.3,0.68,0.52,True
0.2,rand,0.41,0.157,0.162,0.122,0.165,0.088,0.106,0.2864135196300745,0.36407913734231667,0.4635757662184201,0.4921530191925704,True,0.9996641721859449,0.9993933563517357,0.9791429390935913,0.94,0.32,0.64,0.5,True
0.2,rand,0.424,0.201,0.147,0.115,0.153,0.073,0.097,0.3264305695861843,0.40361100088062435,0.5072055810180199,0.5345291311140763,True,0.9997714039614324,0.999613441101767,0.9832876813429569,0.98,0.3,0.68,0.52,True
0.2,rand,0.399,0.206,0.144,0.105,0.166,0.075,0.115,0.31028271275064784,0.38832857706715385,0.49263155367982675,0.5192803560716102,True,0.9993565745163443,0.9992593654705821,0.9770110218945045,0.98,0.3,0.68,0.52,True
0.2,rand,0.388,0.191,0.136,0.124,0.191,0.077,0.105,0.27124618529604333,0.35362592150322186,0.4579700463535668,0.4868732159656066,True,0.9989815904505898,0.9989889674225406,0.9732801667961026,0.94,0.34,0.64,0.52,True
0.2,rand,0.432,0.157,0.128,0.144,0.158,0.091,0.102,0.2654816046460889,0.34623712957685765,0.44821048972191574,0.4792420668829005,True,0.9989032201129868,0.9978828883016774,0.9617961612071583,0.94,0.32,0.64,0.5,True
0.2,rand,0.464,0.154,0.145,0.119,0.174,0.063,0.092,0.3114619507418418,0.39212557660596953,0.4928853020642577,0.5211738107331564,True,0.9986394238775792,0.9970434653447465,0.9537704406577241,0.9,0.26,0.68,0.48,True
0.2,rand,0.419,0.188,0.129,0.123,0.174,0.088,0.09,0.28385731471236475,0.3639894117188791,0.471268248997803,0.5005583214681425,True,0.9995408706397947,0.9990763661264278,0.9739267868435044,0.96,0.32,0.66,0.54,True
0.2,rand,0.412,0.166,0.144,0.114,0.19,0.065,0.119,0.2837703718395794,0.36597930824002095,0.4662994926958724,0.4940904598387835,True,0.9993368229963898,0.9990792164072079,0.9741343594268146,0.96,0.3,0.68,0.52,True
0.2,rand,0.368,0.161,0.142,0.118,0.197,0.098,0.126,0.23342178285445087,0.31498400914910507,0.4180470275719341,0.44723635026200553,True,0.9978114691975463,0.9959491142682245,0.9454289581785276,0.86,0.36,0.62,0.56,True
0.2,rand,0.423,0.153,0.166,0.147,0.142,0.095,0.084,0.29168596945774233,0.36780585068586213,0.4658900732795207,0.4963959370574468,True,0.9985330120891063,0.997997231746726,0.9619651546436712,0.92,0.32,0.64,0.48,True
0.2,rand,0.444,0.174,0.169,0.133,0.127,0.077,0.087,0.33814156795659706,0.4124833838413792,0.5101085765918328,0.5385520688332858,True,0.9988123520534874,0.9989016261232512,0.9722741736095153,0.96,0.3,0.66,0.48,True
0.2,rand,0.435,0.158,0.15,0.123,0.136,0.084,0.123,0.30316822475397265,0.37945660300281303,0.47751746494219344,0.5057551518856487,True,0.9993627673334533,0.9995408381276487,0.9830205626852427,0.94,0.3,0.64,0.48,True
0.2,rand,0.355,0.217,0.153,0.109,0.195,0.081,0.1,0.28624544908136895,0.36597714160799383,0.47238501399814803,0.49966843562283997,True,0.9971877040880078,0.9965351415233414,0.9499502664477161,0.92,0.36,0.62,0.54,False
0.2,rand,0.414,0.215,0.133,0.11,0.152,0.068,0.118,0.32202803280806924,0.4003222041363293,0.5045697307751954,0.5313541142820616,True,0.9992524137045318,0.9988830705958813,0.9715151708301393,0.96,0.28,0.7,0.5,True
0.2,rand,0.413,0.185,0.171,0.118,0.144,0.08,0.099,0.3272952473556021,0.4019544896000672,0.5014269235075733,0.5287223671560496,True,0.9996924893529726,0.999499555672127,0.9809938994627435,0.96,0.3,0.66,0.48,True
0.2,rand,0.409,0.17,0.15,0.139,0.147,0.101,0.095,0.27984144189596466,0.3566385595438499,0.4585853623940557,0.488824016281175,True,0.998917848585844,0.9976043554928489,0.9580359524101065,0.94,0.34,0.64,0.5,True
0.2,rand,0.403,0.161,0.151,0.12,0.181,0.098,0.095,0.26807105035255285,0.3469587411428658,0.4510745306097842,0.4802937094580708,True,0.9991589540650587,0.9981327074120538,0.963076821145398,0.92,0.34,0.64,0.52,True
0.2,rand,0.455,0.16,0.139,0.099,0.179,0.073,0.104,0.3069642620966389,0.38650877853061005,0.4909161489937141,0.5179523162416838,True,0.9990305609388263,0.9977792269973385,0.9602269963450452,0.94,0.3,0.66,0.5,True
0.2,rand,0.365,0.208,0.143,0.126,0.184,0.075,0.108,0.27865736401607366,0.36002596478892884,0.4632208127109958,0.49175023060368755,True,0.9982038936937453,0.9978386134788177,0.9605997883178989,0.94,0.34,0.64,0.52,True
0.2,rand,0.48,0.157,0.149,0.106,0.138,0.08,0.099,0.3358526175833145,0.41083562528379614,0.5129090742526471,0.5400245806836191,True,0.9979280071800349,0.9972822705076948,0.9556880758566666,0.94,0.3,0.64,0.46,True
0.2,rand,0.419,0.194,0.153,0.106,0.15,0.081,0.107,0.3240562729640567,0.3996624129478578,0.5029351059037714,0.5296102346300372,True,0.9996484665646036,0.999361206519905,0.9788330479035589,0.98,0.3,0.68,0.52,True
0.2,rand,0.442,0.177,0.125,0.135,0.143,0.075,0.113,0.29726398968048434,0.3770340873875134,0.47813436134848963,0.5075741535054706,True,0.9991206074922138,0.9983517083958465,0.9659996108538236,0.96,0.32,0.64,0.5,True
0.2,rand,0.386,0.219,0.139,0.104,0.168,0.093,0.1,0.2999963463421853,0.3770085203122511,0.48627997661469785,0.5135343846162349,True,0.9979703292304829,0.9965733929346682,0.9499611692500718,0.94,0.34,0.64,0.56,True
0.2,rand,0.464,0.168,0.164,0.099,0.142,0.066,0.107,0.35324870708430134,0.4279027659246239,0.527215923188458,0.5528801244780465,True,0.997825080634769,0.9957957890299438,0.9446196347728947,0.88,0.28,0.68,0.46,False
0.2,rand,0.411,0.189,0.133,0.13,0.19,0.066,0.092,0.2849555855716386,0.3682902155278645,0.4721276737401521,0.5013840985767911,True,0.9989815952248956,0.9984569155530811,0.9665355255234604,0.98,0.32,0.66,0.5,True
0.2,rand,0.451,0.192,0.161,0.1,0.153,0.062,0.091,0.357249819675698,0.4329371960539359,0.5352891233234364,0.5610168537831938,True,0.9985130226134125,0.9966423509203812,0.9504467632934513,0.92,0.28,0.68,0.48,False
0.2,rand,0.449,0.169,0.151,0.118,0.139,0.069,0.116,0.3273655952490422,0.4041242908623178,0.5023136994290166,0.5296905254793878,True,0.9989979989799478,0.9983778592436328,0.9657974896716914,0.94,0.28,0.68,0.5,True
0.2,rand,0.341,0.218,0.176,0.145,0.18,0.065,0.086,0.2969791478706072,0.3771620513568056,0.4753319028209238,0.5043101740469447,True,0.9955766260015896,0.9923667709714995,0.9247291492291718,0.92,0.36,0.62,0.52,False
0.2,rand,0.401,0.162,0.127,0.144,0.192,0.091,0.093,0.23883150745667403,0.3226565277811054,0.4269132271214833,0.458473230858858,True,0.9984102596966258,0.9967647363017605,0.9517253265389305,0.92,0.32,0.64,0.5,True
0.2,rand,0.464,0.196,0.135,0.099,0.132,0.075,0.11,0.3480552790890663,0.4231013398168181,0.52819669433259,0.5543046686498779,True,0.9982731659406755,0.9971309023183658,0.9541122015777194,0.96,0.26,0.7,0.48,True
0.2,rand,0.377,0.189,0.153,0.15,0.149,0.092,0.1,0.2762853691154452,0.3544464920582506,0.4541669120938582,0.4846466785698679,True,0.9982636522683876,0.9958942546074842,0.9457287852433086,0.94,0.36,0.62,0.52,True
0.2,rand,0.428,0.195,0.163,0.131,0.141,0.07,0.082,0.33829737590254233,0.4143821071308162,0.5143288755453562,0.5425076716458209,True,0.9994028761676594,0.9989201950857397,0.9719600890339614,0.98,0.3,0.66,0.5,True
0.2,rand,0.403,0.162,0.178,0.105,0.149,0.095,0.118,0.3065559897896077,0.37994706702138425,0.47899176496257584,0.5056943545473571,True,0.9986730462748716,0.9971102285206204,0.954739532051723,0.9,0.34,0.62,0.5,True
0.2,rand,0.486,0.167,0.119,0.131,0.142,0.086,0.079,0.3099150786933013,0.38845251358154326,0.49475922954544843,0.5247935041112625,True,0.9983128309814595,0.9975731013355956,0.9574765547815498,0.96,0.3,0.66,0.5,True
0.2,rand,0.362,0.198,0.17,0.13,0.172,0.088,0.09,0.28911462771628954,0.3665895803038771,0.4680831651516834,0.4968069143747092,True,0.9981878559326326,0.9965693013303487,0.9497892404436938,0.9,0.38,0.6,0.54,True
0.2,rand,0.385,0.188,0.17,0.12,0.155,0.087,0.107,0.3036370145932082,0.3792879220536077,0.4792888574171793,0.5069614980222789,True,0.9993727017956902,0.9986300714336303,0.9684112268671887,0.9,0.38,0.6,0.52,True
0.2,rand,0.387,0.214,0.179,0.1,0.161,0.073,0.095,0.34298890118458225,0.4173598938455916,0.5196137802914168,0.54501261878673,True,0.9983629996034288,0.9971292693407612,0.9552167393240598,0.94,0.3,0.68,0.5,False
0.2,rand,0.387,0.17,0.138,0.116,0.192,0.075,0.131,0.25972275507210535,0.3423227179515104,0.44351622801086404,0.47175953238394625,True,0.9992053969924216,0.999510951502625,0.9823433309235344,0.96,0.3,0.68,0.54,True
0.2,rand,0.455,0.158,0.156,0.137,0.131,0.079,0.095,0.3193661843881356,0.3955189403974595,0.49307745827854094,0.5222926775681903,True,0.9985040762154547,0.9985847441931421,0.9685257062919234,0.94,0.3,0.64,0.46,True
0.2,rand,0.412,0.175,0.133,0.135,0.149,0.082,0.124,0.2788775352227357,0.35855743452399724,0.45852835987651874,0.4879874950247221,True,0.9994779723080718,0.9989630848700027,0.9738324356692728,0.96,0.32,0.64,0.52,True
0.2,rand,0.397,0.168,0.177,0.125,0.166,0.072,0.106,0.30460564931819545,0.3822810152051563,0.4782647678061222,0.5060852083136417,True,0.9992074008987587,0.998409231874205,0.9657622652333117,0.94,0.32,0.64,0.48,False
0.2,rand,0.398,0.182,0.143,0.099,0.183,0.086,0.118,0.28346450604299633,0.3625590996180788,0.4678788932021064,0.4949269694832326,True,0.9990346621759836,0.9984246028713275,0.9661182836640797,0.96,0.3,0.68,0.52,True
0.2,rand,0.426,0.181,0.141,0.122,0.164,0.077,0.1,0.30113070867538483,0.380360290873045,0.48331678570794606,0.5117834028318321,True,0.9999242593283098,0.9998379166928515,0.9894146369282948,1.0,0.3,0.68,0.52,True
0.2,rand,0.391,0.209,0.149,0.137,0.133,0.071,0.12,0.31312650272757697,0.39051451935844966,0.48857911214932304,0.5169496380403072,True,0.999108526219988,0.9981013168679901,0.9633041026406587,0.98,0.32,0.66,0.5,True
0.2,rand,0.385,0.167,0.169,0.123,0.157,0.093,0.117,0.2834750342972516,0.35967582630775025,0.4581314981698088,0.4864381188501177,True,0.9991289050186156,0.9980106949569987,0.9618322243226425,0.9,0.38,0.6,0.5,True
0.2,rand,0.39,0.194,0.156,0.145,0.14,0.076,0.109,0.30144891919666983,0.3792422960635553,0.47645527200419585,0.5057479454523284,True,0.9989214245408604,0.997640331890749,0.9588398244145615,0.96,0.34,0.64,0.52,True
0.2,rand,0.343,0.206,0.179,0.112,0.178,0.072,0.119,0.2999608904397359,0.37760248134588337,0.4762685194721681,0.5027166052938224,True,0.9972888270307649,0.9957942961032732,0.9441038483537608,0.9,0.36,0.62,0.5,False
0.2,rand,0.413,0.16,0.138,0.131,0.145,0.106,0.117,0.26618544300801256,0.34336964405271864,0.4456013096591662,0.4755400280326944,True,0.9985512133702784,0.9969340819012324,0.9522348228797823,0.94,0.32,0.64,0.52,True
0.2,rand,0.419,0.183,0.141,0.134,0.168,0.075,0.089,0.29370454560409676,0.3741969865147256,0.47687471585090097,0.5063945109722574,True,0.9996329599450069,0.9992123967028688,0.9768290289628752,0.98,0.32,0.66,0.5,True
0.2,rand,0.386,0.179,0.151,0.107,0.201,0.077,0.109,0.2760940830234892,0.3572113335393935,0.46082812203195034,0.4883707388478975,True,0.9989811254983127,0.9990354789890947,0.9743373192860509,0.96,0.3,0.68,0.54,True
0.2,rand,0.369,0.195,0.169,0.106,0.202,0.073,0.096,0.2933552892593845,0.37310710292592303,0.4763099721305665,0.5031994246162024,True,0.9979951002819053,0.9975596279472029,0.9579717936116289,0.92,0.32,0.66,0.52,False
0.2,rand,0.443,0.162,0.166,0.103,0.143,0.083,0.11,0.3284934722987,0.40254287232764685,0.5023355146241428,0.5288575085676196,True,0.9989210543151498,0.998326092510058,0.9661195416797361,0.94,0.3,0.66,0.46,True
0.2,rand,0.461,0.157,0.144,0.11,0.163,0.068,0.108,0.31522337988668425,0.3942104495897998,0.494906732453211,0.5223371466910808,True,0.9988644397293591,0.997659215560714,0.9588997898275177,0.9,0.26,0.68,0.48,True
0.2,rand,0.447,0.154,0.136,0.11,0.184,0.077,0.103,0.28734209873434136,0.3682987529350885,0.4721689452778033,0.5004176127209903,True,0.9994866478726843,0.9989713641600962,0.9729342124905859,0.94,0.28,0.66,0.48,True
0.2,rand,0.475,0.166,0.17,0.106,0.124,0.065,0.104,0.36736308020576974,0.44044357252743416,0.5375449898515395,0.5634046108203687,True,0.9967816159627436,0.9951002036747704,0.9399322684370581,0.88,0.28,0.68,0.46,False
0.2,rand,0.395,0.201,0.15,0.127,0.149,0.082,0.106,0.3050561658979744,0.38223771211959473,0.4839327080430999,0.5122363854848032,True,0.9996539978148434,0.9993006418192316,0.9777863788774139,0.96,0.34,0.64,0.52,True
0.2,rand,0.396,0.178,0.169,0.139,0.149,0.066,0.113,0.30761429649671534,0.38578216522162345,0.4797954644894706,0.5083429364348339,True,0.9985802615486224,0.9971204844016561,0.9535884477260949,0.96,0.3,0.66,0.5,False
0.2,rand,0.39,0.203,0.157,0.108,0.173,0.077,0.103,0.30910767058144917,0.3868113343591801,0.4905672788757324,0.5174302784270526,True,0.9992386149843148,0.9990609116687197,0.9742169691215863,0.98,0.3,0.68,0.52,False
0.2,rand,0.453,0.174,0.165,0.108,0.142,0.079,0.09,0.34310942690726104,0.41719105374533566,0.5187174466265968,0.5454994763574041,True,0.9989782468089516,0.9985737791006909,0.968204073622431,0.94,0.3,0.66,0.46,True
0.2,rand,0.421,0.169,0.152,0.126,0.152,0.086,0.103,0.29755447073914226,0.374783222602198,0.47551926223910934,0.50425615931049,True,0.9998357084347096,0.9997821002888126,0.9876785753224295,0.96,0.3,0.66,0.5,True
0.2,rand,0.48,0.145,0.121,0.126,0.149,0.092,0.096,0.28890203777514323,0.3679107924077328,0.4726084191712003,0.5026150787140118,True,0.9981328261993413,0.9975394952183272,0.9573163674546319,0.96,0.3,0.66,0.5,True
0.2,rand,0.436,0.153,0.149,0.132,0.173,0.072,0.094,0.290651666723541,0.37148196326516425,0.47087601932221795,0.5002717782347161,True,0.9992859983414061,0.9987278766547323,0.9696075997564481,0.96,0.28,0.66,0.5,True
0.2,rand,0.412,0.163,0.144,0.138,0.178,0.072,0.104,0.274754470686825,0.35696653336737677,0.456158239491074,0.4859575504437399,True,0.9991261119412373,0.9984642808479811,0.9666848100480228,0.98,0.3,0.66,0.5,True
0.2,rand,0.448,0.154,0.154,0.121,0.167,0.06,0.106,0.3119754019232651,0.3919492640313466,0.4893211968993731,0.5172693911207403,True,0.9985318444458264,0.9968827833611867,0.9525505848095449,0.9,0.26,0.68,0.48,True
0.2,rand,0.472,0.152,0.149,0.095,0.157,0.082,0.104,0.3238897303452338,0.3999171139862711,0.5034167023571713,0.5299972029810872,True,0.9980940825995696,0.9966028850557528,0.950721010706552,0.9,0.28,0.66,0.44,True
0.2,rand,0.485,0.167,0.128,0.137,0.131,0.072,0.09,0.3243011910807381,0.4026422148665455,0.5040148660705299,0.5335933709274194,True,0.9976137321012905,0.9965256310878288,0.9493971588974417,0.96,0.28,0.68,0.5,True
0.2,rand,0.425,0.16,0.155,0.117,0.166,0.081,0.105,0.296706372902978,0.37481852576353736,0.4754264220410866,0.5035372042527025,True,0.9998568798766005,0.9997698796234539,0.9875682892832162,0.96,0.3,0.66,0.48,True
0.2,rand,0.388,0.172,0.16,0.126,0.18,0.091,0.093,0.2746830129412015,0.3535663665660583,0.4558580393855424,0.4849778931896907,True,0.9991629479888432,0.9983414240160742,0.9651416441761423,0.92,0.36,0.62,0.52,True
0.2,rand,0.388,0.215,0.176,0.119,0.143,0.071,0.098,0.34147069883611325,0.4160492595237888,0.5154577548619065,0.5420680861782832,True,0.9990400511736133,0.9983082783569633,0.9647369824733258,0.98,0.32,0.66,0.5,False
0.2,rand,0.43,0.179,0.139,0.117,0.169,0.075,0.099,0.3007012757631287,0.3804196637730905,0.48414445452717386,0.5123884468006646,True,0.9998645950462064,0.9997280821550503,0.9860796374231142,1.0,0.3,0.68,0.52,True
0.2,rand,0.407,0.204,0.171,0.115,0.135,0.072,0.106,0.3441227901511664,0.4180885990097153,0.5171047781005654,0.5434848691437515,True,0.9994376795545867,0.9989775988694045,0.9726402561655347,0.98,0.3,0.66,0.5,False
0.2,rand,0.4,0.183,0.162,0.126,0.181,0.066,0.091,0.30261197297314185,0.3827777683068607,0.48267032093908036,0.5109406746941657,True,0.9991815934974648,0.9986285544865959,0.9682795545618165,0.96,0.32,0.64,0.5,False
0.2,rand,0.381,0.202,0.175,0.121,0.147,0.088,0.097,0.31850551556190726,0.3926258650497815,0.4934767269372896,0.5209357069158661,True,0.9990121136724007,0.9980267165395642,0.9620842467924794,0.9,0.38,0.6,0.52,True
0.2,rand,0.379,0.176,0.182,0.117,0.178,0.078,0.099,0.3000103275040604,0.37731603659389945,0.4759811441013451,0.5033910771044393,True,0.9988774472169029,0.9978903700342722,0.9603104447169212,0.94,0.34,0.64,0.5,False
0.2,rand,0.376,0.165,0.174,0.122,0.153,0.1,0.12,0.2795210040830163,0.35461417422941044,0.45268003304693244,0.48093787937463245,True,0.9984120094796879,0.99630644160525,0.9479051523289226,0.86,0.42,0.56,0.52,True
0.2,rand,0.399,0.184,0.161,0.109,0.163,0.077,0.118,0.3074491542794538,0.38453299373198885,0.4847060186082127,0.5115030664135967,True,0.9997285877703379,0.9994655574936686,0.980918418523358,0.94,0.32,0.64,0.5,True
0.2,rand,0.369,0.226,0.141,0.117,0.139,0.098,0.119,0.2986261278815287,0.37385479913401104,0.47966740007008457,0.5073870219946255,True,0.9977073778301812,0.9953233398252368,0.9415341417062383,0.9,0.36,0.62,0.54,True
0.2,rand,0.372,0.195,0.153,0.134,0.16,0.101,0.095,0.27558079925953527,0.35276515740338515,0.4565636170302349,0.48619596176719776,True,0.9980954676907755,0.9955691735908688,0.9431137900321549,0.9,0.38,0.6,0.56,True
0.2,rand,0.455,0.157,0.153,0.112,0.155,0.078,0.101,0.3168181915640149,0.39388695703251,0.49482663692363105,0.5224592114175358,True,0.9992365186300571,0.9988110538814863,0.9709243228101722,0.94,0.3,0.64,0.46,True
0.2,rand,0.379,0.162,0.194,0.118,0.164,0.078,0.115,0.3028567453339795,0.3785281676754042,0.47259587052803115,0.49965767912644415,True,0.9984464961348304,0.9966582279736399,0.9500366501894572,0.9,0.34,0.6,0.5,False
0.2,rand,0.503,0.174,0.14,0.113,0.13,0.067,0.082,0.3602164340973272,0.4359305787864857,0.5390840537634235,0.5664572183055431,True,0.9968247130783294,0.9952000656904019,0.9405067622534917,0.92,0.26,0.68,0.48,True
0.2,rand,0.402,0.221,0.132,0.126,0.145,0.067,0.117,0.31595027501987666,0.3948771615167648,0.4973912820700667,0.5252041840712538,True,0.9990579107664024,0.9983576023416907,0.9658750673038377,0.96,0.3,0.68,0.5,True
0.2,rand,0.389,0.167,0.184,0.117,0.153,0.103,0.096,0.29918260994434764,0.3724982816361957,0.4725913625561764,0.5005340379923934,True,0.9981530648069905,0.9960054973899961,0.9458256524488532,0.84,0.42,0.54,0.52,True
0.2,rand,0.454,0.159,0.147,0.106,0.143,0.09,0.111,0.31360268467418073,0.3889003147043331,0.4914027455958121,0.5187934814882436,True,0.9988109940890189,0.9983945774167444,0.9661036068147547,0.94,0.3,0.64,0.48,True
0.2,rand,0.392,0.211,0.138,0.119,0.142,0.091,0.117,0.30079583679795924,0.37713734896985257,0.48181388647335316,0.5097204330088448,True,0.99909149670536,0.9981573795825378,0.9633699387933449,0.96,0.32,0.66,0.54,True
0.2,rand,0.453,0.196,0.141,0.103,0.126,0.077,0.115,0.346168566723788,0.42045278747083886,0.5237898702539818,0.549970996032996,True,0.998675862681244,0.9980399379177008,0.9621983068786619,0.96,0.28,0.68,0.48,True
0.2,rand,0.395,0.181,0.168,0.132,0.168,0.08,0.086,0.2993259999232341,0.3773959652694777,0.4774028907146511,0.506285015795056,True,0.9994228199619279,0.9989221032797143,0.9721097928970758,0.96,0.34,0.64,0.52,True
0.2,rand,0.439,0.165,0.154,0.101,0.179,0.066,0.106,0.3147924501561345,0.3939407906977708,0.4953231667171101,0.5219302038877902,True,0.999155711877418,0.997845918519246,0.9606433995273216,0.9,0.28,0.68,0.5,True
0.2,rand,0.462,0.147,0.164,0.121,0.159,0.069,0.089,0.3238190527077768,0.40148663316323746,0.49967705799691403,0.5277411654631323,True,0.998453193509253,0.9974158355362992,0.9568253220100741,0.9,0.26,0.68,0.48,True
0.2,rand,0.384,0.18,0.163,0.134,0.177,0.077,0.096,0.2846809354321339,0.36453985523098165,0.4640030221610035,0.4931185955861747,True,0.999057766343653,0.9984162421562723,0.966056640896915,0.96,0.34,0.64,0.52,True
0.2,rand,0.45,0.207,0.129,0.112,0.141,0.092,0.078,0.32905378365740534,0.40453531413130156,0.5147121402711171,0.5427602474572246,True,0.9988105634249376,0.9981656564298824,0.9635494156936615,0.96,0.3,0.68,0.52,True
0.2,rand,0.457,0.187,0.132,0.121,0.143,0.079,0.091,0.3229149982125836,0.40031448612842,0.5053554517806099,0.5337774227521875,True,0.9993617647292431,0.998991159789631,0.9727647997155207,0.98,0.3,0.66,0.5,True
0.2,rand,0.458,0.166,0.158,0.116,0.142,0.089,0.082,0.3280001504722608,0.4025330223054815,0.5054796666598479,0.5335042351767035,True,0.9990378392594547,0.9991511407042716,0.9758507121207293,0.94,0.3,0.64,0.48,True
0.2,rand,0.435,0.191,0.152,0.112,0.15,0.083,0.087,0.32882883767593885,0.4043149956309025,0.5090920560340859,0.5365280103765011,True,0.9996731351854659,0.9995785724904692,0.982760153444363,0.98,0.3,0.66,0.52,True
0.2,rand,0.448,0.188,0.162,0.111,0.16,0.063,0.078,0.3481101083360276,0.42493704252413256,0.5272593876972702,0.554047260749457,True,0.9990100714631107,0.9977255850468985,0.9592553889197336,0.94,0.3,0.66,0.5,False
0.2,rand,0.373,0.208,0.149,0.147,0.14,0.073,0.12,0.2951023170506043,0.37380731311721926,0.47115753824316536,0.5004478339724233,True,0.9982389547846767,0.9962274451431483,0.9481634648770415,0.96,0.34,0.64,0.52,True
0.2,rand,0.404,0.159,0.166,0.107,0.189,0.072,0.114,0.29064176485936777,0.370201710912293,0.4694685580741279,0.4965364130898308,True,0.9993357156829737,0.9987425168628244,0.9699493606764433,0.92,0.3,0.66,0.48,False
0.2,rand,0.407,0.207,0.135,0.137,0.144,0.077,0.103,0.30441148126663503,0.3831975225896516,0.4855926707339859,0.5147797249383564,True,0.9993369200016022,0.9984852449257143,0.9680526924051078,0.96,0.34,0.64,0.52,True
0.2,rand,0.429,0.192,0.162,0.109,0.128,0.087,0.104,0.3387943315256768,0.41150292231288965,0.5135549004317891,0.5402148590595235,True,0.9992140469493943,0.9990465894251024,0.9740982963113304,0.94,0.3,0.66,0.48,True
0.2,rand,0.414,0.173,0.169,0.106,0.179,0.067,0.104,0.3150766990820533,0.3933800346620583,0.4930737000783438,0.5196516618247355,True,0.9992757513791558,0.9982911783007817,0.9646686302893267,0.92,0.3,0.64,0.5,False
0.2,rand,0.481,0.151,0.162,0.106,0.128,0.076,0.105,0.3475549015612942,0.4211945445762734,0.5197923111058007,0.5464125115310143,True,0.9970390573801673,0.9963489637558117,0.9485685459184101,0.9,0.28,0.66,0.46,True
0.2,rand,0.406,0.225,0.127,0.115,0.159,0.08,0.097,0.31128443599053135,0.38978047595040516,0.4982023831449713,0.5260192153661181,True,0.998929987041232,0.9984789401909392,0.9667900640246101,0.94,0.32,0.66,0.52,True
0.2,rand,0.374,0.175,0.149,0.141,0.167,0.096,0.108,0.25644508426047197,0.3360095562787507,0.43683644441075786,0.4671796939338725,True,0.9982688058059377,0.9960946328883139,0.9466739743398352,0.94,0.36,0.62,0.52,True
0.2,rand,0.417,0.165,0.142,0.148,0.167,0.078,0.094,0.2749451409409831,0.3563340630227601,0.4560664452191228,0.4868064727057377,True,0.9989342251056521,0.9978476846266627,0.9613571137430663,0.94,0.32,0.64,0.5,True
0.2,rand,0.454,0.183,0.152,0.126,0.135,0.082,0.078,0.3348734187248355,0.41008344370614874,0.5129015619511205,0.5414248031417526,True,0.9993582700459317,0.9995483153818705,0.98279286185143,0.98,0.3,0.66,0.5,True
0.2,rand,0.439,0.164,0.156,0.105,0.148,0.084,0.115,0.3167430394224893,0.39210434315730347,0.49289345788406574,0.5197551445216603,True,0.9993120561767385,0.998869258886773,0.9720351506347947,0.96,0.3,0.66,0.48,True
0.2,rand,0.414,0.165,0.134,0.135,0.195,0.068,0.099,0.2660782429255746,0.35053221180577554,0.45197793372386846,0.48196122170604666,True,0.9988457959568487,0.9981330603892624,0.963242879212046,0.96,0.3,0.66,0.5,True
0.2,rand,0.371,0.217,0.13,0.101,0.18,0.098,0.113,0.2762175997357311,0.35487909641824156,0.465337968492481,0.4927545673258416,True,0.9966261302789119,0.9941269461726123,0.9344276112630981,0.92,0.36,0.62,0.56,True
0.2,rand,0.371,0.181,0.158,0.145,0.184,0.069,0.102,0.2709306432246679,0.3532614667522619,0.45073098625956165,0.48058630764192356,True,0.9976631878326035,0.9959521778824041,0.9454985683781829,0.96,0.34,0.64,0.5,True
0.2,rand,0.423,0.166,0.145,0.129,0.173,0.082,0.093,0.28422027607865746,0.364280630957711,0.4665692505974126,0.4960015515021505,True,0.9998201337812557,0.9996823469755048,0.9852589918765735,0.94,0.32,0.64,0.48,True
0.2,rand,0.396,0.159,0.133,0.129,0.181,0.093,0.119,0.24442979579237373,0.32616655072460127,0.42871618091536,0.4587459929300468,True,0.9989247184863158,0.9979137829677251,0.9607889100049147,0.94,0.32,0.64,0.5,True
0.2,rand,0.394,0.172,0.135,0.125,0.193,0.09,0.1,0.25413741603535134,0.33618110573699406,0.441541344914586,0.4712825530157111,True,0.9989695940307983,0.9982777610956125,0.9643411268801043,0.94,0.34,0.64,0.52,True
0.2,rand,0.366,0.206,0.175,0.134,0.148,0.077,0.104,0.31190662912626343,0.3879177734979796,0.48547522076056254,0.5135211569511811,True,0.9985245205522796,0.997076274311641,0.953761215209577,0.92,0.38,0.6,0.52,False
0.2,rand,0.491,0.162,0.145,0.099,0.128,0.072,0.113,0.3509816969985009,0.4255221110648748,0.526577960106021,0.5527218303328286,True,0.9966988890711322,0.9950995030129759,0.9400262002727378,0.88,0.26,0.68,0.44,True
0.2,rand,0.446,0.177,0.143,0.108,0.176,0.079,0.082,0.3122920277315323,0.39096188542709387,0.49731961610710956,0.525092955263079,True,0.9996500924327295,0.9992550694896093,0.9769875389355845,0.96,0.28,0.68,0.5,True
0.2,rand,0.426,0.208,0.12,0.139,0.13,0.071,0.115,0.3108789473858607,0.3900085151534858,0.4919878088982291,0.521170152028429,True,0.9987504650065305,0.9972712011912928,0.9564269503855399,0.98,0.32,0.66,0.5,True
0.2,rand,0.467,0.147,0.153,0.117,0.144,0.083,0.099,0.3170415273954253,0.3930984394004367,0.4933642802982135,0.5215642018017846,True,0.9985735284754135,0.9985576581796723,0.9682170731175472,0.94,0.3,0.64,0.46,True
0.2,rand,0.384,0.184,0.167,0.129,0.167,0.09,0.088,0.29102033233966174,0.36822932398577557,0.46982879805605315,0.4987620777008448,True,0.9991166043453387,0.9981537492506257,0.9632235896386476,0.92,0.38,0.6,0.52,True
0.2,rand,0.369,0.157,0.169,0.126,0.195,0.102,0.091,0.2513520469510581,0.33045211308922406,0.43274457641444786,0.46237124861793166,True,0.9975404822066182,0.9948378593696786,0.9383442333400988,0.84,0.38,0.6,0.56,True
0.2,rand,0.399,0.174,0.152,0.139,0.166,0.074,0.106,0.2837942425026833,0.3641933642833641,0.46226933404369996,0.49175807925938975,True,0.9991607601632273,0.9984046606768617,0.9660398673548293,0.98,0.32,0.66,0.52,True
0.2,rand,0.405,0.19,0.13,0.127,0.164,0.088,0.106,0.27922813517478334,0.35907081618983444,0.4639349836427573,0.49320967442134106,True,0.9994314766463313,0.9988004071606348,0.9704668244497858,0.96,0.32,0.66,0.54,True
0.2,rand,0.422,0.192,0.125,0.129,0.164,0.084,0.094,0.2883479358571774,0.368607238942002,0.47484596161235476,0.5043551955862475,True,0.9995285399100928,0.9989452328543009,0.972602515695842,0.96,0.32,0.66,0.52,True
0.2,rand,0.342,0.206,0.166,0.14,0.154,0.09,0.112,0.2800637988230418,0.35715237745440837,0.4561603491528841,0.48525395192327664,True,0.9971860850558196,0.9940221082775785,0.933958790761804,0.9,0.4,0.58,0.52,True
0.2,rand,0.424,0.207,0.167,0.1,0.135,0.076,0.1,0.3566684464415858,0.42937757730128767,0.531857521323158,0.5573502093429598,True,0.998904256896886,0.9981842775043462,0.964434639377232,0.92,0.28,0.68,0.48,False
0.2,rand,0.427,0.177,0.165,0.129,0.129,0.072,0.111,0.3301716541610752,0.4054413953959926,0.5013865258321741,0.5291666622915293,True,0.9991631410227058,0.9988457348082477,0.9711692165246227,0.96,0.3,0.66,0.5,True
0.2,rand,0.464,0.146,0.158,0.102,0.161,0.096,0.083,0.312736671996181,0.3878303073415411,0.4925492545639732,0.5202430502425529,True,0.9982369888557721,0.9973020555519846,0.9562223131720948,0.92,0.32,0.62,0.5,True
0.2,rand,0.441,0.166,0.166,0.128,0.123,0.079,0.106,0.3314747445137108,0.4056124771801578,0.50199646565437,0.529961002117406,True,0.9987952524433702,0.9990184163883954,0.9741955828554272,0.94,0.3,0.64,0.46,True
0.2,rand,0.399,0.203,0.141,0.11,0.156,0.077,0.124,0.306584832463285,0.3844593788879495,0.4874123628042855,0.5144094857559569,True,0.9995989512629752,0.9995500448480544,0.9821684667472915,0.98,0.3,0.68,0.52,True
0.2,rand,0.373,0.174,0.148,0.128,0.189,0.083,0.114,0.25670956943378587,0.33837834553936896,0.43939579186140426,0.46866962715431737,True,0.9987408358828487,0.9981921806111175,0.9636173485391084,0.94,0.34,0.64,0.54,True
0.2,rand,0.371,0.199,0.135,0.143,0.172,0.071,0.118,0.26838244150116053,0.351050405483818,0.4510951204275587,0.4808534699075661,True,0.9978951135154128,0.9963663785194697,0.9491006865410776,0.94,0.36,0.62,0.5,True
0.2,rand,0.427,0.18,0.126,0.14,0.162,0.092,0.083,0.2766863623127984,0.35698628719562964,0.4629550586040644,0.4937703021157201,True,0.9992162700397685,0.9980336494679181,0.9627786714348255,0.96,0.32,0.64,0.52,True
0.2,rand,0.432,0.164,0.146,0.121,0.174,0.09,0.083,0.28924696301488373,0.36804619156879065,0.47287674208169467,0.5020187328290482,True,0.9997903354943721,0.9995851597698611,0.9827781850021052,0.94,0.3,0.64,0.48,True
0.2,rand,0.484,0.154,0.122,0.111,0.147,0.089,0.103,0.3038756348497921,0.3817100467732918,0.48749865749363636,0.5160655411872207,True,0.9979835513447721,0.9970991054637435,0.9539130157654522,0.94,0.3,0.64,0.48,True
0.2,rand,0.386,0.193,0.169,0.122,0.163,0.088,0.088,0.304796207634224,0.38092095675175297,0.48318986623652355,0.5112861538440998,True,0.9992090185203566,0.9984652550976463,0.9664730440791913,0.9,0.38,0.6,0.52,True
0.2,rand,0.494,0.154,0.12,0.133,0.137,0.073,0.099,0.31275813802921715,0.3921700886100223,0.4937934250059314,0.5234693257551568,True,0.9971092053866841,0.9958227187074875,0.9443688703187142,0.94,0.26,0.68,0.48,True
0.2,rand,0.389,0.192,0.155,0.11,0.183,0.086,0.095,0.29203604978323056,0.3704338165161573,0.4756854617437898,0.5033593876700421,True,0.999103161527915,0.9986660828442637,0.9689156911454149,0.96,0.32,0.66,0.54,True
0.2,rand,0.467,0.173,0.121,0.138,0.154,0.067,0.091,0.30631817512401405,0.387728561982194,0.49026845787324647,0.5201511115128202,True,0.9982867343006394,0.9964420398151451,0.9489476279695459,0.96,0.28,0.68,0.5,True
0.2,rand,0.423,0.164,0.156,0.116,0.158,0.096,0.096,0.2958526260875553,0.3720221123480305,0.47500512881874074,0.5034021487032915,True,0.999466138106169,0.9989601222227757,0.9724553278640404,0.94,0.32,0.64,0.5,True
0.2,rand,0.37,0.171,0.15,0.113,0.181,0.1,0.123,0.2542239469334811,0.3330356042630648,0.43627531894227267,0.464700886624326,True,0.998013270204569,0.9957835923849487,0.9444716082639888,0.88,0.38,0.6,0.54,True
0.2,rand,0.394,0.19,0.159,0.12,0.17,0.072,0.104,0.3035087872825436,0.3822392504308988,0.48282647255822186,0.5105348818216593,True,0.9995746211837943,0.9994393235924217,0.9799103286440102,0.96,0.32,0.66,0.52,True
0.2,rand,0.418,0.194,0.162,0.098,0.179,0.064,0.096,0.3312218501149168,0.40909873666852675,0.5123077221797833,0.5381585584245901,True,0.9989104238893411,0.9977482057154753,0.9595996658710417,0.88,0.28,0.66,0.48,False
0.2,rand,0.439,0.205,0.125,0.129,0.151,0.066,0.094,0.31915472548278484,0.3992373775772387,0.503651934271139,0.5323567918948171,True,0.9990425750452506,0.9978261004978468,0.9600735184349614,0.98,0.32,0.66,0.5,True
0.2,rand,0.462,0.156,0.178,0.102,0.149,0.078,0.086,0.3466966192927831,0.4203074912973991,0.5203035363181868,0.5466716090848447,True,0.9980209639983058,0.996811304458663,0.9526466133379852,0.9,0.3,0.66,0.48,True
0.2,rand,0.446,0.194,0.158,0.096,0.165,0.068,0.083,0.3492812221246737,0.42542743523003346,0.5304744410835761,0.5563156109807352,True,0.9987589407013429,0.9972954479163523,0.9558256189017692,0.92,0.28,0.68,0.48,False
0.2,rand,0.456,0.151,0.121,0.142,0.152,0.09,0.098,0.2735269559681536,0.3540230756211332,0.45687283602937007,0.4879252422854367,True,0.9985316246107475,0.997645375759994,0.9592134550645194,0.94,0.3,0.66,0.48,True
0.2,rand,0.403,0.204,0.149,0.114,0.148,0.088,0.103,0.31293747839297886,0.38866275286918006,0.4931079448547804,0.5206301319904871,True,0.9995000259114594,0.9990881780384794,0.9742412907576107,0.96,0.32,0.66,0.54,True
0.2,rand,0.381,0.207,0.165,0.126,0.14,0.086,0.105,0.3153461947549738,0.39018850514761366,0.49066121122434303,0.5184818719827992,True,0.9992379143549441,0.9984341808895583,0.9663468231749968,0.94,0.36,0.62,0.52,True
0.2,rand,0.439,0.167,0.137,0.12,0.151,0.095,0.102,0.2921384596972697,0.3693331057529397,0.47373209884091866,0.5026790157314242,True,0.9993569897724386,0.9989074288731382,0.9715910711080769,0.96,0.3,0.66,0.5,True
0.2,rand,0.438,0.203,0.153,0.101,0.144,0.091,0.08,0.3415155186564006,0.4149072743614708,0.5228640455179734,0.5495501302882773,True,0.9986965783939485,0.9980598898831619,0.9623782031175306,0.92,0.3,0.66,0.48,True
0.2,rand,0.369,0.186,0.169,0.134,0.173,0.085,0.094,0.28344035281890395,0.3617490165252719,0.4617335703377799,0.49081049682356387,True,0.9985528665821556,0.9972312357845248,0.9549366211712293,0.92,0.38,0.6,0.52,True
0.2,rand,0.376,0.206,0.135,0.146,0.148,0.07,0.13,0.28248679809780336,0.3632452739389061,0.46142271946525765,0.4908618706837844,True,0.9980595746770647,0.9960980690216924,0.9476132926966321,0.96,0.34,0.64,0.52,True
0.2,rand,0.385,0.196,0.131,0.151,0.136,0.091,0.12,0.2713467791402726,0.3503468440192837,0.4508366997154423,0.4814464977581028,True,0.9981356900232503,0.9954637946269653,0.9434622603689843,0.96,0.34,0.64,0.52,True
0.2,rand,0.415,0.156,0.132,0.106,0.19,0.087,0.125,0.25999625253609326,0.34142461901645094,0.4456739176019722,0.47390365429897835,True,0.9992828732327634,0.9988479756231903,0.9709310322270065,0.92,0.3,0.66,0.5,True
0.2,rand,0.428,0.181,0.128,0.103,0.184,0.091,0.094,0.2843969539572438,0.36415575522188437,0.47385543794442225,0.5019676213026839,True,0.9989706234362249,0.9980222727722858,0.9616091362129033,0.96,0.3,0.68,0.52,True
0.2,rand,0.438,0.183,0.127,0.098,0.164,0.088,0.111,0.30033498502008,0.37830585374855275,0.4861173712910073,0.5133399506984759,True,0.9988995336978964,0.9978452496131865,0.9600726797578572,0.96,0.3,0.68,0.52,True
0.2,rand,0.412,0.155,0.145,0.103,0.199,0.077,0.119,0.27130890879967107,0.35295796550960795,0.4554823620008795,0.4830631432843545,True,0.9993777087403518,0.999169463763376,0.9758599375688763,0.94,0.3,0.66,0.5,True
0.2,rand,0.376,0.212,0.149,0.136,0.166,0.088,0.083,0.29051600813018646,0.3690610298998185,0.47409581485361246,0.5035651030572631,True,0.9985087960507288,0.9971461878192784,0.9544988317227938,0.94,0.34,0.64,0.52,True
0.2,rand,0.362,0.175,0.178,0.144,0.179,0.086,0.085,0.2739064818323736,0.35289032156095906,0.45096871473685096,0.4809438647345063,True,0.9975684868736322,0.9952186757724961,0.9408355236783706,0.92,0.38,0.6,0.52,True
0.2,rand,0.454,0.177,0.145,0.126,0.132,0.077,0.099,0.32705904205473185,0.40327518922189987,0.5041008871298902,0.5324487898333454,True,0.9991905507461176,0.9991080677138447,0.9749181031807668,0.98,0.3,0.66,0.5,True
0.2,rand,0.441,0.144,0.156,0.133,0.16,0.066,0.111,0.29767927651822373,0.37763381157225456,0.4728653751477497,0.5017904624028194,True,0.9983823829593047,0.9973142008992539,0.9557417511913407,0.9,0.26,0.66,0.48,True
0.2,rand,0.37,0.168,0.18,0.13,0.157,0.094,0.111,0.2822506947042591,0.35804907851069406,0.4549418897712716,0.48361158805236687,True,0.9983864127988894,0.9964183366017041,0.9488373419303328,0.88,0.4,0.58,0.5,True
0.2,rand,0.377,0.17,0.179,0.143,0.141,0.085,0.115,0.29168870390128676,0.36755695334705973,0.46129533479608464,0.4904318959598537,True,0.9983614465434654,0.9967076822383056,0.9509067776851505,0.9,0.38,0.6,0.5,True
0.2,rand,0.399,0.152,0.148,0.144,0.179,0.072,0.116,0.2595191637861642,0.34230664009929107,0.43849614569844647,0.468732827516721,True,0.9984108328303312,0.9973063735176972,0.9556167883028027,0.96,0.3,0.66,0.48,True
0.2,rand,0.462,0.17,0.14,0.108,0.159,0.078,0.094,0.3202233417904231,0.39786774580691237,0.5024369566413329,0.5299914159210195,True,0.9992257455176103,0.998566030294222,0.9677956378726452,0.96,0.28,0.68,0.5,True
0.2,rand,0.432,0.178,0.134,0.127,0.153,0.085,0.101,0.2951258237868479,0.373863075833798,0.4773400568891247,0.5064978494311722,True,0.9997530387262602,0.9994961757219719,0.9811788277642378,0.96,0.3,0.66,0.5,True
0.2,rand,0.416,0.182,0.156,0.124,0.173,0.07,0.089,0.3077517874824394,0.38709668170324985,0.48839359392719606,0.5167022070858923,True,0.9997047308899623,0.9994401048649282,0.9797631408122084,0.98,0.3,0.66,0.5,True
0.2,rand,0.374,0.209,0.173,0.116,0.152,0.068,0.118,0.3246703830718995,0.40077533212271155,0.4986073607348521,0.5249935380847734,True,0.9988826987362281,0.9980245775058234,0.9616523280837738,0.96,0.34,0.64,0.52,False
0.2,rand,0.411,0.195,0.144,0.11,0.161,0.084,0.104,0.30593987178624776,0.38325846259766094,0.4882685831801434,0.5157606823918202,True,0.9996559061265583,0.9994286614008274,0.9796096629021246,0.96,0.3,0.68,0.52,True
0.2,rand,0.383,0.175,0.172,0.117,0.174,0.079,0.11,0.293762394486261,0.37163850878773075,0.4703929832520958,0.49793030262529736,True,0.9993016021832292,0.9987466662788667,0.9695400862495535,0.94,0.34,0.62,0.5,False
0.2,rand,0.382,0.158,0.138,0.129,0.167,0.104,0.132,0.2404285669547999,0.31996473424727745,0.42145254986888875,0.451314270613083,True,0.9981382124842972,0.9957655079009814,0.9441826840015632,0.9,0.38,0.6,0.52,True
0.2,rand,0.371,0.211,0.156,0.141,0.157,0.092,0.083,0.2915318241941126,0.36894343071289293,0.47245713326827193,0.5021797473943259,True,0.9982090469057745,0.9961491733632047,0.9472015022384291,0.92,0.38,0.6,0.54,True
0.2,rand,0.431,0.175,0.14,0.115,0.161,0.083,0.105,0.2996180382287237,0.37789267383118574,0.4815051807366859,0.5096236415770472,True,0.9998634888178596,0.9997403402758915,0.9864335591611216,0.96,0.3,0.66,0.5,True
0.2,rand,0.43,0.19,0.166,0.12,0.135,0.077,0.091,0.3411572205136376,0.4153791254440011,0.5156922506261293,0.5430276942139787,True,0.9995554907576167,0.9995337912043485,0.9815931342537534,0.98,0.3,0.66,0.5,True
0.2,rand,0.41,0.183,0.146,0.133,0.144,0.089,0.105,0.2944224958588911,0.3716540821782765,0.4729899994787409,0.5022045856849414,True,0.9996493891991921,0.9991799724689175,0.9758226164377357,0.96,0.34,0.64,0.52,True
0.2,rand,0.362,0.176,0.192,0.133,0.142,0.089,0.116,0.2989935855374332,0.3730917274549691,0.4669165389658946,0.4950312716693874,True,0.9979502043381164,0.9955893319686075,0.9431519498403997,0.88,0.4,0.56,0.5,False
0.2,rand,0.386,0.186,0.143,0.131,0.194,0.077,0.092,0.269286652167039,0.35183906861237363,0.4554543923356181,0.4850120862906142,True,0.9988401014036502,0.9985553510033859,0.96783966842062,0.94,0.34,0.64,0.52,True
0.2,rand,0.372,0.195,0.129,0.126,0.186,0.092,0.111,0.253060992138981,0.3348347912644791,0.44114521053858735,0.47064383759429906,True,0.9979794185320928,0.9965305955677364,0.9494751558681398,0.94,0.34,0.64,0.54,True
0.2,rand,0.374,0.194,0.149,0.134,0.153,0.076,0.131,0.28509508504425946,0.3641876788372406,0.46195925668183513,0.4905183626543753,True,0.9990585740693825,0.998285262777323,0.9649990690684142,0.96,0.34,0.64,0.52,True
0.2,rand,0.462,0.144,0.162,0.095,0.143,0.092,0.112,0.32324115676706133,0.39667163358821356,0.49783829627803383,0.5242420691818209,True,0.9974782720259665,0.996225731554832,0.9485572237775023,0.9,0.3,0.64,0.44,True
0.2,rand,0.42,0.197,0.145,0.139,0.15,0.072,0.087,0.3141391891873179,0.39295599669820414,0.4944758446927719,0.5237207393094792,True,0.9994122010378558,0.9986424867046472,0.969017171075033,0.98,0.32,0.66,0.5,True
0.2,rand,0.416,0.173,0.164,0.097,0.169,0.089,0.103,0.30939892107445194,0.385041500643066,0.4886899238278185,0.5152040760099116,True,0.9990441355921933,0.9978108801369032,0.9613805967019862,0.9,0.32,0.64,0.5,True
0.2,rand,0.394,0.172,0.139,0.124,0.196,0.076,0.109,0.26256729183452127,0.3455712826012303,0.4481206019148517,0.4772413799464118,True,0.9992008839713925,0.9992724765178961,0.9775955798361896,0.94,0.32,0.66,0.54,True
0.2,rand,0.364,0.204,0.133,0.142,0.177,0.074,0.114,0.2637836111074139,0.34663615786445456,0.4482383961416045,0.4781023239811144,True,0.9975556459442553,0.9959162849450895,0.9459028107424473,0.94,0.36,0.62,0.5,True
0.2,rand,0.399,0.184,0.155,0.11,0.156,0.09,0.116,0.29825130557231777,0.37439935715137324,0.4767935808650988,0.5041625282461916,True,0.9995071572051717,0.9988790575666499,0.9714874944856982,0.94,0.32,0.66,0.52,True
0.2,rand,0.442,0.171,0.159,0.095,0.176,0.06,0.107,0.32969069292003383,0.40804127101749915,0.5090601491912395,0.5347954020000655,True,0.9985106592235529,0.9961512492926002,0.9472061149625027,0.88,0.28,0.66,0.5,False
0.2,rand,0.453,0.166,0.162,0.137,0.134,0.082,0.077,0.3271605368944726,0.4025692147769011,0.501922451314537,0.5312038930602414,True,0.9988507287912641,0.9990638735016971,0.9746363076737278,0.94,0.3,0.64,0.46,True
0.2,rand,0.455,0.151,0.163,0.099,0.156,0.093,0.094,0.3179890048581402,0.3924068431439639,0.4957674369944011,0.5227865083995559,True,0.9983181342585996,0.9972099154725844,0.95579249115615,0.9,0.32,0.62,0.48,True
0.2,rand,0.469,0.167,0.123,0.132,0.13,0.078,0.111,0.30930221063422214,0.38764976922684796,0.4889214093046441,0.5182691547201472,True,0.998258915940057,0.9975933822579014,0.9579457946213961,0.96,0.3,0.66,0.5,True
0.2,rand,0.48,0.179,0.129,0.117,0.143,0.072,0.09,0.3336055964497712,0.411368658360659,0.516030204494157,0.5440844439275491,True,0.9984591202673228,0.9973642507875136,0.9558730041581611,0.96,0.26,0.68,0.5,True
0.2,rand,0.398,0.158,0.178,0.104,0.177,0.081,0.114,0.297023026149746,0.3738581832744751,0.47247116285152924,0.4991863240381709,True,0.9990912521306966,0.9978741481463012,0.9618565459586667,0.9,0.32,0.64,0.48,False
0.2,rand,0.408,0.168,0.157,0.116,0.175,0.078,0.108,0.29181949525589895,0.37080905105769985,0.47128534599780164,0.4992052392459354,True,0.999843961473262,0.9997750383018947,0.9874055859249853,0.96,0.3,0.66,0.48,True
0.2,rand,0.462,0.187,0.134,0.115,0.128,0.084,0.102,0.3323452590612104,0.407588957490763,0.5120742198823464,0.5397872626543239,True,0.9988582230407214,0.9986277231377382,0.968806243783306,0.96,0.3,0.66,0.5,True
0.2,rand,0.477,0.151,0.129,0.128,0.176,0.067,0.082,0.2995137516307621,0.38183896311483817,0.48497077093802676,0.5145852796907966,True,0.9983827338707784,0.9967059841207319,0.9509487115403648,0.94,0.26,0.68,0.5,True
0.2,rand,0.44,0.19,0.139,0.113,0.159,0.073,0.097,0.3200530416339824,0.3984388666396336,0.5028011767278158,0.5304169667134052,True,0.9996680916739622,0.9992902206455236,0.9772596896559245,1.0,0.3,0.68,0.52,True
0.2,rand,0.362,0.182,0.176,0.136,0.177,0.084,0.093,0.2797813702615342,0.35838468434733833,0.45708354706588095,0.48626414022435804,True,0.998063842255375,0.9963453541872647,0.9482121081490898,0.92,0.38,0.6,0.52,True
0.2,rand,0.355,0.163,0.183,0.14,0.17,0.086,0.113,0.2677524818015916,0.3458949975339981,0.4402858079099848,0.469583030190225,True,0.9974590122595056,0.9948970447315029,0.938805086408902,0.9,0.4,0.58,0.5,True
0.2,rand,0.464,0.158,0.165,0.124,0.143,0.072,0.085,0.33590464305603474,0.41187176008349496,0.5102723004713244,0.538374824770554,True,0.9984385768636534,0.9979351737122573,0.9614732705220094,0.92,0.28,0.66,0.48,True
0.2,rand,0.429,0.214,0.168,0.104,0.136,0.073,0.087,0.36498247222082386,0.4378671568623393,0.5411511628409355,0.5669076762885328,True,0.9988791776857281,0.9983232597356447,0.9652951220862261,0.94,0.28,0.68,0.48,False
0.2,rand,0.374,0.204,0.144,0.128,0.154,0.099,0.108,0.28000764732367034,0.35709384572965186,0.4617059342621431,0.49072284622862156,True,0.9982547683704326,0.9960413512433289,0.9462642805743933,0.92,0.36,0.62,0.56,True
0.2,rand,0.384,0.214,0.147,0.126,0.156,0.085,0.099,0.3011899246025974,0.37874311933755034,0.4830937462396487,0.5114960479362449,True,0.9990986523046289,0.9984194755414967,0.9662612781103598,0.96,0.32,0.66,0.52,True
0.2,rand,0.415,0.165,0.189,0.113,0.156,0.082,0.09,0.32686977701422454,0.4008437398789561,0.4989464915274766,0.5259340943862273,True,0.9989743416438517,0.9980481256047125,0.9628847640885174,0.92,0.32,0.64,0.46,False
0.2,rand,0.387,0.179,0.16,0.126,0.157,0.088,0.113,0.2875424476556415,0.3646397806583235,0.46432519790904925,0.49278732434396677,True,0.9994707479153969,0.9987934966241455,0.9704194391933939,0.94,0.36,0.62,0.52,True
0.2,rand,0.396,0.168,0.164,0.121,0.189,0.067,0.106,0.28924056550816774,0.3700098513607822,0.4684726895015091,0.4964394879841614,True,0.9991441312562556,0.9986883077875273,0.9691702296465647,0.94,0.3,0.64,0.52,False
0.2,rand,0.391,0.158,0.171,0.105,0.177,0.091,0.118,0.2826867869058739,0.3596429036078859,0.4596759849996525,0.486897418442663,True,0.9989530323981349,0.9975976611396324,0.9585659963400132,0.9,0.34,0.62,0.5,True
0.2,rand,0.39,0.17,0.137,0.122,0.204,0.093,0.094,0.2484331939121703,0.3308928981209271,0.43735817193883575,0.46710029875029024,True,0.9986081159335118,0.9977440066302067,0.9591987782151946,0.92,0.32,0.66,0.52,True
0.2,rand,0.378,0.211,0.168,0.103,0.177,0.075,0.098,0.3189756788287991,0.3958420823925608,0.49955332492187743,0.5256974150568987,True,0.9984265959603555,0.9977812019597815,0.9602131581728245,0.94,0.3,0.68,0.5,False
0.2,rand,0.367,0.224,0.153,0.131,0.147,0.079,0.11,0.3074308702327169,0.3844485684370327,0.4858668473694538,0.5139399484507583,True,0.9985789492655792,0.9974571440478084,0.9572262096659214,0.94,0.34,0.64,0.52,True
0.2,rand,0.445,0.202,0.13,0.104,0.148,0.071,0.109,0.331720634881062,0.40917316865684167,0.5148330925510967,0.5414817823564051,True,0.999033792384279,0.9981703110878112,0.9632688782022788,0.96,0.26,0.7,0.5,True
0.2,rand,0.413,0.177,0.156,0.128,0.156,0.067,0.113,0.3073930275168333,0.38624957811543353,0.4836658047585824,0.5117527603933638,True,0.9994570885181026,0.998858308450815,0.9710056744892877,0.98,0.3,0.66,0.5,True
0.2,rand,0.372,0.215,0.141,0.113,0.17,0.098,0.1,0.28522962592211193,0.36280238904191137,0.47117922041392907,0.4992767912965783,True,0.9976353561256663,0.995620152945065,0.9435465474179648,0.9,0.38,0.6,0.56,True
0.2,rand,0.421,0.176,0.128,0.111,0.189,0.095,0.091,0.27139031589103596,0.35188687999624696,0.46123260191021187,0.4901716883474199,True,0.999014456120419,0.9980414564932343,0.9620007984206034,0.94,0.3,0.68,0.54,True
0.2,rand,0.484,0.143,0.161,0.096,0.153,0.076,0.096,0.3382417465639851,0.4134226019808592,0.5146330462472668,0.5410046941811337,True,0.997198254652702,0.9953209390102447,0.9420788624854699,0.86,0.28,0.66,0.46,True
0.2,rand,0.493,0.169,0.121,0.101,0.176,0.068,0.082,0.32372368719498007,0.40423729088907007,0.5126268190327187,0.5401894296433198,True,0.9978316301142198,0.9952797762494168,0.9410938362264898,0.92,0.24,0.7,0.48,True
0.2,rand,0.378,0.22,0.15,0.106,0.174,0.078,0.105,0.30821747920375203,0.38619799100448,0.49200061786766675,0.5186797748465481,True,0.9984577447247283,0.9981928653950443,0.9641004265511751,0.94,0.3,0.68,0.52,False
0.2,rand,0.452,0.175,0.137,0.129,0.144,0.071,0.102,0.31553864621717426,0.3942689992541935,0.494924574730571,0.52367217732021,True,0.9991100592061657,0.9984089114669812,0.9658817767206718,0.98,0.3,0.66,0.5,True
0.2,rand,0.477,0.188,0.136,0.111,0.123,0.069,0.107,0.3526712683616666,0.4280541080575285,0.530445617236344,0.5572680718114441,True,0.9978822278811731,0.9967367419928443,0.9509193578417148,0.94,0.26,0.7,0.48,True
0.2,rand,0.397,0.195,0.152,0.117,0.171,0.076,0.101,0.30299133639374115,0.38166398237268034,0.4844753763675034,0.5121918998105098,True,0.9996530732271298,0.9996696752158587,0.9849243597119648,0.98,0.3,0.68,0.52,True
0.2,rand,0.404,0.164,0.16,0.096,0.184,0.092,0.109,0.28694498973129734,0.36431020955263205,0.4682365490708135,0.49511575174960476,True,0.998761750814312,0.9972028473787944,0.9556662702519554,0.88,0.32,0.64,0.54,True
0.2,rand,0.418,0.178,0.145,0.119,0.143,0.09,0.116,0.29893979032776513,0.37525779947042565,0.4771231354019317,0.5052897396966055,True,0.9997106405039339,0.99946593611974,0.9803363766129858,0.96,0.3,0.66,0.5,True
0.2,rand,0.393,0.192,0.129,0.128,0.178,0.08,0.111,0.27016172565045227,0.3520840232155019,0.45627759280408764,0.4855617269442005,True,0.9990952334676749,0.9986904325718996,0.9693706734744882,0.96,0.32,0.66,0.54,True
0.2,rand,0.457,0.193,0.148,0.099,0.136,0.09,0.087,0.34577029752135646,0.4188008628724161,0.5260849303663466,0.5526228590382908,True,0.9982763788314398,0.9975588446390725,0.9580032440030394,0.92,0.28,0.68,0.48,True
0.2,rand,0.435,0.15,0.159,0.137,0.161,0.063,0.105,0.3011304492134493,0.38128323915809237,0.47614606158913936,0.5051968522557982,True,0.9981881950168486,0.9966636671610736,0.9504081841466545,0.9,0.26,0.66,0.48,True
0.2,rand,0.401,0.199,0.124,0.106,0.18,0.088,0.112,0.2800100902222616,0.36020220766778205,0.46882733865897136,0.49664082945423565,True,0.9986618201459122,0.9979639492936799,0.9613390821853242,0.96,0.32,0.66,0.54,True
0.2,rand,0.426,0.194,0.177,0.128,0.134,0.069,0.081,0.35141819056972734,0.4256713648511978,0.5238241783461385,0.5513829056628226,True,0.9990056635853151,0.9984255697927462,0.9659941594526457,0.96,0.3,0.66,0.5,False
0.2,rand,0.385,0.158,0.155,0.136,0.199,0.084,0.094,0.2530483157873167,0.33544953866472466,0.4360723863173796,0.46627826043756326,True,0.9986263249186772,0.9978343944444336,0.960286123080897,0.92,0.34,0.64,0.52,True
0.2,rand,0.446,0.192,0.163,0.089,0.151,0.077,0.093,0.35403616644910246,0.4276926615245002,0.5325376254770194,0.5577492843222289,True,0.9982441519420204,0.9965582914541685,0.9511583808164353,0.9,0.28,0.68,0.44,False
0.2,rand,0.386,0.221,0.16,0.103,0.158,0.092,0.092,0.32249678191373493,0.39686085348972183,0.5040138255359511,0.530525570020312,True,0.9980914404553576,0.996748204184686,0.951201572687306,0.92,0.32,0.66,0.52,True
0.2,rand,0.469,0.16,0.147,0.111,0.137,0.093,0.094,0.3226655971292973,0.3971816931616644,0.5010217947737629,0.5289262888884007,True,0.9983750155544711,0.9982293193503441,0.9645583442501137,0.94,0.3,0.64,0.48,True
0.2,rand,0.447,0.201,0.132,0.093,0.156,0.069,0.111,0.3356163626922363,0.41302570112139786,0.5194041639873724,0.5452139808495134,True,0.998529049849351,0.9970683422990086,0.9534362278316675,0.94,0.26,0.7,0.48,True
0.2,rand,0.391,0.211,0.131,0.117,0.151,0.098,0.112,0.28846697079032557,0.36552046420956796,0.47291474073676265,0.5012561107851398,True,0.9983739492566818,0.9965787173129059,0.949947331077851,0.94,0.34,0.64,0.56,True
0.2,rand,0.44,0.148,0.136,0.137,0.165,0.087,0.098,0.27252726050643905,0.3530394184920071,0.45429782573613975,0.48471371907824307,True,0.9992023439323934,0.9987943699068584,0.9709763207906377,0.94,0.3,0.66,0.48,True
0.2,rand,0.384,0.218,0.141,0.108,0.176,0.069,0.115,0.30490700188997993,0.3846480910468916,0.48938095071663895,0.5161552886320595,True,0.9986712564527453,0.998769474224855,0.9709901589628583,0.98,0.28,0.7,0.52,False
0.2,rand,0.463,0.174,0.153,0.121,0.135,0.068,0.096,0.34260573009246076,0.41867857322033214,0.5181014328963084,0.5457143204303673,True,0.9985726315569717,0.9977775268441407,0.9598906868262278,0.94,0.28,0.68,0.5,True
0.2,rand,0.37,0.173,0.156,0.138,0.177,0.076,0.121,0.26333352720317565,0.3446121515194204,0.44157486916501265,0.4710044819539358,True,0.9984297501488606,0.9973833160351429,0.9562747304911126,0.94,0.36,0.62,0.52,True
0.2,rand,0.443,0.181,0.152,0.102,0.171,0.078,0.082,0.32458131314668,0.40179950959386007,0.5076567678824127,0.5346628345817115,True,0.999443673478458,0.9988307575008145,0.9714711402821645,0.94,0.32,0.64,0.48,True
0.2,rand,0.426,0.179,0.146,0.112,0.167,0.083,0.098,0.3029754724874263,0.3811175699355026,0.48543965845437953,0.5133139242252418,True,0.9998785040094835,0.9997551323415369,0.9868218666604045,0.98,0.3,0.68,0.52,True
0.2,rand,0.368,0.17,0.189,0.122,0.179,0.072,0.109,0.2953651391996702,0.37321202565967293,0.46826942417635564,0.49574381988966165,True,0.9981421133091194,0.9964569654177277,0.9486364787638571,0.94,0.34,0.62,0.52,False
0.2,rand,0.426,0.193,0.173,0.115,0.144,0.067,0.091,0.35013947969354936,0.4248802645631235,0.5242316893420532,0.5508010217178881,True,0.9992030885070785,0.9984057106517414,0.9657060738673245,0.94,0.32,0.64,0.5,False
0.2,rand,0.403,0.21,0.148,0.126,0.172,0.063,0.088,0.31568527611744124,0.39579350896774235,0.49875097356388676,0.526856823206988,True,0.999039031642319,0.9984822379018832,0.9664814308502341,0.98,0.3,0.68,0.52,False
0.2,rand,0.445,0.154,0.135,0.138,0.178,0.071,0.088,0.28125200275460377,0.3639622649434811,0.46532978329823305,0.49561233098766944,True,0.9989715746081412,0.9979969630443528,0.9619441877160642,0.94,0.28,0.68,0.48,True
0.2,rand,0.453,0.169,0.132,0.124,0.162,0.091,0.08,0.2957777430458084,0.37450395315356105,0.48119448132234566,0.5107414608459373,True,0.9994949786022125,0.9991023765161552,0.9742559676069354,0.96,0.3,0.66,0.5,True
0.2,rand,0.477,0.182,0.138,0.123,0.133,0.07,0.087,0.3438801742998309,0.4205349327047226,0.5231348267720889,0.5512597649138712,True,0.9983507744509884,0.997465524711979,0.9568710299122577,0.94,0.26,0.68,0.48,True
0.2,rand,0.441,0.19,0.131,0.108,0.173,0.075,0.092,0.3114944769629501,0.39113197624274754,0.49828929404124067,0.5259502839254439,True,0.9994817973950432,0.9990059164354184,0.9729832751011864,0.98,0.28,0.7,0.52,True
0.2,rand,0.47,0.174,0.145,0.119,0.124,0.073,0.106,0.3409247705760449,0.4162970297635762,0.5163909838218709,0.5439526312013414,True,0.9983011746224468,0.9979014161445603,0.9610530932927638,0.94,0.26,0.68,0.48,True
0.2,rand,0.446,0.209,0.139,0.119,0.143,0.07,0.084,0.34216531175254283,0.4191385932202403,0.5242769405867952,0.5519351449261266,True,0.9993344290075707,0.9987829732621107,0.9700126807978167,0.98,0.28,0.68,0.5,True
0.2,rand,0.387,0.163,0.153,0.121,0.185,0.093,0.106,0.26123229238124424,0.34098719067702066,0.4433421085310343,0.47238836328124334,True,0.999032663803501,0.9981190768734853,0.9628700872391924,0.92,0.34,0.64,0.52,True
0.2,rand,0.429,0.171,0.133,0.116,0.162,0.091,0.108,0.2858374229540436,0.36440602229060576,0.46928720388479256,0.4978855566149121,True,0.9995788462273804,0.9991227026293146,0.9745977285269307,0.96,0.3,0.68,0.52,True
0.2,rand,0.368,0.201,0.133,0.133,0.193,0.092,0.09,0.2545075507240665,0.33673254985362516,0.44409770784622293,0.474283918473921,True,0.9974978681639698,0.9956593920411757,0.9434765178797572,0.94,0.34,0.64,0.52,True
0.2,rand,0.407,0.158,0.16,0.13,0.175,0.075,0.104,0.28318606678745417,0.3632628343195107,0.46132541250645875,0.490334627769365,True,0.999457644616217,0.9991287028347334,0.9749256512747053,0.96,0.3,0.66,0.48,True
0.2,rand,0.375,0.213,0.178,0.099,0.166,0.088,0.09,0.32676561841521445,0.40055893148868077,0.505407256065128,0.5312950184229346,True,0.9976016352040641,0.9956648055797465,0.9443407746357206,0.86,0.4,0.58,0.54,False
0.2,rand,0.387,0.163,0.184,0.109,0.173,0.101,0.093,0.29094006992399346,0.3656159793650897,0.4672068392266412,0.4948424060439877,True,0.9979360246500009,0.9953433797296564,0.9417144572836591,0.84,0.38,0.58,0.52,True
0.2,rand,0.443,0.171,0.14,0.116,0.147,0.089,0.104,0.3051307864485158,0.38183665971687236,0.48549237568236386,0.5137889048852915,True,0.9995004081814413,0.9993163633508138,0.9778777946817808,0.96,0.3,0.66,0.5,True
0.2,rand,0.407,0.155,0.152,0.146,0.188,0.067,0.096,0.2689924473829618,0.3523601296610226,0.4495831435516643,0.47999662187814623,True,0.9981313767635145,0.9966052984916138,0.9498416577627113,0.96,0.28,0.68,0.5,True
0.2,rand,0.426,0.178,0.13,0.108,0.167,0.089,0.112,0.28799842742832593,0.3667400073020751,0.4730029203276079,0.5009903397618704,True,0.9993919927036454,0.998779551785225,0.9699552314161735,0.96,0.3,0.68,0.52,True
0.2,rand,0.458,0.196,0.123,0.109,0.153,0.074,0.097,0.32591264918335555,0.40432285602204926,0.5115241847583102,0.5390061183457238,True,0.9989738452245591,0.9980068260499493,0.961673295011381,0.98,0.28,0.7,0.52,True
0.2,rand,0.409,0.171,0.122,0.139,0.192,0.085,0.092,0.24990898202575432,0.3340040039632035,0.43931417975092596,0.4703429561687643,True,0.9987856857111842,0.9976858712432619,0.9596659213622801,0.94,0.34,0.62,0.5,True
0.2,rand,0.389,0.198,0.147,0.122,0.163,0.09,0.1,0.29036044182710496,0.3681596146283593,0.47262838494524106,0.5011505473046353,True,0.9992552005970138,0.9985386755783788,0.9674857466826127,0.96,0.32,0.66,0.54,True
0.2,rand,0.393,0.2,0.194,0.113,0.145,0.073,0.092,0.34922845234797323,0.42212997603379954,0.5198495032945779,0.5459169297230478,True,0.9985530529970942,0.99715445001013,0.9542065527519512,0.92,0.34,0.62,0.48,False
0.2,rand,0.366,0.201,0.157,0.132,0.165,0.076,0.112,0.28908227231479294,0.3681856646124736,0.4676525902267028,0.49615635049852075,True,0.9986682917173737,0.9977837285763393,0.9598235926578852,0.92,0.36,0.62,0.52,True
0.2,rand,0.377,0.176,0.15,0.133,0.183,0.085,0.108,0.2612764638359326,0.342309449260118,0.4432808828469346,0.47285663151075746,True,0.9988186259252874,0.9980064889506083,0.9618011932697839,0.94,0.36,0.62,0.52,True
0.2,rand,0.382,0.186,0.17,0.117,0.175,0.08,0.1,0.2984995291875286,0.37617781618922097,0.4769275202331192,0.5045072186847753,True,0.9992157993366232,0.9987103495246271,0.9691064901866392,0.94,0.34,0.64,0.52,False
0.2,rand,0.447,0.157,0.136,0.107,0.166,0.087,0.111,0.29225618318531704,0.37074353940299715,0.47509493004202386,0.5030395443205774,True,0.9993038558725631,0.998721368357553,0.9695983743083011,0.94,0.3,0.64,0.48,True
0.2,rand,0.404,0.183,0.14,0.139,0.169,0.079,0.097,0.2804307927243456,0.3612674817083573,0.46315178942057583,0.4930492865050807,True,0.9993612476936304,0.9986939981709673,0.9700038746882218,0.96,0.34,0.64,0.52,True
0.2,rand,0.458,0.165,0.166,0.103,0.131,0.08,0.108,0.3444668860944063,0.4174567369430242,0.5170961381722202,0.543344563012809,True,0.9982375005745443,0.9976719321040889,0.9594176729394123,0.94,0.3,0.66,0.46,True
0.2,rand,0.352,0.2,0.151,0.135,0.183,0.075,0.114,0.26759124085745584,0.3492178175047668,0.4494833219010069,0.4785834096268667,True,0.9975828333369283,0.9963722545518222,0.9485270314017481,0.94,0.36,0.62,0.52,True
0.2,rand,0.393,0.189,0.157,0.116,0.171,0.094,0.09,0.2926852972376926,0.36959617453304755,0.4747103590180771,0.5029230201026668,True,0.9990987617881407,0.9981449724540169,0.963248330613224,0.92,0.36,0.62,0.54,True
0.2,rand,0.425,0.185,0.134,0.129,0.147,0.084,0.105,0.2981215524098225,0.3764262903718669,0.4793790352021653,0.5084555289682423,True,0.9997337296976445,0.999415329284743,0.9799858095833957,0.96,0.34,0.64,0.52,True
0.2,rand,0.431,0.197,0.164,0.112,0.135,0.067,0.104,0.3510460842095822,0.42566370192398917,0.5252040692188431,0.5515037330229886,True,0.9992166050007206,0.9984982562274503,0.9667028416057647,0.96,0.28,0.68,0.5,False
0.2,rand,0.421,0.183,0.154,0.112,0.168,0.077,0.095,0.31178571533473126,0.38961316547177255,0.4926906142983346,0.5201685845016603,True,0.9998840069394098,0.9997691785545345,0.9875900948879277,0.96,0.3,0.66,0.48,True
0.2,rand,0.441,0.177,0.154,0.13,0.142,0.081,0.085,0.3206639037032452,0.3969746387381375,0.4982539005192828,0.5270952746529822,True,0.9996151311681915,0.9996852326761433,0.9855231751644226,0.98,0.3,0.66,0.5,True
0.2,rand,0.381,0.189,0.163,0.129,0.161,0.083,0.105,0.29290140393180286,0.3705290498292933,0.47034082829436735,0.4988495667409768,True,0.9993134354085691,0.9986406342867712,0.9685361897557269,0.94,0.36,0.62,0.52,True
0.2,rand,0.435,0.16,0.12,0.131,0.175,0.087,0.102,0.2630812459623098,0.3453275909693772,0.4499934149891958,0.48033230920285075,True,0.9992697898988624,0.9985347663659735,0.9677742516064861,0.94,0.32,0.64,0.48,True
0.2,rand,0.432,0.189,0.147,0.123,0.138,0.078,0.102,0.3229700412818764,0.3992531468730729,0.5008394788049916,0.5288830493526383,True,0.9997793416787908,0.9997530922391246,0.9869778606018011,0.98,0.3,0.66,0.5,True
0.2,rand,0.45,0.169,0.133,0.133,0.141,0.093,0.091,0.2978623504930462,0.37525213922579814,0.47927682202055394,0.5091643370151426,True,0.9991612561484919,0.9988156478778187,0.970585497260042,0.96,0.3,0.66,0.5,True
0.2,rand,0.45,0.164,0.168,0.103,0.134,0.083,0.107,0.33964182155894973,0.4125814137139264,0.512170583430386,0.538513469667038,True,0.9984637628456493,0.9979493432840716,0.9622683364168694,0.94,0.3,0.66,0.46,True
0.2,rand,0.408,0.184,0.165,0.114,0.158,0.085,0.095,0.31376676047399427,0.3895215406228336,0.4915737166601551,0.5190488821882235,True,0.9997236818456458,0.9994378424723704,0.9802411867616495,0.94,0.3,0.66,0.5,True
0.2,rand,0.359,0.208,0.127,0.143,0.181,0.078,0.114,0.2549848617988942,0.3384714354426032,0.44169759936378256,0.4718777282217033,True,0.9970071397355529,0.9949173846869056,0.9395703792665602,0.92,0.36,0.62,0.52,True
0.2,rand,0.366,0.194,0.149,0.116,0.195,0.069,0.121,0.27493735722657303,0.35704407650516407,0.45846873489455126,0.4861578888199084,True,0.9982806434800625,0.9985006790271822,0.9681088837710948,0.98,0.3,0.68,0.52,False
0.2,rand,0.364,0.201,0.143,0.126,0.195,0.093,0.088,0.2610050240379669,0.3420177789413873,0.4493519485730957,0.47888255715683925,True,0.9974956761065831,0.9958106592635524,0.9445521212659999,0.9,0.36,0.62,0.56,True
0.2,rand,0.385,0.178,0.162,0.096,0.182,0.09,0.117,0.2874820437063504,0.36459058648389603,0.4681902901485112,0.4946865185466428,True,0.9984151951352079,0.9967379218405377,0.9517810985663654,0.88,0.36,0.62,0.54,True
0.2,rand,0.401,0.173,0.184,0.131,0.156,0.07,0.096,0.3185584968185287,0.395061573647311,0.49014308872382933,0.5181136211589814,True,0.9988330514901499,0.9976533627344756,0.9583479402928996,0.94,0.32,0.64,0.5,False
0.2,rand,0.43,0.188,0.135,0.134,0.154,0.077,0.092,0.30345802117458986,0.382808244603031,0.48595435768771317,0.5153450937288746,True,0.9996488523068077,0.9991586749559666,0.9764595916984385,0.96,0.32,0.64,0.5,True
0.2,rand,0.408,0.172,0.171,0.118,0.144,0.079,0.118,0.31457761286193353,0.3898988864330301,0.4866237512943914,0.5138656989506806,True,0.9996481680619864,0.9993532370517904,0.9782199749403282,0.94,0.32,0.64,0.48,True
0.2,rand,0.448,0.153,0.147,0.12,0.13,0.096,0.118,0.3019719672211794,0.3769382317148922,0.4772469180858076,0.5056928994839744,True,0.9986257055610114,0.9986988356279348,0.9700026166725654,0.94,0.3,0.64,0.48,True
0.2,rand,0.388,0.202,0.153,0.117,0.16,0.072,0.118,0.3070286929795661,0.38514522720586153,0.485953260103555,0.5131566909038074,True,0.9995208473099324,0.9994402766715971,0.9800524844131859,0.98,0.3,0.68,0.52,True
0.2,rand,0.398,0.195,0.169,0.124,0.15,0.069,0.106,0.32428844445767924,0.40084453577142115,0.49866162477468295,0.5259679764626732,True,0.9994331062036939,0.9988156438065706,0.970422374563259,0.96,0.32,0.64,0.5,False
0.2,rand,0.443,0.197,0.126,0.097,0.182,0.082,0.083,0.311426184489337,0.39064084496592705,0.5021759660915449,0.5294326432970353,True,0.9987143065848222,0.9977359097320269,0.9590587191387794,0.96,0.28,0.7,0.52,True
0.2,rand,0.444,0.144,0.154,0.12,0.169,0.065,0.113,0.3000162985000736,0.3800896547149893,0.4771359011628898,0.505181923967446,True,0.9987964477559221,0.9977150482497452,0.9594336078043937,0.9,0.26,0.68,0.48,True
0.2,rand,0.437,0.19,0.147,0.098,0.169,0.074,0.096,0.32612693761141953,0.4035991563772081,0.5092612521087676,0.5356953066802393,True,0.999278766027724,0.9984978576522633,0.9671523725336604,0.94,0.28,0.68,0.48,True
0.2,rand,0.448,0.159,0.171,0.127,0.142,0.076,0.086,0.3299459863471289,0.4053394087442586,0.5029979749234954,0.5312635623583085,True,0.9988521728017435,0.9987088964961879,0.9696398888249631,0.94,0.3,0.64,0.46,True
0.2,rand,0.408,0.215,0.143,0.115,0.179,0.066,0.085,0.3177019102424443,0.39768495608485166,0.5038639141173232,0.531379895033483,True,0.9990812334670672,0.9989811449264815,0.9731212374848409,0.98,0.28,0.7,0.52,True
0.2,rand,0.455,0.151,0.155,0.134,0.162,0.066,0.087,0.31131924529579463,0.39102197894231344,0.4890192378649457,0.5181778921084634,True,0.9984484751930761,0.9971966513463429,0.9548959453316717,0.9,0.26,0.66,0.48,True
0.2,rand,0.406,0.202,0.151,0.123,0.158,0.071,0.099,0.31659643413446575,0.39475497556720657,0.4965468368674546,0.5243611127274131,True,0.9996692792825207,0.9994665928120551,0.980390471286212,1.0,0.3,0.68,0.52,True
0.2,rand,0.362,0.186,0.181,0.113,0.182,0.093,0.092,0.2892559918975565,0.3655404029897177,0.46772892526251847,0.4953502612794669,True,0.9976794039791408,0.9953996325714893,0.9418301947240502,0.84,0.42,0.56,0.54,False
0.2,rand,0.445,0.15,0.165,0.104,0.155,0.087,0.104,0.3137459642788299,0.388888385015267,0.48954773614248837,0.5166562128867446,True,0.9989007019922178,0.9982234506462381,0.9650447769705978,0.94,0.32,0.64,0.48,True
0.2,rand,0.428,0.162,0.161,0.127,0.135,0.078,0.12,0.3111291401546583,0.3871860771346149,0.4832012278509028,0.5113302526103107,True,0.999325644393474,0.999350660766006,0.9789060128116315,0.94,0.3,0.64,0.46,True
0.2,rand,0.426,0.158,0.159,0.118,0.187,0.08,0.081,0.2925141928373953,0.3721122934948147,0.47466083356143185,0.5032815394586133,True,0.9997577350155266,0.9995913802298011,0.9830939469318677,0.94,0.3,0.66,0.5,True
0.2,rand,0.384,0.166,0.187,0.12,0.159,0.101,0.093,0.29553110202949157,0.3694439110338435,0.4689234279267232,0.49704099993204065,True,0.9981104201653827,0.9958740799447534,0.9449471381821171,0.84,0.42,0.54,0.52,True
0.2,rand,0.42,0.202,0.166,0.099,0.151,0.069,0.103,0.34870718340681817,0.42345236629004074,0.5252997620718214,0.5507377599496242,True,0.9990177385641379,0.9979411897955437,0.9617999352541277,0.92,0.28,0.68,0.48,False
0.2,rand,0.409,0.17,0.148,0.111,0.189,0.079,0.104,0.28325899610735256,0.36364694557546606,0.46702553850597345,0.4949867376306788,True,0.9996865117051436,0.9996846993426449,0.9853260860449162,0.96,0.28,0.7,0.52,True
0.2,rand,0.4,0.179,0.145,0.118,0.182,0.073,0.113,0.2843891283872926,0.3653383107679789,0.46702131637646677,0.4951455941379229,True,0.9996171605736613,0.9997403256193984,0.9872793650207907,0.98,0.3,0.68,0.52,True
0.2,rand,0.422,0.161,0.136,0.149,0.14,0.078,0.123,0.2789334964005042,0.35894008622213947,0.45539991372567956,0.4857984606361551,True,0.9984324063989758,0.9973123708732425,0.956837063489534,0.94,0.32,0.64,0.48,True
0.2,rand,0.386,0.176,0.15,0.15,0.15,0.104,0.094,0.2650673647665715,0.3427354634351536,0.44405786220278076,0.47520573783426046,True,0.9979102937461065,0.9949660218520819,0.9393493878495816,0.92,0.38,0.6,0.54,True
0.2,rand,0.416,0.193,0.148,0.116,0.151,0.07,0.116,0.31850059194876124,0.39618474044398067,0.4967325966937714,0.5239376044100926,True,0.999785374231136,0.9995537798110422,0.982056922692422,0.98,0.3,0.66,0.5,True
0.2,rand,0.401,0.189,0.154,0.141,0.142,0.068,0.115,0.3056204057815675,0.3841320745379764,0.48046026605010306,0.509335061010986,True,0.9989642330279614,0.9978153898584003,0.9599934247715025,0.98,0.32,0.66,0.5,True
0.2,rand,0.408,0.184,0.152,0.129,0.176,0.084,0.078,0.29312664498872903,0.37235537545818237,0.47638211840168454,0.5056655919946755,True,0.9997149648313786,0.9995274355789724,0.9816442935571147,0.94,0.34,0.64,0.52,True
0.2,rand,0.467,0.144,0.168,0.094,0.174,0.083,0.079,0.3260443278679224,0.4018285074587989,0.5053876545381032,0.5320641694277661,True,0.9980528974849348,0.9961989390783486,0.9489673368814967,0.9,0.3,0.66,0.46,True
0.2,rand,0.439,0.176,0.121,0.131,0.157,0.075,0.112,0.28820275247916766,0.3693940271407323,0.4720695463136435,0.501500270070471,True,0.9992617748160492,0.9984783531169662,0.9673884601385159,0.96,0.32,0.64,0.5,True
0.2,rand,0.384,0.162,0.18,0.107,0.187,0.073,0.117,0.29251226221189497,0.3708972726547599,0.46816978488794,0.49490734006733267,True,0.9987859370132783,0.9976292617600971,0.9581747534708653,0.88,0.32,0.62,0.5,False
0.2,rand,0.409,0.191,0.158,0.116,0.163,0.086,0.086,0.31088418783827604,0.3874768727854788,0.4916148499360946,0.5195201662598722,True,0.999745339507176,0.999568257983461,0.9824657777807597,0.98,0.3,0.68,0.54,True
0.2,rand,0.465,0.193,0.126,0.101,0.145,0.084,0.096,0.3300266948331544,0.4063509198857175,0.5150120148830112,0.5421509162447989,True,0.9984916108286289,0.9974460490825433,0.9568773199905397,0.94,0.28,0.68,0.5,True
0.2,rand,0.393,0.202,0.133,0.132,0.178,0.068,0.104,0.2854182778086611,0.3677548861555015,0.470781869646878,0.49980565089461276,True,0.9988000178515631,0.998274496361778,0.9650183586418128,0.98,0.32,0.66,0.5,True
0.2,rand,0.413,0.203,0.131,0.112,0.178,0.065,0.11,0.3033581196901744,0.3846652733815508,0.489452627620097,0.5168729061570325,True,0.9991078145229085,0.9988575471274241,0.9710824134443296,0.98,0.28,0.7,0.52,True
0.2,rand,0.407,0.173,0.184,0.117,0.147,0.072,0.11,0.3273778437394931,0.4022158717872713,0.49755540745599697,0.5243420799675532,True,0.9991519245508648,0.9982230744629156,0.9635192233179072,0.94,0.32,0.64,0.48,False
0.2,rand,0.437,0.159,0.148,0.108,0.179,0.075,0.103,0.298344890277981,0.37802187359783396,0.4803475040218706,0.5079985845824735,True,0.9996345649797989,0.9991711069191007,0.9758901299446305,0.94,0.3,0.66,0.5,True
0.2,rand,0.457,0.15,0.165,0.111,0.158,0.068,0.101,0.32737074392931725,0.4043775273658545,0.5023765381726946,0.5295003062537991,True,0.9985208205738203,0.9972017660553046,0.9549492013277936,0.88,0.28,0.66,0.48,True
0.2,rand,0.44,0.179,0.165,0.114,0.124,0.09,0.099,0.3381886889837919,0.4104926693439147,0.5113985145332598,0.5385956814942152,True,0.9989327848929158,0.9990944510175197,0.9752116401672658,0.96,0.3,0.66,0.48,True
0.2,rand,0.446,0.19,0.124,0.112,0.136,0.086,0.116,0.3139454089619079,0.3905696351903563,0.4960273794038377,0.523746153496975,True,0.9990601882187581,0.998491256123503,0.9670450218643121,0.96,0.3,0.68,0.52,True
0.2,rand,0.45,0.204,0.141,0.098,0.155,0.07,0.093,0.3451030334737485,0.4217341915269034,0.5283435469895313,0.5544854068520234,True,0.9988037664411357,0.9976654600410177,0.9584838059837933,0.94,0.26,0.7,0.48,True
0.2,rand,0.384,0.16,0.165,0.127,0.185,0.098,0.091,0.26372739888287755,0.3424996536318495,0.44439517150878516,0.473930489249311,True,0.9986194334253226,0.9970714979233947,0.9536270268728919,0.9,0.38,0.6,0.52,True
0.2,rand,0.459,0.185,0.143,0.133,0.15,0.06,0.079,0.335003456112959,0.41407276880029975,0.5153045655204026,0.544028578475159,True,0.9984929444875409,0.996698307375354,0.9508396835168079,0.96,0.28,0.7,0.52,True
0.2,rand,0.402,0.201,0.159,0.133,0.134,0.074,0.106,0.3231332187403007,0.39910731018516016,0.49758000869867136,0.5257367448703667,True,0.9995042002823002,0.9989926889504095,0.9731614939858465,0.98,0.32,0.66,0.5,True
0.2,rand,0.443,0.174,0.132,0.11,0.175,0.086,0.089,0.29515921735287176,0.3745332911997312,0.4820913834270458,0.5104852815948453,True,0.9995466288865724,0.9990747917747955,0.9740307828044356,0.96,0.3,0.68,0.52,True
0.2,rand,0.475,0.141,0.128,0.112,0.172,0.079,0.103,0.2916341567088811,0.3721955449366154,0.4759129268875609,0.5045520125038685,True,0.9986145081863935,0.9976266398763343,0.9584380980816101,0.94,0.28,0.66,0.48,True
0.2,rand,0.489,0.168,0.129,0.114,0.162,0.067,0.08,0.32804282002308405,0.4076410184819494,0.513018584250166,0.5412050436110908,True,0.9982170328002182,0.9963815691603023,0.9484607759105099,0.94,0.24,0.7,0.5,True
0.2,rand,0.417,0.196,0.16,0.104,0.143,0.082,0.109,0.3316997761077346,0.4058847910159686,0.5084094098800904,0.5346926915988506,True,0.999442394941076,0.9989926527163017,0.9736697323110419,0.96,0.3,0.66,0.48,True
0.2,rand,0.402,0.216,0.165,0.105,0.159,0.065,0.098,0.3431517160047198,0.4192754887930901,0.521788024874822,0.5476074521419008,True,0.9989195889288015,0.9981870361820446,0.9636131551535869,0.94,0.28,0.7,0.5,False
0.2,rand,0.411,0.195,0.136,0.123,0.165,0.078,0.101,0.2960759975547243,0.37575060629156537,0.4800957333578136,0.5086744164855234,True,0.9997223898534022,0.9995859573273598,0.9830201433466906,0.96,0.32,0.66,0.52,True
0.2,rand,0.408,0.186,0.146,0.138,0.134,0.09,0.108,0.2961258079849436,0.37265904364497565,0.4730917405613128,0.5025471917396543,True,0.9993827712405717,0.9986605133768917,0.9690389766797444,0.96,0.34,0.64,0.52,True
0.2,rand,0.357,0.207,0.15,0.127,0.17,0.093,0.105,0.27480909043336427,0.3533644019943829,0.4574551393505988,0.4863110852090979,True,0.9977906826298039,0.9958185957545578,0.944697631743593,0.9,0.38,0.6,0.56,True
0.2,rand,0.436,0.157,0.122,0.126,0.188,0.065,0.115,0.26987631666916256,0.35440298307502677,0.4560598389281046,0.48541640272918546,True,0.9988213891632546,0.997851764017238,0.9603016386073263,0.96,0.3,0.66,0.5,True
0.2,rand,0.406,0.194,0.138,0.131,0.158,0.091,0.092,0.2888694568589183,0.36735527303999516,0.4724445905906625,0.5019266957725824,True,0.9994641051199699,0.9987083065723411,0.9694235101320581,0.96,0.32,0.66,0.54,True
0.2,rand,0.395,0.191,0.127,0.144,0.168,0.096,0.088,0.2619244049321913,0.34276629323500096,0.44887198839548326,0.47995512099640203,True,0.998409213472622,0.9961783699116787,0.947468201557591,0.96,0.34,0.64,0.52,True
0.2,rand,0.461,0.161,0.127,0.119,0.16,0.083,0.1,0.295419197897532,0.3749606104549005,0.47958204736138743,0.5085272449676929,True,0.999231753547385,0.9987178984328153,0.9692733869303916,0.96,0.3,0.66,0.5,True
0.2,rand,0.378,0.198,0.139,0.113,0.182,0.088,0.112,0.274500337177066,0.35436459460757963,0.4602937740157254,0.48835420575467625,True,0.9985942407158956,0.997951001910539,0.9614544002871631,0.96,0.32,0.66,0.54,True
0.2,rand,0.455,0.19,0.123,0.132,0.149,0.076,0.084,0.3125725748082662,0.3921137424351617,0.49751734875578135,0.5270029798836214,True,0.9992305689770211,0.9983452941444981,0.9653370559414404,0.98,0.3,0.66,0.5,True
0.2,rand,0.41,0.188,0.125,0.133,0.154,0.088,0.112,0.27756134284521455,0.35737988058690534,0.46131164118130974,0.491039776399271,True,0.9992936992966014,0.9983339658967182,0.9655907557654857,0.96,0.34,0.64,0.52,True
0.2,rand,0.437,0.149,0.153,0.112,0.173,0.086,0.1,0.2910399347344803,0.369349404601785,0.4714438323375232,0.49970228457948046,True,0.9995637995687413,0.9992497198696334,0.9772890433545742,0.94,0.28,0.66,0.48,True
0.2,rand,0.428,0.144,0.158,0.133,0.173,0.084,0.09,0.2806699210552276,0.3602463550740451,0.45971466049564214,0.4895120371034929,True,0.9993725763616568,0.9991513173964381,0.9753600860147238,0.92,0.28,0.66,0.48,True
0.2,rand,0.454,0.17,0.122,0.112,0.168,0.079,0.104,0.29532067924509403,0.3756657431258532,0.48147895318089307,0.5098695633956424,True,0.99931930237931,0.9986427537785212,0.9684259037165137,0.96,0.3,0.66,0.5,True
0.2,rand,0.344,0.215,0.176,0.121,0.188,0.07,0.095,0.300404466204805,0.3793506099885144,0.4801456626836107,0.507472094968564,True,0.9967907455204316,0.9954506123328103,0.9420063169159495,0.94,0.34,0.64,0.5,False
0.2,rand,0.369,0.194,0.177,0.142,0.135,0.09,0.104,0.3031324131344253,0.3777321381623801,0.47446127807067595,0.5034432538492184,True,0.9982630010096788,0.996172287059924,0.947227501228662,0.92,0.38,0.6,0.52,True
0.2,rand,0.382,0.213,0.155,0.1,0.155,0.088,0.117,0.31328662520949013,0.3884236671964155,0.4932394379712737,0.5194068826949952,True,0.9984595064435549,0.9972830017038499,0.9554230538917133,0.94,0.32,0.66,0.52,True
0.2,rand,0.39,0.197,0.132,0.147,0.136,0.1,0.108,0.2736504998028433,0.35137108694622193,0.4543319965237621,0.4849984824626963,True,0.9981059216842847,0.9952192673248419,0.9411319960347346,0.94,0.36,0.62,0.54,True
0.2,rand,0.458,0.191,0.149,0.116,0.14,0.073,0.083,0.3462113397547192,0.4219474446656682,0.5253658970907998,0.5528133908515908,True,0.9991828094263372,0.9987588262826291,0.9698763957683708,0.98,0.3,0.66,0.5,True
0.2,rand,0.378,0.19,0.152,0.122,0.161,0.094,0.113,0.28094830813517757,0.35833441464358645,0.4608168442517761,0.48928867436748297,True,0.99898379661388,0.9977643062802535,0.9597078552174941,0.94,0.34,0.64,0.52,True
0.2,rand,0.379,0.183,0.177,0.108,0.172,0.084,0.106,0.3023272591493556,0.37841660154211965,0.47884593488032057,0.5056840343214394,True,0.9988506018381337,0.9976608591235635,0.9588402437531136,0.92,0.34,0.64,0.52,False
0.2,rand,0.414,0.19,0.137,0.136,0.158,0.072,0.102,0.29670023672245527,0.376987922787663,0.4783524827846937,0.5076344888493431,True,0.999431434762649,0.9987576651626769,0.9707536520194507,0.98,0.32,0.66,0.5,True
0.2,rand,0.433,0.202,0.152,0.116,0.145,0.075,0.088,0.3386489739032688,0.4144979137441141,0.5180775079474186,0.5454115434246217,True,0.9996810084496964,0.9995469413356439,0.9818908646257739,0.98,0.3,0.66,0.5,True
0.2,rand,0.436,0.204,0.154,0.105,0.129,0.091,0.091,0.3453127195150847,0.4176554482173576,0.5235442137022565,0.5501828051457252,True,0.9987089353823322,0.9983230850791021,0.965119838571431,0.94,0.3,0.66,0.5,True
0.2,rand,0.407,0.191,0.159,0.11,0.168,0.069,0.106,0.3167375597001572,0.39471800982153077,0.4959061888651953,0.5227463819186665,True,0.999619015825478,0.9993206568890377,0.9776387717070603,0.96,0.32,0.64,0.5,False
0.2,rand,0.439,0.146,0.165,0.101,0.187,0.064,0.108,0.3082124689604353,0.38776743412677156,0.4866593845284731,0.5132860999929605,True,0.9986233281737554,0.9966311997718929,0.9506681740489822,0.88,0.28,0.66,0.5,False
0.2,rand,0.372,0.188,0.147,0.142,0.15,0.09,0.121,0.2704331234234807,0.34909887505002657,0.4483314764831526,0.47811632309187824,True,0.9985483335958478,0.9966679912336582,0.951109737544387,0.94,0.36,0.62,0.52,True
0.2,rand,0.359,0.203,0.13,0.138,0.19,0.071,0.12,0.25499354502074767,0.339347003871845,0.4413313712845191,0.47102922016026694,True,0.9971220274358519,0.995861184673588,0.9454344095797053,0.94,0.34,0.64,0.52,True
0.2,rand,0.413,0.168,0.179,0.115,0.143,0.075,0.117,0.32463173063950373,0.3992178890932664,0.494634468841118,0.5213952737645022,True,0.9992659696947034,0.9986192406923655,0.9680556277749728,0.94,0.32,0.64,0.48,False
0.2,rand,0.463,0.163,0.138,0.115,0.168,0.059,0.103,0.3167036181485775,0.3973465087090723,0.4982544648341364,0.5260036349170057,True,0.9984398547499936,0.9964394578296133,0.9490361084040477,0.92,0.24,0.7,0.5,True
0.2,rand,0.463,0.161,0.136,0.132,0.143,0.071,0.106,0.3106744588129289,0.38975939319464226,0.4891226176043805,0.5181875996880538,True,0.99849706308581,0.9976540927092561,0.9586167363048224,0.94,0.28,0.66,0.48,True
0.2,rand,0.415,0.19,0.137,0.128,0.151,0.089,0.1,0.2943452727879423,0.3723390288204654,0.47655886135823616,0.5057006838607405,True,0.9996690335142808,0.99917572859992,0.9755827547859108,0.96,0.32,0.66,0.54,True
0.2,rand,0.453,0.17,0.158,0.108,0.158,0.067,0.096,0.33451597449586323,0.411530718296309,0.5122319995713069,0.5390767843313369,True,0.9990026715061924,0.99779966506982,0.9600806471903479,0.92,0.3,0.66,0.5,True
0.2,rand,0.439,0.155,0.15,0.138,0.138,0.078,0.111,0.30031849246773773,0.37814210374131063,0.4748270757125189,0.5042098757876379,True,0.9988464276843065,0.9986674931245983,0.9691748423706383,0.96,0.3,0.64,0.48,True
0.2,rand,0.409,0.147,0.152,0.118,0.188,0.085,0.111,0.26433817325290027,0.3449668504857825,0.4456490420826384,0.47447998318235646,True,0.9995205320972452,0.9993128018229942,0.977884504098615,0.92,0.3,0.64,0.5,True
0.2,rand,0.386,0.203,0.165,0.097,0.165,0.09,0.103,0.3137506490643208,0.38861412660294015,0.49380043909384197,0.5199906582068258,True,0.9982948799173124,0.9967208482474685,0.9514821101786884,0.9,0.36,0.62,0.54,True
0.2,rand,0.475,0.155,0.148,0.116,0.14,0.085,0.093,0.32437621817157786,0.39999690159416595,0.502143780755922,0.5302864193811476,True,0.9984508918598476,0.9983975726339561,0.9662801483452063,0.94,0.3,0.64,0.46,True
0.2,rand,0.435,0.196,0.16,0.099,0.129,0.088,0.104,0.3469206397710932,0.4188652016431944,0.5226913164342603,0.5486122811194176,True,0.9985501338346412,0.9978703618855878,0.9611528958681734,0.92,0.3,0.66,0.48,True
0.2,rand,0.381,0.162,0.158,0.11,0.198,0.075,0.124,0.26742371233491036,0.34871636993502386,0.44828016716336483,0.47587978473499426,True,0.9990196148663026,0.9989478893436725,0.9728092496020477,0.94,0.3,0.68,0.52,True
0.2,rand,0.446,0.18,0.157,0.126,0.143,0.078,0.081,0.33078339744027385,0.4067855026192169,0.5083326775517832,0.5367208327267635,True,0.9995556174937333,0.9995675809349054,0.982697672000094,0.98,0.3,0.66,0.5,True
0.2,rand,0.351,0.216,0.174,0.135,0.137,0.086,0.111,0.30874313005182535,0.38337761634175993,0.48148343339283334,0.5095465481628855,True,0.9978379355615422,0.9954497679559586,0.9425074264857585,0.9,0.38,0.6,0.54,False
0.2,rand,0.423,0.177,0.17,0.1,0.164,0.075,0.101,0.328290987537193,0.40402958902526825,0.5052478523730611,0.5313654698560007,True,0.999305753116569,0.9983102451769105,0.9665380415547731,0.92,0.32,0.64,0.46,False
0.2,rand,0.405,0.165,0.163,0.131,0.167,0.085,0.095,0.2884468509662986,0.36669985482400297,0.46627490592576154,0.49541477697037173,True,0.9996021304080784,0.9992601980408145,0.9769720234091552,0.94,0.32,0.64,0.5,True
0.2,rand,0.398,0.211,0.132,0.13,0.176,0.07,0.092,0.2952476857644349,0.37677265236125157,0.48196642791957456,0.5109161069451515,True,0.9989051185505693,0.9984426238438244,0.9668990920481669,0.96,0.32,0.66,0.52,True
0.2,rand,0.426,0.195,0.136,0.115,0.165,0.078,0.094,0.3089350871395745,0.38771692948226305,0.49364623411340847,0.5216766737552779,True,0.9997729273989984,0.9996509092049631,0.9841079075509453,0.98,0.3,0.68,0.52,True
0.2,rand,0.427,0.188,0.162,0.118,0.164,0.068,0.083,0.3293195045995504,0.40696350338833515,0.5084838886023548,0.5360093327681644,True,0.9995956907376601,0.9990762859228406,0.9740114932310372,0.96,0.32,0.64,0.5,False
0.2,rand,0.464,0.158,0.144,0.136,0.135,0.084,0.088,0.3119113315343778,0.3888461406393347,0.48941618711175994,0.5191450970964315,True,0.9986132036073438,0.9986948401050699,0.9698583642106289,0.94,0.3,0.64,0.48,True
0.2,rand,0.418,0.192,0.16,0.126,0.153,0.077,0.082,0.3231875351016393,0.3998225341349313,0.5016347045600363,0.5298910835083965,True,0.9998414897934674,0.999756459568411,0.9868918961986122,0.98,0.3,0.66,0.5,True
0.2,rand,0.377,0.21,0.13,0.149,0.148,0.092,0.104,0.2725243598550577,0.3519566955087983,0.45554081279835806,0.48619077373859,True,0.997824816094827,0.9948109480127513,0.9390898172858062,0.94,0.36,0.62,0.54,True
0.2,rand,0.417,0.189,0.131,0.129,0.168,0.079,0.098,0.2888676655775937,0.36951877478538186,0.4738607351355421,0.5031227221660877,True,0.9996478692338485,0.9993075393277271,0.9785231567135263,0.96,0.34,0.64,0.52,True
0.2,rand,0.391,0.209,0.14,0.105,0.16,0.091,0.114,0.29882476057036456,0.37562376241586554,0.48239466153865834,0.5095139773568423,True,0.9986401162604216,0.9975807862234697,0.957904280104734,0.96,0.32,0.66,0.54,True
0.2,rand,0.412,0.164,0.157,0.117,0.172,0.086,0.103,0.2883335268147352,0.3665270780123495,0.46810384658931725,0.4963811085198854,True,0.9997983558940257,0.9995844623650652,0.9827576374130501,0.94,0.32,0.64,0.5,True
0.2,rand,0.453,0.173,0.162,0.116,0.129,0.076,0.101,0.3431866651736888,0.4172115010461866,0.5164418038382544,0.5435645648568979,True,0.9988455672241999,0.9987526127438108,0.9701326116237292,0.96,0.3,0.66,0.48,True
0.2,rand,0.425,0.163,0.147,0.139,0.148,0.067,0.12,0.2962119100877575,0.37599903831432796,0.47146633133914456,0.5006564009650755,True,0.9986897462538952,0.9976674565810756,0.9584930314319404,0.96,0.3,0.66,0.48,True
0.2,rand,0.443,0.183,0.149,0.116,0.145,0.075,0.098,0.3286833703657554,0.40511832117930396,0.5071984394656321,0.5347597511958251,True,0.9996383868115619,0.9994467951468964,0.9800227113759841,0.98,0.3,0.66,0.5,True
0.2,rand,0.394,0.16,0.163,0.126,0.193,0.078,0.097,0.27368799531135923,0.3545961222838271,0.45434856652714134,0.48329464033081004,True,0.999239233473925,0.9989455732106403,0.9727400587409443,0.94,0.32,0.66,0.52,True
0.2,rand,0.393,0.16,0.141,0.137,0.209,0.075,0.095,0.247929137576321,0.3329500428450383,0.43450510294342876,0.4649370746078221,True,0.9984388170980389,0.9978930529867563,0.9611101233358549,0.94,0.32,0.64,0.5,True
0.2,rand,0.453,0.167,0.123,0.139,0.138,0.078,0.111,0.29442063159352494,0.37409294784471436,0.474782223625742,0.5047738550861692,True,0.998621918776993,0.9977770207880043,0.960336443707154,0.96,0.3,0.66,0.5,True
0.2,rand,0.449,0.205,0.15,0.099,0.128,0.081,0.098,0.35634536922556437,0.4292136694565239,0.5345795179559873,0.5605301824914406,True,0.9984996303602269,0.9979106143153453,0.9612220867292767,0.94,0.26,0.7,0.48,True
0.2,rand,0.408,0.168,0.152,0.119,0.163,0.081,0.119,0.28950828447474464,0.3678769410618596,0.4676914729111796,0.4957403260992632,True,0.9999192901440662,0.999892765361222,0.9914035596811015,0.96,0.3,0.66,0.5,True
0.2,rand,0.396,0.196,0.144,0.105,0.179,0.081,0.109,0.2940907653061088,0.3731183429579995,0.4786609046150424,0.5058630967109934,True,0.999214935404294,0.9990515701900022,0.9739033038845846,0.98,0.3,0.68,0.54,True
0.2,rand,0.393,0.224,0.166,0.12,0.151,0.07,0.085,0.34091106375358915,0.4165978696565397,0.5192080042020694,0.5461824655048857,True,0.9990467393249453,0.9986381259908297,0.9685189968750892,0.96,0.3,0.68,0.5,False
0.2,rand,0.412,0.186,0.17,0.129,0.146,0.077,0.09,0.32405404623049333,0.3998421163233706,0.49881572856471307,0.5269325520499215,True,0.9996326713165221,0.9993629457570844,0.9785114152340664,0.96,0.3,0.66,0.48,True
0.2,rand,0.359,0.173,0.166,0.108,0.193,0.1,0.11,0.2604105936593632,0.3385898531229547,0.44216143592472085,0.47009188063782603,True,0.997132417518768,0.9941521064857408,0.9344070636740431,0.84,0.38,0.6,0.58,True
0.2,rand,0.351,0.16,0.154,0.144,0.195,0.089,0.118,0.22842696650980174,0.3112801457578026,0.4095723557514809,0.4402488726358801,True,0.9968215593238523,0.9941997128109034,0.9346242810440524,0.92,0.36,0.62,0.54,True
0.2,rand,0.37,0.189,0.156,0.112,0.172,0.086,0.125,0.2814249470655276,0.3595215069658482,0.4611377746259504,0.4885294801115778,True,0.9988759909451385,0.9981309807957436,0.9631007234428702,0.92,0.36,0.62,0.54,True
0.2,rand,0.385,0.183,0.144,0.118,0.164,0.084,0.131,0.2775593716785693,0.3565618901815608,0.45751289910044995,0.4855256988218509,True,0.9995131221576876,0.9992587547833703,0.9769019938709478,0.96,0.32,0.66,0.54,True
0.2,rand,0.422,0.193,0.14,0.115,0.153,0.089,0.099,0.30683945020097936,0.38371630712422106,0.48930870289700823,0.5173358650708865,True,0.9996595002022352,0.9993434135373004,0.9781545581261941,0.96,0.3,0.68,0.52,True
0.2,rand,0.402,0.191,0.127,0.145,0.138,0.081,0.126,0.2810141617266295,0.360681924760515,0.4605194823669642,0.49045838892064114,True,0.9988551789867699,0.9974069870857242,0.958399518934813,0.96,0.34,0.64,0.52,True
0.2,rand,0.394,0.159,0.161,0.137,0.165,0.077,0.116,0.27774382777030465,0.3573775244717553,0.4531682422390646,0.4824090520051386,True,0.9990926169311031,0.9984331695915354,0.9661187030026318,0.98,0.3,0.68,0.5,True
0.2,rand,0.425,0.165,0.153,0.133,0.157,0.075,0.102,0.29859905847664464,0.3775510567058767,0.47598327771078575,0.5050401559859841,True,0.9995271819456242,0.9991925265694942,0.9757127497370748,0.98,0.3,0.66,0.5,True
0.2,rand,0.42,0.151,0.174,0.102,0.175,0.078,0.111,0.3051796962339913,0.3821579302020482,0.48090197449541155,0.5075122809482375,True,0.9991389121805083,0.997926198645867,0.962762317231292,0.9,0.3,0.64,0.48,True
0.2,rand,0.41,0.196,0.143,0.104,0.172,0.088,0.097,0.30303475570553007,0.38064061746500194,0.487955475012666,0.5152933486598834,True,0.9992286926748564,0.9986965882989952,0.9690163323979287,0.96,0.3,0.68,0.52,True
0.2,rand,0.437,0.173,0.156,0.094,0.167,0.079,0.104,0.3217188078177442,0.3981225732960001,0.5018408851298322,0.5279562435989972,True,0.9990782053636373,0.9978611258521957,0.9618544492659059,0.92,0.32,0.64,0.46,True
0.2,rand,0.392,0.183,0.172,0.127,0.145,0.073,0.117,0.3133404460087759,0.3896043069138052,0.48517733956010917,0.5127971089392428,True,0.999380454942728,0.9987189475934453,0.9693761248756662,0.96,0.32,0.64,0.5,False
0.2,rand,0.46,0.151,0.139,0.126,0.144,0.081,0.109,0.30227324705319836,0.3802981089131295,0.48031369307601984,0.5092521112806201,True,0.99886019808421,0.9987530898940857,0.9702043185161453,0.94,0.3,0.64,0.46,True
0.2,rand,0.38,0.176,0.187,0.106,0.147,0.098,0.116,0.30927225429827826,0.3814852290018298,0.48022338675873394,0.5067282743536581,True,0.9979401050538239,0.9953120437403167,0.9417308114871926,0.84,0.38,0.58,0.52,True
0.2,rand,0.416,0.206,0.133,0.096,0.18,0.085,0.094,0.3058602131289289,0.3844724090942751,0.494892875169249,0.5218172538964403,True,0.9985527733746862,0.9977698533557611,0.9592742591545801,0.96,0.3,0.68,0.52,True
0.2,rand,0.443,0.153,0.142,0.126,0.186,0.076,0.084,0.28462187707270636,0.36630685997851503,0.4691787865222031,0.4986803032458868,True,0.999565622485487,0.9992096363966712,0.9761962470876938,0.96,0.28,0.68,0.5,True
0.5,rand,0.266,0.156,0.182,0.156,0.206,0.118,0.127,0.17723169276697295,0.2585552976097079,0.35436674486977254,0.38625040793015586,True,0.985675701418216,0.9689280815818185,0.8482208303909745,0.74,0.44,0.54,0.62,True
0.5,rand,0.42,0.168,0.15,0.126,0.202,0.046,0.098,0.2948303863132883,0.37939957855264095,0.4779590519434285,0.5063349456590152,True,0.9972659176330693,0.994332537686607,0.9350805213887822,0.92,0.28,0.68,0.54,False
0.5,rand,0.305,0.148,0.249,0.126,0.199,0.066,0.117,0.28492350013252105,0.36157052657949923,0.44628414590053495,0.47295853265376764,True,0.988726618542822,0.9767882835049752,0.8675221452689386,0.78,0.36,0.6,0.58,False
0.5,rand,0.236,0.209,0.234,0.153,0.2,0.091,0.088,0.2557704427267552,0.3329015666039806,0.4254481772512,0.4547529613508225,True,0.9812692715394649,0.9621778134372063,0.83189598055611,0.68,0.46,0.52,0.62,False
0.5,rand,0.463,0.138,0.109,0.109,0.204,0.085,0.102,0.253701233388161,0.3381270087418639,0.4466120569561732,0.4761117649294591,True,0.9984321914467096,0.9970183966346997,0.9532588476241117,0.92,0.3,0.66,0.5,True
0.5,rand,0.29,0.259,0.152,0.149,0.187,0.113,0.059,0.25368490217324635,0.332521364379263,0.443940319251965,0.47501592353222644,True,0.9882453572372116,0.9760873855781833,0.866977843828259,0.76,0.44,0.54,0.64,True
0.5,rand,0.342,0.192,0.144,0.193,0.134,0.065,0.14,0.2506629432269384,0.3338667349025384,0.42244953439335586,0.4550328543135161,True,0.9902486836045433,0.9792052808940511,0.8769903904377392,0.82,0.4,0.58,0.54,True
0.5,rand,0.271,0.265,0.142,0.11,0.2,0.134,0.089,0.23540017946540245,0.3125305893506262,0.4303037286737708,0.4590599673445131,True,0.9811188794973471,0.9609673226809833,0.8298018038267159,0.72,0.46,0.52,0.62,True
0.5,rand,0.35,0.18,0.221,0.198,0.12,0.049,0.093,0.322372777732559,0.39913742022830695,0.47869795811509014,0.5097733916793593,True,0.9845948741143608,0.969719931597821,0.8482585708606671,0.8,0.36,0.6,0.56,False
0.5,rand,0.332,0.216,0.17,0.144,0.137,0.071,0.139,0.29594149877448916,0.37303985313974813,0.466307500923875,0.4944941289911147,True,0.9964763077897703,0.992943611455326,0.928160596601345,0.9,0.38,0.6,0.54,False
0.5,rand,0.299,0.122,0.1,0.205,0.211,0.124,0.15,0.08463032728441836,0.17655106999871376,0.2739628567487993,0.3119167062062942,True,0.980997308528529,0.9578960044787637,0.8237360716699906,0.7,0.44,0.52,0.6,True
0.5,rand,0.522,0.175,0.118,0.07,0.138,0.053,0.135,0.370271459772113,0.44694689543696275,0.5518478747710835,0.575582143515232,True,0.9917197205607516,0.9836432226234499,0.8896166742427165,0.78,0.26,0.7,0.44,True
0.5,rand,0.49,0.13,0.14,0.107,0.163,0.107,0.072,0.2961554178909149,0.37242066083615655,0.4804671738831496,0.5096055649178967,True,0.99702260045671,0.9958210523456487,0.9446716327533602,0.88,0.28,0.66,0.5,True
0.5,rand,0.439,0.17,0.205,0.081,0.172,0.044,0.098,0.37849095659925175,0.45293376337671426,0.5484373578099404,0.5716301082917171,True,0.9939714683798379,0.9847824636884163,0.8945468376002429,0.78,0.2,0.72,0.42,False
0.5,rand,0.499,0.179,0.065,0.145,0.135,0.07,0.118,0.2843547248900228,0.3688353598185467,0.4755276379955973,0.5068118928256713,True,0.9944965621526285,0.9892188888779055,0.9104355753408804,0.84,0.3,0.66,0.48,True
0.5,rand,0.475,0.135,0.145,0.156,0.15,0.056,0.093,0.30468497418167184,0.3864977751250179,0.48005890226819,0.5108568217876212,True,0.9945819715530368,0.9908275839303669,0.9174993332517021,0.88,0.24,0.7,0.5,True
0.5,rand,0.346,0.148,0.127,0.166,0.18,0.074,0.169,0.1975867614326576,0.2846842981824636,0.3760510823962304,0.40804247407899186,True,0.9938755797038011,0.9887484907679808,0.9101164587027007,0.86,0.38,0.58,0.48,True
0.5,rand,0.458,0.233,0.097,0.132,0.12,0.078,0.093,0.3316880616467618,0.4097756385568077,0.5195296501899098,0.5486725167935359,True,0.9975293365898149,0.9952056994834938,0.9402291601319741,0.92,0.3,0.68,0.5,True
0.5,rand,0.423,0.179,0.198,0.125,0.127,0.096,0.061,0.34896659026538895,0.41888383594150497,0.5185158892286946,0.5464032536607015,True,0.9977591268558647,0.9977333244894967,0.9592750978316842,0.92,0.34,0.62,0.48,True
0.5,rand,0.535,0.194,0.114,0.15,0.098,0.043,0.077,0.3808152302838814,0.45924306512451846,0.5592134239076579,0.5886624952287272,True,0.9904459867815097,0.9835911688668859,0.8890543412442948,0.84,0.2,0.76,0.46,True
0.5,rand,0.377,0.182,0.109,0.116,0.211,0.107,0.109,0.21856267387394923,0.30256622173171677,0.41462216612574454,0.4447595370070039,True,0.995832717050031,0.9919691215863744,0.9229566051692702,0.88,0.38,0.6,0.56,True
0.5,rand,0.323,0.169,0.188,0.16,0.223,0.068,0.08,0.24196827466624574,0.32668441572473944,0.42108888870479033,0.4521642055962275,True,0.9919753008669836,0.9858048880251256,0.8973601799465595,0.84,0.4,0.58,0.54,False
0.5,rand,0.336,0.221,0.209,0.122,0.144,0.089,0.088,0.3329721933362111,0.40408123530300205,0.5022255128888221,0.5288599855020198,True,0.9954499821158845,0.9910509851190834,0.9188932145990201,0.84,0.4,0.58,0.5,False
0.5,rand,0.497,0.137,0.099,0.12,0.136,0.058,0.162,0.29442672124072977,0.37678768134632457,0.47391060733081625,0.5022544789401452,True,0.9941831047822527,0.9905777888403539,0.9162429949494865,0.88,0.22,0.72,0.5,True
0.5,rand,0.45,0.143,0.2,0.065,0.122,0.099,0.131,0.35909280496656004,0.42543403063819585,0.5233915548573776,0.5464473409004481,True,0.9914866350471628,0.985550581992241,0.9010386177259438,0.76,0.3,0.66,0.52,False
0.5,rand,0.574,0.131,0.169,0.072,0.095,0.115,0.053,0.4014521852604252,0.4655024062750448,0.5743916566939259,0.5997333194403619,True,0.9826842885279637,0.9836203059751378,0.8915364061344198,0.78,0.3,0.64,0.42,True
0.5,rand,0.301,0.131,0.218,0.162,0.137,0.087,0.174,0.24210539205862952,0.31793142124917123,0.3965799749671011,0.4262148395382722,True,0.9890343170153781,0.9788380775234357,0.8745544527883498,0.8,0.38,0.58,0.56,False
0.5,rand,0.389,0.133,0.224,0.095,0.22,0.079,0.069,0.3040941274892886,0.3805726541460669,0.47806385649642674,0.5042147296802577,True,0.9949267817893568,0.9888372814315862,0.910906492534935,0.8,0.3,0.64,0.54,False
0.5,rand,0.459,0.212,0.115,0.074,0.223,0.056,0.07,0.3275462762095159,0.4109714887701596,0.5269506374688676,0.5524775885949621,True,0.9953974120181167,0.9915206532542276,0.9205399570932794,0.86,0.26,0.72,0.5,True
0.5,rand,0.406,0.149,0.125,0.191,0.104,0.119,0.116,0.23178286032985387,0.30981402666624447,0.40635471086423713,0.44114785929739375,True,0.9920548959225215,0.9852259553269113,0.8963286071082917,0.86,0.38,0.58,0.48,True
0.5,rand,0.281,0.147,0.217,0.159,0.149,0.079,0.179,0.24154268291958939,0.3186940163310671,0.39773381998164725,0.42682474732746983,True,0.9881847017441275,0.9763295356785535,0.8672374143920346,0.78,0.42,0.56,0.58,False
0.5,rand,0.461,0.186,0.189,0.078,0.118,0.095,0.083,0.3875897905039748,0.4540693591830852,0.55823479572219,0.5822684572046951,True,0.9939686721557583,0.9915471114812435,0.9238657311503128,0.86,0.3,0.66,0.44,False
0.5,rand,0.338,0.2,0.191,0.141,0.173,0.064,0.102,0.298886623666067,0.3775516766374434,0.47130499230643486,0.49959308747814996,True,0.9955811805807804,0.9917660526176895,0.9217480714619987,0.92,0.34,0.64,0.52,False
0.5,rand,0.336,0.15,0.117,0.156,0.256,0.111,0.085,0.14930811740716274,0.2397714143252683,0.3484316374273051,0.3827995017596385,True,0.9911711104023919,0.982484633359113,0.8857491147763165,0.78,0.44,0.54,0.56,True
0.5,rand,0.492,0.155,0.2,0.119,0.121,0.064,0.059,0.3929156033100369,0.46380179780172476,0.5587657111620108,0.5854221583208492,True,0.9939359391899277,0.9925470910272933,0.9258131393864575,0.88,0.26,0.66,0.46,False
0.5,rand,0.354,0.148,0.141,0.136,0.224,0.103,0.105,0.19827273670436527,0.2832825341596834,0.3872506928663708,0.4186908747713316,True,0.9957103307599969,0.9919621972076416,0.9227196788873103,0.86,0.4,0.58,0.54,True
0.5,rand,0.456,0.152,0.206,0.085,0.112,0.115,0.084,0.3657242032115037,0.43012760190600186,0.5314686037537819,0.5565840423546597,True,0.9912630905496133,0.9888216291112216,0.9114554066996882,0.82,0.34,0.62,0.5,True
0.5,rand,0.5,0.186,0.136,0.152,0.089,0.057,0.089,0.3685114246803305,0.44416454421222396,0.5408293832367967,0.5702263986264974,True,0.9934782878028771,0.9908356417445648,0.9174532060109665,0.9,0.24,0.7,0.5,True
0.5,rand,0.542,0.092,0.146,0.15,0.091,0.085,0.105,0.32288615202074394,0.3974990643558493,0.48963314432258215,0.5204487283153282,True,0.9871306707739006,0.9905855523033158,0.9186906740783357,0.84,0.24,0.68,0.48,True
0.5,rand,0.374,0.193,0.223,0.12,0.158,0.088,0.055,0.34429949097001605,0.41530209718675937,0.5137791627026231,0.5407462709165843,True,0.9962350256612424,0.9931721224675065,0.9290374335138726,0.86,0.4,0.56,0.5,False
0.5,rand,0.449,0.081,0.181,0.144,0.172,0.091,0.091,0.2616627090100343,0.34059455975849917,0.43286077351972985,0.4639006426613944,True,0.9951968143531603,0.9948941272751293,0.9394814794935062,0.88,0.26,0.66,0.48,True
0.5,rand,0.353,0.207,0.184,0.08,0.213,0.067,0.106,0.31284684904538057,0.39097854813927574,0.49451515634023774,0.5188002553852762,True,0.9948725417696415,0.9915337993142747,0.922962056570448,0.84,0.32,0.64,0.52,False
0.5,rand,0.337,0.147,0.216,0.16,0.094,0.106,0.149,0.28213236079417287,0.35183639109835485,0.4351072912894036,0.4646028249526061,True,0.9914031187674963,0.9849811190170585,0.8945954808722913,0.84,0.38,0.58,0.52,True
0.5,rand,0.452,0.192,0.102,0.129,0.126,0.102,0.108,0.2919738085972841,0.36934966862315816,0.478017060401118,0.5079237256580157,True,0.997674642368691,0.9955893694240898,0.942364012700926,0.94,0.32,0.64,0.54,True
0.5,rand,0.363,0.262,0.201,0.088,0.12,0.043,0.133,0.4079515055011144,0.47806126213215755,0.5731345622440622,0.5948370308459047,True,0.9930851662580367,0.9860416343579202,0.898242468260265,0.82,0.24,0.7,0.48,False
0.5,rand,0.333,0.189,0.251,0.131,0.17,0.061,0.074,0.34418416169228666,0.4172234469184725,0.5059717065000413,0.532337753491651,True,0.9910134797531891,0.9816525064858646,0.882165447509716,0.76,0.38,0.58,0.58,False
0.5,rand,0.464,0.119,0.227,0.065,0.135,0.056,0.144,0.38591724289729307,0.4547700081487005,0.5422391699056932,0.5637777049109928,True,0.9874616839176077,0.9754038352394563,0.8673804088383148,0.68,0.2,0.72,0.42,False
0.5,rand,0.53,0.111,0.084,0.071,0.2,0.101,0.114,0.2610256337262672,0.3435038123000533,0.4585969828273046,0.4863682292715209,True,0.9919739623252588,0.9849889406988681,0.8947124763283387,0.78,0.28,0.66,0.48,True
0.5,rand,0.401,0.167,0.159,0.07,0.2,0.099,0.114,0.28591218720532674,0.36258800251440326,0.4708578063135048,0.4961576674601694,True,0.9956766167828393,0.9904497346531493,0.9176125546607803,0.82,0.32,0.66,0.54,True
0.5,rand,0.303,0.126,0.218,0.171,0.196,0.101,0.094,0.21574485215737407,0.29538572582473294,0.38381934784697463,0.4160473121497324,True,0.988081620684966,0.9759028904574846,0.8663161275929799,0.76,0.4,0.58,0.58,True
0.5,rand,0.509,0.189,0.124,0.125,0.082,0.063,0.118,0.37399930118472896,0.4479105809613882,0.547145430030215,0.5745042683147136,True,0.9937515779623081,0.9921945144296511,0.9241387205477568,0.92,0.24,0.7,0.48,True
0.5,rand,0.403,0.186,0.156,0.17,0.11,0.093,0.093,0.29897490737239835,0.37446082952328774,0.47082787508005236,0.5023353250983473,True,0.9969805288403006,0.9942943510081249,0.9359774865518127,0.94,0.34,0.64,0.52,True
0.5,rand,0.376,0.12,0.203,0.1,0.211,0.091,0.11,0.2643243355282302,0.34207749561003803,0.4382877400913512,0.4652986620638365,True,0.9960746185362246,0.9915076904003439,0.9219497733055787,0.84,0.34,0.6,0.54,False
0.5,rand,0.555,0.101,0.152,0.105,0.099,0.068,0.13,0.360655797927645,0.4336080984834127,0.5268059638962934,0.5533009589315435,True,0.9863484976713757,0.9857289095792249,0.8978667409175464,0.82,0.22,0.7,0.44,True
0.5,rand,0.326,0.236,0.128,0.136,0.187,0.051,0.146,0.26683040961922994,0.35228713751027907,0.4517369202984786,0.4800341578406691,True,0.9934100302044283,0.99052770556786,0.9167407498108783,0.92,0.34,0.64,0.52,False
0.5,rand,0.383,0.133,0.11,0.185,0.239,0.08,0.08,0.16908940380547618,0.26255101219014243,0.3641763949079176,0.39999986452440717,True,0.992079892885412,0.9844267986419815,0.8945829007157271,0.84,0.34,0.62,0.5,True
0.5,rand,0.547,0.107,0.22,0.065,0.095,0.072,0.103,0.43016868102768635,0.49396381795466804,0.5860219313604148,0.6081952272093315,True,0.9785151514112479,0.9744501869036711,0.8639938306912209,0.68,0.2,0.72,0.44,False
0.5,rand,0.25,0.167,0.263,0.18,0.105,0.13,0.114,0.26289967918330537,0.32959233987069775,0.41180431854342997,0.44272834294339114,True,0.9759725027548829,0.9512255576311139,0.8091430900554701,0.68,0.44,0.54,0.62,False
0.5,rand,0.557,0.132,0.108,0.126,0.141,0.055,0.091,0.33363639362710945,0.4149570420525207,0.5165538950562609,0.5458452950626128,True,0.9913954069616061,0.9861344653281194,0.898455911583305,0.86,0.2,0.72,0.48,True
0.5,rand,0.432,0.132,0.18,0.135,0.181,0.084,0.066,0.2898444713110774,0.368443082641362,0.4666106262676814,0.4965497362568964,True,0.9985986847265053,0.9980217101258012,0.9621752432582942,0.92,0.28,0.64,0.46,True
0.5,rand,0.551,0.132,0.105,0.131,0.117,0.055,0.119,0.333365573697435,0.4136564473286518,0.5116527324181008,0.5408191052423758,True,0.9896982216665894,0.985049237511418,0.8945070004377894,0.82,0.2,0.72,0.46,True
0.5,rand,0.584,0.094,0.134,0.067,0.157,0.081,0.093,0.34750713476599243,0.42290583773618,0.5293553614259883,0.5549514045397308,True,0.9870727867653118,0.9805778293085599,0.8805740577043395,0.76,0.24,0.7,0.44,True
0.5,rand,0.246,0.234,0.164,0.14,0.203,0.122,0.101,0.2113382439068829,0.290816630115212,0.3979256757649404,0.4283846000649844,True,0.9822717891611018,0.9626117246147218,0.8332240257507418,0.7,0.46,0.52,0.64,False
0.5,rand,0.536,0.11,0.129,0.073,0.126,0.101,0.133,0.3240457768652736,0.3967607585617226,0.5014255483726987,0.527264973814297,True,0.9895202623489696,0.986258037071189,0.8998225359247337,0.8,0.26,0.68,0.48,True
0.5,rand,0.419,0.143,0.127,0.173,0.154,0.057,0.137,0.25233474657387933,0.3379339166745945,0.4286193576850029,0.4606830864592601,True,0.9935855535410396,0.9879365996261844,0.9059176217801089,0.86,0.28,0.66,0.5,True
0.5,rand,0.412,0.162,0.204,0.145,0.08,0.114,0.093,0.3359247607454229,0.40215449343651694,0.49520673663850145,0.5242633596675081,True,0.9936421225539115,0.9937912510051299,0.9328949288550212,0.86,0.38,0.58,0.5,True
0.5,rand,0.282,0.251,0.136,0.141,0.198,0.055,0.147,0.25093427308385086,0.33682502616287435,0.4362036728295653,0.46472516746911463,True,0.9890040026694444,0.983374264168729,0.889386876716143,0.82,0.42,0.56,0.52,False
0.5,rand,0.457,0.103,0.159,0.064,0.242,0.095,0.09,0.2646936381654555,0.34526248004635157,0.45395519574027304,0.4801831651472879,True,0.9944670035575954,0.9874415435951441,0.9068678429392614,0.78,0.28,0.68,0.5,True
0.5,rand,0.475,0.203,0.157,0.077,0.083,0.095,0.121,0.3923599272240457,0.4583411700407903,0.5631134218381739,0.586799941621521,True,0.9926954013756684,0.9912080929539545,0.9207726899897178,0.84,0.28,0.68,0.44,True
0.5,rand,0.365,0.164,0.139,0.096,0.237,0.085,0.124,0.2313025415664528,0.31593270733078466,0.4221926655936313,0.4498809887808245,True,0.9967637162223835,0.9961143226653983,0.9470148965827262,0.9,0.34,0.64,0.54,True
0.5,rand,0.496,0.113,0.092,0.083,0.17,0.096,0.16,0.2545235745792959,0.33576000599811207,0.44276009762086765,0.4703383419146983,True,0.9940009735894519,0.989887858855887,0.9135294551785795,0.82,0.28,0.66,0.48,True
0.5,rand,0.497,0.189,0.112,0.086,0.162,0.057,0.107,0.34610444409655516,0.42572048296950676,0.5341277836585062,0.5597679400681451,True,0.9957371092984855,0.9908294481548624,0.9174376904845374,0.86,0.22,0.74,0.46,True
0.5,rand,0.496,0.107,0.188,0.068,0.126,0.113,0.111,0.3438415187176752,0.4107809340132199,0.5117045469706605,0.5363915903261085,True,0.9882787031587977,0.9841291875575298,0.8942792996039767,0.76,0.32,0.64,0.52,True
0.5,rand,0.514,0.232,0.103,0.14,0.126,0.041,0.055,0.38211658893343103,0.46244567052730257,0.5698325946253194,0.59882462344844,True,0.9934106029041059,0.9858473206082294,0.8967676545723837,0.88,0.2,0.76,0.48,True
0.5,rand,0.288,0.223,0.188,0.177,0.139,0.111,0.084,0.2625376445310459,0.3375176283115489,0.4347753082950345,0.4666692589742841,True,0.9886834788925122,0.9743807656099263,0.8625760470464309,0.78,0.44,0.54,0.58,True
0.5,rand,0.347,0.211,0.136,0.183,0.133,0.06,0.14,0.26743293848713034,0.35025989280302755,0.4416087880991765,0.47316962181873984,True,0.9919385479357007,0.9825410482366194,0.8875640120299844,0.84,0.38,0.6,0.54,True
0.5,rand,0.567,0.117,0.124,0.119,0.089,0.069,0.125,0.35488288704061294,0.42967330358090333,0.5259030804437481,0.5538967283025106,True,0.9866477468163083,0.986186143308486,0.899396068617206,0.84,0.22,0.7,0.44,True
0.5,rand,0.515,0.113,0.117,0.089,0.183,0.049,0.144,0.30126289103185994,0.3849878816006609,0.4844592949662949,0.5108640882979115,True,0.9928683194604305,0.9854174859714154,0.8964133134958242,0.8,0.22,0.7,0.4,True
0.5,rand,0.264,0.189,0.184,0.177,0.182,0.11,0.105,0.205758782380611,0.28590606365139515,0.38111803865403837,0.41385251389062855,True,0.9851592046510071,0.9673596177886246,0.8444518154843277,0.74,0.44,0.54,0.6,True
0.5,rand,0.323,0.177,0.177,0.132,0.219,0.089,0.094,0.23951135016705674,0.32148747918508147,0.42198055221263475,0.4515374225330484,True,0.9946259375922715,0.990928674241544,0.918071311036823,0.84,0.38,0.6,0.54,True
0.5,rand,0.45,0.194,0.081,0.105,0.181,0.102,0.098,0.2634805124456422,0.3456635769634784,0.4628722055992619,0.49228433878558014,True,0.9962301837556503,0.9923493961060726,0.9243433577612018,0.92,0.34,0.64,0.56,True
0.5,rand,0.463,0.16,0.115,0.079,0.184,0.101,0.109,0.28415589393415874,0.36282258947139484,0.4755407171007109,0.5024628371435029,True,0.9961986570615736,0.9922549500717605,0.9242548773267,0.88,0.28,0.68,0.52,True
0.5,rand,0.327,0.234,0.163,0.185,0.087,0.11,0.104,0.28744768408687477,0.36010503317197634,0.45666320151789025,0.4886788149436781,True,0.9914800013663195,0.9803756865488129,0.8801274621463089,0.86,0.42,0.56,0.58,True
0.5,rand,0.541,0.189,0.072,0.136,0.157,0.056,0.059,0.32707146324251896,0.41190259565302784,0.5238881360845934,0.5545979084476726,True,0.9938170565892819,0.9867512972747015,0.8999953034082161,0.84,0.24,0.72,0.48,True
0.5,rand,0.423,0.214,0.164,0.07,0.116,0.106,0.117,0.3615011158127924,0.4287320317510982,0.5367395434570298,0.5603623677146213,True,0.9933430425713125,0.988408852189609,0.9079514137579947,0.78,0.32,0.64,0.5,True
0.5,rand,0.525,0.166,0.114,0.157,0.116,0.045,0.087,0.34644464880604153,0.42742913423886847,0.5248669742539569,0.5553520763968265,True,0.9908127498182616,0.984059221937917,0.890893560133987,0.82,0.22,0.7,0.46,True
0.5,rand,0.444,0.142,0.242,0.097,0.11,0.103,0.071,0.38270361260772856,0.44593202421587486,0.5402872523195393,0.5653609509127063,True,0.9898313861688969,0.9879647026374245,0.9090664349681387,0.8,0.34,0.6,0.5,False
0.5,rand,0.396,0.199,0.14,0.167,0.124,0.111,0.074,0.2794579340110703,0.3555902891212828,0.45925008445533827,0.49166551628051847,True,0.9966153846187232,0.9920125125412762,0.9237495743713695,0.92,0.38,0.6,0.56,True
0.5,rand,0.394,0.231,0.168,0.151,0.145,0.046,0.076,0.3501163462511133,0.42872089637230715,0.5256836330755245,0.5541954685025536,True,0.9956921372913253,0.9907119242508142,0.9164228911883552,0.9,0.3,0.68,0.52,False
0.5,rand,0.499,0.106,0.163,0.092,0.211,0.063,0.077,0.31038106587342507,0.3914821235471909,0.49316193442390027,0.5201919080653382,True,0.9956845651338786,0.9906560650986705,0.9180222484262224,0.8,0.26,0.64,0.46,True
0.5,rand,0.329,0.19,0.221,0.127,0.201,0.083,0.059,0.29998611216257787,0.3762181208717633,0.47438583907510995,0.5022937133220374,True,0.9937173681083925,0.9883318420894452,0.9065923375105044,0.82,0.42,0.56,0.52,False
0.5,rand,0.478,0.206,0.172,0.1,0.128,0.069,0.056,0.39915661064889607,0.4703459458495332,0.5753355085357128,0.6008760548315867,True,0.996913101102999,0.9958684046249312,0.9449391707496265,0.9,0.28,0.68,0.46,False
0.5,rand,0.296,0.151,0.162,0.18,0.205,0.087,0.13,0.1810196746215323,0.2676116756333758,0.358892520798871,0.3922312151138995,True,0.9882125584076631,0.9765519402257402,0.8682517943496646,0.78,0.4,0.58,0.58,True
0.5,rand,0.387,0.096,0.174,0.141,0.181,0.106,0.125,0.21998975705389326,0.299715593422493,0.39283127280073465,0.4238571902878681,True,0.995775907151732,0.9931020277893297,0.9287384451261957,0.86,0.32,0.62,0.52,True
0.5,rand,0.499,0.088,0.201,0.117,0.156,0.08,0.069,0.33298283647433735,0.40700041579050994,0.5005039961575987,0.5285840262186721,True,0.9927669970819007,0.9917193289391104,0.9228807048913327,0.82,0.26,0.64,0.5,True
0.5,rand,0.33,0.243,0.162,0.172,0.111,0.085,0.108,0.30161424915740137,0.37712646951858325,0.4734050121406874,0.5039099646576033,True,0.9939916741098815,0.9864127428696934,0.9008591408256273,0.88,0.4,0.58,0.6,True
0.5,rand,0.276,0.248,0.163,0.137,0.134,0.107,0.144,0.26690831814619836,0.3413150452510198,0.44179659427558665,0.4701880288631287,True,0.9899439109133641,0.9781128770954856,0.8729613856287647,0.74,0.44,0.54,0.64,True
0.5,rand,0.447,0.185,0.17,0.135,0.147,0.048,0.079,0.35409912303965313,0.4319785039175421,0.5278112021143284,0.5557080620390213,True,0.9967828057414412,0.992919853280036,0.9278859298496923,0.92,0.26,0.7,0.5,False
0.5,rand,0.279,0.218,0.137,0.141,0.227,0.051,0.156,0.2175520150288757,0.30707646779071446,0.4040003151918115,0.4331309840177327,True,0.9879489459830271,0.9827018621286168,0.8871262225815488,0.84,0.36,0.62,0.54,False
0.5,rand,0.321,0.253,0.153,0.092,0.223,0.087,0.082,0.2854373831326959,0.3654744184625848,0.4790589726033871,0.5053112502958547,True,0.9914458315514684,0.987873057214666,0.9060773897684749,0.82,0.38,0.6,0.56,False
0.5,rand,0.496,0.12,0.192,0.119,0.122,0.04,0.121,0.37235538780890454,0.4469998352365418,0.5325945985858915,0.5585501570785507,True,0.9883165068713761,0.9813776610064213,0.8826942334239664,0.8,0.24,0.66,0.44,False
0.5,rand,0.318,0.286,0.192,0.143,0.116,0.092,0.064,0.3563803338749709,0.4261654262706258,0.5292994363064151,0.5570364292214804,True,0.992358297953919,0.9863503534356309,0.9001022347390121,0.84,0.4,0.58,0.54,False
0.5,rand,0.518,0.212,0.093,0.118,0.106,0.095,0.067,0.352851119851221,0.42752858649475,0.5421190436895592,0.5711271203749442,True,0.9949912465273978,0.9930461898076759,0.928611804883449,0.9,0.28,0.68,0.5,True
0.5,rand,0.301,0.15,0.235,0.168,0.154,0.11,0.092,0.2556935569187571,0.3290005649453699,0.41675020935494544,0.4478615606382392,True,0.987717790374036,0.9744683251281127,0.8623210892067289,0.78,0.44,0.54,0.56,False
0.5,rand,0.293,0.255,0.082,0.157,0.237,0.047,0.138,0.20034595513859652,0.29542896396691715,0.40144189790852963,0.4328369062036513,True,0.9835915825126554,0.9727677106578972,0.8587336478931593,0.82,0.34,0.64,0.54,True
0.5,rand,0.556,0.101,0.147,0.094,0.146,0.073,0.093,0.34403981069196926,0.42003111372742835,0.5207233331152089,0.5476683774560824,True,0.9908212690243606,0.9875653038369997,0.9045862218770601,0.8,0.22,0.7,0.42,True
0.5,rand,0.255,0.166,0.141,0.165,0.228,0.119,0.136,0.1333561429843212,0.2204444140828299,0.3210506615797148,0.35468240128225437,True,0.982526239692979,0.9626990052524148,0.8333452145923107,0.7,0.48,0.5,0.62,True
0.5,rand,0.541,0.176,0.113,0.06,0.181,0.078,0.061,0.3579715800705212,0.43529626891934203,0.5533483723653301,0.5784663361326706,True,0.9922759130762114,0.9850907597634513,0.8952391655498283,0.76,0.26,0.7,0.42,True
0.5,rand,0.402,0.246,0.157,0.092,0.198,0.068,0.049,0.3495833311487992,0.4274365380775681,0.5403396517573501,0.5660242743289163,True,0.9966274155437246,0.9960083696555159,0.9465691397017999,0.94,0.28,0.7,0.5,False
0.5,rand,0.299,0.323,0.109,0.189,0.104,0.091,0.096,0.2904571912295334,0.3689128916444206,0.4759903676413377,0.5082429146284568,True,0.9853627237570625,0.9673837602897333,0.8458482128629585,0.78,0.42,0.56,0.58,False
0.5,rand,0.393,0.118,0.15,0.167,0.182,0.056,0.145,0.2304903724287378,0.3172171853053746,0.40407384890696024,0.4357613112552878,True,0.9927666960836239,0.9872962590718195,0.9022144430261483,0.84,0.26,0.68,0.52,True
0.5,rand,0.6,0.179,0.134,0.065,0.095,0.073,0.064,0.4430033147585319,0.511189698661323,0.6223633488780893,0.6459978865448067,True,0.9834534394945068,0.9788878330604592,0.8748735694265294,0.72,0.2,0.74,0.42,True
0.5,rand,0.535,0.179,0.106,0.113,0.093,0.098,0.087,0.3534460712707946,0.4260921764199294,0.5359548313549932,0.5644156680319359,True,0.9931143117671141,0.9925249662367324,0.9268602277511545,0.9,0.28,0.66,0.48,True
0.5,rand,0.507,0.124,0.147,0.147,0.143,0.045,0.098,0.3265700903056442,0.40772506353222865,0.4997133793481487,0.5294441339496908,True,0.991417912496437,0.9858628646333951,0.8979883490976673,0.82,0.2,0.7,0.48,True
0.5,rand,0.462,0.144,0.185,0.106,0.184,0.035,0.094,0.3493488112499749,0.42898042276174636,0.5225120885991716,0.5482934547827734,True,0.9937961820224037,0.9849668049159375,0.8945749332832363,0.82,0.24,0.68,0.46,False
0.5,rand,0.418,0.152,0.207,0.07,0.155,0.064,0.144,0.3543012456752058,0.4261090144192679,0.5189372565956621,0.5413732184643893,True,0.9944582455277016,0.9862313223555439,0.9032799822871396,0.76,0.22,0.72,0.46,False
0.5,rand,0.551,0.129,0.096,0.064,0.111,0.117,0.141,0.3202464654244919,0.39218354455621923,0.5039051760791547,0.5297849543630575,True,0.9853378686127546,0.9798324676529976,0.8780773159648897,0.78,0.3,0.64,0.46,True
0.5,rand,0.507,0.151,0.137,0.12,0.195,0.037,0.063,0.33362593362243687,0.41792616820803385,0.5198971496966024,0.5482676092857659,True,0.9944150274268675,0.986665558825781,0.9010419724343609,0.82,0.22,0.68,0.44,True
0.5,rand,0.453,0.115,0.215,0.065,0.235,0.057,0.069,0.33654360082710255,0.41430722584822904,0.5135090025836704,0.5373773558689148,True,0.9917817347778529,0.979534087102659,0.8801023018331804,0.7,0.2,0.72,0.46,False
0.5,rand,0.332,0.175,0.19,0.1,0.191,0.095,0.127,0.2697947151580184,0.3461036134304493,0.4453289607059594,0.47172799098429974,True,0.995300056870662,0.990219025574131,0.9152739035554878,0.78,0.42,0.56,0.56,False
0.5,rand,0.42,0.204,0.091,0.123,0.159,0.058,0.155,0.27975170935721627,0.3642603465586058,0.4673092823618204,0.4956493420205459,True,0.9972260401356787,0.9949080220376983,0.9387593785067186,0.94,0.28,0.7,0.5,True
0.5,rand,0.403,0.14,0.114,0.078,0.248,0.102,0.126,0.21122110527968704,0.2965943755830225,0.40912753187448775,0.4369318328447573,True,0.9948392665945862,0.9903460831198058,0.9153179341034626,0.84,0.34,0.64,0.54,True
0.5,rand,0.347,0.239,0.119,0.106,0.172,0.104,0.123,0.2666960153977729,0.3453700597575872,0.4573787689382014,0.48512517853176185,True,0.9941721489441036,0.9892701247207305,0.9112968967269787,0.88,0.36,0.62,0.56,True
0.5,rand,0.48,0.102,0.179,0.132,0.11,0.086,0.12,0.31940517716751,0.3921608490307163,0.4819540209408593,0.5106113383685967,True,0.992909193268628,0.9949203697259973,0.9413441813421182,0.84,0.26,0.66,0.44,True
0.5,rand,0.441,0.188,0.169,0.14,0.173,0.039,0.06,0.3474114518889955,0.4282391864021836,0.5254961659180657,0.5539521418621157,True,0.995641627523508,0.9898127109445944,0.9130279262702184,0.9,0.26,0.7,0.54,False
0.5,rand,0.302,0.201,0.098,0.146,0.264,0.137,0.062,0.14000719030588402,0.22912610413276008,0.34970257880301786,0.3841558778663662,True,0.9834197821579765,0.9645277475994252,0.8371628727710059,0.72,0.42,0.56,0.62,True
0.5,rand,0.55,0.128,0.226,0.071,0.107,0.073,0.056,0.4469584784401283,0.5105656530127882,0.607330881700809,0.6301158968687616,True,0.9812653017042231,0.9778711850105243,0.8736553909325586,0.7,0.2,0.72,0.44,False
0.5,rand,0.436,0.113,0.163,0.155,0.139,0.069,0.134,0.27738910741018097,0.3570869744173573,0.44450662329300067,0.47495212011374377,True,0.9947280402442724,0.9933516942279034,0.9294404178624804,0.86,0.24,0.68,0.46,True
0.5,rand,0.371,0.271,0.198,0.066,0.139,0.106,0.059,0.3936223308502929,0.45854827504184936,0.571996486549288,0.5947566495209429,True,0.9879064630167735,0.9800639474192773,0.8801962336688601,0.72,0.38,0.6,0.5,False
0.5,rand,0.446,0.199,0.148,0.123,0.137,0.082,0.076,0.33813401663129367,0.41341866282647927,0.5183299745858498,0.5465418922539417,True,0.9995673156279216,0.9996547040152975,0.9847008522636733,0.98,0.3,0.66,0.5,True
0.5,rand,0.41,0.233,0.156,0.105,0.132,0.081,0.095,0.35503317019924147,0.4279070674162554,0.5336948108766673,0.559623779287357,True,0.9986739724901896,0.9982446736553494,0.9643277080464357,0.96,0.28,0.7,0.5,False
0.5,rand,0.438,0.192,0.162,0.134,0.115,0.058,0.111,0.35340484940511874,0.42864105491795984,0.5231483357406543,0.5506317813445426,True,0.9976891353163686,0.995891207278297,0.9450310058925453,0.92,0.26,0.7,0.5,False
0.5,rand,0.299,0.227,0.161,0.147,0.201,0.098,0.077,0.24544171162081482,0.3264780153829643,0.4321885574557503,0.46283741422765967,True,0.991390966314712,0.9836692334203022,0.8899970143095087,0.82,0.42,0.56,0.58,True
0.5,rand,0.233,0.277,0.222,0.128,0.197,0.05,0.102,0.31898275015255617,0.39674799363215446,0.49152069750926314,0.5170330089568039,True,0.9792543389433306,0.9626966093229202,0.8324763451122736,0.72,0.4,0.58,0.54,False
0.5,rand,0.438,0.207,0.103,0.068,0.224,0.103,0.065,0.2833249137583051,0.3643319094084172,0.48826989754204686,0.5151086596869003,True,0.9931631875287841,0.987410352949361,0.9027210039971351,0.84,0.28,0.7,0.5,True
0.5,rand,0.508,0.216,0.093,0.143,0.129,0.061,0.06,0.3482336383331202,0.42886117998455386,0.538241880307845,0.5684522262125181,True,0.9956789814747822,0.9911101562315394,0.9182834963442065,0.9,0.24,0.72,0.5,True
0.5,rand,0.45,0.197,0.149,0.071,0.204,0.064,0.075,0.3433871154707964,0.4220563073114381,0.5330290582482852,0.5576149429423705,True,0.9964071788805198,0.9924764495804993,0.926505886674595,0.82,0.24,0.7,0.44,False
0.5,rand,0.44,0.113,0.194,0.126,0.189,0.062,0.085,0.30251484233950865,0.38212340239571674,0.4742750447370735,0.5027007059162454,True,0.996178482798545,0.9929730144160778,0.9279194769338636,0.86,0.28,0.62,0.5,False
0.5,rand,0.357,0.153,0.155,0.175,0.181,0.121,0.069,0.21047323555357889,0.2914554707620033,0.3932781319378021,0.4275479349744303,True,0.9932633265305262,0.9844850508737459,0.8930560890473803,0.84,0.4,0.56,0.54,True
0.5,rand,0.386,0.113,0.247,0.079,0.194,0.109,0.082,0.3068825228084971,0.37660558234461833,0.47337968598391267,0.4984472769585936,True,0.9892758356890553,0.9768567545694181,0.8738797370579543,0.76,0.3,0.64,0.58,False
0.5,rand,0.518,0.222,0.092,0.064,0.153,0.068,0.092,0.37204489898145837,0.44925507004172566,0.5670041939958249,0.5913816601085408,True,0.9917693765958929,0.9846753141387231,0.8932401786717703,0.84,0.26,0.7,0.46,True
0.5,rand,0.394,0.22,0.16,0.082,0.167,0.064,0.124,0.34126762725699405,0.4173626407611047,0.5210861648439076,0.5450538224227841,True,0.9974429002796397,0.9954358381806563,0.9430898877346828,0.9,0.28,0.68,0.46,False
0.5,rand,0.403,0.09,0.209,0.091,0.207,0.087,0.122,0.26906789497795863,0.3462180079591295,0.4393731845913458,0.4657248704919031,True,0.994816985343619,0.9890121317655858,0.9127226478042595,0.8,0.26,0.66,0.54,False
0.5,rand,0.45,0.219,0.173,0.119,0.114,0.069,0.067,0.3900452964950162,0.4613994719464597,0.5631621970070287,0.5896236838045344,True,0.998036187414765,0.9978453302238985,0.959986296016116,0.94,0.26,0.7,0.48,False
0.5,rand,0.417,0.205,0.164,0.112,0.153,0.077,0.082,0.33902047935781415,0.4141613979133007,0.517859955673856,0.5448022465638749,True,0.9995739157801177,0.999426129898772,0.9800315174855789,0.98,0.3,0.68,0.52,False
0.5,rand,0.514,0.121,0.127,0.091,0.218,0.071,0.068,0.2959436684998191,0.37943365099546206,0.48857423294686486,0.5165782839430937,True,0.9964251465462302,0.992177309335269,0.9248385965912808,0.84,0.26,0.68,0.46,True
0.5,rand,0.519,0.158,0.183,0.092,0.127,0.079,0.053,0.3973740887815337,0.4668662718542945,0.5700236715128999,0.5955527933853795,True,0.9934462094594709,0.99221939871216,0.9250541366070815,0.86,0.28,0.68,0.46,True
0.5,rand,0.506,0.093,0.173,0.113,0.165,0.046,0.114,0.32824469684843394,0.40777083877008985,0.49787696114033575,0.5250236767362639,True,0.990829533022115,0.9843341875191786,0.892821259458181,0.78,0.22,0.68,0.46,True
0.5,rand,0.435,0.164,0.104,0.08,0.218,0.117,0.092,0.24223416260409597,0.3237204946185905,0.4426592643524727,0.47101539598091136,True,0.9940087618927415,0.9874743497121652,0.9031915018526377,0.86,0.32,0.66,0.54,True
0.5,rand,0.458,0.192,0.133,0.105,0.15,0.06,0.111,0.3384828979416824,0.41680742561908346,0.5200371911657835,0.5465065869593172,True,0.9984451382788687,0.9965568632603423,0.9495372179738567,0.94,0.26,0.7,0.48,True
0.5,rand,0.405,0.19,0.107,0.186,0.097,0.102,0.122,0.2566352068262537,0.33559433040766934,0.4345156009458164,0.4682023610732053,True,0.9938613922031853,0.9868881828132392,0.9039580527259522,0.86,0.36,0.6,0.5,True
0.5,rand,0.38,0.285,0.086,0.099,0.144,0.098,0.117,0.30636688336393425,0.38382869251681934,0.5024928551592234,0.5294772321580562,True,0.9920612453151582,0.9862106632142916,0.8991306273137005,0.86,0.34,0.64,0.54,True
0.5,rand,0.473,0.228,0.072,0.118,0.134,0.088,0.096,0.3121094569734744,0.39179898288486414,0.5074873951203559,0.5367150437721476,True,0.9959373904486714,0.9921593701948586,0.9230903741674034,0.9,0.3,0.68,0.52,True
0.5,rand,0.43,0.11,0.147,0.137,0.162,0.085,0.139,0.24934803496781466,0.33025626919361745,0.4238603342083344,0.45404894546850005,True,0.9976581176283904,0.9975410239719809,0.9579835350910888,0.9,0.28,0.64,0.46,True
0.5,rand,0.352,0.244,0.129,0.112,0.15,0.112,0.111,0.2832316135594014,0.35861589752108153,0.47026443925987754,0.4982838372170033,True,0.9941130174311205,0.9879048190565547,0.9056915983005047,0.86,0.38,0.6,0.58,True
0.5,rand,0.528,0.078,0.187,0.072,0.192,0.037,0.116,0.35119237658357566,0.429835241448866,0.5217272227621859,0.5455980092987791,True,0.9854585810745911,0.9698660934751068,0.8510446562010946,0.72,0.2,0.72,0.44,False
0.5,rand,0.48,0.216,0.135,0.108,0.106,0.052,0.114,0.38721736237230103,0.46166963494909025,0.5629205572231241,0.5884228557050964,True,0.9957667354933478,0.9923646225738882,0.9244888682387948,0.92,0.26,0.7,0.5,True
0.5,rand,0.447,0.12,0.127,0.102,0.14,0.096,0.178,0.2622402185297617,0.3397975676392818,0.4376690402030611,0.46519574102349376,True,0.9970163666239742,0.9962506394505795,0.9477604805284336,0.9,0.3,0.64,0.5,True
0.5,rand,0.401,0.197,0.08,0.126,0.193,0.106,0.107,0.22372978446462635,0.3086948308732069,0.42351968622851044,0.454695176231774,True,0.9955008267361469,0.9905571708187072,0.9158018507926338,0.88,0.34,0.64,0.58,True
0.5,rand,0.415,0.235,0.084,0.138,0.174,0.088,0.076,0.2729963381118372,0.3568196098102742,0.4720162303977088,0.5030764751320285,True,0.996533086329561,0.9928859336766654,0.9276204885461867,0.9,0.34,0.64,0.54,True
0.5,rand,0.282,0.134,0.204,0.113,0.268,0.058,0.152,0.20804626420805097,0.29497926060033497,0.38433064063693234,0.41151726071643085,True,0.987300280264769,0.9798122099368057,0.8774030195730462,0.8,0.36,0.6,0.54,False
0.5,rand,0.479,0.167,0.132,0.119,0.162,0.068,0.084,0.32103663407037514,0.4009115056008036,0.5049285594630539,0.5334485411842179,True,0.9986147371360561,0.9971715716439264,0.9545311207913086,0.94,0.24,0.7,0.5,True
0.5,rand,0.525,0.141,0.143,0.123,0.113,0.098,0.067,0.3428532072990955,0.4155891692947208,0.5197227719235302,0.5489307232224214,True,0.9945474502841775,0.9958589373446483,0.9464441768132618,0.92,0.3,0.64,0.48,True
0.5,rand,0.395,0.133,0.156,0.092,0.246,0.117,0.071,0.22789530392608948,0.3091324201998127,0.42105746142864997,0.4499707267509811,True,0.9947176044799306,0.9887263220079407,0.9089569876060298,0.8,0.38,0.6,0.58,True
0.5,rand,0.489,0.177,0.126,0.139,0.132,0.043,0.103,0.34332863732891233,0.42400701336857477,0.5214797123946793,0.5502262892525971,True,0.9944396912734239,0.9886810839277858,0.9083984286545774,0.86,0.2,0.74,0.48,True
0.5,rand,0.547,0.09,0.135,0.078,0.201,0.043,0.117,0.32045392859431304,0.40377427221083423,0.5033268208850561,0.5290282246853089,True,0.989048686265134,0.9771277918034083,0.8702704901396733,0.74,0.2,0.7,0.46,True
0.5,rand,0.338,0.234,0.204,0.172,0.101,0.09,0.071,0.33731731499827544,0.40794030360631933,0.5017884962300905,0.5318160699508475,True,0.9931979416535563,0.9865708705522083,0.9006817606180715,0.86,0.4,0.58,0.56,False
0.5,rand,0.325,0.147,0.12,0.213,0.209,0.074,0.122,0.15474683174007645,0.24783503679995897,0.34009847510917335,0.3766701451085844,True,0.984126104237244,0.967000016659547,0.8451139510581589,0.8,0.34,0.62,0.52,True
0.5,rand,0.252,0.139,0.183,0.155,0.193,0.128,0.16,0.15683759062250494,0.23709375669283655,0.3295523721017719,0.3613927463564718,True,0.9825105853954248,0.9610393825506078,0.8298470923903472,0.72,0.44,0.54,0.64,True
0.5,rand,0.471,0.146,0.159,0.076,0.184,0.05,0.125,0.3371259502232413,0.41602744864788366,0.5153410811497168,0.5395446840134126,True,0.9952507565213001,0.9881230281825959,0.9071085432681905,0.8,0.24,0.7,0.42,False
0.5,rand,0.227,0.246,0.158,0.166,0.172,0.112,0.127,0.2082496741683836,0.28825794736468363,0.3890516539970294,0.42062167480141416,True,0.9801558553670074,0.9568123233292074,0.8207101246777384,0.68,0.46,0.52,0.64,False
0.5,rand,0.419,0.229,0.081,0.15,0.143,0.085,0.102,0.27589787448191605,0.3586449355090362,0.46873444678156745,0.5000888360967206,True,0.9964466976539366,0.991789860869331,0.9236917056511741,0.86,0.36,0.62,0.52,True
0.5,rand,0.356,0.176,0.21,0.113,0.215,0.039,0.102,0.3142832888472009,0.39532024811121347,0.48711011862653225,0.5128781120569358,True,0.9924964445527971,0.9848653245791944,0.8928430650628923,0.84,0.34,0.62,0.56,False
0.5,rand,0.49,0.158,0.086,0.152,0.197,0.069,0.059,0.26163725939104676,0.3501463978231402,0.4595933032802093,0.49250516679967676,True,0.9964602934661585,0.9920249155985488,0.9241756223403452,0.86,0.28,0.68,0.5,True
0.5,rand,0.466,0.19,0.166,0.131,0.101,0.075,0.08,0.3719245356308845,0.44368108402013406,0.5423527691634954,0.5701437931621394,True,0.9974566273852703,0.9979825886887602,0.9624494906713945,0.94,0.28,0.68,0.48,True
0.5,rand,0.367,0.161,0.173,0.177,0.153,0.068,0.111,0.2673100236043226,0.3484162002464009,0.4372164284245764,0.46884597957512825,True,0.9938401516423676,0.9877896426341489,0.9046960885777211,0.86,0.36,0.6,0.52,True
0.5,rand,0.436,0.15,0.158,0.128,0.183,0.049,0.106,0.30274177834577143,0.3852477346868677,0.48043502756628914,0.5086999817521392,True,0.9971867723388356,0.9938334421632227,0.9327590631641275,0.9,0.26,0.66,0.5,False
0.5,rand,0.363,0.234,0.158,0.148,0.198,0.054,0.054,0.30693624197317604,0.39011698134535716,0.49338613220119126,0.5230114336863815,True,0.9950738026290712,0.9918737505644989,0.9222462456619427,0.92,0.32,0.66,0.5,False
0.5,rand,0.495,0.094,0.203,0.134,0.138,0.088,0.059,0.3334187833664715,0.4060786464629464,0.4988973061438121,0.5282254157509941,True,0.9924564547507141,0.9936070543069154,0.9328609624322979,0.84,0.26,0.66,0.46,True
0.5,rand,0.436,0.233,0.068,0.157,0.118,0.065,0.131,0.2913295080858906,0.3748794241360083,0.48024759801680955,0.511255610970699,True,0.9943629157709597,0.987555526734738,0.9063583465984095,0.82,0.3,0.66,0.5,True
0.5,rand,0.472,0.138,0.193,0.055,0.161,0.07,0.12,0.3659659906868538,0.43749855619606287,0.5363322974385024,0.5586536565327649,True,0.9920376780398297,0.9825665073793568,0.8905379610417711,0.68,0.2,0.74,0.44,False
0.5,rand,0.26,0.177,0.175,0.082,0.219,0.129,0.168,0.19673314379122525,0.27419883348565066,0.37840066422420837,0.404715999139517,True,0.9812923066967146,0.9588081818602415,0.8251848863676391,0.66,0.4,0.58,0.58,False
0.5,rand,0.287,0.192,0.237,0.073,0.205,0.067,0.15,0.30961447525127533,0.3838163246738129,0.47613478367176676,0.4983017694892224,True,0.9861938304554613,0.9703655985660478,0.8539141899133982,0.7,0.3,0.66,0.58,False
0.5,rand,0.462,0.25,0.082,0.132,0.146,0.048,0.09,0.3377528886734091,0.4210386251125481,0.5313876419688792,0.5601736585384306,True,0.9949194323966767,0.9889591053878556,0.9088441855355037,0.9,0.26,0.72,0.52,True
0.5,rand,0.467,0.174,0.147,0.084,0.144,0.068,0.126,0.3474464273044086,0.4226726115015417,0.5247994149595198,0.5495560282271665,True,0.9972592690867738,0.994356687923087,0.9359451974832977,0.86,0.26,0.7,0.44,True
0.5,rand,0.515,0.15,0.134,0.085,0.152,0.045,0.13,0.3553608229094072,0.4340192000399372,0.5336131300705408,0.5584168212638249,True,0.9927285271366548,0.9847053412218052,0.8935722948050663,0.78,0.22,0.7,0.42,True
0.5,rand,0.416,0.099,0.129,0.188,0.14,0.077,0.16,0.21188564487735248,0.2969532506482692,0.3825980008362914,0.4165039711509639,True,0.9899569195944843,0.9850376767953727,0.8955419279844744,0.86,0.32,0.62,0.48,True
0.5,rand,0.52,0.149,0.096,0.103,0.135,0.107,0.1,0.30054208349635364,0.3772030676504515,0.4890205924752114,0.5179922982814216,True,0.9942178033514671,0.991553267208339,0.9211161282639216,0.86,0.28,0.66,0.48,True
0.5,rand,0.475,0.212,0.163,0.086,0.113,0.067,0.094,0.4038393783556923,0.47405055293504444,0.5777755926376742,0.6017555155800781,True,0.9956677918041575,0.9932993253567378,0.9298165645437513,0.88,0.28,0.68,0.44,False
0.5,rand,0.501,0.21,0.108,0.131,0.124,0.09,0.045,0.3455451034129535,0.4217282289635458,0.5349013758725862,0.564885452598492,True,0.9972941501646765,0.9961063259199217,0.9460466438658318,0.94,0.3,0.66,0.5,True
0.5,rand,0.519,0.198,0.089,0.082,0.119,0.074,0.129,0.3534446353242149,0.42964406070174677,0.5404593907199279,0.5660245290107764,True,0.9928696940264623,0.9881272940363331,0.9062241582617243,0.84,0.26,0.68,0.44,True
0.5,rand,0.504,0.162,0.075,0.145,0.191,0.038,0.095,0.2802969455966337,0.3710571111228561,0.47582486260148404,0.5070757349814773,True,0.9921870570610701,0.9822582711516686,0.884819441206219,0.8,0.24,0.7,0.48,True
0.5,rand,0.473,0.202,0.177,0.058,0.125,0.065,0.111,0.41181726589464046,0.48061224529322394,0.58370131900173,0.6053021460580009,True,0.9923013262717589,0.98534534304833,0.8977560355397809,0.78,0.22,0.74,0.44,False
0.5,rand,0.349,0.195,0.141,0.092,0.217,0.079,0.137,0.2550840532444418,0.33770729361642765,0.4433552861255784,0.46975651601691304,True,0.9962474167208079,0.9957950061289382,0.945145904655832,0.92,0.32,0.66,0.54,True
0.5,rand,0.327,0.256,0.101,0.168,0.204,0.058,0.097,0.2413370341397183,0.33110866147558177,0.43744824343363453,0.4694368016774006,True,0.9890490773241786,0.9800298071542608,0.8796854793123519,0.82,0.34,0.64,0.54,True
0.5,rand,0.43,0.2,0.205,0.072,0.124,0.111,0.069,0.3850357095070935,0.44908769825822586,0.5562304734658295,0.5799683310165542,True,0.9910542674068692,0.9861149713780674,0.9014592142937417,0.74,0.32,0.64,0.5,False
0.5,rand,0.512,0.142,0.073,0.138,0.108,0.109,0.129,0.2673313067919969,0.34638661908097923,0.45325818552573227,0.4849335049234364,True,0.9926186318410863,0.9898822124419262,0.9128027414677186,0.86,0.32,0.64,0.48,True
0.5,rand,0.546,0.234,0.081,0.059,0.135,0.069,0.085,0.3945861979048063,0.4701605676111489,0.5908335957199673,0.6148568381351748,True,0.9884355437689037,0.9798468684717028,0.877547691373535,0.8,0.28,0.7,0.42,True
0.5,rand,0.394,0.198,0.165,0.147,0.161,0.094,0.051,0.300877548281605,0.37775394252018824,0.4820703245913822,0.512599042622556,True,0.9986436787605762,0.9971805625881842,0.9548913326075982,0.94,0.36,0.62,0.52,True
0.5,rand,0.288,0.224,0.271,0.139,0.128,0.065,0.095,0.3672164315399878,0.4351638617207581,0.5194458920416805,0.5449072366483763,True,0.9850970926691446,0.9698612645677602,0.8492792408965794,0.76,0.36,0.6,0.56,False
0.5,rand,0.464,0.122,0.165,0.14,0.165,0.092,0.061,0.2904817997630339,0.3684217859817411,0.468234363772807,0.49907323242830975,True,0.9979442308135515,0.998041747587472,0.9630533381864781,0.9,0.28,0.64,0.46,True
0.5,rand,0.369,0.169,0.098,0.217,0.143,0.114,0.099,0.18288812161779147,0.26832016897614147,0.36863149296359166,0.4063078973826107,True,0.9879890438580313,0.9722121762366428,0.8588779003550959,0.8,0.38,0.58,0.52,True
0.5,rand,0.467,0.18,0.196,0.09,0.135,0.055,0.088,0.39998716365403414,0.47119787114854983,0.5682963241051429,0.5921602966319949,True,0.9948166744712098,0.9896944851573775,0.913014926775102,0.82,0.24,0.7,0.42,False
0.5,rand,0.494,0.232,0.068,0.142,0.174,0.041,0.058,0.3249759220952143,0.4127057566910009,0.5257439634107797,0.5563086862550455,True,0.9931371222064722,0.9839475813944679,0.8900121104973859,0.82,0.26,0.7,0.48,True
0.5,rand,0.49,0.107,0.181,0.107,0.203,0.069,0.054,0.3170627360566971,0.39641890173634875,0.49653923563404295,0.5245274776063036,True,0.9963122797878593,0.9930184711222546,0.9289908869345849,0.82,0.28,0.62,0.48,True
0.5,rand,0.421,0.154,0.078,0.144,0.203,0.106,0.104,0.1945253330077501,0.28232524849897817,0.393797415087671,0.42703465012890035,True,0.995764876335281,0.9906352137945088,0.9166631721787322,0.86,0.34,0.62,0.52,True
0.5,rand,0.403,0.111,0.195,0.131,0.166,0.085,0.119,0.2745802482114299,0.3516110822724003,0.44166672108803795,0.4705348301399721,True,0.9969070584595077,0.9954352112084521,0.942034831937495,0.88,0.3,0.62,0.46,True
0.5,rand,0.425,0.132,0.268,0.077,0.148,0.095,0.065,0.38421746282446156,0.448070771595321,0.5418929229075081,0.5652083257499287,True,0.9866204385468939,0.9769906628042354,0.8761961632199833,0.7,0.26,0.68,0.52,False
0.5,rand,0.373,0.27,0.185,0.142,0.091,0.081,0.068,0.3847058466045692,0.45345986596934895,0.55431960923028,0.5817300004266978,True,0.9960360610258706,0.9943040251078102,0.9358072350996433,0.88,0.36,0.62,0.56,False
0.5,rand,0.378,0.162,0.141,0.099,0.208,0.078,0.143,0.2496942159425685,0.33255442080837855,0.43465490950026303,0.46186357415718454,True,0.9984863020176346,0.9985521847937547,0.968064433884568,0.94,0.3,0.68,0.52,True
0.5,rand,0.381,0.125,0.138,0.177,0.148,0.114,0.128,0.20229315421653685,0.28342897456066063,0.3781607297200893,0.41216463967506745,True,0.9934062615410703,0.9870929177366381,0.9027767760245698,0.86,0.38,0.58,0.5,True
0.5,rand,0.367,0.144,0.106,0.131,0.22,0.073,0.168,0.18801757771564073,0.2780395331312829,0.37735056623492047,0.4078101245605083,True,0.9964159914894092,0.9957154002009991,0.9444435125809953,0.92,0.34,0.62,0.5,True
0.5,rand,0.254,0.273,0.118,0.212,0.113,0.134,0.106,0.20685271717623258,0.2853850266127569,0.39007073020253563,0.4257326781631662,True,0.9769671038180165,0.9448043672473563,0.7971512654798827,0.7,0.44,0.54,0.66,True
0.5,rand,0.382,0.113,0.125,0.123,0.266,0.136,0.067,0.15490348335910936,0.2416572017087132,0.35603323238693046,0.3891032938774714,True,0.9918362077619881,0.9822864132468901,0.8854585131596825,0.78,0.38,0.58,0.62,True
0.5,rand,0.456,0.098,0.093,0.137,0.168,0.115,0.144,0.19673167090066382,0.28053300630130334,0.38374823137571745,0.41623870325815165,True,0.9946927975127082,0.9914887391476607,0.9201231345724509,0.84,0.32,0.64,0.52,True
0.5,rand,0.282,0.208,0.199,0.155,0.174,0.082,0.109,0.2647642671400258,0.34297366598434326,0.4358937917791072,0.4654405428299723,True,0.9901825514402147,0.9803815259399327,0.8793730720910065,0.8,0.46,0.52,0.54,False
0.5,rand,0.372,0.186,0.202,0.099,0.146,0.073,0.132,0.33673456985955164,0.4090065992186026,0.5027763701853617,0.527345103604066,True,0.9976031413890252,0.9942921456130404,0.9365175946069708,0.86,0.36,0.58,0.5,False
0.5,rand,0.333,0.18,0.2,0.114,0.231,0.088,0.064,0.26982250043888606,0.3493035214656477,0.45234606479776784,0.48040708233684287,True,0.9941924355118245,0.9901511297770417,0.914370228975623,0.8,0.4,0.58,0.56,False
0.5,rand,0.398,0.127,0.154,0.114,0.147,0.116,0.153,0.24701708031551656,0.32238483248039723,0.42056906875273403,0.44919029100577895,True,0.9965758072515541,0.9933363684216345,0.9296806988528574,0.86,0.36,0.58,0.54,True
0.5,rand,0.449,0.194,0.178,0.145,0.092,0.095,0.056,0.36478544357198234,0.4340387790560499,0.5340437872359214,0.5632542928890208,True,0.9969063766018391,0.9984595989126901,0.9683596482252753,0.94,0.32,0.64,0.48,True
0.5,rand,0.324,0.232,0.096,0.176,0.229,0.04,0.113,0.215429412632909,0.31022848004324016,0.41210428101008656,0.4447078939545067,True,0.9851075277824446,0.9722599637323449,0.8571665797238069,0.8,0.36,0.62,0.54,True
0.5,rand,0.501,0.157,0.13,0.109,0.141,0.072,0.099,0.3339886297310919,0.4113344763102229,0.514671943160017,0.5423053482503499,True,0.9970673107451089,0.9954690184453756,0.9422491139376392,0.92,0.26,0.68,0.46,True
0.5,rand,0.63,0.108,0.113,0.063,0.093,0.058,0.144,0.3987079888364691,0.47145234997817104,0.5722265729777166,0.5958267262635693,True,0.9744010657292128,0.9663078067761558,0.8411809747776248,0.66,0.18,0.72,0.4,True
0.5,rand,0.373,0.216,0.133,0.195,0.121,0.078,0.095,0.2775376284089218,0.3582277094871631,0.454820238786217,0.48809586639864266,True,0.9931725301941201,0.9842585017960147,0.8944721953379616,0.84,0.36,0.62,0.54,True
0.5,rand,0.403,0.139,0.18,0.113,0.113,0.149,0.113,0.2777087233397137,0.3449722147428285,0.4468810764455106,0.4756244060598109,True,0.9899120954822958,0.9822966695350509,0.8848714391866845,0.82,0.42,0.54,0.56,True
0.5,rand,0.258,0.241,0.176,0.171,0.165,0.061,0.137,0.2603162369575545,0.34207936337936845,0.4327149312489901,0.4626272965732245,True,0.9847572469512694,0.9700031968254166,0.8505993186587205,0.78,0.38,0.6,0.58,False
0.5,rand,0.423,0.278,0.139,0.097,0.123,0.068,0.083,0.3917325032360436,0.46443453770456034,0.5751653117894914,0.6000042798414483,True,0.9962880916357678,0.9950146960656159,0.9396810846443254,0.94,0.28,0.7,0.5,False
0.5,rand,0.404,0.148,0.207,0.079,0.217,0.063,0.092,0.32137963143846776,0.39881216194932034,0.4970425215499034,0.5214999930487878,True,0.9952275742286273,0.9884539660966979,0.9102640658730545,0.8,0.26,0.68,0.5,False
0.5,rand,0.485,0.182,0.172,0.099,0.104,0.074,0.094,0.39179295462683017,0.46125628680402525,0.5613090639903372,0.5864879995210942,True,0.9955279582477411,0.9949318030119776,0.939139718573511,0.88,0.24,0.72,0.44,True
0.5,rand,0.247,0.119,0.236,0.159,0.23,0.06,0.16,0.19886449469857825,0.2836161862829013,0.36082354724838744,0.39047289209438163,True,0.9774380018419271,0.9566390359473455,0.8193967563324315,0.72,0.36,0.58,0.58,False
0.5,rand,0.4,0.137,0.153,0.122,0.106,0.128,0.163,0.2596941971384532,0.3312094332879146,0.42816506291243417,0.45702394417478986,True,0.9942583388349971,0.9902850811670886,0.9148377914612608,0.84,0.4,0.56,0.54,True
0.5,rand,0.319,0.206,0.224,0.115,0.176,0.065,0.105,0.32627105423469577,0.40081946221871834,0.4936155810428904,0.5190717127583264,True,0.9931814236406866,0.9865850873505002,0.8993524574077834,0.82,0.38,0.58,0.54,False
0.5,rand,0.367,0.256,0.106,0.069,0.241,0.058,0.113,0.2897412751822681,0.37546814982672216,0.49247345973331924,0.5171362560412394,True,0.9910454154099572,0.9892670936765358,0.9120219330836312,0.88,0.28,0.7,0.5,False
0.5,rand,0.484,0.142,0.205,0.096,0.106,0.043,0.134,0.40177130902960156,0.47214341150429323,0.5587311958504282,0.5821827451590911,True,0.9886706262443847,0.9811192035218705,0.8813456406402796,0.78,0.22,0.7,0.44,False
0.5,rand,0.299,0.25,0.143,0.171,0.093,0.108,0.147,0.26698920947502447,0.3414860129347258,0.43907288159465896,0.4699437145628628,True,0.9903543409441987,0.9771067768350737,0.870473869337462,0.82,0.42,0.56,0.6,True
0.5,rand,0.476,0.107,0.21,0.146,0.106,0.11,0.055,0.3340140939112867,0.40246150730063507,0.4955793661737718,0.5258174234344165,True,0.9908772538358182,0.9941365099414747,0.9368174216717519,0.88,0.3,0.62,0.46,True
0.5,rand,0.34,0.119,0.211,0.139,0.121,0.102,0.178,0.25838303506738286,0.3306448503076688,0.41309634183234,0.44148701930343576,True,0.992917115143972,0.9876069710254648,0.904218461966832,0.82,0.38,0.56,0.5,True
0.5,rand,0.326,0.269,0.131,0.159,0.177,0.081,0.067,0.2778405783913278,0.3599485451008844,0.4686663700729214,0.49971815121592994,True,0.992395534826195,0.985798494944267,0.8983946881546923,0.84,0.4,0.58,0.58,True
0.5,rand,0.445,0.167,0.175,0.081,0.233,0.041,0.068,0.337919760274649,0.41990301400547575,0.5234893739280498,0.5483419149179763,True,0.9947433606659445,0.9872778289388905,0.9027734213161528,0.82,0.24,0.7,0.44,False
0.5,rand,0.476,0.113,0.113,0.119,0.199,0.108,0.081,0.2363697733119598,0.3192553062958772,0.4289311934121392,0.46022067201911265,True,0.9972453284394673,0.9950344237053075,0.9394319975443536,0.88,0.3,0.66,0.5,True
0.5,rand,0.449,0.087,0.193,0.13,0.207,0.052,0.092,0.2849211233222324,0.3676065728708942,0.4569867250287345,0.48591751407507683,True,0.9934337716334102,0.9880185192444069,0.905849688934662,0.82,0.26,0.64,0.5,False
0.5,rand,0.468,0.085,0.18,0.13,0.185,0.048,0.114,0.2935524256491034,0.3757590598968565,0.46318580570890416,0.4917909831322914,True,0.9919166356083609,0.9861022837405539,0.8988815402137285,0.84,0.24,0.66,0.48,True
0.5,rand,0.486,0.127,0.103,0.177,0.156,0.067,0.094,0.2568104000416238,0.3432770867815085,0.44088094574166237,0.47471854793471674,True,0.9929061127563417,0.9876944991950408,0.905900009560919,0.84,0.26,0.66,0.48,True
0.5,rand,0.459,0.106,0.092,0.127,0.206,0.087,0.133,0.20628641732379513,0.2944756209267874,0.3983513569845567,0.42980964453666115,True,0.9968061957164147,0.9948670286407905,0.9385119687609551,0.88,0.3,0.66,0.48,True
0.5,rand,0.39,0.182,0.155,0.122,0.146,0.123,0.093,0.2782070072743512,0.351797556768345,0.45825639548973657,0.4875668758606869,True,0.9964541730231845,0.9919093764279393,0.9227708381906715,0.84,0.42,0.56,0.58,True
0.5,rand,0.366,0.167,0.214,0.095,0.181,0.063,0.124,0.3232998111017593,0.3985065853934401,0.4910466799609054,0.5155467190155553,True,0.9958440621026067,0.9902679770396591,0.9156492115596543,0.82,0.3,0.64,0.54,False
0.5,rand,0.472,0.119,0.194,0.127,0.155,0.08,0.063,0.3294268454388833,0.404106805773335,0.4995535779989183,0.5282564396277328,True,0.9962780983627646,0.995864132257197,0.9454285388399755,0.88,0.26,0.66,0.46,True
0.5,rand,0.474,0.173,0.156,0.118,0.129,0.07,0.09,0.35277503899151375,0.4275351517630543,0.5276186836137661,0.554968576257783,True,0.9980998373741248,0.9974915314375832,0.9573037872980676,0.92,0.26,0.7,0.48,True
0.5,rand,0.579,0.149,0.095,0.068,0.13,0.083,0.105,0.3579142975339004,0.433126960740614,0.5457321798652043,0.5712846701375837,True,0.987908068811114,0.9814655336035849,0.8827084909347391,0.78,0.26,0.68,0.44,True
0.5,rand,0.513,0.208,0.087,0.106,0.139,0.049,0.108,0.3530921878627625,0.4341345565837555,0.5425943611117904,0.569582230327968,True,0.9938926697653068,0.9872867604429263,0.9021129630965301,0.86,0.24,0.72,0.46,True
0.5,rand,0.537,0.098,0.155,0.075,0.205,0.085,0.057,0.32025856800707153,0.3983114179539438,0.5067420002728297,0.5334596110473521,True,0.9933724743217219,0.9877067907001164,0.9065948535418173,0.78,0.26,0.66,0.44,True
0.5,rand,0.428,0.134,0.106,0.14,0.145,0.115,0.142,0.22267561522472562,0.30313763068267535,0.4055248067330727,0.43724636618437956,True,0.9961844939750213,0.9929126829979192,0.9270820578452372,0.9,0.34,0.62,0.52,True
0.5,rand,0.484,0.14,0.179,0.058,0.174,0.059,0.116,0.36299802705925754,0.43752025155995683,0.5372613840294367,0.5599653368334971,True,0.9925501239171061,0.9826110659682076,0.8890157620974979,0.72,0.18,0.76,0.44,False
0.5,rand,0.287,0.25,0.11,0.123,0.22,0.066,0.154,0.22474987774127944,0.31278049520752205,0.41885205441046297,0.4472032367462131,True,0.9892150226438812,0.9858763123729251,0.8987129661157677,0.82,0.4,0.58,0.56,True
0.5,rand,0.456,0.14,0.167,0.122,0.092,0.104,0.13,0.3226796988093707,0.39255878048460646,0.4876904864114668,0.5156095772241008,True,0.9953177962377515,0.9968064942790575,0.9543562566150657,0.9,0.3,0.62,0.46,True
0.5,rand,0.49,0.215,0.108,0.113,0.147,0.037,0.101,0.36158826306875946,0.4429802549596922,0.5477731908556972,0.5745493722742063,True,0.9943279792460059,0.9869671715399696,0.9012344488297939,0.9,0.22,0.76,0.48,True
0.5,rand,0.366,0.188,0.189,0.136,0.141,0.124,0.067,0.2935691390577945,0.3645895277577332,0.4676698118616133,0.4973727556529087,True,0.9949064424872586,0.9892355602316643,0.9108184314389854,0.86,0.42,0.56,0.56,True
0.5,rand,0.399,0.106,0.184,0.149,0.167,0.095,0.109,0.24963074777259042,0.32807107386310685,0.41943969410081805,0.45033519285279205,True,0.9961765396560996,0.994396225034557,0.9357632045516684,0.88,0.3,0.62,0.48,True
0.5,rand,0.433,0.201,0.189,0.077,0.176,0.049,0.086,0.38232332929966334,0.45705279523380504,0.5585518671721865,0.5817090335842602,True,0.9952124141802262,0.9885494763552578,0.908800154987529,0.8,0.22,0.72,0.44,False
0.5,rand,0.349,0.202,0.169,0.167,0.212,0.045,0.067,0.2772985780926621,0.3636461085787777,0.45984583513083604,0.49079698441443204,True,0.9912472426756616,0.9833927183220217,0.8880579928444069,0.86,0.32,0.66,0.6,False
0.5,rand,0.25,0.238,0.139,0.193,0.125,0.127,0.137,0.20038389375424348,0.2786733185904502,0.37763366112698915,0.4115267702924094,True,0.9803717267956478,0.9533322371633588,0.8136937520233085,0.68,0.46,0.52,0.64,True
0.5,rand,0.438,0.165,0.171,0.073,0.181,0.091,0.091,0.3262196800329667,0.40030245201082865,0.5071350856386228,0.5320852974640637,True,0.9965338944893183,0.9922840916583856,0.9278368672390918,0.84,0.32,0.64,0.48,True
0.5,rand,0.485,0.13,0.148,0.13,0.13,0.043,0.144,0.3280923711727312,0.4076999749493367,0.49684175186236634,0.5245162661466813,True,0.9922277772234278,0.9870225189362296,0.9025771708737506,0.82,0.2,0.7,0.48,True
0.5,rand,0.464,0.132,0.131,0.111,0.197,0.072,0.104,0.27557671043418247,0.3588469593681307,0.4618149115110873,0.4905167825037146,True,0.9986328050621877,0.9973666544523795,0.9564500140059077,0.92,0.26,0.68,0.48,True
0.5,rand,0.48,0.095,0.142,0.15,0.186,0.1,0.058,0.24849772459629121,0.3305940120664173,0.43252401248144595,0.4655043346148997,True,0.9965592510442383,0.9958902883976057,0.9456298213450033,0.9,0.28,0.66,0.48,True
0.5,rand,0.477,0.125,0.184,0.137,0.125,0.077,0.086,0.3357280322341827,0.40963028414890684,0.5020946826311581,0.5310213264791787,True,0.9950866378075797,0.9955302732225985,0.9437830543613726,0.88,0.26,0.66,0.46,True
0.5,rand,0.591,0.185,0.085,0.121,0.081,0.05,0.097,0.3961056418906382,0.47286586422304006,0.5779530584506051,0.6058012895215541,True,0.9855229035600217,0.9786851508603418,0.8733773694724889,0.8,0.2,0.74,0.44,True
0.5,rand,0.498,0.126,0.155,0.116,0.155,0.093,0.066,0.31636807839397774,0.39221599893368303,0.4956568342137544,0.5247122674862545,True,0.9971577569295901,0.9971384170280699,0.9550225855744183,0.9,0.28,0.64,0.48,True
0.5,rand,0.248,0.147,0.202,0.191,0.223,0.051,0.147,0.1881589182662502,0.2770011907372347,0.35633095301717077,0.3886375612722515,True,0.9745927315361427,0.9499170861829965,0.8056940304641071,0.7,0.42,0.56,0.6,False
0.5,rand,0.493,0.215,0.164,0.081,0.142,0.067,0.048,0.41125088938466225,0.4827328939315088,0.5924541401179761,0.6168044258728522,True,0.9951395847499819,0.9921388030638127,0.924219233549768,0.84,0.24,0.72,0.42,False
0.5,rand,0.405,0.128,0.202,0.13,0.194,0.039,0.112,0.3039906780760118,0.38554232929603216,0.4721431612660619,0.4996227451695943,True,0.9928884584587004,0.9848896490650924,0.8936301635252618,0.84,0.26,0.66,0.52,False
0.5,rand,0.519,0.164,0.107,0.112,0.159,0.071,0.078,0.3249459876222675,0.40550529319340894,0.5143482856740722,0.5430543427931515,True,0.9966921618572987,0.9937883547192466,0.9319610618994023,0.88,0.24,0.7,0.48,True
0.5,rand,0.46,0.235,0.108,0.156,0.083,0.089,0.079,0.3435496446389293,0.41817856964461386,0.5251902112386848,0.5558335657286754,True,0.9963816907066705,0.9940695415746977,0.9346938912437078,0.9,0.32,0.64,0.5,True
0.5,rand,0.431,0.154,0.087,0.08,0.238,0.073,0.145,0.22989843477582392,0.31844459302494,0.4295720866383452,0.4568896788008809,True,0.9958621663785661,0.9934731025097436,0.9305843734327222,0.86,0.3,0.66,0.48,True
0.5,rand,0.403,0.237,0.133,0.168,0.147,0.057,0.064,0.32073474913243966,0.4023092804145904,0.504483405355839,0.535534256737122,True,0.9957112015282639,0.9902860806584921,0.9162136412508366,0.92,0.3,0.68,0.52,True
0.5,rand,0.277,0.127,0.204,0.119,0.253,0.064,0.165,0.19967741659423613,0.2856175921415178,0.37283066775322915,0.4004822957137405,True,0.9876287796279852,0.9796158369498366,0.876814687584392,0.82,0.38,0.58,0.54,False
0.5,rand,0.368,0.176,0.16,0.116,0.186,0.132,0.072,0.2497988445027785,0.3255064001868087,0.4360416202922984,0.4658576857333048,True,0.9937354865987623,0.9856199609450056,0.8971358338211639,0.82,0.42,0.56,0.58,True
0.5,rand,0.367,0.117,0.225,0.087,0.19,0.129,0.096,0.2700113798767514,0.3406364638189633,0.440311984635628,0.4668747782250354,True,0.9892758245128396,0.9763188177108606,0.8691638557005722,0.72,0.34,0.62,0.58,False
0.5,rand,0.307,0.164,0.257,0.085,0.259,0.059,0.079,0.3020727685452498,0.38029893335315107,0.4745720116967778,0.49866550485902017,True,0.98425630791043,0.9677749946092603,0.8449319581265295,0.72,0.32,0.64,0.58,False
0.5,rand,0.487,0.187,0.112,0.131,0.094,0.101,0.098,0.327470287573781,0.401258290104269,0.5078251300500783,0.5374288556124487,True,0.9961881453423674,0.9956856116930544,0.9443323878646779,0.94,0.3,0.64,0.5,True
0.5,rand,0.503,0.164,0.133,0.135,0.144,0.039,0.092,0.3478880236637195,0.4290619798714993,0.5261936286204346,0.5547545337099086,True,0.9933212459123804,0.9862915699059921,0.8995021612708978,0.84,0.2,0.72,0.46,True
0.5,rand,0.328,0.202,0.221,0.131,0.21,0.067,0.05,0.3106416895559758,0.3886621582458911,0.4862495333926248,0.5140911775879675,True,0.9927948319355395,0.9874396769279,0.9029537368935735,0.82,0.4,0.56,0.52,False
0.5,rand,0.319,0.129,0.149,0.128,0.182,0.128,0.173,0.17438248880151244,0.2543562987195307,0.35211214980899014,0.3825604261711004,True,0.9912068165671359,0.9801136488087013,0.8786216174055691,0.8,0.4,0.58,0.6,True
0.5,rand,0.463,0.196,0.177,0.127,0.133,0.063,0.051,0.3788905077900679,0.4526698682103796,0.5532709214774295,0.5808191982798215,True,0.9978695145559683,0.9968914612264673,0.952343431564787,0.94,0.28,0.68,0.5,False
0.5,rand,0.25,0.284,0.113,0.19,0.167,0.052,0.154,0.23030277874760738,0.3186667589766319,0.4150347583561018,0.4469055577872178,True,0.9774635156234163,0.9542387791232456,0.8161946871482798,0.74,0.4,0.58,0.58,False
0.5,rand,0.435,0.23,0.133,0.146,0.137,0.052,0.077,0.346740361687295,0.4263387146590062,0.5285791821426177,0.5576343501409999,True,0.997159028956555,0.9935121868984272,0.9307353353114931,0.94,0.26,0.72,0.5,True
0.5,rand,0.406,0.209,0.165,0.143,0.138,0.064,0.085,0.3354703298954424,0.412376698026621,0.5103239719266935,0.5389538751156085,True,0.9985459260436599,0.9969184397589879,0.9521622773102619,0.98,0.3,0.68,0.52,False
0.5,rand,0.526,0.136,0.073,0.094,0.161,0.093,0.126,0.2764032779279799,0.3580507659118341,0.4699628997896046,0.49858780264628666,True,0.9934595334617853,0.9888568995547047,0.908912957058055,0.86,0.28,0.68,0.5,True
0.5,rand,0.397,0.188,0.157,0.125,0.14,0.092,0.111,0.3017236021342932,0.37704292390410893,0.4778829762179341,0.5061754127854993,True,0.9995158281039854,0.9988782245892929,0.9714149489161775,0.96,0.34,0.64,0.52,True
0.5,rand,0.268,0.141,0.281,0.176,0.129,0.142,0.074,0.2601717559929505,0.32614369391900105,0.41090299239053496,0.442383934379509,True,0.974156353804529,0.9500492433740152,0.8068874679835015,0.66,0.44,0.54,0.62,False
0.5,rand,0.514,0.188,0.139,0.105,0.111,0.083,0.071,0.37930526898060585,0.4511444200459834,0.5584349699263312,0.5852886712641773,True,0.9956672766131631,0.9953334414059705,0.9417903575615967,0.92,0.26,0.68,0.44,True
0.5,rand,0.399,0.125,0.161,0.146,0.188,0.084,0.108,0.24262895406183815,0.3249696366795639,0.4201941727066224,0.45113332446940624,True,0.9978217647709098,0.996585462963848,0.949923428780379,0.9,0.3,0.64,0.48,True
0.5,rand,0.264,0.281,0.171,0.133,0.199,0.058,0.103,0.29205397131353084,0.3735387726599668,0.47552215008848253,0.5028059791594672,True,0.9862406883133978,0.9783275788413068,0.8732989531632385,0.8,0.44,0.54,0.56,False
0.5,rand,0.266,0.26,0.153,0.077,0.239,0.088,0.128,0.25384762108059694,0.33522172183302457,0.4473785357484515,0.4722859605772146,True,0.9837544449329185,0.9739611998821421,0.8616019235898064,0.72,0.42,0.56,0.56,False
0.5,rand,0.535,0.211,0.138,0.092,0.086,0.088,0.06,0.41767560580868573,0.48544588594911553,0.596475870127742,0.6220410346915521,True,0.9916148459902276,0.9916523495799636,0.9224722691415469,0.9,0.26,0.7,0.44,True
0.5,rand,0.347,0.237,0.2,0.151,0.105,0.109,0.061,0.3391109734122495,0.4073041342239064,0.5078276091468499,0.5369854625217353,True,0.9939590269730479,0.9887962652356892,0.9092568146708109,0.86,0.42,0.56,0.56,True
0.5,rand,0.453,0.171,0.168,0.136,0.125,0.049,0.108,0.3526102414183859,0.4291627764109066,0.5212362490384997,0.5488553207958372,True,0.9958815189184685,0.9923583280172333,0.9252004857617788,0.9,0.24,0.7,0.5,False
0.5,rand,0.402,0.176,0.189,0.091,0.18,0.06,0.112,0.334434218006159,0.4107905273264134,0.5083430587340767,0.5329935553686543,True,0.9976026159983773,0.9940876952698823,0.9350427809190894,0.88,0.28,0.66,0.5,False
0.5,rand,0.44,0.19,0.163,0.109,0.148,0.055,0.104,0.35234903606473306,0.4289017391045009,0.527601814042831,0.5536391166371214,True,0.9983954044442449,0.9961437732597527,0.9467645514670979,0.9,0.26,0.68,0.5,False
0.5,rand,0.383,0.172,0.133,0.157,0.129,0.138,0.098,0.2364547888872683,0.31186575826781343,0.4173363917031047,0.45008681158740427,True,0.9932955222784515,0.9844067481523168,0.8920681274185351,0.86,0.4,0.58,0.58,True
0.5,rand,0.43,0.165,0.154,0.124,0.177,0.067,0.092,0.3019838704148684,0.38236647391191003,0.48251474484225015,0.5110288404349556,True,0.9994709365004745,0.9988627216837327,0.9713369519454792,0.96,0.28,0.68,0.5,True
0.5,rand,0.352,0.201,0.099,0.195,0.255,0.051,0.057,0.194554554041458,0.29165276979714944,0.39672980430790056,0.43231177886747396,True,0.986099707513008,0.9725647328851691,0.8588204509734525,0.8,0.38,0.6,0.56,True
0.5,rand,0.395,0.194,0.154,0.106,0.189,0.076,0.095,0.30093390063886893,0.3802315795518411,0.48517620934613187,0.5122806411342677,True,0.9991631876806939,0.9991148736192585,0.9752619607935228,0.96,0.32,0.66,0.52,True
0.5,rand,0.267,0.235,0.105,0.195,0.187,0.082,0.139,0.17927834079455665,0.2689292609542552,0.36866579819033,0.40295641751296163,True,0.981656657298466,0.9612034444843226,0.8314242246849509,0.78,0.42,0.56,0.58,True
0.5,rand,0.507,0.105,0.118,0.154,0.19,0.062,0.075,0.2646203935526445,0.35168769440694053,0.45116315934838574,0.48366258315056987,True,0.9941960354468765,0.9900713878694166,0.9143085862084582,0.84,0.24,0.68,0.48,True
0.5,rand,0.53,0.101,0.089,0.123,0.164,0.082,0.121,0.2605482534173729,0.34461134842464364,0.4483087004158324,0.47900751863347657,True,0.9936642310618155,0.9910053358428723,0.9181820164145883,0.84,0.26,0.68,0.5,True
0.5,rand,0.509,0.142,0.109,0.142,0.105,0.097,0.106,0.3015214953619907,0.37825900636027976,0.480621439712284,0.5116034227464845,True,0.9944585254756304,0.9943680206492398,0.9359552616085491,0.92,0.3,0.64,0.48,True
0.5,rand,0.534,0.193,0.086,0.138,0.151,0.052,0.057,0.34088238042752966,0.4244467442236159,0.5341563406436672,0.5644456887270523,True,0.994068692559405,0.9872546492879525,0.9020584490847516,0.84,0.24,0.72,0.48,True
0.5,rand,0.338,0.119,0.101,0.17,0.245,0.126,0.112,0.10691194330297267,0.19850056702081512,0.30476933497720693,0.3409684468197358,True,0.9880915633937309,0.9740488094766799,0.861141070521003,0.72,0.42,0.54,0.6,True
0.5,rand,0.461,0.104,0.095,0.157,0.176,0.088,0.129,0.20860491845064347,0.29577755813365975,0.395158417142362,0.4284892378014732,True,0.9951160328826403,0.9923864786620757,0.9265457238370485,0.84,0.3,0.66,0.5,True
0.5,rand,0.465,0.184,0.065,0.106,0.18,0.089,0.122,0.2572695156040078,0.34199877714230104,0.45680794079977755,0.48614501260605636,True,0.995903323498408,0.9919463042765153,0.9221774741393914,0.9,0.28,0.68,0.52,True
0.5,rand,0.42,0.18,0.077,0.119,0.167,0.111,0.136,0.22804870393866716,0.3106257308090468,0.42284844238963165,0.45331042723879883,True,0.9955287856132284,0.99030902743404,0.9144683541968242,0.9,0.34,0.62,0.56,True
0.5,rand,0.299,0.146,0.168,0.194,0.135,0.129,0.138,0.18441087474629742,0.2625972026924319,0.3529876599136781,0.3875661231406412,True,0.9852584859053162,0.9673043310539609,0.8443780118991507,0.74,0.42,0.56,0.58,True
0.5,rand,0.539,0.141,0.126,0.063,0.152,0.095,0.094,0.34426565272450893,0.4180737391048505,0.5299400950712767,0.55516091399888,True,0.9911212778264443,0.9854099480555971,0.8966347242513549,0.78,0.28,0.66,0.44,True
0.5,rand,0.376,0.223,0.167,0.086,0.203,0.086,0.07,0.31808505915931695,0.39485238745767576,0.5061714818323539,0.5318306309946648,True,0.9958693572425936,0.9936797847110987,0.9327305481425818,0.84,0.36,0.62,0.52,False
0.5,rand,0.32,0.226,0.162,0.141,0.108,0.108,0.146,0.28325240791070894,0.35568729484010875,0.4536560923274098,0.48232479264461847,True,0.9944844563578322,0.9870046323149193,0.9021318333313765,0.86,0.4,0.58,0.58,True
0.5,rand,0.388,0.145,0.222,0.178,0.1,0.084,0.094,0.31969257352489594,0.3911691910409686,0.47423574897289283,0.5049055062763034,True,0.9909004095442885,0.9871767606124531,0.901994290286274,0.86,0.34,0.6,0.5,True
0.5,rand,0.346,0.194,0.185,0.11,0.137,0.115,0.122,0.29449020970135176,0.36507204903236384,0.46573916858634884,0.4926830370481094,True,0.9949660294039074,0.9884605944956952,0.9076956172411885,0.82,0.42,0.56,0.54,True
0.5,rand,0.358,0.125,0.141,0.183,0.226,0.06,0.117,0.1870138732476423,0.2789207188382551,0.37006689145111793,0.40401039534800426,True,0.989821646151113,0.9810468932704891,0.8816089852510244,0.82,0.32,0.62,0.54,True
0.5,rand,0.248,0.296,0.253,0.1,0.158,0.075,0.08,0.37814279285832425,0.44566361547959893,0.5443146016174372,0.5672228910391475,True,0.9786292014378993,0.9602797377354099,0.8285735612074937,0.62,0.46,0.52,0.56,False
0.5,rand,0.523,0.166,0.08,0.091,0.195,0.101,0.054,0.2889266090304819,0.3709185813331845,0.492823951412818,0.5220818394335154,True,0.9948134271837424,0.9898606470408514,0.9133977828732072,0.86,0.28,0.68,0.5,True
0.5,rand,0.392,0.182,0.152,0.123,0.182,0.059,0.12,0.29067366540119866,0.37248357193592285,0.47066584589240384,0.4984854048754961,True,0.9987639246425314,0.9981267821175995,0.9627002551255751,0.96,0.32,0.66,0.52,False
0.5,rand,0.427,0.109,0.186,0.109,0.196,0.075,0.108,0.2818902664213785,0.36106854439342034,0.4557115393486211,0.48332992669113317,True,0.9975821932544353,0.995470289081901,0.9428672189634959,0.86,0.28,0.62,0.48,True
0.5,rand,0.442,0.217,0.119,0.14,0.117,0.103,0.073,0.316995965034071,0.3921174970818583,0.5018073970965192,0.5321274093574205,True,0.9979542187697142,0.9961600822724326,0.9464412414433969,0.94,0.34,0.64,0.54,True
0.5,rand,0.312,0.126,0.214,0.128,0.223,0.084,0.122,0.22828876028601622,0.30920628559197955,0.3994565126893747,0.42816632160316137,True,0.9918138162679606,0.9845859616428828,0.8929437063154063,0.8,0.42,0.54,0.56,False
0.5,rand,0.467,0.208,0.066,0.141,0.131,0.081,0.116,0.2859321924336511,0.3686086276825231,0.47837053614548336,0.5092399525516492,True,0.9958307905091488,0.9912117786548402,0.9193003923331494,0.86,0.34,0.62,0.52,True
0.5,rand,0.278,0.153,0.2,0.118,0.215,0.103,0.144,0.21255387628060052,0.29189651387359433,0.38652025041060595,0.4146519236552152,True,0.989211542283487,0.9779474651359077,0.8719650372288766,0.78,0.44,0.54,0.54,False
0.5,rand,0.523,0.11,0.226,0.088,0.113,0.075,0.076,0.40857268313920536,0.47466018161921947,0.566852900174259,0.5911535173595415,True,0.9852851459542163,0.9830372026903914,0.8893730385439224,0.72,0.2,0.72,0.46,False
0.5,rand,0.299,0.228,0.235,0.102,0.156,0.102,0.089,0.3344938933916066,0.4024849549645718,0.5016431240484219,0.5265614142617316,True,0.9885965209894323,0.9766642350187555,0.8692225630978719,0.74,0.38,0.6,0.54,False
0.5,rand,0.43,0.262,0.095,0.128,0.117,0.105,0.073,0.3249162092400086,0.4002635281752929,0.5172209503384271,0.5467011397978208,True,0.995551349633305,0.9915098233272124,0.920556730635365,0.9,0.3,0.68,0.54,True
0.5,rand,0.506,0.149,0.197,0.095,0.146,0.045,0.071,0.40269890091681193,0.47585557155483676,0.5712258265112727,0.5958328059556447,True,0.9914913912322652,0.9836041044434072,0.8897890223876467,0.8,0.24,0.68,0.42,False
0.5,rand,0.358,0.233,0.152,0.146,0.201,0.044,0.076,0.30040309599730985,0.3853175669807983,0.48661546952967294,0.5158054948643246,True,0.9936960451908006,0.9893226141008393,0.9104456394661317,0.9,0.34,0.64,0.54,False
0.5,rand,0.514,0.208,0.147,0.1,0.147,0.038,0.058,0.4084083781103473,0.4850754089735291,0.5903261941199218,0.6156837578621247,True,0.9935856267832303,0.9860283376616942,0.8979942198373974,0.86,0.24,0.7,0.46,False
0.5,rand,0.379,0.121,0.115,0.165,0.214,0.104,0.112,0.16683101474207868,0.25531964102560956,0.356736394304714,0.391119062413014,True,0.994266999208637,0.9884613403483434,0.9082143390301873,0.86,0.38,0.58,0.48,True
0.5,rand,0.524,0.115,0.147,0.097,0.202,0.059,0.065,0.32304411627072394,0.40466589549313337,0.5085923232384272,0.5361223103178626,True,0.9951062066018318,0.9896810944153207,0.9133386561373552,0.8,0.24,0.66,0.44,True
0.5,rand,0.458,0.203,0.157,0.132,0.095,0.076,0.089,0.3687123651491398,0.4405769225592844,0.5400529408661104,0.5678640734983444,True,0.9978482731270952,0.9982860318360852,0.9655224035814868,0.96,0.3,0.66,0.48,True
0.5,rand,0.526,0.143,0.099,0.086,0.144,0.105,0.106,0.30588721994130186,0.38223512694575723,0.4947657405697825,0.52244844472241,True,0.9931150208600268,0.9892831909843154,0.911057454413706,0.84,0.28,0.66,0.48,True
0.5,rand,0.469,0.159,0.123,0.157,0.139,0.046,0.117,0.30598247842837634,0.3893090687805606,0.48322437618246245,0.5136608156699429,True,0.9935940636325549,0.9874841891045226,0.903619227175822,0.86,0.24,0.7,0.48,True
0.5,rand,0.35,0.19,0.198,0.19,0.096,0.109,0.076,0.2962353269177885,0.3675219477275218,0.4593399126781142,0.4918357224088621,True,0.9913834551381706,0.9833482008527765,0.889176368762968,0.84,0.38,0.6,0.56,True
0.5,rand,0.44,0.184,0.141,0.103,0.154,0.108,0.079,0.30878946940583496,0.3832865429942057,0.4938414551952535,0.5218136097567011,True,0.9978643495166817,0.9959539728956821,0.9450934873368143,0.92,0.32,0.64,0.52,True
0.5,rand,0.425,0.121,0.139,0.069,0.235,0.07,0.15,0.25157473136352604,0.33589678263059297,0.43888307278460303,0.46438125578567724,True,0.9962926376429095,0.9924058337825684,0.9269139030858285,0.82,0.28,0.66,0.48,True
0.5,rand,0.279,0.219,0.173,0.146,0.217,0.048,0.13,0.25164259021869817,0.33752757646861525,0.4311778763912729,0.45982838570634943,True,0.9875492392599495,0.9798084652028228,0.8772164139173434,0.8,0.38,0.6,0.58,False
0.5,rand,0.237,0.155,0.217,0.138,0.246,0.117,0.099,0.18262974964470072,0.26347679482319325,0.36046842750186037,0.3909590981040527,True,0.9796497244856651,0.9575046911770241,0.8220251703772538,0.68,0.44,0.54,0.62,False
0.5,rand,0.384,0.148,0.095,0.171,0.244,0.051,0.116,0.18286572414775398,0.2791657486053546,0.37867018883702813,0.41246137021649026,True,0.9908614312439855,0.9829483945204192,0.8888627035259663,0.84,0.3,0.64,0.5,True
0.5,rand,0.487,0.179,0.12,0.152,0.129,0.057,0.087,0.33001851651449476,0.41062953212725667,0.5104583328293181,0.5407781964106272,True,0.9956225070799699,0.9916851646537302,0.921496887669266,0.92,0.24,0.72,0.52,True
0.5,rand,0.384,0.174,0.162,0.075,0.191,0.094,0.131,0.28600492071029343,0.36253096473477664,0.4677484222524224,0.49281568958929434,True,0.9963720642956624,0.9920975894123839,0.9254042842981195,0.84,0.34,0.64,0.52,True
0.5,rand,0.371,0.116,0.216,0.124,0.209,0.073,0.101,0.26956637414350615,0.34897058755719235,0.4392461958162419,0.467409517515593,True,0.9951211586424114,0.9906640329382859,0.9165256291336298,0.86,0.3,0.62,0.5,False
0.5,rand,0.357,0.199,0.192,0.098,0.145,0.086,0.133,0.32278634183660077,0.39482799028128296,0.4921744787156297,0.5171689679676015,True,0.997405552187741,0.9941926781013476,0.9357774620624413,0.82,0.42,0.54,0.52,False
0.5,rand,0.396,0.11,0.166,0.124,0.26,0.094,0.059,0.2152948646422,0.30112318322477144,0.40547941872943005,0.4365375119696969,True,0.9968687162269407,0.9951452263859021,0.9406472406684592,0.88,0.32,0.64,0.54,True
0.5,rand,0.503,0.11,0.137,0.067,0.185,0.056,0.151,0.31215073286215345,0.3925933225721567,0.4919728288439137,0.5164383116234114,True,0.992663498379492,0.9843207540290169,0.8933345298460021,0.78,0.24,0.68,0.44,True
0.5,rand,0.284,0.258,0.207,0.119,0.151,0.069,0.122,0.3322312769089798,0.40540743186780887,0.500927754487582,0.5261433527219295,True,0.9908416601927803,0.9831993723079991,0.8882462758543184,0.78,0.44,0.54,0.52,False
0.5,rand,0.365,0.194,0.106,0.141,0.14,0.144,0.12,0.21761708234227237,0.2947491129970698,0.4057645118708799,0.4377662990882936,True,0.9908889096522963,0.9780468524440133,0.871983907463723,0.8,0.4,0.58,0.62,True
0.5,rand,0.426,0.196,0.143,0.099,0.124,0.137,0.085,0.30834166179335837,0.37781656634199623,0.4909793538746106,0.5188881015986141,True,0.9927893751210665,0.9866265762182994,0.8999563049228668,0.84,0.38,0.6,0.56,True
0.5,rand,0.437,0.205,0.165,0.063,0.16,0.068,0.112,0.36760954860095185,0.4408793813872199,0.5467238225412793,0.5694734338119968,True,0.995494772373905,0.9902840735331891,0.9177261954084106,0.82,0.24,0.72,0.4,False
0.5,rand,0.34,0.203,0.171,0.084,0.179,0.1,0.133,0.285021374763435,0.3598858818183842,0.46457299823894793,0.4898120393002587,True,0.9944340369763036,0.9885662327981015,0.9086626119424265,0.78,0.42,0.56,0.56,False
0.5,rand,0.532,0.089,0.177,0.092,0.189,0.049,0.082,0.34298724255192253,0.422221116180405,0.518139119813831,0.5443413632520698,True,0.9902611738394606,0.9813681697057746,0.8830896696786358,0.74,0.2,0.7,0.46,False
0.5,rand,0.388,0.219,0.17,0.161,0.082,0.064,0.126,0.3481747408350549,0.4213711492524102,0.5114180175311416,0.5400043255281995,True,0.9958141265544325,0.9923387856193291,0.9246448621801915,0.92,0.3,0.68,0.5,False
0.5,rand,0.349,0.272,0.137,0.157,0.1,0.127,0.069,0.304063272318235,0.3754781888714266,0.48650633313356695,0.5176046467068085,True,0.9914570075502173,0.9812031074664067,0.8818333313764202,0.82,0.4,0.58,0.6,True
0.5,rand,0.385,0.161,0.121,0.125,0.165,0.104,0.148,0.23136594489340165,0.31197912978091946,0.4146149216874253,0.4443964415022157,True,0.9978355516638694,0.9952574084053456,0.9407688488485803,0.92,0.34,0.64,0.56,True
0.5,rand,0.544,0.219,0.104,0.085,0.082,0.047,0.128,0.4198559026367452,0.4929450108306933,0.5984151318959147,0.6222962992642039,True,0.987905215620886,0.9805006750862139,0.8790908572454154,0.82,0.24,0.72,0.44,True
0.5,rand,0.326,0.193,0.184,0.11,0.187,0.084,0.127,0.27733193065738093,0.3548355118188516,0.453190361798983,0.47984716607725325,True,0.9959640588526067,0.9928050550765767,0.9269843519625883,0.82,0.42,0.56,0.54,False
0.5,rand,0.3,0.1,0.223,0.157,0.214,0.064,0.152,0.21147672709194623,0.29527874641232327,0.3740541268596233,0.4040761492206973,True,0.9855065090280601,0.9731996016821158,0.8583390503155942,0.76,0.34,0.6,0.56,False
0.5,rand,0.52,0.152,0.11,0.144,0.077,0.08,0.127,0.33053128225408845,0.4060671616157461,0.5037634320956559,0.5336998405665789,True,0.9918283736687661,0.9919897477505172,0.9235977738154943,0.88,0.24,0.7,0.48,True
0.5,rand,0.529,0.229,0.124,0.055,0.121,0.055,0.096,0.42835163182906655,0.5003008236680027,0.6123708491611358,0.6344342687887248,True,0.988692913463234,0.9798271599668769,0.8773023783205323,0.76,0.24,0.72,0.44,False
0.5,rand,0.476,0.246,0.114,0.096,0.087,0.099,0.092,0.3796962264971122,0.44927172114987923,0.5631887063277337,0.5892320704039394,True,0.9938960004946179,0.9921919580929823,0.9254579596327936,0.88,0.26,0.7,0.48,True
0.5,rand,0.343,0.201,0.165,0.176,0.13,0.09,0.105,0.2726788234950408,0.35027525785040525,0.44472125247913036,0.4764087994388965,True,0.9945766471170419,0.9876589429499426,0.9052374546485357,0.88,0.38,0.6,0.56,True
0.5,rand,0.305,0.139,0.134,0.136,0.204,0.121,0.171,0.15428960571788017,0.2383180224253988,0.3377842932349306,0.3691145188482192,True,0.9904385975667793,0.9794470043276226,0.8765433755411564,0.78,0.44,0.54,0.62,True
0.5,rand,0.26,0.278,0.143,0.161,0.14,0.103,0.124,0.2552590957667935,0.3328973265090797,0.4361976992643653,0.4666456211067655,True,0.9856957371178705,0.9692114375982462,0.8493123686421986,0.74,0.42,0.56,0.64,True
0.5,rand,0.282,0.319,0.105,0.154,0.148,0.113,0.088,0.26235749421493876,0.3412023266982617,0.4574234137198012,0.4884534469571902,True,0.9835267156478609,0.965568889499178,0.8402127220607303,0.78,0.44,0.54,0.62,False
0.5,rand,0.418,0.205,0.147,0.144,0.127,0.084,0.085,0.3210835369975325,0.3969921968374417,0.49884066471171623,0.5284187761360974,True,0.9992401913732721,0.9985074128715048,0.9677834770546332,0.96,0.34,0.64,0.52,True
0.5,rand,0.532,0.096,0.184,0.055,0.194,0.042,0.107,0.36653263201620606,0.44371737507814546,0.5404637072035773,0.5632017186680652,True,0.9860249092241713,0.9692105284885503,0.8500545978794888,0.66,0.18,0.74,0.4,False
0.5,rand,0.278,0.254,0.119,0.075,0.241,0.095,0.148,0.22566912800400662,0.3095498713078705,0.4248430299673761,0.45048696959218765,True,0.9839353441378187,0.9741356231422181,0.8621604825412588,0.76,0.44,0.54,0.6,True
0.5,rand,0.508,0.1,0.084,0.136,0.201,0.051,0.13,0.2387598448334346,0.32990968873900856,0.4295530687029226,0.4608843151094317,True,0.9922703091263154,0.9854409892865756,0.8959683952920022,0.84,0.24,0.68,0.48,True
0.5,rand,0.26,0.269,0.199,0.125,0.166,0.076,0.115,0.30936008155065253,0.3843811224820178,0.4827905567333126,0.508960817836237,True,0.9875666763266785,0.977578417897037,0.8710202674709021,0.8,0.44,0.54,0.56,False
0.5,rand,0.522,0.149,0.096,0.153,0.137,0.059,0.093,0.3050250941864953,0.38858712767026965,0.4897162148893425,0.5212053678401266,True,0.9931651620297377,0.9881789117622279,0.9062526732832699,0.86,0.24,0.72,0.46,True
0.5,rand,0.3,0.272,0.131,0.153,0.09,0.103,0.161,0.2825718640109958,0.3565322624306718,0.4569881881395574,0.4861509424423293,True,0.9910482337694545,0.9797654467671204,0.8780114798122034,0.84,0.4,0.58,0.58,True
0.5,rand,0.458,0.198,0.12,0.102,0.195,0.051,0.087,0.32200843396573675,0.4053401874791978,0.5136001352867616,0.5406154832221743,True,0.9974835078117842,0.9945340200899156,0.9361481573425342,0.9,0.24,0.74,0.52,True
0.5,rand,0.523,0.153,0.148,0.065,0.191,0.054,0.077,0.36447211668243307,0.4427512911732093,0.5504049505024761,0.5746538702218708,True,0.9929685211791892,0.9837678239851586,0.8912575459972457,0.76,0.22,0.72,0.4,False
0.5,rand,0.288,0.208,0.128,0.17,0.197,0.108,0.112,0.1858855561690211,0.27105009637058625,0.3750160140360042,0.40832143460315506,True,0.9878653757754069,0.9737637472001822,0.8607485696361987,0.74,0.44,0.54,0.62,True
0.5,rand,0.361,0.174,0.152,0.099,0.182,0.121,0.12,0.24802854019763174,0.3242864877892281,0.4318425738944985,0.45975405555279886,True,0.9943674597164694,0.9870677358458948,0.9024484339382431,0.82,0.42,0.56,0.58,True
0.5,rand,0.296,0.235,0.233,0.124,0.109,0.104,0.11,0.34206464487802285,0.40760874144421966,0.5017228550733389,0.5275491384636862,True,0.9896330004180989,0.9788574969696479,0.8750631104520973,0.74,0.44,0.54,0.54,False
0.5,rand,0.469,0.17,0.176,0.053,0.157,0.075,0.109,0.373234344895672,0.44448441935567756,0.5491179553689052,0.5714450184933668,True,0.9930022871311756,0.9851015383927405,0.8986966119122342,0.72,0.2,0.74,0.46,False
0.5,rand,0.347,0.225,0.132,0.173,0.107,0.06,0.166,0.284099555442549,0.3643207807533326,0.4547707003836161,0.48496818520827994,True,0.9931532608790478,0.9852276457091136,0.8970179996880121,0.86,0.38,0.6,0.56,True
0.5,rand,0.522,0.136,0.122,0.113,0.118,0.051,0.148,0.33914578937906414,0.41761105717702524,0.5126392692419479,0.5395955330019168,True,0.9915152032992708,0.9870598262251269,0.9021297366386157,0.84,0.22,0.7,0.44,True
0.5,rand,0.314,0.236,0.192,0.156,0.135,0.061,0.117,0.31927138470268146,0.39546968649269537,0.4863730891524345,0.5145576625074444,True,0.9927535329971151,0.9853185660425894,0.8955603788807687,0.84,0.4,0.58,0.54,False
0.5,rand,0.576,0.147,0.099,0.111,0.101,0.062,0.113,0.36261552682095566,0.43952782291445835,0.5423475520350464,0.570016910746149,True,0.9882165558036698,0.9840232907308706,0.8909266878796063,0.8,0.18,0.76,0.46,True
0.5,rand,0.346,0.189,0.19,0.088,0.114,0.13,0.152,0.30245550355608636,0.3686210683748127,0.46917292398130184,0.49424075883406726,True,0.9902165715154762,0.9786965259274747,0.8741669839661712,0.74,0.42,0.56,0.54,True
0.5,rand,0.555,0.184,0.144,0.07,0.113,0.047,0.098,0.4295098128206229,0.501403811765153,0.6053262485304268,0.6282038514093274,True,0.9874812834193264,0.9783437136045688,0.8728104237499937,0.74,0.22,0.74,0.42,False
0.5,rand,0.501,0.154,0.115,0.164,0.131,0.052,0.093,0.3134595371905542,0.3962711974177083,0.4929825513013715,0.5245362904401818,True,0.9926075920185586,0.9868697168533271,0.9013313160353384,0.82,0.24,0.68,0.46,True
0.5,rand,0.52,0.198,0.145,0.083,0.147,0.039,0.078,0.40827700841459047,0.48428365657921557,0.5893622748832399,0.6134291549260443,True,0.9922779936969613,0.9832109493090366,0.8881435379090439,0.8,0.24,0.7,0.44,False
0.5,rand,0.482,0.125,0.19,0.133,0.104,0.061,0.116,0.35820569682075715,0.43093240895109713,0.517771202786503,0.5451959263792896,True,0.9915516341819285,0.9905448044026671,0.917119412523462,0.88,0.28,0.64,0.44,True
0.5,rand,0.542,0.093,0.147,0.087,0.131,0.105,0.104,0.3234282178809732,0.3957515855547951,0.4988411226536599,0.5259459142505847,True,0.9897034368360865,0.9885044626008718,0.9089209244905456,0.84,0.26,0.66,0.48,True
0.5,rand,0.328,0.171,0.222,0.164,0.148,0.082,0.096,0.2914020448850904,0.3662640049898247,0.45366903929341257,0.48354534304586433,True,0.9924430053143665,0.9846978224408528,0.8933383038929714,0.84,0.4,0.58,0.54,False
0.5,rand,0.304,0.294,0.122,0.096,0.109,0.128,0.157,0.29408010542802787,0.36431368506315326,0.4777633375416513,0.5036137262922717,True,0.9840859824907109,0.9676777422636474,0.8449260873867995,0.78,0.38,0.6,0.58,False
0.5,rand,0.421,0.163,0.143,0.092,0.196,0.075,0.12,0.2867006233862803,0.3673967377475278,0.47151689845512057,0.49806567480091435,True,0.9990057722007714,0.9981099120869344,0.9635779307152071,0.9,0.3,0.66,0.48,True
0.5,rand,0.425,0.18,0.149,0.13,0.178,0.08,0.069,0.2981742718472422,0.37799120668689545,0.48264433869999446,0.5120977600616566,True,0.9998571013392837,0.9997661548385862,0.9874194240972061,0.98,0.3,0.68,0.5,True
0.5,rand,0.362,0.141,0.23,0.134,0.09,0.099,0.154,0.31660396832651905,0.38358171629404963,0.46642150277978234,0.49339628375939126,True,0.9924796455069289,0.9887742902670578,0.9088030903573938,0.82,0.38,0.56,0.5,False
0.5,rand,0.476,0.207,0.164,0.065,0.13,0.077,0.091,0.39824065880008946,0.4677148196857677,0.5755352569651202,0.5984802695087295,True,0.9938455405314904,0.9894888370530345,0.913477457198114,0.8,0.26,0.7,0.4,False
0.5,rand,0.369,0.099,0.214,0.157,0.223,0.072,0.076,0.24017272454901065,0.3233330196957,0.4117490569405812,0.44303149244718326,True,0.9920996138064068,0.9861074489329917,0.8983934301390359,0.86,0.28,0.62,0.48,False
0.5,rand,0.507,0.186,0.157,0.058,0.087,0.091,0.124,0.4058615600785101,0.4712272463329871,0.5767864728662244,0.5991282653607373,True,0.9883760350857653,0.9844739404377382,0.8942608487076825,0.78,0.28,0.68,0.4,True
0.5,rand,0.385,0.266,0.11,0.139,0.146,0.089,0.075,0.30640671595195884,0.38535442660176433,0.4982137252237866,0.5280761850960329,True,0.9962703457582613,0.9927771682486097,0.9274280121507539,0.88,0.34,0.64,0.52,True
0.5,rand,0.383,0.179,0.167,0.087,0.183,0.059,0.152,0.3061609497311617,0.38496447932693323,0.48198113828347233,0.5064787474159582,True,0.9979563708965438,0.9959216357864398,0.9459904524998448,0.88,0.28,0.66,0.52,False
0.5,rand,0.388,0.137,0.144,0.16,0.189,0.116,0.076,0.213561465177791,0.2955224841591651,0.398635168587538,0.4321261260599651,True,0.9958572113002261,0.9908130263686106,0.917653230500338,0.86,0.36,0.6,0.52,True
0.5,rand,0.369,0.183,0.213,0.16,0.165,0.062,0.059,0.3223552882166027,0.39956256825392344,0.490855401032702,0.5204789083503053,True,0.994228129957818,0.98852865924958,0.9072758593504949,0.9,0.32,0.66,0.54,False
0.5,rand,0.444,0.179,0.137,0.137,0.144,0.096,0.074,0.3013121698054293,0.37846550038970894,0.4841052217264151,0.5143754532633428,True,0.9992793558714996,0.9987801323452011,0.9701208701442693,0.96,0.32,0.64,0.52,True
0.5,rand,0.351,0.257,0.164,0.176,0.091,0.115,0.056,0.3196106021175586,0.39032166999324186,0.49424614495155633,0.5259922839188741,True,0.9927018112066758,0.9844932625811215,0.8933747863470076,0.9,0.4,0.58,0.56,True
0.5,rand,0.508,0.188,0.09,0.093,0.152,0.082,0.096,0.3249154687515994,0.40395843264957026,0.5178757712218169,0.5453090951174723,True,0.9956967932160067,0.9921055320102613,0.9235541626060717,0.88,0.26,0.7,0.48,True
0.5,rand,0.227,0.276,0.131,0.15,0.234,0.121,0.07,0.1898855374494925,0.27454110908456886,0.3908585122119961,0.4230683660810825,True,0.9756723412835218,0.9505703004309123,0.8076460514243253,0.66,0.42,0.56,0.68,False
0.5,rand,0.52,0.162,0.154,0.08,0.092,0.077,0.125,0.3921458340742905,0.4609914818897773,0.5614105602862047,0.585426848056383,True,0.990915135347879,0.9888747446492847,0.9099009186869,0.8,0.22,0.72,0.38,True
0.5,rand,0.376,0.255,0.176,0.061,0.224,0.048,0.07,0.36625766515749586,0.444419440567022,0.5554450690927561,0.577758209647722,True,0.990586828041963,0.9843086791143393,0.8939736017994656,0.78,0.24,0.72,0.5,False
0.5,rand,0.481,0.279,0.103,0.103,0.094,0.051,0.1,0.41180033722379716,0.4861425701263434,0.596445404873976,0.621522475832157,True,0.9930633865261886,0.9881525610161612,0.9057914008759144,0.88,0.26,0.72,0.5,True
0.5,rand,0.465,0.187,0.084,0.115,0.155,0.118,0.085,0.2701772403501513,0.3492040235455462,0.46658749317478454,0.4969828986587848,True,0.9954552424242726,0.9906134216249163,0.9160878396851942,0.92,0.32,0.64,0.56,True
0.5,rand,0.414,0.155,0.167,0.115,0.208,0.079,0.073,0.2840477697178043,0.3647546111575548,0.46785988989081984,0.49642305845185974,True,0.9993094341063121,0.9989547567249323,0.9726809320050924,0.94,0.3,0.66,0.5,True
0.5,rand,0.37,0.234,0.125,0.164,0.144,0.111,0.062,0.271125759356684,0.34945491556292235,0.4592790222808759,0.49176898893924564,True,0.9951138824919219,0.9880876820138985,0.9066791405907977,0.88,0.38,0.6,0.56,True
0.5,rand,0.531,0.167,0.107,0.129,0.088,0.055,0.133,0.3575537053131059,0.4345798283253991,0.5322878660208977,0.5603060884237184,True,0.9908195772925162,0.987138817394606,0.9020722872569723,0.86,0.2,0.74,0.48,True
0.5,rand,0.519,0.182,0.117,0.096,0.141,0.093,0.063,0.34826020935439095,0.42325109423899987,0.5371147373064974,0.564658200382393,True,0.9957889165924008,0.9937771673366501,0.9325015892931127,0.88,0.28,0.66,0.48,True
0.5,rand,0.303,0.171,0.212,0.167,0.235,0.059,0.064,0.24873367273108812,0.3336677214101344,0.42509789793868713,0.45624127756830907,True,0.9870157741760317,0.9759960715550184,0.8659559157766905,0.78,0.36,0.6,0.6,False
0.5,rand,0.462,0.176,0.091,0.091,0.186,0.086,0.117,0.27653532551511734,0.35898978475759036,0.4718634817618054,0.49962249311369683,True,0.9970296618719471,0.9942622940007505,0.9348775615295457,0.9,0.26,0.7,0.52,True
0.5,rand,0.509,0.152,0.19,0.09,0.12,0.058,0.092,0.4040718998186701,0.4744664877175231,0.5703257278087468,0.5945159827488357,True,0.9916498913476514,0.9869364364668465,0.9018710047519445,0.78,0.22,0.7,0.42,False
0.5,rand,0.318,0.156,0.205,0.161,0.096,0.124,0.151,0.25867060104162487,0.32832201586997073,0.41538477657029876,0.4456504735680802,True,0.989672388006614,0.9791850195137363,0.8757449549378792,0.8,0.44,0.54,0.58,True
0.5,rand,0.52,0.111,0.158,0.109,0.166,0.096,0.05,0.3195516865130626,0.3952383933736324,0.5005863874680667,0.5295624123344551,True,0.9956293582087394,0.995084103517117,0.9408107827037943,0.86,0.26,0.66,0.48,True
0.5,rand,0.477,0.207,0.145,0.092,0.141,0.043,0.105,0.38501912627564283,0.4612908304286542,0.563562160489724,0.5879885712304849,True,0.9953909937235673,0.98957690710573,0.911843294860419,0.86,0.24,0.7,0.46,False
0.5,rand,0.493,0.216,0.203,0.081,0.098,0.055,0.065,0.46259851754112863,0.528096038902444,0.6284934747217729,0.6508116114129493,True,0.9898977890580638,0.9855792993548164,0.8967991049637943,0.78,0.22,0.72,0.44,False
0.5,rand,0.506,0.105,0.122,0.129,0.112,0.105,0.131,0.2819888993450059,0.35793735207035593,0.45696518259793484,0.48715277883270763,True,0.9930136214415632,0.9940011934619467,0.9348519818778651,0.86,0.3,0.62,0.48,True
0.5,rand,0.359,0.188,0.185,0.171,0.183,0.073,0.052,0.28287678576476,0.36373364266754243,0.46023996322312066,0.49187952778871374,True,0.9947473499239301,0.9895178548737179,0.9118458108917318,0.9,0.34,0.64,0.52,False
0.5,rand,0.426,0.185,0.159,0.09,0.194,0.078,0.078,0.3198605520034849,0.3977241089554028,0.5053632709047303,0.5315822834300711,True,0.9986636185400876,0.9974036690185397,0.9579793417055673,0.9,0.3,0.66,0.48,False
0.5,rand,0.36,0.11,0.209,0.113,0.25,0.076,0.093,0.24291069572154347,0.32555589617677144,0.4200030763720801,0.4481961537179717,True,0.9941781956023521,0.9894584179087623,0.9114117954902655,0.84,0.3,0.62,0.5,False
0.5,rand,0.472,0.139,0.195,0.112,0.201,0.044,0.048,0.3503312963024129,0.42993657822224834,0.5269419201596497,0.5539035347633989,True,0.9946539204493889,0.9875743542214794,0.90397524560659,0.84,0.26,0.66,0.46,False
0.5,rand,0.223,0.256,0.151,0.153,0.17,0.121,0.135,0.20833775101761295,0.2870662375200554,0.39106326025130383,0.4217991131740813,True,0.9788336648799334,0.9537048813499074,0.8142351180941231,0.68,0.44,0.54,0.68,False
0.5,rand,0.436,0.13,0.141,0.113,0.146,0.103,0.142,0.2666521373658639,0.34339790206475657,0.44302827129557953,0.4716119454505421,True,0.997966001430816,0.997152864666128,0.9542543573468953,0.9,0.32,0.62,0.48,True
0.5,rand,0.495,0.111,0.089,0.125,0.175,0.091,0.124,0.23888734641364465,0.32353164453030775,0.4287631884511155,0.45981447603189973,True,0.9959284176835249,0.9937233653861608,0.9315693996917023,0.86,0.3,0.66,0.5,True
0.5,rand,0.435,0.127,0.162,0.123,0.121,0.117,0.125,0.2813193007172812,0.35371651966843,0.4516375414358552,0.4807153868634026,True,0.9959087485203448,0.9949321071342092,0.9389451454853173,0.9,0.32,0.62,0.48,True
0.5,rand,0.394,0.206,0.135,0.139,0.175,0.069,0.093,0.2881992336126252,0.370421299283801,0.4735973345933007,0.5031776462462146,True,0.9985652897597782,0.9975328985750647,0.9581634313299573,0.98,0.32,0.66,0.5,True
0.5,rand,0.404,0.159,0.183,0.131,0.138,0.092,0.103,0.3062991919153602,0.38018248769760193,0.47582058972060925,0.5043497867736477,True,0.9987247428916989,0.9980878341157268,0.9626243548476375,0.92,0.34,0.62,0.48,True
0.5,rand,0.27,0.236,0.157,0.18,0.235,0.052,0.081,0.22806520131282687,0.3180709287452971,0.4163169289654956,0.4485478807156125,True,0.9817607110139196,0.9665450929564461,0.8419370421871357,0.74,0.42,0.56,0.6,False
0.5,rand,0.438,0.11,0.173,0.123,0.202,0.059,0.104,0.2793178332704331,0.3619740111662302,0.4555270005981422,0.4841335997217227,True,0.9968023560895118,0.9940461844173436,0.9340061760181959,0.86,0.26,0.64,0.48,True
0.5,rand,0.437,0.201,0.205,0.097,0.11,0.099,0.061,0.3924214565493269,0.45767167016161364,0.5606952655516813,0.5858144286126791,True,0.9947103503563519,0.9941028504908563,0.9363347629982371,0.86,0.34,0.62,0.48,False
0.5,rand,0.399,0.232,0.183,0.129,0.074,0.107,0.086,0.36976938958012057,0.4353175437335009,0.5366400086010817,0.5639325378937307,True,0.9956702784579115,0.9951257963544448,0.9397796292040786,0.9,0.4,0.58,0.56,True
0.5,rand,0.439,0.135,0.128,0.086,0.224,0.093,0.105,0.2497840904570161,0.3327078739255677,0.44234050720588736,0.47019942786176744,True,0.9975459227450486,0.9950324613637336,0.9399305910828496,0.88,0.3,0.66,0.54,True
0.5,rand,0.491,0.093,0.123,0.139,0.189,0.086,0.091,0.2453440140503117,0.3297992344571007,0.4309442288182472,0.4628472732612827,True,0.9963239122753432,0.9952213978089617,0.9410087105004051,0.86,0.26,0.66,0.46,True
0.5,rand,0.286,0.166,0.19,0.159,0.183,0.116,0.11,0.2117816732271117,0.29027516956064264,0.38574357200130727,0.41733026240131604,True,0.9887826274428224,0.975148888799249,0.8644207173373009,0.74,0.44,0.54,0.6,True
0.5,rand,0.492,0.22,0.087,0.067,0.207,0.055,0.082,0.33674675528109527,0.42031294987629336,0.5394541949601118,0.5646594378303772,True,0.9929650096773007,0.9860467755299946,0.897797550056443,0.86,0.24,0.74,0.5,True
0.5,rand,0.418,0.262,0.083,0.128,0.166,0.052,0.102,0.31336272078255045,0.39813493161918345,0.5093728669851313,0.5379651726170966,True,0.9948523951758852,0.9905009025061315,0.9161113226441141,0.92,0.3,0.68,0.5,True
0.5,rand,0.548,0.094,0.107,0.126,0.159,0.096,0.08,0.2780971570320317,0.3589576016858052,0.4649000843214138,0.4962077186387309,True,0.9933339734519953,0.992123239903781,0.9237395102461182,0.82,0.26,0.66,0.5,True
0.5,rand,0.292,0.175,0.223,0.125,0.16,0.114,0.121,0.2666763953373301,0.3382712841204079,0.43197070066817567,0.45972964684099793,True,0.9896592837308715,0.9766531249898727,0.8685029781423974,0.78,0.42,0.56,0.56,False
0.5,rand,0.296,0.176,0.234,0.07,0.224,0.072,0.138,0.29404932916045873,0.3697100572098409,0.4639422406469985,0.48667276168542173,True,0.9865322644979282,0.9711335491344518,0.8564029642203574,0.72,0.28,0.68,0.56,False
0.5,rand,0.309,0.231,0.226,0.075,0.258,0.054,0.057,0.33147405084172427,0.4101768260389251,0.5147258320990484,0.5380361298577184,True,0.9852201089505255,0.9745190785280405,0.8633379851956718,0.74,0.32,0.64,0.56,False
0.5,rand,0.485,0.159,0.07,0.121,0.141,0.104,0.129,0.25776534081073404,0.33897773571249473,0.4497435262872445,0.480303790492659,True,0.9951390556700977,0.9912643771443976,0.9187330272721022,0.92,0.32,0.64,0.5,True
0.5,rand,0.496,0.158,0.169,0.127,0.106,0.086,0.068,0.36506942264609565,0.43614380558821436,0.5355596563836514,0.5638407736506801,True,0.9957485416991553,0.9973717504335999,0.9580451778582536,0.9,0.28,0.64,0.44,True
0.5,rand,0.429,0.116,0.106,0.133,0.238,0.115,0.073,0.18462512222606425,0.27219361985366664,0.3840606628582133,0.417324837080111,True,0.9961712661098638,0.9920788445719783,0.9232128210246285,0.84,0.34,0.62,0.52,True
0.5,rand,0.459,0.152,0.111,0.109,0.198,0.119,0.063,0.2513780245039269,0.33199190630078956,0.4483427035146892,0.47890543580104084,True,0.9965925726602678,0.9926308789412591,0.9259435536761733,0.88,0.32,0.64,0.54,True
0.5,rand,0.334,0.225,0.15,0.107,0.209,0.042,0.145,0.28775759131668827,0.3721679875755902,0.4713086847345163,0.49702047850379416,True,0.9937915738407801,0.9924931897383507,0.9260810967212757,0.88,0.28,0.68,0.54,False
0.5,rand,0.313,0.234,0.193,0.155,0.173,0.089,0.053,0.2966419286814283,0.3732934142429581,0.4745357983871536,0.5045662778993848,True,0.9927117643321077,0.9859859527121929,0.89825127436986,0.82,0.44,0.54,0.54,False
0.5,rand,0.378,0.197,0.113,0.138,0.163,0.091,0.132,0.24765291848803817,0.3297741807922561,0.43401915815987013,0.46425512093741805,True,0.997762449230141,0.9953407476677733,0.941841516864958,0.92,0.36,0.62,0.54,True
0.5,rand,0.349,0.202,0.082,0.155,0.209,0.095,0.119,0.18642219742816857,0.27593237167968215,0.3855806404413628,0.4186271342997481,True,0.9924242255826485,0.9848736311466503,0.8947095409584738,0.84,0.36,0.62,0.54,True
0.5,rand,0.445,0.148,0.194,0.076,0.173,0.049,0.124,0.3570565792012291,0.43243647426551574,0.5267284992576433,0.5499126888794815,True,0.9942666058709464,0.9854135637310161,0.8973576639152467,0.76,0.2,0.72,0.42,False
0.5,rand,0.418,0.203,0.1,0.109,0.184,0.075,0.121,0.27502028066917816,0.35856679590126095,0.46795864789930847,0.49616406423923354,True,0.9981707251810209,0.9973390876245115,0.955436892063934,0.94,0.32,0.66,0.54,True
0.5,rand,0.295,0.185,0.109,0.178,0.172,0.12,0.151,0.15798288621844273,0.2430307469140942,0.3440660342880243,0.3783916788998818,True,0.9866118390456526,0.9688259209395215,0.8483038594242985,0.74,0.44,0.54,0.62,True
0.5,rand,0.266,0.237,0.23,0.2,0.111,0.056,0.111,0.31876099707640326,0.3934382285236575,0.47347320306661034,0.5036960950613034,True,0.9783297001228167,0.9546073064637365,0.8150402481142345,0.72,0.4,0.58,0.56,False
0.5,rand,0.496,0.104,0.212,0.138,0.078,0.094,0.088,0.3641474844757209,0.43074174504177204,0.5185568672855413,0.5469823160556446,True,0.9867970160285162,0.9922349508798218,0.9276058116968618,0.84,0.28,0.64,0.44,True
0.5,rand,0.33,0.243,0.212,0.156,0.14,0.063,0.065,0.3493542407833176,0.42331777820085315,0.5173510606718498,0.5456667070261904,True,0.9926888964925735,0.9858271198895108,0.8972389911049906,0.86,0.38,0.6,0.54,False
0.5,rand,0.354,0.196,0.159,0.086,0.272,0.069,0.073,0.2631220151487977,0.34855103821128014,0.45933163933721366,0.485953604040346,True,0.9939259455914038,0.9933182823091682,0.932072605954272,0.86,0.36,0.6,0.52,False
0.5,rand,0.382,0.218,0.217,0.09,0.134,0.054,0.115,0.39298756589457046,0.4628028268457016,0.5566215753212849,0.5792447007451154,True,0.9947047765713879,0.9882810764757731,0.9076738116364771,0.8,0.26,0.68,0.48,False
0.5,rand,0.497,0.182,0.16,0.134,0.091,0.073,0.072,0.3836261311277327,0.4550737867418315,0.5538497460851199,0.5819631375860127,True,0.9953104313285777,0.9960667045336165,0.9471381821170558,0.92,0.26,0.68,0.48,True
0.5,rand,0.355,0.222,0.156,0.132,0.121,0.113,0.113,0.2942308533225463,0.36669385504570245,0.47024035057835256,0.4989902145052673,True,0.9960626276502875,0.9909154223290467,0.9181929192169439,0.88,0.4,0.58,0.56,True
0.5,rand,0.425,0.203,0.19,0.073,0.109,0.105,0.105,0.3775873331149231,0.4424806650303526,0.5470775952758656,0.5704890602628447,True,0.9927392386171545,0.9882798872642093,0.9090354039152801,0.78,0.3,0.66,0.48,False
0.5,rand,0.473,0.121,0.181,0.091,0.169,0.092,0.083,0.3229892639189979,0.3969147612954068,0.4985083813620701,0.5250662680872127,True,0.9963415938082287,0.9938528082760851,0.9351891300737868,0.84,0.28,0.66,0.5,True
0.5,rand,0.42,0.196,0.103,0.075,0.252,0.101,0.064,0.25381087377763,0.33833316024822135,0.4616440455810142,0.4894219788508919,True,0.9935873902381679,0.9889622785186083,0.9091008207294142,0.88,0.3,0.68,0.54,True
0.5,rand,0.453,0.133,0.199,0.102,0.082,0.092,0.148,0.356827578485642,0.42313254063797384,0.5127344072511812,0.5378698133138319,True,0.9923933303990161,0.9932242442139136,0.931624752380585,0.9,0.3,0.64,0.44,True
0.5,rand,0.477,0.242,0.083,0.087,0.188,0.071,0.062,0.3343889839038172,0.4163201111987895,0.5379088382219739,0.5648461860251978,True,0.9948771790311275,0.9909526632566001,0.9177882575141275,0.9,0.3,0.68,0.48,True
0.5,rand,0.344,0.137,0.176,0.148,0.192,0.091,0.121,0.22485297068205842,0.30651405249712294,0.3998835413504594,0.4306762909718802,True,0.9955792594652455,0.9916616067838456,0.9216709131684048,0.86,0.38,0.6,0.54,True
0.5,rand,0.491,0.113,0.096,0.146,0.181,0.077,0.106,0.2411007602118015,0.32799798903702926,0.43013560855422367,0.4624680742581511,True,0.995690379478749,0.9929016214168883,0.9279354117988451,0.82,0.26,0.68,0.48,True
0.5,rand,0.497,0.151,0.165,0.092,0.099,0.07,0.136,0.37546220400965313,0.44600344072059545,0.5411915002460614,0.5658413224186587,True,0.9931920170656257,0.9915317022143891,0.9212478005692941,0.82,0.24,0.68,0.4,True
0.5,rand,0.306,0.112,0.126,0.176,0.252,0.071,0.167,0.12157029144789543,0.2171537240132642,0.307720306596096,0.34182346086478216,True,0.9862698652894906,0.9758712588955346,0.8665731821254425,0.82,0.36,0.6,0.52,True
0.5,rand,0.372,0.193,0.159,0.103,0.194,0.101,0.088,0.2780076147850901,0.35561501449740285,0.4641225316882791,0.4917919118323553,True,0.9969976834634411,0.9942526443285534,0.9350419422419852,0.84,0.38,0.6,0.58,True
0.5,rand,0.354,0.272,0.189,0.109,0.112,0.075,0.099,0.3837362859908153,0.4526433942914408,0.5540156811958729,0.57857231355093,True,0.995535500240256,0.9930915923662534,0.9291582030168893,0.88,0.34,0.64,0.52,False
0.5,rand,0.468,0.183,0.128,0.143,0.147,0.092,0.048,0.31108983674977664,0.3891683809600897,0.49753987109684195,0.5286129808519582,True,0.998964957311847,0.9983052403916468,0.9653106376126555,0.96,0.32,0.64,0.5,True
0.5,rand,0.297,0.299,0.226,0.111,0.121,0.056,0.1,0.40351288692874143,0.4717873547848803,0.567558591127568,0.5906507152631935,True,0.9878060055471355,0.9782808352136122,0.8730821551317814,0.78,0.36,0.62,0.52,False
0.5,rand,0.554,0.118,0.107,0.152,0.104,0.056,0.119,0.323521192633688,0.40406786059817773,0.4983683289556391,0.5291208095401851,True,0.9868589406188775,0.983188199174771,0.8882412437916928,0.78,0.2,0.7,0.46,True
0.5,rand,0.5,0.228,0.072,0.087,0.156,0.058,0.109,0.34285915827326563,0.42443951254158807,0.5398638863847793,0.5660328407550214,True,0.9934059088934856,0.9870671727922854,0.9014613109865024,0.86,0.28,0.7,0.48,True
0.5,rand,0.34,0.222,0.111,0.087,0.231,0.101,0.119,0.23108808020170013,0.3149000359925014,0.43127238390881417,0.4587041992237119,True,0.9913620059184899,0.9861015472517765,0.8989951809613588,0.84,0.36,0.62,0.6,True
0.5,rand,0.378,0.217,0.224,0.108,0.09,0.062,0.132,0.39984603813425723,0.4661769532737004,0.5548568350473896,0.5782258173492174,True,0.994605274722451,0.9902304531603642,0.9145559959542217,0.84,0.3,0.64,0.48,False
0.5,rand,0.366,0.247,0.115,0.144,0.151,0.09,0.096,0.2819639311028537,0.3619159986512534,0.4708094335836094,0.5010228766780398,True,0.996267847602771,0.9923060588916456,0.9251879056052146,0.88,0.36,0.62,0.56,True
0.5,rand,0.453,0.22,0.178,0.11,0.085,0.105,0.06,0.3943936822307119,0.45953324435231857,0.5656410741888493,0.5920555982030998,True,0.9948763132541802,0.9963055129535632,0.948594964247195,0.9,0.32,0.64,0.48,True
0.5,rand,0.36,0.226,0.216,0.144,0.096,0.114,0.053,0.3566645073439893,0.421896392662599,0.5214088489163722,0.5498695854007938,True,0.9929270777095086,0.9890641655730343,0.9100543965969838,0.86,0.42,0.56,0.54,False
0.5,rand,0.234,0.23,0.22,0.142,0.228,0.095,0.061,0.25179277334264877,0.33064376226443815,0.4314958540777309,0.460768216634528,True,0.980444315231958,0.9626082656823539,0.8328797487994338,0.66,0.46,0.52,0.64,False
0.5,rand,0.427,0.207,0.135,0.132,0.141,0.044,0.124,0.3333460574674019,0.4137675905267898,0.5108688106792555,0.5384336966389138,True,0.9968752698296558,0.992864630463967,0.9272074400723276,0.92,0.24,0.74,0.52,False
0.5,rand,0.405,0.173,0.129,0.139,0.197,0.076,0.091,0.25730982405707925,0.3418381687063207,0.4458439395075477,0.47646647062113334,True,0.9987819633802935,0.9980392197495397,0.9630667570201467,0.94,0.34,0.62,0.5,True
0.5,rand,0.484,0.112,0.18,0.088,0.123,0.06,0.163,0.3487715618168971,0.4218031844603432,0.5104739260474892,0.5347044363063576,True,0.9915527252193023,0.9871630343995546,0.9031042794337923,0.78,0.22,0.68,0.44,False
0.5,rand,0.452,0.219,0.16,0.099,0.117,0.071,0.092,0.38491712585591026,0.4562921013658938,0.5600280434037198,0.5851318664276306,True,0.9977520914822955,0.9968679619825551,0.9520926671106064,0.94,0.26,0.7,0.48,False
0.5,rand,0.474,0.114,0.16,0.132,0.177,0.068,0.085,0.2950731230679778,0.37591166022256817,0.47235326487148543,0.502030399370245,True,0.9969853116096055,0.9954933893435015,0.9428848311826856,0.88,0.26,0.66,0.46,True
0.5,rand,0.553,0.145,0.168,0.061,0.104,0.071,0.109,0.41593051600315717,0.4837499953043282,0.5847386216299865,0.6073638468860642,True,0.9855318596150979,0.9799493238723607,0.8787558057422544,0.7,0.22,0.74,0.42,True
0.5,rand,0.328,0.274,0.186,0.088,0.099,0.083,0.152,0.37271806930813184,0.4397293735964475,0.5395739931080294,0.5621599423519228,True,0.9931257937554596,0.9876191578994646,0.9052521314978605,0.82,0.36,0.62,0.5,False
0.5,rand,0.53,0.194,0.093,0.143,0.09,0.061,0.1,0.35681946245223595,0.43476546563758744,0.5379883490262086,0.5676223945617852,True,0.9923177040936503,0.9881985465774638,0.9057729499796202,0.88,0.22,0.74,0.5,True
0.5,rand,0.388,0.165,0.154,0.186,0.171,0.052,0.094,0.2655940869612509,0.35105189068533554,0.4416643110227744,0.4742887856901302,True,0.9916436325583173,0.9826972400406727,0.8862602884713768,0.84,0.28,0.66,0.52,True
0.5,rand,0.398,0.164,0.191,0.106,0.18,0.087,0.084,0.3089533873445431,0.38423482706850554,0.4848231522947755,0.5117817064547292,True,0.9984874050992796,0.9966925294600804,0.951984477764154,0.88,0.34,0.62,0.5,False
0.5,rand,0.503,0.225,0.121,0.092,0.128,0.066,0.076,0.3891562328635223,0.4637337456660156,0.5751143434124377,0.6006546148189172,True,0.9954775465702059,0.9923603864402619,0.9246813446342278,0.88,0.24,0.72,0.5,True
0.5,rand,0.407,0.126,0.24,0.118,0.087,0.1,0.131,0.3479399998616908,0.4122887930123628,0.49699484870318744,0.5229122962852233,True,0.9900934344658607,0.988686031715576,0.9094182600133853,0.84,0.36,0.58,0.52,False
0.5,rand,0.515,0.114,0.104,0.127,0.153,0.076,0.122,0.27810971304756615,0.3605205409416161,0.461476451087445,0.4916366248026632,True,0.9947918744484319,0.9928547829291134,0.9272426645107074,0.88,0.26,0.68,0.46,True
0.5,rand,0.584,0.085,0.124,0.161,0.077,0.062,0.117,0.3353840606283621,0.4127467116568621,0.5018651132134893,0.5331390093149317,True,0.9782720859710106,0.979426432718204,0.8773153778156487,0.76,0.2,0.7,0.46,True
0.5,rand,0.294,0.238,0.259,0.151,0.098,0.06,0.111,0.3784492741909908,0.4458434673237317,0.5279657810094434,0.5537568849298201,True,0.9855469488084612,0.9712641433733329,0.8530629326525512,0.8,0.38,0.6,0.54,False
0.5,rand,0.242,0.235,0.13,0.114,0.231,0.111,0.146,0.18386107421748052,0.2681454781400404,0.37822446236528556,0.40713635247599284,True,0.9814135140587461,0.9647848640148586,0.8381931875936173,0.68,0.46,0.52,0.64,True
0.5,rand,0.303,0.159,0.179,0.126,0.219,0.077,0.148,0.22183903787849407,0.30534144255150625,0.39889923888037526,0.4273322948010313,True,0.9935313326185473,0.9899820435160724,0.914046918951922,0.84,0.42,0.56,0.52,False
0.5,rand,0.294,0.202,0.189,0.174,0.137,0.108,0.107,0.2551413575668327,0.33035083756471695,0.4239761699173607,0.4554711762394147,True,0.9899941868487059,0.9772611833968444,0.8705480922611909,0.78,0.44,0.54,0.58,True
0.5,rand,0.439,0.125,0.189,0.062,0.218,0.078,0.099,0.30956970453555643,0.3865828981773036,0.4891013461928777,0.5133546969490899,True,0.9945601493949717,0.9865644123313805,0.9058283026685028,0.78,0.26,0.68,0.5,False
0.5,rand,0.302,0.225,0.105,0.171,0.213,0.057,0.137,0.2033746075480546,0.2951997537366221,0.3953578891645797,0.4275486031084314,True,0.986956755293262,0.9764239589138763,0.868804482561387,0.82,0.36,0.62,0.54,True
0.5,rand,0.436,0.131,0.16,0.131,0.146,0.087,0.118,0.2847125591828153,0.36196228982690276,0.45748473102432863,0.4867486072907793,True,0.9985303868719786,0.9986730471212278,0.9699376191969834,0.9,0.28,0.64,0.46,True
0.5,rand,0.462,0.189,0.072,0.129,0.183,0.062,0.111,0.2691276184908613,0.35678034261288755,0.46621557941372205,0.4964626802907559,True,0.9963178431561562,0.9921867990074166,0.9237114145631247,0.9,0.3,0.66,0.5,True
0.5,rand,0.391,0.125,0.182,0.096,0.13,0.097,0.189,0.2825880232861116,0.35488432667080344,0.44512220853889006,0.47062608063063094,True,0.9966194810815746,0.9939432962430148,0.9344854799832936,0.86,0.36,0.58,0.5,True
0.5,rand,0.421,0.263,0.149,0.114,0.082,0.046,0.135,0.404601286672297,0.4765064069469303,0.574398430775407,0.598774896955105,True,0.9954760935536499,0.9920159653667718,0.9228148687386464,0.92,0.26,0.72,0.5,False
0.5,rand,0.433,0.166,0.181,0.12,0.109,0.095,0.107,0.3387297498364856,0.4088522450264916,0.5055937102452268,0.5328993698163295,True,0.9977921302210125,0.9982095933391515,0.9647185315770316,0.94,0.32,0.64,0.5,True
0.5,rand,0.254,0.25,0.135,0.168,0.221,0.117,0.064,0.19147523231092664,0.276281666199434,0.3882513914019263,0.42181375696892054,True,0.9811162280215376,0.960453115906104,0.8283387316182946,0.68,0.44,0.54,0.68,True
0.5,rand,0.454,0.128,0.178,0.065,0.193,0.103,0.089,0.3096273673106844,0.38336952759370846,0.4902356201868333,0.5153735482114504,True,0.9940336286472928,0.9870951414523389,0.9060144889856536,0.78,0.32,0.64,0.52,True
0.5,rand,0.411,0.187,0.196,0.066,0.202,0.063,0.085,0.35349425583726213,0.42867347070203476,0.5325003424877188,0.5556254730094213,True,0.9947248261599315,0.9878553993974976,0.9098065675126682,0.76,0.22,0.72,0.48,False
0.5,rand,0.536,0.104,0.09,0.132,0.183,0.054,0.111,0.27077631390533424,0.3587239470173561,0.45986038229368104,0.4906760598965793,True,0.9918890201557733,0.9854324323373632,0.8959562344739901,0.8,0.22,0.68,0.48,True
0.5,rand,0.451,0.119,0.143,0.099,0.191,0.096,0.111,0.26426158298182156,0.34399793526132777,0.4478209172648486,0.47607504706175424,True,0.9981600388741335,0.9965766894242378,0.9506124020215473,0.9,0.28,0.66,0.52,True
0.5,rand,0.504,0.136,0.088,0.148,0.155,0.099,0.081,0.257718260809972,0.34062819320084814,0.44892893437435,0.481842137679214,True,0.9959016724566697,0.9932735922190046,0.9292978427547524,0.9,0.32,0.64,0.48,True
0.5,rand,0.416,0.134,0.197,0.084,0.205,0.06,0.114,0.31337478922009376,0.39152682448564413,0.48720423645981253,0.5119655183159162,True,0.996050127432731,0.9900865080776574,0.9160664534190349,0.82,0.26,0.66,0.5,False
0.5,rand,0.441,0.211,0.097,0.165,0.146,0.042,0.108,0.3012843750286698,0.3872224345157154,0.4871743134751631,0.5182458547842839,True,0.9932324863599169,0.9845207137855441,0.8934938784958159,0.84,0.26,0.7,0.5,True
0.5,rand,0.299,0.255,0.225,0.104,0.121,0.063,0.143,0.3708075656001612,0.4396153367155327,0.5306791191062973,0.553593358506897,True,0.9910097981124043,0.9819606307542306,0.8842256578163867,0.76,0.36,0.62,0.54,False
0.5,rand,0.458,0.223,0.108,0.063,0.158,0.093,0.107,0.3366082764836097,0.4117911867247664,0.5293697459947354,0.5539412669653818,True,0.993221847904594,0.9877861539816699,0.9045174503545088,0.84,0.28,0.7,0.46,True
0.5,rand,0.406,0.135,0.18,0.159,0.112,0.094,0.124,0.2850303584728339,0.3593127352735673,0.44832509613086274,0.47886946290588916,True,0.9956403064514021,0.9947024126102121,0.9377969965295542,0.9,0.34,0.6,0.46,True
0.5,rand,0.6,0.15,0.128,0.062,0.101,0.095,0.074,0.40641465136360067,0.47461046328317696,0.587091129234437,0.6116710000090473,True,0.9831251470540427,0.979754895313474,0.8780290920313933,0.74,0.26,0.68,0.4,True
0.5,rand,0.518,0.129,0.17,0.09,0.176,0.066,0.062,0.3558271426183883,0.43215844553637395,0.5348099391208369,0.5610067818585609,True,0.9948273103223657,0.9902402612041112,0.9159234589727547,0.8,0.24,0.66,0.42,True
0.5,rand,0.333,0.159,0.104,0.184,0.256,0.117,0.057,0.13337574558175574,0.22581520508663458,0.3366011059358075,0.3736870949022942,True,0.9877967796352768,0.9735005906810988,0.8600574997022696,0.74,0.4,0.56,0.56,True
0.5,rand,0.496,0.199,0.172,0.116,0.097,0.055,0.076,0.4158719758156041,0.48662594981710006,0.5847250400040729,0.6105054952615684,True,0.9940952698175028,0.9919788946173883,0.9228383516975663,0.9,0.22,0.72,0.48,False
0.5,rand,0.326,0.108,0.247,0.121,0.201,0.055,0.154,0.2717893331442944,0.35026032363388165,0.4290100073871518,0.45516892347813565,True,0.987663163310033,0.9746803659061894,0.8612651947324369,0.8,0.3,0.62,0.54,False
0.5,rand,0.594,0.11,0.119,0.169,0.101,0.047,0.07,0.3531081396455937,0.4333317290779926,0.5270731956464337,0.5590700174103622,True,0.9808455726278459,0.9758409969014381,0.8660456542268488,0.78,0.2,0.7,0.44,True
0.5,rand,0.28,0.238,0.2,0.134,0.134,0.107,0.118,0.29493645708018446,0.3659809283568898,0.46377074814976726,0.49139326922698945,True,0.9900086559248548,0.9783445441391769,0.8735773939618603,0.78,0.44,0.54,0.58,False
0.5,rand,0.295,0.155,0.224,0.16,0.179,0.103,0.093,0.24442211636273564,0.32068466380295246,0.4109388248701161,0.4417177158738935,True,0.9889314147756689,0.9767041914687777,0.8685373639036729,0.76,0.44,0.54,0.58,False
0.5,rand,0.409,0.103,0.2,0.143,0.143,0.106,0.106,0.2721643511414612,0.34598413070828005,0.43656313816441195,0.46669767007363305,True,0.9948239460644073,0.9933624223737163,0.9304459917105156,0.86,0.32,0.6,0.48,True
0.5,rand,0.409,0.187,0.163,0.162,0.186,0.053,0.051,0.3048398104809017,0.38799070582256406,0.4863615079084583,0.5173240836799259,True,0.9960350203357212,0.9915671835485229,0.9202896119776509,0.9,0.26,0.72,0.56,False
0.5,rand,0.501,0.187,0.136,0.1,0.195,0.036,0.055,0.36248002741942775,0.44475688778728234,0.5518556033695039,0.5783093394881574,True,0.9948513311567417,0.9871220923003725,0.9023142456015579,0.84,0.22,0.72,0.46,False
0.5,rand,0.357,0.28,0.186,0.137,0.14,0.055,0.054,0.38115769437483027,0.45537408738817525,0.557109604596522,0.5839803595161697,True,0.9943610996901519,0.9906911853130996,0.9169978043433411,0.88,0.32,0.66,0.54,False
0.5,rand,0.296,0.133,0.166,0.114,0.26,0.125,0.116,0.15995887604915643,0.2440132705748472,0.34899669589231425,0.3793594898934334,True,0.9872907123390066,0.9736785237641437,0.8601728178041086,0.76,0.42,0.56,0.62,True
0.5,rand,0.344,0.181,0.097,0.172,0.174,0.141,0.101,0.16909543623869674,0.2524593960914499,0.36285308847343595,0.39810966933164005,True,0.9886244272406435,0.9720524762381197,0.8558343411436536,0.74,0.42,0.56,0.58,True
0.5,rand,0.513,0.146,0.157,0.093,0.189,0.052,0.06,0.3543509741596141,0.4337390589902172,0.5379242022604627,0.5642467525610646,True,0.9953054418535348,0.9892131276547488,0.9110838727424909,0.8,0.24,0.68,0.42,False
0.5,rand,0.256,0.175,0.204,0.128,0.237,0.096,0.114,0.21213978117460824,0.29362808861006345,0.39052831146916384,0.4194058289500094,True,0.9856441063647615,0.9727135370024582,0.8573917645263068,0.72,0.42,0.56,0.6,False
0.5,rand,0.523,0.121,0.204,0.103,0.116,0.06,0.083,0.3983226884095257,0.4683660227174153,0.5600639157865391,0.5854338963708916,True,0.9885768979417056,0.9855147472737742,0.8966057898912572,0.78,0.22,0.68,0.44,False
0.5,rand,0.469,0.141,0.119,0.109,0.232,0.06,0.08,0.26959512772997757,0.35704284752348725,0.4643948769029034,0.49348932228135756,True,0.9977726742739875,0.9953573925584196,0.9414594994439571,0.94,0.26,0.7,0.5,True
0.5,rand,0.322,0.15,0.122,0.163,0.241,0.073,0.139,0.16201230916047127,0.2546773307117466,0.3518379094274378,0.3847629485643217,True,0.9908130513590733,0.9847202436182739,0.8943526838506014,0.84,0.36,0.62,0.52,True
0.5,rand,0.277,0.192,0.216,0.077,0.261,0.078,0.109,0.2628704755308084,0.3427249206710818,0.4442690868308743,0.4686838758373064,True,0.9847482683267478,0.9720979170664292,0.8569036544516142,0.72,0.34,0.62,0.58,False
0.5,rand,0.489,0.206,0.086,0.092,0.159,0.062,0.116,0.3279314853866073,0.40939588638030966,0.5210241448454376,0.5475942633044042,True,0.9955207939679164,0.9910015935516381,0.9179811532481126,0.9,0.26,0.72,0.5,True
0.5,rand,0.295,0.266,0.169,0.134,0.19,0.061,0.095,0.29978021394854765,0.3804253006771083,0.4826044758531006,0.5102597064914935,True,0.990791378940598,0.9859544217100704,0.898215630592928,0.82,0.42,0.56,0.54,False
0.5,rand,0.311,0.242,0.129,0.08,0.229,0.07,0.15,0.2587262967142344,0.3427903582459023,0.45234248109447805,0.4773303821535207,True,0.9908809583715693,0.9893925345295984,0.9129864117535564,0.84,0.38,0.6,0.56,False
0.5,rand,0.345,0.18,0.167,0.106,0.201,0.091,0.121,0.25950063561127895,0.3388021091482765,0.440941530107095,0.46828790044133256,True,0.9967842755765743,0.9944550663759187,0.9360831598669522,0.82,0.4,0.58,0.58,True
0.5,rand,0.472,0.123,0.11,0.084,0.18,0.126,0.115,0.24709833762465785,0.32520429899699316,0.4382462952504889,0.46680903255866546,True,0.9932879246218715,0.9869118090800915,0.9010356823560788,0.86,0.28,0.68,0.54,True
0.5,rand,0.435,0.123,0.146,0.091,0.17,0.085,0.16,0.2713318452339171,0.34990172965403893,0.44806472275136827,0.4745822532729387,True,0.9981601896987928,0.9966975244743485,0.9520784095998336,0.9,0.3,0.64,0.48,True
0.5,rand,0.4,0.265,0.086,0.108,0.208,0.081,0.062,0.2896672059961195,0.374058076924427,0.49590342643245927,0.5246140924709519,True,0.9942918622739523,0.9918703339731109,0.9227289043354574,0.88,0.32,0.66,0.52,True
0.5,rand,0.374,0.197,0.227,0.092,0.098,0.105,0.116,0.37159992710395323,0.4345792980250957,0.5301830766950152,0.5540021798226133,True,0.9921610729019562,0.9865154303314918,0.9020513203293653,0.78,0.42,0.54,0.5,False
0.5,rand,0.358,0.161,0.125,0.14,0.22,0.064,0.142,0.21271900165515367,0.30178357958023694,0.3999951770531491,0.4304427111400697,True,0.9958880692659752,0.994609136652598,0.9377839970344378,0.94,0.32,0.66,0.5,True
0.5,rand,0.46,0.213,0.135,0.084,0.134,0.072,0.112,0.36362781689852325,0.43771079406876967,0.5449039693846934,0.5695935816282625,True,0.9970962317533085,0.9948160045028656,0.9382658170308482,0.92,0.26,0.7,0.46,True
0.5,rand,0.422,0.245,0.13,0.154,0.122,0.079,0.058,0.33892664547480333,0.4156082430988776,0.5225732703382346,0.5528342582778003,True,0.998045086069665,0.995920506015098,0.9468869983243231,0.94,0.34,0.64,0.5,True
0.5,rand,0.51,0.134,0.149,0.111,0.138,0.052,0.116,0.34770346124895335,0.4254147279378717,0.5206712360789603,0.547486680012578,True,0.9935319468763865,0.989118560297244,0.9105735377245349,0.82,0.24,0.66,0.46,True
0.5,rand,0.476,0.132,0.105,0.14,0.199,0.072,0.086,0.25194390774592174,0.3390223247260401,0.4437805657576533,0.47552711149160387,True,0.9974377517334092,0.9950443111383924,0.9398811091336969,0.9,0.28,0.68,0.46,True
0.5,rand,0.499,0.19,0.086,0.14,0.08,0.096,0.119,0.3190556353792298,0.39463531566766946,0.5007116435469967,0.5310101968459994,True,0.9940720121125004,0.9922091371313767,0.9241563327669468,0.92,0.3,0.66,0.5,True
0.5,rand,0.276,0.283,0.221,0.086,0.195,0.081,0.068,0.35004649263276916,0.4217380281593465,0.5285945779472422,0.5520619704620661,True,0.9835368568158357,0.9712687259701707,0.8549113769903904,0.68,0.42,0.56,0.56,False
0.5,rand,0.319,0.137,0.189,0.138,0.253,0.069,0.105,0.21319544456774078,0.29994418890822305,0.393736160552513,0.4237546048425784,True,0.9920060266712684,0.987603990871871,0.9046503806755377,0.9,0.34,0.62,0.52,False
0.5,rand,0.383,0.166,0.17,0.161,0.198,0.051,0.081,0.2757064759455029,0.36051015987822976,0.4541667900471925,0.48500918745440164,True,0.9944343181178088,0.989001661329776,0.908895344838865,0.9,0.26,0.72,0.56,False
0.5,rand,0.438,0.21,0.19,0.096,0.142,0.041,0.094,0.40052378922503656,0.47393344493910045,0.5708457673156484,0.5945430091186242,True,0.9950690142174051,0.9885242631159042,0.9075262044661233,0.84,0.24,0.7,0.46,False
0.5,rand,0.379,0.207,0.185,0.09,0.103,0.109,0.137,0.34257421226463936,0.4090080917781614,0.5095332352003156,0.5340722032862538,True,0.9948014855599603,0.9900925844154154,0.9146172193828342,0.78,0.4,0.56,0.52,True
0.5,rand,0.556,0.161,0.076,0.062,0.209,0.088,0.059,0.3121479824976259,0.39448548292437374,0.5185303347709763,0.5454752455963344,True,0.9910838874168354,0.9824235854012925,0.8858820450973452,0.76,0.26,0.68,0.48,True
0.5,rand,0.371,0.12,0.183,0.142,0.219,0.089,0.087,0.23092133323670155,0.31361718643478986,0.409700188330666,0.4405938858139526,True,0.9963080064586807,0.9936573757474221,0.9319359015862739,0.88,0.32,0.62,0.5,True
0.5,rand,0.545,0.146,0.17,0.079,0.114,0.081,0.073,0.401713772678278,0.47034871675854417,0.5739385406082469,0.5986540505175105,True,0.9898353820458065,0.9877171723827178,0.9054618007739312,0.78,0.24,0.7,0.42,True
0.5,rand,0.486,0.156,0.182,0.112,0.146,0.068,0.059,0.36691306862419165,0.44072587510526223,0.5403115223120756,0.5673197131316463,True,0.9968418061780296,0.9953942255469155,0.9419727698317781,0.88,0.28,0.66,0.48,False
0.5,rand,0.34,0.239,0.168,0.145,0.14,0.054,0.123,0.3230761623932706,0.40112867808879726,0.49528768196137063,0.5229779179149028,True,0.9951348298669629,0.9905604685296513,0.9161616432703711,0.92,0.34,0.64,0.54,False
0.5,rand,0.398,0.238,0.088,0.106,0.19,0.118,0.072,0.2603628648722828,0.3409833601394206,0.4641330265568887,0.4937247362612938,True,0.9926804482500193,0.9854993221290523,0.8960971322275096,0.84,0.38,0.6,0.58,True
0.5,rand,0.521,0.177,0.088,0.052,0.191,0.079,0.102,0.324443141200771,0.40473202453373136,0.5235334157231964,0.5483481208274831,True,0.9911485145897793,0.98239420523953,0.8858707229564374,0.76,0.24,0.72,0.4,True
0.5,rand,0.406,0.112,0.156,0.145,0.132,0.124,0.135,0.23423587570502946,0.30982220166515934,0.40528113666130383,0.4366590262861495,True,0.9945871382199277,0.9914894727865646,0.9204778949875624,0.86,0.38,0.58,0.52,True
0.5,rand,0.235,0.154,0.227,0.161,0.225,0.059,0.149,0.2107570699247291,0.2952341510826519,0.3761747492802232,0.40580621547009776,True,0.977597174700398,0.9568804121034558,0.8200052165715886,0.7,0.38,0.58,0.6,False
0.5,rand,0.466,0.156,0.17,0.086,0.214,0.044,0.074,0.34157282964194763,0.42251597264948243,0.5249363313765213,0.5502289209528168,True,0.995525771290181,0.9884800009139137,0.9079107379184369,0.82,0.24,0.7,0.44,False
0.5,rand,0.444,0.143,0.18,0.138,0.164,0.06,0.081,0.3200305404103989,0.39879643191297054,0.4924048622141184,0.521323948296147,True,0.997058072680472,0.9945983091683316,0.9369000313665237,0.9,0.26,0.66,0.48,False
0.5,rand,0.414,0.173,0.091,0.108,0.227,0.099,0.098,0.22149443682518102,0.30803285860381785,0.42342394853739906,0.45355971432131675,True,0.9964239086989543,0.9936596124911167,0.9311626412961252,0.9,0.32,0.66,0.56,True
0.5,rand,0.401,0.141,0.1,0.091,0.207,0.132,0.137,0.1948779418455171,0.27676757096847754,0.39077203621842777,0.4201544191434888,True,0.991946279055828,0.9823163764113774,0.8852249415861397,0.8,0.36,0.6,0.62,True
0.5,rand,0.432,0.233,0.116,0.085,0.109,0.104,0.132,0.3371675566598702,0.4086618408068964,0.5204093821341471,0.5458296469907248,True,0.9945862410844721,0.9908904041024761,0.9179476061639412,0.86,0.3,0.68,0.52,True
0.5,rand,0.315,0.298,0.11,0.139,0.211,0.049,0.088,0.28302507474068567,0.37052014835848596,0.48134024411604753,0.5103096785899823,True,0.9881178238115375,0.9823158524417498,0.8867312056654315,0.88,0.34,0.64,0.52,False
0.5,rand,0.425,0.208,0.174,0.137,0.09,0.044,0.133,0.3790985253979248,0.4524407884755627,0.5414577560833396,0.5677226550692521,True,0.994775303484171,0.9903007176095858,0.9151598434693053,0.9,0.24,0.72,0.5,False
0.5,rand,0.301,0.172,0.223,0.072,0.241,0.102,0.098,0.26727878980591496,0.34286647676971005,0.4460085868132337,0.4706857214195351,True,0.9857382979921135,0.9696336138102988,0.8519609109375236,0.7,0.36,0.62,0.58,False
0.5,rand,0.339,0.201,0.217,0.092,0.131,0.087,0.143,0.3403409700552332,0.4087666487483983,0.5024191906690098,0.5260943354652962,True,0.9946887670220819,0.9879130446061736,0.9074926573819521,0.8,0.4,0.56,0.5,False
0.5,rand,0.359,0.153,0.205,0.116,0.192,0.088,0.098,0.2818517071884888,0.3584375293191699,0.45455068597496656,0.48211815112632517,True,0.9967488882052469,0.9932584606112692,0.9292043302576248,0.82,0.38,0.56,0.54,False
0.5,rand,0.399,0.212,0.203,0.079,0.125,0.058,0.133,0.39202472945926203,0.4613459991368351,0.5562901391008226,0.5782973536558434,True,0.9951574843818352,0.9891569737442442,0.9126723271780025,0.82,0.28,0.66,0.44,False
0.5,rand,0.375,0.185,0.165,0.19,0.087,0.059,0.148,0.302175094450234,0.37958936482367617,0.462571550424328,0.49362454441719944,True,0.9903073720836533,0.9819873023146461,0.8841115977302043,0.86,0.32,0.64,0.5,True
0.5,rand,0.414,0.161,0.223,0.075,0.085,0.116,0.136,0.3706457113394613,0.4314773182585591,0.5265777681358713,0.5496123787631491,True,0.9877609698463962,0.9819164784759383,0.8873539234153616,0.76,0.34,0.62,0.52,False
0.5,rand,0.464,0.147,0.204,0.084,0.158,0.057,0.097,0.37446598777072243,0.4472324009930661,0.5423403310959587,0.5662614701886994,True,0.9942526376628747,0.9874515914354033,0.9048541792118783,0.78,0.22,0.7,0.42,False
0.5,rand,0.259,0.21,0.174,0.216,0.171,0.1,0.079,0.2055716403743481,0.28826755211770255,0.38227667788211883,0.41779046829182925,True,0.9797844039619966,0.9550318399284268,0.8174116076265941,0.74,0.44,0.54,0.62,True
0.5,rand,0.334,0.134,0.225,0.077,0.186,0.108,0.147,0.2737504312486412,0.3453086725834982,0.4398959690754371,0.46432915652599455,True,0.9898002683290047,0.9756300671669621,0.868641359864604,0.74,0.36,0.62,0.56,False
0.5,rand,0.474,0.115,0.2,0.114,0.154,0.104,0.048,0.32744373256239667,0.3989375693621062,0.49915114663709004,0.52763642077198,True,0.9952314799362622,0.9950243966284137,0.9412167024222672,0.84,0.3,0.62,0.5,True
0.5,rand,0.454,0.201,0.156,0.074,0.2,0.052,0.073,0.3590253916886617,0.43777035149225346,0.5465103454304446,0.5707586254725796,True,0.9959330610214002,0.9908993282782653,0.9183505905125491,0.8,0.22,0.72,0.44,False
0.5,rand,0.478,0.218,0.098,0.1,0.184,0.071,0.062,0.3267346914911368,0.4085158110893315,0.5252818896836717,0.5530980588569315,True,0.9971815974254165,0.994648694934558,0.9368635489124875,0.92,0.28,0.7,0.5,True
0.5,rand,0.387,0.216,0.194,0.103,0.117,0.108,0.085,0.3549720402289796,0.4218139620179666,0.5254690445642514,0.5512720761980773,True,0.9953944190709382,0.9923012430122929,0.9247966627360666,0.84,0.4,0.58,0.54,False
0.5,rand,0.398,0.18,0.139,0.097,0.18,0.07,0.146,0.2866578049818687,0.36706730120764736,0.4685492401816574,0.49473322933902436,True,0.99918057505124,0.9990675978794399,0.9742651930550827,0.96,0.3,0.68,0.54,True
0.5,rand,0.267,0.162,0.229,0.121,0.234,0.061,0.135,0.24699624544518467,0.3286721777782927,0.4163512216846161,0.4430812162438942,True,0.9855334118070056,0.9735077064084914,0.8586489415056267,0.76,0.38,0.58,0.58,False
0.5,rand,0.246,0.261,0.219,0.143,0.112,0.1,0.13,0.31206473761528597,0.38077182773343343,0.47366786686369183,0.500687751193064,True,0.984839446173587,0.9677378269641722,0.8454884203852212,0.72,0.46,0.52,0.56,False
0.5,rand,0.463,0.219,0.108,0.147,0.111,0.077,0.085,0.3329649707805059,0.41063477952938787,0.5167259220216188,0.5468336205457427,True,0.9975518944249954,0.9953429888898407,0.942007574931606,0.96,0.32,0.64,0.5,True
0.5,rand,0.359,0.163,0.249,0.081,0.19,0.094,0.073,0.3357595004995413,0.4052864909980873,0.503335088832031,0.5274845907208686,True,0.9903386832829288,0.9787599197384382,0.8791298557307645,0.78,0.32,0.62,0.56,False
0.5,rand,0.32,0.22,0.168,0.119,0.158,0.076,0.149,0.2890809186386761,0.3662698210427638,0.46328758864945824,0.48988173521841116,True,0.9964594620859141,0.9941327994059755,0.9342686819518365,0.88,0.4,0.58,0.52,False
0.5,rand,0.561,0.131,0.122,0.13,0.117,0.045,0.104,0.35769051291744913,0.4368830316218688,0.5330585545373232,0.5616077941366674,True,0.9877790128159293,0.981679932448549,0.8835002021211822,0.8,0.2,0.72,0.44,True
0.5,rand,0.413,0.104,0.143,0.191,0.102,0.128,0.128,0.21618071702971325,0.29290311344588477,0.38440348576381017,0.4193994107791351,True,0.9888258958908809,0.9838980957811918,0.8912189668504489,0.82,0.36,0.58,0.5,True
0.5,rand,0.497,0.17,0.161,0.148,0.095,0.043,0.095,0.3813339319085683,0.4565691043134568,0.5475379736430505,0.575815543649849,True,0.9909203117803953,0.9861613925629144,0.8989905682372853,0.84,0.22,0.7,0.48,True
0.5,rand,0.408,0.182,0.128,0.176,0.175,0.088,0.052,0.25568860025125123,0.3394183199808959,0.4438900210597876,0.4776875704348118,True,0.9967279521149284,0.9922959198554295,0.9271097341896786,0.88,0.38,0.58,0.46,True
0.5,rand,0.347,0.15,0.238,0.081,0.171,0.105,0.119,0.3093643751708335,0.3783617256995017,0.47326415283840495,0.49750736343434665,True,0.9904766696170428,0.9779229953064534,0.8756422169926046,0.76,0.34,0.62,0.56,False
0.5,rand,0.529,0.155,0.099,0.087,0.168,0.081,0.091,0.31852175825788503,0.39824815109135697,0.5108103973601418,0.5382030239806309,True,0.9949640632579887,0.9907119967190299,0.9171961514785039,0.84,0.26,0.68,0.46,True
0.5,rand,0.523,0.142,0.094,0.116,0.152,0.09,0.093,0.29341746396348684,0.3738788032761684,0.4833351888293311,0.5132169050875197,True,0.9957560166343755,0.9934368061117446,0.9299331406612465,0.88,0.26,0.68,0.5,True
0.5,rand,0.248,0.206,0.12,0.103,0.237,0.136,0.16,0.14916490982259037,0.23294150506280975,0.3458714401202112,0.3752106580222178,True,0.9776812190833861,0.9528816876091939,0.8127523369737512,0.68,0.46,0.52,0.62,True
0.5,rand,0.339,0.183,0.224,0.177,0.098,0.068,0.12,0.3258889977337361,0.39800469853611276,0.47868782144733196,0.5080843383024277,True,0.9897822454332571,0.9809075727184754,0.8802230713361971,0.84,0.38,0.58,0.54,False
0.5,rand,0.347,0.111,0.128,0.148,0.231,0.118,0.127,0.14477267801370586,0.23227744235786768,0.33419784515925083,0.3676298334528255,True,0.9923558798765573,0.9843579758217044,0.8921297701856998,0.8,0.4,0.56,0.58,True
0.5,rand,0.416,0.166,0.175,0.125,0.171,0.101,0.056,0.30075812213917386,0.37619066464082596,0.48070644237282323,0.509985802139404,True,0.998886147629607,0.9979991647753139,0.961703487387135,0.9,0.36,0.6,0.52,True
0.5,rand,0.257,0.211,0.161,0.192,0.147,0.107,0.136,0.20574391869561864,0.28593177419765,0.3791502143927369,0.4124304871445265,True,0.9834995252169931,0.9624540508763678,0.8334437591520639,0.72,0.48,0.5,0.6,True
0.5,rand,0.427,0.126,0.19,0.116,0.152,0.106,0.093,0.2965847270334693,0.3694893186997068,0.467247956059459,0.495552648974525,True,0.997048106317192,0.9956210864822496,0.9437897637782069,0.86,0.34,0.58,0.48,True
0.5,rand,0.43,0.194,0.141,0.123,0.108,0.083,0.131,0.32670195510824457,0.4008338488568792,0.5003335170713373,0.5279403338999006,True,0.9991551430839906,0.9992295012374232,0.9777700246738804,0.96,0.3,0.66,0.5,True
0.5,rand,0.517,0.1,0.113,0.133,0.159,0.065,0.122,0.277984852065614,0.3617528382918182,0.4589089537624274,0.4892666491101961,True,0.9932993384678531,0.9904312051817672,0.9159876177712323,0.84,0.24,0.68,0.46,True
0.5,rand,0.524,0.171,0.101,0.157,0.14,0.061,0.056,0.32469348956413246,0.40739399295955986,0.5124264832943709,0.5442465398228561,True,0.994419838299472,0.9894519657948065,0.9115640153846928,0.86,0.24,0.72,0.46,True
0.5,rand,0.532,0.188,0.075,0.072,0.2,0.04,0.103,0.33515925231443416,0.42093615285161606,0.5354464134982586,0.5609284755756815,True,0.9905587263697362,0.9789479373029749,0.8743883947217018,0.82,0.22,0.74,0.44,True
0.5,rand,0.416,0.167,0.166,0.093,0.167,0.102,0.099,0.30299566359302244,0.37720076808415687,0.4825728501082342,0.5092336307876618,True,0.9978566086309292,0.9952637909009591,0.9417404562738919,0.86,0.36,0.6,0.52,True
0.5,rand,0.443,0.206,0.106,0.103,0.2,0.088,0.064,0.2907609771813367,0.37286486239083444,0.4898901903215664,0.5185724075200532,True,0.9978575833488533,0.9964062466234085,0.9483261682352724,0.94,0.32,0.66,0.54,True
0.5,rand,0.52,0.149,0.101,0.071,0.206,0.089,0.073,0.3005684403778241,0.38185076269771706,0.4995119416825321,0.5265578109668212,True,0.9943905108242409,0.9885906916351859,0.9084957151986742,0.82,0.28,0.66,0.48,True
0.5,rand,0.3,0.251,0.1,0.126,0.193,0.119,0.122,0.21089983587610922,0.2934111897885175,0.4086666221395661,0.43897549488310633,True,0.9869757799251639,0.9734387211454161,0.8595937112636012,0.76,0.44,0.54,0.6,True
0.5,rand,0.304,0.219,0.252,0.11,0.112,0.053,0.159,0.37540086664299943,0.44313814730608225,0.5250039803689063,0.5476340512642792,True,0.9886005525651279,0.9749942758252008,0.8625106302322968,0.74,0.32,0.62,0.54,False
0.5,rand,0.567,0.163,0.114,0.101,0.102,0.071,0.092,0.3809100477186046,0.4549617643384092,0.5609006077036256,0.5877594160370064,True,0.9903882413362952,0.9875810579385664,0.9040633067025398,0.82,0.22,0.72,0.44,True
0.5,rand,0.426,0.107,0.217,0.133,0.169,0.104,0.054,0.2966517072630059,0.3699170685713478,0.46515023238336084,0.4948529977173674,True,0.9951533543903365,0.9933960948523286,0.9304824741645518,0.84,0.32,0.6,0.5,True
0.5,rand,0.465,0.16,0.175,0.176,0.093,0.055,0.087,0.35287742239755776,0.4283182088421228,0.5157136541545942,0.5463295439666619,True,0.9905146536681706,0.9867459293341092,0.9002569706647522,0.88,0.28,0.66,0.5,True
0.5,rand,0.414,0.228,0.176,0.12,0.106,0.077,0.09,0.3764456532156142,0.4467141481012535,0.5468836238451559,0.573153636385962,True,0.9984757199859252,0.9984315801762854,0.9660537055270499,0.96,0.3,0.66,0.48,False
0.5,rand,0.275,0.272,0.215,0.142,0.127,0.092,0.088,0.33391545932218347,0.4038669251723537,0.5014719751543624,0.5287831883360299,True,0.9882294456696806,0.9768429119188246,0.8692460460567919,0.78,0.44,0.54,0.54,False
0.5,rand,0.444,0.089,0.152,0.117,0.21,0.079,0.118,0.24132346813721364,0.3251149620773194,0.4220263757202621,0.45147060614484946,True,0.9975182425138125,0.9965547209696031,0.9506711094188471,0.88,0.26,0.66,0.48,True
0.5,rand,0.306,0.191,0.125,0.18,0.235,0.06,0.113,0.18686165412315514,0.2798096490416374,0.37775565414732853,0.41119382022312617,True,0.9867413507700238,0.9757266518278901,0.8664389937887574,0.8,0.36,0.62,0.56,True
0.5,rand,0.251,0.198,0.233,0.08,0.206,0.085,0.156,0.2780028051642014,0.3521262455441474,0.44577150782169345,0.46901387226516533,True,0.9825861454030445,0.963345839040341,0.835958951787808,0.66,0.38,0.58,0.6,False
0.5,rand,0.346,0.217,0.149,0.141,0.196,0.083,0.077,0.2659762305441499,0.3480208249967069,0.4535077769945547,0.48366636737325686,True,0.9961997569965172,0.9938316044018399,0.9326890336259198,0.92,0.36,0.62,0.54,True
0.5,rand,0.433,0.218,0.186,0.128,0.144,0.044,0.058,0.38896632216817323,0.4641953535757072,0.5621526161355446,0.5887264089641867,True,0.9961888280680913,0.9918517821098642,0.9222688899437583,0.88,0.24,0.7,0.5,False
0.5,rand,0.456,0.153,0.167,0.116,0.136,0.053,0.128,0.3410853266456537,0.41768186901854243,0.5100601194534917,0.5365219628730764,True,0.9966110839457935,0.9936560094365667,0.9318906130226426,0.86,0.26,0.64,0.48,False
0.5,rand,0.353,0.222,0.098,0.192,0.114,0.088,0.143,0.2390916673386733,0.3217291991244995,0.41982253455699187,0.45333771182824223,True,0.9913119965847219,0.9795757616193703,0.8802956169057176,0.84,0.38,0.6,0.52,True
0.5,rand,0.343,0.229,0.152,0.195,0.113,0.062,0.116,0.2929266245538145,0.3728977289553284,0.4635016229408573,0.49545813179073833,True,0.9901374774365223,0.9782415435984012,0.8738340291557709,0.84,0.4,0.58,0.56,True
0.5,rand,0.51,0.199,0.105,0.122,0.093,0.096,0.085,0.3498549378740052,0.42312094021842456,0.5330453500581861,0.5619316883872854,True,0.9951350269155828,0.9943597002395407,0.9363842449473898,0.92,0.28,0.66,0.5,True
0.5,rand,0.59,0.156,0.08,0.059,0.128,0.059,0.139,0.3700006313189075,0.44752837338856355,0.5574668186131043,0.5815285492846256,True,0.983850522085526,0.9724763534176198,0.8563849326626154,0.74,0.22,0.72,0.42,True
0.5,rand,0.575,0.167,0.122,0.073,0.107,0.106,0.06,0.3888221995535485,0.4576539035679916,0.5734167348638873,0.5992729100392132,True,0.9872266809777204,0.9847805388023244,0.8945686432049542,0.8,0.32,0.62,0.42,True
0.5,rand,0.485,0.145,0.159,0.12,0.087,0.09,0.124,0.3448117786510005,0.41535220885649093,0.51085109343294,0.5383899534538513,True,0.9946484288041851,0.996647374026261,0.9537368935735528,0.92,0.3,0.62,0.46,True
0.5,rand,0.268,0.277,0.205,0.139,0.2,0.046,0.076,0.32326358572633473,0.4031116506347476,0.5008927920651324,0.5277800923733927,True,0.9841181225745711,0.9727652593594288,0.8571242265300406,0.82,0.36,0.62,0.56,False
0.5,rand,0.515,0.214,0.094,0.11,0.118,0.048,0.112,0.37021462541300765,0.4490807694403456,0.5555063786318648,0.5821861851019228,True,0.9933520307444457,0.987005321577219,0.901039037064496,0.88,0.22,0.74,0.48,True
0.5,rand,0.566,0.117,0.201,0.071,0.109,0.084,0.061,0.423063943755729,0.4882693149340337,0.5885408269331608,0.6123408925245118,True,0.982679535706577,0.9807668337436308,0.8823159900499348,0.68,0.2,0.72,0.44,True
0.5,rand,0.456,0.227,0.121,0.153,0.097,0.05,0.106,0.3579651052108711,0.4358493407762496,0.5344263233511507,0.563456958641387,True,0.9950721245691024,0.9900936791740239,0.9141374960791845,0.92,0.24,0.74,0.52,True
0.5,rand,0.232,0.236,0.218,0.063,0.217,0.089,0.154,0.28119448198136543,0.3554542329246759,0.45633352713260006,0.4784719099860837,True,0.9763975596309705,0.9521193907829972,0.8132115126883459,0.56,0.4,0.58,0.58,False
0.5,rand,0.43,0.199,0.16,0.128,0.158,0.089,0.046,0.32853670417339964,0.40431739983323456,0.5113113927352094,0.5403477093234019,True,0.9996419808872385,0.9997860949974278,0.9876991229114843,0.96,0.3,0.68,0.52,True
0.5,rand,0.515,0.199,0.122,0.106,0.092,0.061,0.114,0.3871703506831341,0.46070583254795927,0.5635575064032499,0.5895059806452424,True,0.9937317239032866,0.9909600774064767,0.9180654402970929,0.9,0.22,0.72,0.46,True
0.5,rand,0.411,0.239,0.105,0.081,0.184,0.108,0.081,0.2971514004735512,0.3748601202026182,0.4965470683742606,0.5234387271390009,True,0.9931470493987433,0.9875959127014324,0.9036230012227912,0.88,0.32,0.66,0.56,True
0.5,rand,0.377,0.1,0.111,0.17,0.237,0.08,0.136,0.14714836717214283,0.2407999304760312,0.3368752516859522,0.37135931277630835,True,0.9923348950666185,0.9867174029130691,0.902074383949733,0.84,0.32,0.64,0.52,True
0.5,rand,0.312,0.214,0.22,0.106,0.189,0.103,0.066,0.3078838886340203,0.380035701462287,0.48341589844267685,0.5098332987580813,True,0.9906554681274073,0.981438040465307,0.8830867343087707,0.76,0.38,0.6,0.54,False
0.5,rand,0.381,0.235,0.136,0.095,0.126,0.123,0.115,0.30898451947665684,0.3798628320547839,0.49228787156801246,0.5188717247818719,True,0.9930922934284849,0.9861034053693997,0.8983179491996504,0.84,0.4,0.58,0.58,True
0.5,rand,0.442,0.204,0.124,0.139,0.152,0.047,0.102,0.32390134151059596,0.4061249768053468,0.5066554489972442,0.5354851942096508,True,0.9969120115847225,0.9928138705500424,0.9270384466358146,0.92,0.22,0.76,0.54,True
0.5,rand,0.393,0.201,0.205,0.062,0.167,0.09,0.092,0.3610856901433317,0.4303061358386909,0.5354413492666452,0.5581242464275158,True,0.9927591857751381,0.9846439109737902,0.8994367444567637,0.72,0.26,0.7,0.48,False
0.5,rand,0.392,0.218,0.156,0.11,0.185,0.089,0.059,0.3130350182185396,0.3903559536408188,0.5006618416953201,0.5284363795899044,True,0.9982888552859744,0.99776435594948,0.9597644659220333,0.96,0.32,0.66,0.54,True
0.5,rand,0.385,0.268,0.105,0.131,0.194,0.053,0.075,0.3063957185952877,0.3917572875384286,0.5037190684195778,0.5325713699702426,True,0.9946074719881716,0.9919736744631013,0.9237785087314674,0.92,0.3,0.68,0.5,True
0.5,rand,0.361,0.207,0.098,0.159,0.198,0.109,0.078,0.2090370148409463,0.2947578043072126,0.40727453161030686,0.44083265134927624,True,0.9934653627806147,0.9853117768292926,0.8959910395738179,0.86,0.4,0.58,0.54,True
0.5,rand,0.404,0.226,0.13,0.119,0.135,0.092,0.104,0.3150162419646953,0.39071426771820156,0.49831584818969493,0.5262782087836027,True,0.9986923116836941,0.9975660820967827,0.9578174770244408,0.94,0.32,0.66,0.52,True
0.5,rand,0.436,0.22,0.159,0.107,0.1,0.067,0.12,0.3790347130876178,0.4502922571268104,0.549663367628168,0.574812558613707,True,0.9980363999798785,0.9973550701230954,0.9557488799467273,0.94,0.26,0.7,0.48,False
0.5,rand,0.628,0.113,0.177,0.063,0.098,0.07,0.06,0.4495497177545678,0.5156316005637094,0.6178263427536579,0.6411394068960153,True,0.9749727644302414,0.9716561373877515,0.8552732661608885,0.68,0.16,0.76,0.4,True
0.5,rand,0.474,0.176,0.13,0.159,0.134,0.059,0.077,0.32424220457832786,0.4049200795851381,0.503730059372052,0.5346271782181923,True,0.9960106350265032,0.9922947163944975,0.9247014728847306,0.92,0.26,0.7,0.52,True
0.5,rand,0.248,0.249,0.194,0.124,0.238,0.075,0.081,0.2621240157194805,0.3439392863875846,0.4474328073361524,0.4751279276013879,True,0.9838859923561628,0.9737436853110232,0.8601162070995695,0.72,0.44,0.54,0.58,False
0.5,rand,0.324,0.177,0.206,0.144,0.219,0.064,0.076,0.2713897660992995,0.35333087574094874,0.4474376551333826,0.47670666388450805,True,0.9925294222017977,0.9869065388494532,0.9013975715265768,0.84,0.38,0.58,0.54,False
0.5,rand,0.441,0.147,0.172,0.144,0.123,0.068,0.113,0.3216069156980966,0.39757154616276275,0.4883573698363777,0.5173151586743594,True,0.9967453006399869,0.995900297968133,0.9450867779199802,0.9,0.26,0.66,0.48,True
0.5,rand,0.292,0.258,0.143,0.099,0.17,0.101,0.147,0.2702297196627268,0.3469329148503129,0.45514297824602273,0.4812308072602218,True,0.9898619100417495,0.9815058511733117,0.8833907547590732,0.82,0.4,0.58,0.6,True
0.5,rand,0.604,0.105,0.108,0.109,0.097,0.082,0.104,0.35076626154405577,0.4255217091632752,0.5281045649354701,0.5565678630692367,True,0.9843867373865771,0.9839771818107512,0.8914575704866172,0.8,0.22,0.7,0.44,True
0.5,rand,0.481,0.171,0.124,0.146,0.1,0.048,0.139,0.33748969113991584,0.41628890145574354,0.5089225791055652,0.5377215389438394,True,0.9930247766069782,0.9885641902529402,0.9077203582157648,0.88,0.22,0.72,0.5,True
0.5,rand,0.36,0.147,0.139,0.16,0.147,0.115,0.141,0.21112823345555723,0.29072469051556454,0.3875004985980089,0.41984369456166365,True,0.9946838108586723,0.9881072956586441,0.9063860229428509,0.88,0.38,0.58,0.54,True
0.5,rand,0.387,0.262,0.192,0.078,0.119,0.05,0.123,0.41626924701348705,0.4854873992922981,0.5845909397664124,0.6059847121771602,True,0.9935493627842603,0.9875836521378425,0.904974948714895,0.8,0.26,0.68,0.44,False
0.5,rand,0.312,0.184,0.095,0.177,0.214,0.1,0.129,0.15122893003989957,0.24198923690787008,0.3461054635023152,0.38085683166601375,True,0.9880904617226762,0.9747994682331179,0.8641016006991212,0.78,0.38,0.6,0.58,True
0.5,rand,0.434,0.149,0.093,0.131,0.27,0.051,0.083,0.21750866824883477,0.3126717774190125,0.42104204723976163,0.45245415361134056,True,0.9950202638897684,0.9917145672073572,0.9211639328588658,0.92,0.28,0.68,0.5,True
0.5,rand,0.492,0.118,0.136,0.171,0.13,0.073,0.089,0.28886078729312487,0.36965403642610456,0.46339785523521965,0.49605223178671876,True,0.9928830399471806,0.9910501236429898,0.9190475311862082,0.88,0.26,0.66,0.46,True
0.5,rand,0.304,0.241,0.223,0.134,0.124,0.061,0.122,0.3533708317254528,0.4246705242864942,0.5135243907508205,0.5391163624158443,True,0.991698977178775,0.9832648693257202,0.8880437353336341,0.82,0.4,0.58,0.5,False
0.5,rand,0.488,0.226,0.091,0.08,0.128,0.071,0.125,0.35625714260824204,0.4328500189362824,0.5454971651348598,0.5705335575604913,True,0.9940383411040946,0.9895207511596014,0.9120416419955818,0.88,0.3,0.68,0.48,True
0.5,rand,0.293,0.171,0.11,0.186,0.23,0.124,0.097,0.12495082124397397,0.21492344494147933,0.32172191150152923,0.35817369690727663,True,0.9838406195243323,0.9637269978351218,0.835828537498092,0.7,0.44,0.54,0.64,True
0.5,rand,0.395,0.229,0.072,0.143,0.186,0.069,0.117,0.24773332262017045,0.3360502248902372,0.4463833200663725,0.47738841689731176,True,0.9947351611213177,0.99016631838225,0.9165319192119119,0.86,0.34,0.64,0.52,True
0.5,rand,0.461,0.107,0.192,0.151,0.106,0.102,0.091,0.31164644525459007,0.38296972261866963,0.4734229312535723,0.5038487061712048,True,0.992594400394722,0.9948666952055728,0.9411085130758148,0.88,0.3,0.62,0.46,True
0.5,rand,0.408,0.221,0.204,0.087,0.096,0.103,0.091,0.39341292969038066,0.4567308213365781,0.5593337501638813,0.5832005266767802,True,0.9930840307328138,0.9904412167879184,0.9177173892988156,0.8,0.36,0.6,0.5,False
0.5,rand,0.412,0.164,0.193,0.12,0.18,0.095,0.047,0.3133554365155542,0.3882451820989644,0.49132614838718847,0.5198345088787536,True,0.9984969591361527,0.9974265465828702,0.956712100600996,0.9,0.34,0.62,0.5,True
0.5,rand,0.487,0.217,0.099,0.088,0.099,0.08,0.14,0.35865760484577175,0.43230181305009363,0.5412895058827271,0.5665767859904818,True,0.9942577817603202,0.9913144583812674,0.9206703713829953,0.88,0.28,0.68,0.5,True
0.5,rand,0.362,0.285,0.098,0.117,0.135,0.135,0.077,0.28796155786063526,0.3620300290032494,0.48477454397456027,0.514153038197007,True,0.9879653147988416,0.97533901689879,0.864536874116244,0.8,0.38,0.6,0.58,True
0.5,rand,0.535,0.173,0.109,0.104,0.095,0.084,0.11,0.3599376167531565,0.4333567274646137,0.5397320993821438,0.5668898298466256,True,0.9928145997315364,0.9914834375684122,0.9212767349293918,0.86,0.24,0.7,0.48,True
0.5,rand,0.369,0.217,0.177,0.131,0.187,0.069,0.061,0.3153701610944113,0.39423381973434746,0.4968754803441476,0.5252265748224113,True,0.9975768094651392,0.9964980194762318,0.9492017471321437,0.96,0.34,0.64,0.5,False
0.5,rand,0.451,0.181,0.101,0.15,0.158,0.098,0.072,0.2677976003283335,0.34951145573652775,0.4591827501744918,0.49148394365538706,True,0.9980149187506474,0.9952707673916674,0.9417131992680027,0.9,0.36,0.6,0.5,True
0.5,rand,0.363,0.126,0.249,0.168,0.153,0.052,0.099,0.31292704945163335,0.3890383999528149,0.4662269766820771,0.4955218117132005,True,0.9857869142051612,0.9735996954445876,0.8585411714977264,0.78,0.32,0.6,0.56,False
0.5,rand,0.509,0.238,0.095,0.162,0.106,0.041,0.06,0.37604995266424956,0.45682206151697025,0.5620442308824253,0.5924880864625777,True,0.9915517884788102,0.982316186691217,0.8847468956366985,0.84,0.24,0.72,0.48,True
0.5,rand,0.254,0.155,0.222,0.137,0.241,0.055,0.146,0.2237892543224882,0.30844446721833246,0.3933097024784001,0.4212935998232071,True,0.9825241616763958,0.9685191784527534,0.8462625193524741,0.76,0.36,0.6,0.58,False
0.5,rand,0.28,0.155,0.226,0.155,0.207,0.096,0.091,0.23252958288934628,0.31133115618619234,0.40232058339342314,0.43283929949439737,True,0.9873131297661947,0.9742049927311122,0.8614933149048019,0.74,0.46,0.52,0.58,False
0.5,rand,0.398,0.141,0.163,0.119,0.187,0.09,0.113,0.2614808426776336,0.3410695917657851,0.44036941618835307,0.4691268694036763,True,0.999118590456536,0.9984090437825437,0.966018061750118,0.92,0.32,0.64,0.52,True
0.5,rand,0.289,0.109,0.153,0.201,0.205,0.1,0.153,0.12683323087341414,0.21577367659154725,0.3027119435994465,0.3384702455222594,True,0.982540292319457,0.9646371774551673,0.8381516730769554,0.76,0.38,0.58,0.56,True
0.5,rand,0.443,0.103,0.136,0.153,0.194,0.042,0.139,0.2453590724272218,0.3341021878238341,0.42294589911720254,0.45382239752700426,True,0.9918081953909808,0.9849327452616331,0.8936574205311509,0.84,0.24,0.68,0.48,True
0.5,rand,0.402,0.133,0.131,0.163,0.21,0.064,0.107,0.22193043940837442,0.310858027163157,0.4070580342516446,0.4395814248751935,True,0.9953544696334403,0.991589884013562,0.9215543370509094,0.86,0.28,0.66,0.48,True
0.5,rand,0.305,0.296,0.11,0.185,0.166,0.066,0.082,0.26725825786830354,0.35286511100433565,0.45933593040568044,0.4918691205604614,True,0.985940705552982,0.9712320444321032,0.855452743061205,0.78,0.4,0.58,0.58,True
0.5,rand,0.571,0.12,0.134,0.073,0.146,0.097,0.069,0.35328706056280285,0.42628459160874954,0.5372212195080499,0.5635036943599873,True,0.9894840573777802,0.9854839344398127,0.8969332933004796,0.8,0.26,0.68,0.46,True
0.5,rand,0.48,0.145,0.088,0.148,0.127,0.086,0.137,0.26271146813624596,0.344819703650375,0.445912094883948,0.4774780935068162,True,0.9954321361949712,0.9931097252980727,0.9292571669151947,0.88,0.3,0.66,0.48,True
0.5,rand,0.484,0.141,0.158,0.141,0.108,0.11,0.069,0.32050222731521205,0.392423265402501,0.4935944645468487,0.5241573413464726,True,0.9954493986740188,0.9970272279860327,0.9555635323066807,0.9,0.3,0.62,0.46,True
0.5,rand,0.277,0.228,0.179,0.096,0.193,0.076,0.161,0.27307741821254594,0.3513542089528219,0.44992206494463666,0.47478455927941726,True,0.9907803956501907,0.9850915683133198,0.8950248835496841,0.76,0.42,0.56,0.54,False
0.5,rand,0.418,0.185,0.097,0.174,0.121,0.087,0.128,0.25448586129945744,0.33669246288297844,0.4365512513425653,0.46944491269838523,True,0.9953759423991294,0.9899518804533044,0.9178180305513296,0.86,0.36,0.6,0.5,True
0.5,rand,0.461,0.159,0.185,0.157,0.11,0.065,0.073,0.35466338890754473,0.4287067782968518,0.5199414518458543,0.549546918829294,True,0.9945942606160701,0.9932963785873781,0.9295255435885652,0.88,0.26,0.66,0.48,True
0.5,rand,0.225,0.207,0.23,0.095,0.236,0.073,0.145,0.2574830182855789,0.3362094030779508,0.42965164043566584,0.45408637965739207,True,0.9788229412466555,0.9598593178597786,0.8264181610494871,0.62,0.44,0.52,0.58,False
0.5,rand,0.262,0.155,0.212,0.178,0.219,0.099,0.085,0.19729561484065966,0.2796832183771189,0.3710515951828745,0.40392551705152113,True,0.9830587893037668,0.9652422219171861,0.8391086036529419,0.72,0.42,0.56,0.62,False
0.5,rand,0.483,0.15,0.153,0.083,0.178,0.07,0.094,0.33412799468897014,0.41158635502795005,0.5159129482689785,0.5415885003829379,True,0.9970710832062102,0.9934208769465105,0.9314578556368327,0.84,0.26,0.68,0.46,True
0.5,rand,0.358,0.218,0.119,0.136,0.227,0.084,0.067,0.24137868492102038,0.3278557934615978,0.4400452164742731,0.4709881117981591,True,0.9953133709988441,0.9933315708628981,0.9299297859528295,0.9,0.36,0.62,0.52,True
0.5,rand,0.391,0.227,0.132,0.153,0.142,0.084,0.08,0.29956482269702556,0.3784440988492578,0.4833494916505356,0.5139820690201773,True,0.9980331708130715,0.9953957376084521,0.9433414908659676,0.96,0.34,0.64,0.52,True
0.5,rand,0.253,0.236,0.156,0.159,0.211,0.105,0.09,0.20897217070603277,0.2920759169037553,0.3974094956497727,0.4292193430551916,True,0.9839450623457057,0.9677123262947045,0.8450003103105286,0.74,0.42,0.56,0.66,True
0.5,rand,0.335,0.131,0.146,0.133,0.219,0.121,0.124,0.1743418519321405,0.25785567380546726,0.36059802059401025,0.39218678973429083,True,0.992827854831938,0.9846199826203305,0.8931701491335627,0.84,0.38,0.6,0.58,True
0.5,rand,0.446,0.141,0.162,0.094,0.218,0.058,0.091,0.3021534320173573,0.38439053008522067,0.4862061221035728,0.5127704490134605,True,0.9976653401764469,0.9943717226351182,0.9359942600938983,0.88,0.28,0.66,0.5,False
0.5,rand,0.36,0.153,0.224,0.1,0.155,0.051,0.167,0.3285854588329673,0.4026774591363481,0.48624396328560276,0.5099625916089322,True,0.993731513833833,0.9851686028409721,0.8941065321204944,0.8,0.26,0.66,0.52,False
0.5,rand,0.538,0.144,0.195,0.08,0.11,0.077,0.066,0.41898596321632503,0.4856399543731711,0.5859616864225832,0.6100796712049543,True,0.9883056867754203,0.9862837413030607,0.9004142226218054,0.78,0.24,0.7,0.42,False
0.5,rand,0.484,0.217,0.076,0.093,0.121,0.097,0.122,0.32149329115529407,0.39783667452934374,0.5135037019985699,0.540704580701008,True,0.9938667820688707,0.9895453068923901,0.9125532350291943,0.9,0.28,0.7,0.5,True
0.5,rand,0.258,0.286,0.188,0.127,0.164,0.118,0.069,0.2943897828601241,0.3664049129686842,0.476124669114168,0.5041608351059574,True,0.982838352336734,0.9658488700438232,0.8409000179476901,0.7,0.48,0.5,0.62,False
0.5,rand,0.409,0.117,0.146,0.169,0.231,0.056,0.081,0.22220137400883222,0.31281336363549517,0.40748984841377983,0.4406411986380299,True,0.9931790237924921,0.9874054532022979,0.90274742232592,0.86,0.26,0.68,0.52,True
0.5,rand,0.518,0.124,0.085,0.169,0.086,0.114,0.113,0.26411981084977104,0.34207821183476966,0.4442551960743355,0.47823838949731834,True,0.9894557513869683,0.9880535812399884,0.9066468515222829,0.84,0.32,0.64,0.5,True
0.5,rand,0.395,0.151,0.141,0.176,0.181,0.054,0.112,0.24705257524292354,0.33412165470381217,0.4259367323804447,0.45834303814355537,True,0.9931028862023821,0.986214051306943,0.8988664440258515,0.84,0.28,0.66,0.5,True
0.5,rand,0.383,0.283,0.111,0.134,0.094,0.069,0.136,0.3442414497968227,0.41999461436277336,0.5244696555752515,0.5518492375228438,True,0.9958363825232803,0.9923859791199363,0.9261398041185755,0.9,0.32,0.66,0.52,True
0.5,rand,0.476,0.26,0.1,0.118,0.098,0.097,0.061,0.3683549708754313,0.44094916559602504,0.5579438524438406,0.5862028027031475,True,0.9951795043480688,0.9931347032192872,0.9296123466688584,0.9,0.3,0.68,0.54,True
0.5,rand,0.511,0.152,0.133,0.089,0.123,0.094,0.108,0.34196586669554,0.4147426361709933,0.5208291718015938,0.547235397955005,True,0.9945028124784205,0.9928920568337762,0.9281702413880442,0.86,0.28,0.66,0.48,True
0.5,rand,0.412,0.262,0.145,0.077,0.129,0.082,0.104,0.3771151459184956,0.44814351912305966,0.5592735426437473,0.5828986509222093,True,0.9950816748082323,0.9924473678412211,0.9253485122706847,0.86,0.32,0.66,0.5,False
0.5,rand,0.3,0.229,0.117,0.146,0.174,0.097,0.147,0.21814927750387308,0.30118288400511906,0.4052446126138978,0.43579430334462493,True,0.991369553444859,0.9827749157898975,0.8873358918576194,0.84,0.42,0.56,0.58,True
0.5,rand,0.434,0.171,0.151,0.104,0.204,0.09,0.056,0.2959643445876378,0.3753516630387948,0.4854288287450921,0.5137293148402958,True,0.999158925419224,0.9985110338395463,0.9672760774065421,0.92,0.3,0.66,0.52,True
0.5,rand,0.303,0.186,0.235,0.085,0.13,0.132,0.138,0.30646383837053576,0.37035965668101334,0.46727085224451864,0.49153951105890487,True,0.9835391501102061,0.9635970545888086,0.8364923504261319,0.7,0.36,0.62,0.58,False
0.5,rand,0.5,0.137,0.091,0.114,0.126,0.126,0.116,0.2666362834206277,0.34298737679241215,0.4538897623512082,0.48423446120917985,True,0.9927640300678832,0.9890819732121321,0.9098556301232688,0.88,0.3,0.66,0.52,True
0.5,rand,0.394,0.187,0.139,0.083,0.184,0.092,0.131,0.2825223320358541,0.36054055141394786,0.4681431494074147,0.4940316277376754,True,0.9973284415073107,0.9948584208009771,0.9384310364203919,0.9,0.34,0.64,0.54,True
0.5,rand,0.438,0.12,0.231,0.065,0.111,0.102,0.144,0.36298463345306664,0.42642385485196294,0.5178266339713214,0.5402662273554191,True,0.9868583722594778,0.9790409437439662,0.881491989794977,0.7,0.28,0.66,0.48,False
0.5,rand,0.55,0.179,0.106,0.058,0.179,0.083,0.056,0.35952439846223344,0.43657547808853914,0.5569201812798836,0.5821539808734526,True,0.9913018847136235,0.9837713065307655,0.8905652180476603,0.76,0.24,0.72,0.42,True
0.5,rand,0.481,0.24,0.095,0.122,0.135,0.082,0.057,0.34607871753105546,0.42395430451348304,0.539982896410008,0.5689731286820199,True,0.9970584845728508,0.9947534676896225,0.9372958869597452,0.92,0.3,0.68,0.5,True
0.5,rand,0.551,0.134,0.161,0.083,0.102,0.109,0.071,0.37897203727079287,0.4457624304999943,0.5526129191952126,0.5786299028048479,True,0.9878038959550302,0.9880636034313846,0.9074322726304437,0.82,0.28,0.66,0.44,True
0.5,rand,0.511,0.205,0.133,0.107,0.071,0.085,0.099,0.3942662655686809,0.4631991026709763,0.5683526321743824,0.5946093072088465,True,0.9934350282523884,0.994084781477632,0.9358437175536796,0.94,0.26,0.7,0.46,True
0.5,rand,0.414,0.215,0.132,0.096,0.18,0.072,0.1,0.3153599211456201,0.39478080486390255,0.50371756625412,0.5301067167365399,True,0.9985404363515814,0.998087954217545,0.9625283263191972,0.96,0.28,0.7,0.52,True
0.5,rand,0.296,0.136,0.11,0.169,0.258,0.127,0.114,0.09762526102887642,0.18946371257531214,0.29594128295730554,0.3317865528632914,True,0.9841869734890178,0.9659509993375102,0.8406085776539518,0.7,0.42,0.56,0.64,True
0.5,rand,0.534,0.111,0.123,0.171,0.126,0.052,0.092,0.3090493193316199,0.3917902703101297,0.48399318791805485,0.5163153563023657,True,0.9873310816983976,0.9820921214819388,0.8846705760202088,0.8,0.22,0.68,0.46,True
0.5,rand,0.436,0.219,0.065,0.112,0.176,0.086,0.116,0.2665257286611063,0.3508863670170568,0.46694420110483265,0.49620984753317904,True,0.9956941404381136,0.9918893967779915,0.9216646230901226,0.9,0.3,0.68,0.52,True
0.5,rand,0.438,0.221,0.123,0.119,0.153,0.069,0.086,0.33079806437047665,0.40982338613955555,0.5175881448327156,0.545527071345694,True,0.9989959833548604,0.998119147306077,0.9626415477282754,0.96,0.28,0.7,0.5,True
0.5,rand,0.478,0.11,0.189,0.137,0.106,0.064,0.126,0.34053679670584824,0.41405130164052634,0.49921190591253456,0.5271874809982372,True,0.990943647935922,0.9906258014760749,0.9177417109348399,0.86,0.26,0.66,0.44,True
0.5,rand,0.363,0.227,0.126,0.168,0.133,0.111,0.083,0.26425831526449595,0.3422028164905901,0.44881516435709157,0.48130571657774124,True,0.9947597349071066,0.9869405793688917,0.9023490507013857,0.88,0.4,0.58,0.56,True
0.5,rand,0.393,0.123,0.196,0.071,0.208,0.081,0.138,0.284476451360071,0.361359934294799,0.4582567628561566,0.48259342161259716,True,0.9950551897810411,0.9878774582338394,0.9109379429263457,0.78,0.28,0.66,0.54,False
0.5,rand,0.394,0.218,0.128,0.073,0.191,0.093,0.112,0.29680502452698493,0.3747475472861171,0.48887370393597884,0.5142206953106386,True,0.9949819328334171,0.9912057804850455,0.9189259230060871,0.86,0.32,0.66,0.52,True
0.5,rand,0.467,0.139,0.078,0.159,0.188,0.076,0.103,0.22474962338366802,0.31416527494009716,0.4189743660715502,0.4525017218084178,True,0.9954519024718707,0.9907867550118813,0.9198673380556446,0.84,0.32,0.64,0.5,True
0.5,rand,0.518,0.126,0.075,0.068,0.228,0.054,0.141,0.26724906514038743,0.3561306778500761,0.46655847304955966,0.4929454621526318,True,0.991668549985614,0.9820308467556004,0.8847565404233978,0.8,0.24,0.7,0.44,True
0.5,rand,0.273,0.26,0.19,0.147,0.098,0.105,0.137,0.30466987245222227,0.3743339633261956,0.46990279546538366,0.49782622507324087,True,0.989169322555092,0.9761938926849295,0.8675754012650606,0.76,0.44,0.54,0.6,False
0.5,rand,0.451,0.193,0.158,0.054,0.177,0.066,0.11,0.3608736976267203,0.43575508283229825,0.5432791290334238,0.5658134514465686,True,0.9943257217589287,0.987247569387543,0.9053456439949881,0.74,0.22,0.72,0.44,False
0.5,rand,0.551,0.097,0.127,0.112,0.164,0.107,0.05,0.29765911882904716,0.3751983759552372,0.4846485214522065,0.5150891648619345,True,0.9935569746552506,0.9925675164789057,0.9263628922283148,0.84,0.28,0.66,0.5,True
0.5,rand,0.473,0.182,0.097,0.145,0.201,0.05,0.062,0.28703126209351887,0.37552189445476075,0.4832668688228091,0.5145610825358898,True,0.9960313840508412,0.99070649687,0.9170267387034388,0.88,0.24,0.72,0.5,True
0.5,rand,0.366,0.231,0.176,0.123,0.126,0.102,0.086,0.3303914432945565,0.4012613028522592,0.505293960754613,0.5328310914154811,True,0.9969552734138574,0.9941597539181325,0.9345152530204957,0.86,0.4,0.58,0.54,True
0.5,rand,0.292,0.215,0.097,0.178,0.174,0.108,0.147,0.17103752403763378,0.25756504043108175,0.36098881647604025,0.3949472716436479,True,0.9863630281624577,0.9692440478882347,0.849616389092501,0.74,0.44,0.54,0.6,True
0.5,rand,0.491,0.211,0.175,0.096,0.077,0.055,0.104,0.4360256458922631,0.5036109006514305,0.6009382847565871,0.6245086513034088,True,0.9920415773455545,0.9894925940007618,0.9113623135411129,0.86,0.26,0.7,0.46,False
0.5,rand,0.35,0.273,0.125,0.148,0.102,0.078,0.133,0.3179572803269689,0.39402456903150845,0.49605956658783235,0.52470909774733,True,0.9954228142544623,0.9905455934105448,0.9178138371658081,0.88,0.36,0.62,0.56,True
0.5,rand,0.547,0.095,0.181,0.162,0.077,0.097,0.05,0.3544327185913441,0.4242297101972512,0.5166361934393172,0.5482225632654117,True,0.9844680941609415,0.991515230758911,0.9247132143641905,0.84,0.26,0.66,0.46,True
0.5,rand,0.472,0.255,0.084,0.143,0.093,0.083,0.081,0.34858442321471095,0.4251118051729332,0.5374017988334316,0.5673093942163857,True,0.9954724542305753,0.9917304177975031,0.9215937548748107,0.9,0.3,0.68,0.52,True
0.5,rand,0.489,0.249,0.114,0.106,0.108,0.08,0.064,0.3886207960226994,0.4614638154147812,0.5755271478814691,0.6022533287672395,True,0.9958542264910688,0.9944696210878012,0.936835872568046,0.92,0.26,0.7,0.5,True
0.5,rand,0.256,0.256,0.208,0.073,0.213,0.108,0.097,0.29297835157605434,0.365681024340272,0.4751895046411494,0.49907758288862436,True,0.9787775672212485,0.957914351151107,0.8241424107270157,0.58,0.42,0.56,0.62,False
0.5,rand,0.385,0.152,0.191,0.088,0.194,0.084,0.117,0.2948796508931843,0.37110972617336924,0.47004221828492937,0.49554467895917154,True,0.9972721024206641,0.9935516739335459,0.9343336794274183,0.84,0.32,0.62,0.5,False
0.5,rand,0.538,0.133,0.124,0.12,0.134,0.096,0.065,0.32340334737452653,0.399451777693239,0.5067116900765366,0.5365012819800367,True,0.9948360359086821,0.9946063099850567,0.9373223052885301,0.92,0.3,0.64,0.48,True
0.5,rand,0.537,0.235,0.085,0.107,0.122,0.061,0.063,0.3861219682000146,0.4637988115701348,0.5791046300032282,0.606434682439058,True,0.9932329650925764,0.9878363357783674,0.9043723592154679,0.86,0.24,0.72,0.46,True
0.5,rand,0.387,0.208,0.098,0.137,0.177,0.08,0.123,0.24970244350715703,0.33443978033482524,0.44136921285022157,0.4716916186859663,True,0.9972458997285545,0.9950086461909703,0.9402597718462805,0.92,0.36,0.62,0.54,True
0.5,rand,0.393,0.199,0.186,0.138,0.146,0.054,0.094,0.34153679705119194,0.4182451462491199,0.5117841242995051,0.5393912921611844,True,0.997198990872352,0.9939734426136656,0.9327678692737223,0.94,0.28,0.7,0.52,False
0.5,rand,0.461,0.197,0.121,0.135,0.12,0.045,0.131,0.34009138480894824,0.419897317810491,0.5167950354675226,0.5447218690735205,True,0.9955860574256101,0.9908106968004597,0.917243956073448,0.9,0.22,0.74,0.52,True
0.5,rand,0.517,0.144,0.137,0.054,0.202,0.059,0.097,0.3440254849804506,0.4233935680656095,0.5324159170444185,0.5562620266483987,True,0.9922707020299782,0.9821653713773769,0.8863479302287743,0.74,0.22,0.72,0.42,True
0.5,rand,0.286,0.123,0.175,0.151,0.254,0.103,0.119,0.15287980279673444,0.2400909768104674,0.33608219034925224,0.36841766279868804,True,0.9876951920657634,0.976747542932573,0.8684727857666431,0.8,0.42,0.56,0.56,True
0.5,rand,0.51,0.153,0.143,0.148,0.112,0.07,0.073,0.34575002784993014,0.42195181458453274,0.5200092103943377,0.5501544401721246,True,0.9947469972763453,0.9941107202133934,0.9344301272944109,0.9,0.26,0.66,0.48,True
0.5,rand,0.278,0.211,0.162,0.157,0.177,0.057,0.168,0.24108135259451213,0.3252345475241451,0.4146808315283022,0.4439208029308185,True,0.9888451902710585,0.9799120479320739,0.8776802023560117,0.82,0.38,0.6,0.6,False
0.5,rand,0.308,0.128,0.107,0.21,0.189,0.157,0.111,0.09203421069697722,0.1789023222146182,0.2819586763264587,0.3211683787317866,True,0.9786621227717935,0.9504290753490472,0.8077735303441763,0.68,0.4,0.56,0.62,True
0.5,rand,0.362,0.205,0.206,0.161,0.133,0.09,0.053,0.32691548706442347,0.3995219281700833,0.4955422826357923,0.5255832932171765,True,0.9956525957314494,0.9917416165795943,0.9221397336696987,0.88,0.38,0.6,0.52,False
0.5,rand,0.454,0.208,0.118,0.14,0.13,0.102,0.058,0.3137583295786683,0.3900705981449978,0.5012477956778465,0.532001994233757,True,0.9982233368369503,0.9966596801878297,0.9499741687451881,0.94,0.34,0.62,0.52,True
0.5,rand,0.347,0.211,0.137,0.14,0.187,0.082,0.106,0.25587232992464815,0.3385655728695223,0.44237389203192046,0.47233457908496557,True,0.9965833207067413,0.9943870207568999,0.9359296819568685,0.94,0.34,0.64,0.52,True
0.5,rand,0.461,0.162,0.172,0.138,0.194,0.036,0.048,0.33857117634574796,0.4212604327196394,0.5184523897280694,0.5473005527587992,True,0.9945913928859111,0.9873777850003528,0.903563035809835,0.84,0.24,0.68,0.52,False
0.5,rand,0.413,0.224,0.141,0.108,0.085,0.09,0.149,0.3465356559801684,0.41689838144446834,0.5182471894699852,0.5440777779345812,True,0.9978331638599462,0.9972715191557677,0.9563271478101303,0.94,0.3,0.66,0.5,True
0.5,rand,0.48,0.137,0.174,0.107,0.142,0.046,0.124,0.3548199924933229,0.4313061500926649,0.5225875441153595,0.5482432155216977,True,0.9937629302848493,0.9879619875220806,0.9057976909541965,0.82,0.24,0.66,0.44,False
0.5,rand,0.259,0.297,0.093,0.189,0.167,0.084,0.122,0.21654571230240738,0.3034615157739893,0.40997575592906765,0.44326446363686944,True,0.9795544980275389,0.9567481673806034,0.8216523784044,0.76,0.38,0.6,0.62,True
0.5,rand,0.323,0.143,0.204,0.19,0.115,0.07,0.166,0.2589983497364187,0.33650286737605956,0.4123517220202486,0.4434956616200746,True,0.9861685378111344,0.9745634184908695,0.8615251846347646,0.78,0.38,0.58,0.54,False
0.5,rand,0.422,0.216,0.112,0.129,0.164,0.084,0.083,0.29492916863334945,0.3755624836955013,0.4858343836262613,0.5154520681112736,True,0.9988121132296924,0.9976207088821328,0.9581944623828158,0.94,0.34,0.64,0.54,True
0.5,rand,0.408,0.191,0.118,0.085,0.173,0.133,0.102,0.26347358812229926,0.3389114468138596,0.45624426741422536,0.48407341076365745,True,0.9919733938573521,0.9827771386913486,0.8865072788785882,0.82,0.38,0.6,0.58,True
0.5,rand,0.429,0.23,0.087,0.101,0.134,0.093,0.135,0.3016339076766292,0.37943988378173116,0.4921572804117193,0.5194450699112667,True,0.9960149443799888,0.9927590397951633,0.9269327733206749,0.9,0.32,0.66,0.52,True
0.5,rand,0.296,0.261,0.105,0.134,0.2,0.087,0.127,0.22911222839892717,0.3144614391101639,0.42497676467797774,0.45471920532313753,True,0.9893184189157299,0.9821273642409349,0.8852387797583604,0.82,0.42,0.56,0.56,True
0.5,rand,0.409,0.203,0.127,0.121,0.13,0.083,0.137,0.30264206827128975,0.3796991365199636,0.48196949979487175,0.50981460467136,True,0.9994177100441713,0.9989394097481735,0.9722632708071596,0.96,0.32,0.66,0.54,True
0.5,rand,0.258,0.312,0.113,0.179,0.146,0.053,0.149,0.2651306599603695,0.3501840575835107,0.4493210584021814,0.47984567080768803,True,0.9797328485127104,0.9593653130249924,0.8271691963963722,0.74,0.4,0.58,0.6,False
0.5,rand,0.448,0.137,0.132,0.164,0.193,0.062,0.074,0.25976938639695757,0.34648467910716574,0.4449819647406534,0.4775631900450197,True,0.9960186505433442,0.9921502400139164,0.9239252772247168,0.88,0.26,0.68,0.48,True
0.5,rand,0.468,0.117,0.114,0.164,0.205,0.044,0.099,0.24570856444707256,0.3366890329681002,0.4322684213002853,0.46488544306274954,True,0.9920062370662428,0.9840169550546098,0.8908046603609331,0.84,0.24,0.68,0.5,True
0.5,rand,0.377,0.223,0.139,0.087,0.214,0.055,0.115,0.30252993893747865,0.3853372036837544,0.49276561181277906,0.5180452462179655,True,0.9960464157355214,0.9956553501060829,0.9443428713284814,0.9,0.28,0.68,0.5,False
0.5,rand,0.344,0.211,0.106,0.173,0.146,0.099,0.131,0.2228977593411704,0.30585357054276896,0.40804978380476187,0.4409861817924475,True,0.9931288536514259,0.9837002347530498,0.8918551034340473,0.86,0.4,0.58,0.54,True
0.5,rand,0.419,0.193,0.096,0.129,0.17,0.115,0.088,0.24768755920264487,0.3286182377838116,0.4430536098019171,0.4742750535938083,True,0.9964084585029712,0.9916145724690381,0.9206489851168361,0.9,0.36,0.62,0.56,True
0.5,rand,0.331,0.197,0.233,0.074,0.104,0.145,0.127,0.33604066554602774,0.3956033124118419,0.49628612939258476,0.5197537698581479,True,0.9799174185077003,0.9606299249175543,0.8297145814078705,0.7,0.36,0.62,0.58,False
0.5,rand,0.518,0.176,0.106,0.142,0.12,0.077,0.072,0.3323640621685177,0.41086787471754005,0.5170690600070454,0.5476282799068009,True,0.9958916000821006,0.9939764899428528,0.932911702397107,0.94,0.28,0.66,0.48,True
0.5,rand,0.544,0.148,0.165,0.075,0.163,0.058,0.057,0.3927616459991968,0.46722016795042476,0.5726412321003747,0.5972722063162041,True,0.9918242100401132,0.98451068670865,0.8935345543353735,0.74,0.18,0.76,0.42,False
0.5,rand,0.382,0.113,0.184,0.141,0.241,0.047,0.101,0.2433357041063546,0.3310332096843997,0.421234470685911,0.45109967044734145,True,0.9928309457608916,0.9871036267475853,0.9019666139418328,0.84,0.3,0.64,0.56,False
0.5,rand,0.576,0.141,0.077,0.144,0.088,0.09,0.095,0.32277325415911057,0.40043251411842673,0.5063246802138901,0.5378729001316092,True,0.9884508192686988,0.9870365256581207,0.901599692708709,0.82,0.26,0.68,0.46,True
0.5,rand,0.481,0.152,0.147,0.076,0.197,0.047,0.111,0.33451634794730084,0.4153584688096209,0.5179496929039643,0.5425753713837778,True,0.9950569536700066,0.9875534451055952,0.904556448839858,0.8,0.24,0.7,0.42,False
0.5,rand,0.471,0.167,0.124,0.067,0.196,0.055,0.13,0.32003848227975545,0.4014670941891319,0.5080644338435686,0.5323942454901627,True,0.9952795464531051,0.9891044570867735,0.9107018553214901,0.76,0.24,0.7,0.44,True
0.5,rand,0.521,0.114,0.106,0.13,0.181,0.039,0.119,0.2896136382468334,0.3769995269886683,0.47432244986435496,0.5039659388805634,True,0.9911698435837605,0.9825866466222295,0.8865815018023171,0.82,0.2,0.7,0.46,True
0.5,rand,0.444,0.163,0.168,0.142,0.091,0.093,0.109,0.33143857447154873,0.4027320100078515,0.4972706137669148,0.5263257203753304,True,0.9967996698914785,0.9980439892166644,0.9648007219332514,0.92,0.3,0.64,0.46,True
0.5,rand,0.43,0.103,0.206,0.14,0.131,0.062,0.137,0.3126001938092947,0.3879766618423664,0.4696087717122455,0.4977033233106113,True,0.9920132990240146,0.9892947826418462,0.9107622400729984,0.86,0.24,0.66,0.5,False
0.5,rand,0.319,0.247,0.147,0.149,0.22,0.05,0.079,0.27314674845499437,0.35993361287967307,0.46321424559646523,0.4929486090700298,True,0.9906039046486068,0.9856286086830502,0.8970012261459265,0.86,0.36,0.62,0.54,False
0.5,rand,0.298,0.187,0.111,0.196,0.238,0.1,0.08,0.14621519563197113,0.23854627211414367,0.34395999696814883,0.38050235600517945,True,0.9845270983952733,0.9672035501576379,0.8446883224277354,0.74,0.42,0.56,0.58,True
0.5,rand,0.279,0.184,0.198,0.161,0.214,0.062,0.112,0.23875529832186743,0.3229832243966954,0.41279453781223824,0.4429732652741622,True,0.9870129875005635,0.976202089735812,0.8665916330217368,0.78,0.38,0.6,0.58,False
0.5,rand,0.447,0.198,0.184,0.1,0.128,0.076,0.077,0.38167930570553654,0.4520483895965081,0.5538796777810949,0.5791735314519938,True,0.9976794570390388,0.9968033309193003,0.9525686163672868,0.9,0.28,0.68,0.46,False
0.5,rand,0.514,0.14,0.073,0.122,0.214,0.076,0.07,0.2540487457373416,0.34293102214256216,0.4567425859003295,0.4882152309921163,True,0.9961133844884281,0.9917457049269153,0.9213857629529486,0.86,0.3,0.66,0.48,True
0.5,rand,0.482,0.167,0.138,0.094,0.167,0.077,0.086,0.33052764841014826,0.40804976657577696,0.5152884492712471,0.5420921055527567,True,0.998121021402822,0.9962481612818738,0.9478196072642855,0.92,0.24,0.7,0.48,True
0.5,rand,0.374,0.247,0.226,0.076,0.09,0.051,0.147,0.43510422172025776,0.49948804925122375,0.5906291071784805,0.6106905208608653,True,0.990402155616413,0.980916960202296,0.8827172970443342,0.74,0.26,0.68,0.48,False
0.5,rand,0.422,0.145,0.199,0.156,0.133,0.063,0.093,0.32663943788233385,0.40248179484398444,0.4898719624517423,0.5192482689426612,True,0.9946880000949653,0.9915697891472934,0.9203642542399321,0.9,0.26,0.68,0.5,False
0.5,rand,0.416,0.219,0.187,0.085,0.196,0.042,0.064,0.3775117875480079,0.45474987343492634,0.5584403801766991,0.5823342346046045,True,0.9948029742753026,0.9889521854874955,0.9092027199975846,0.82,0.24,0.7,0.48,False
0.5,rand,0.441,0.118,0.145,0.072,0.239,0.107,0.087,0.24820573458344677,0.32912425960001224,0.44108385913615344,0.46843560009355056,True,0.994999240125835,0.9889803361323379,0.9109022991494137,0.82,0.3,0.66,0.52,True
0.5,rand,0.423,0.158,0.195,0.094,0.116,0.101,0.124,0.3413444379445628,0.4093174880104329,0.5061226953563046,0.531342508122338,True,0.995832796151597,0.9935803717541302,0.9332073360763666,0.86,0.34,0.62,0.48,True
0.5,rand,0.489,0.098,0.079,0.166,0.228,0.055,0.096,0.20319961935897468,0.2986129858300283,0.3998184255811722,0.43430099296086705,True,0.9913656016217708,0.9831068576737756,0.8885112978192717,0.82,0.26,0.66,0.48,True
0.5,rand,0.444,0.155,0.095,0.099,0.257,0.083,0.077,0.230765826571424,0.31992476736916237,0.4358809265437944,0.4655890505331675,True,0.9970034405166422,0.9953188142258722,0.9411198352167226,0.88,0.3,0.66,0.52,True
0.5,rand,0.28,0.239,0.233,0.105,0.232,0.048,0.073,0.32626556349711194,0.40480819676321894,0.5024967691747384,0.5271250172268876,True,0.9842877488840168,0.9726935895153701,0.8561932949442868,0.72,0.36,0.6,0.58,False
0.5,rand,0.498,0.111,0.151,0.123,0.088,0.11,0.129,0.31246921837039093,0.3831428844120242,0.4794147558529486,0.5083025739432702,True,0.9914906671653935,0.9942293315478034,0.9381555309916352,0.86,0.3,0.62,0.48,True
0.5,rand,0.47,0.18,0.102,0.124,0.149,0.078,0.108,0.2974338446352968,0.37832916419862866,0.4848767331323383,0.5142065280664485,True,0.9982839122519058,0.996667953778176,0.9498395610699508,0.94,0.3,0.66,0.5,True
0.5,rand,0.326,0.25,0.142,0.096,0.162,0.116,0.118,0.28211538336146946,0.3564352344318141,0.46876997783740015,0.49538203104673056,True,0.9907942744485361,0.9815951267225633,0.8834830092405443,0.82,0.4,0.58,0.6,True
0.5,rand,0.291,0.162,0.205,0.203,0.193,0.097,0.058,0.21596608063234876,0.2978884778939545,0.38904359120506027,0.42380438214736177,True,0.984313273299187,0.9669651297276329,0.8433552451704779,0.74,0.42,0.56,0.58,True
0.5,rand,0.289,0.248,0.117,0.131,0.199,0.092,0.133,0.2237112913314857,0.3078642574005118,0.41628829217635105,0.44580583128147583,True,0.9896027095096662,0.9820644357736269,0.8849137923804508,0.8,0.44,0.54,0.58,True
0.5,rand,0.464,0.141,0.157,0.139,0.088,0.113,0.108,0.31261428801235897,0.3830720048835283,0.4806097005081868,0.5104602449113551,True,0.9945201140199701,0.9960189947987526,0.9482163015346113,0.92,0.3,0.64,0.48,True
0.5,rand,0.524,0.207,0.067,0.059,0.183,0.05,0.119,0.3421706474889914,0.42545656759524403,0.5426363941112295,0.5670315550714208,True,0.9894500061610245,0.9783914074615652,0.8726883962313206,0.82,0.24,0.74,0.48,True
0.5,rand,0.499,0.183,0.136,0.091,0.181,0.073,0.048,0.35049748723420443,0.4285109114672761,0.5409999557980062,0.5677688130416201,True,0.9974387607395294,0.9948292775858527,0.9384847117550661,0.88,0.24,0.72,0.46,True
0.5,rand,0.491,0.143,0.091,0.099,0.207,0.095,0.084,0.25784557820435333,0.3420982563710174,0.4571149666714271,0.48672055724656854,True,0.9967994538541428,0.9934959503539632,0.9307323999416282,0.88,0.3,0.66,0.52,True
0.5,rand,0.52,0.178,0.118,0.068,0.177,0.056,0.094,0.3589108283125556,0.4380740429579822,0.548883219766998,0.5734141298747853,True,0.993379027598916,0.9855358025474645,0.8965609206661781,0.78,0.24,0.72,0.42,True
0.5,rand,0.341,0.224,0.092,0.103,0.198,0.118,0.135,0.21593480390926756,0.29828540268629844,0.4147627180657096,0.4437133952918074,True,0.9901892494656792,0.9805530867054844,0.8800159180914393,0.82,0.38,0.6,0.6,True
0.5,rand,0.368,0.179,0.167,0.193,0.12,0.115,0.068,0.2624651407709209,0.33818152538323465,0.4352084552105491,0.46931595412503185,True,0.9928271353223582,0.9845601592939321,0.8937165472670029,0.86,0.38,0.6,0.54,True
0.5,rand,0.527,0.103,0.124,0.098,0.175,0.061,0.122,0.3027696284931211,0.3847154657226472,0.4848179394889622,0.5122679748182044,True,0.9934408287083693,0.9885259209281221,0.9082277578638559,0.8,0.22,0.7,0.44,True
0.5,rand,0.549,0.193,0.069,0.063,0.184,0.064,0.089,0.3424170878390839,0.424604932809025,0.5447685888893659,0.5702738821323269,True,0.9901784201466326,0.9803285793586648,0.8787734179614443,0.8,0.24,0.72,0.46,True
0.5,rand,0.555,0.215,0.151,0.094,0.091,0.048,0.054,0.45816209033573946,0.5279452636355628,0.6332761212434453,0.657652593651195,True,0.9885981513063433,0.9838082465930859,0.8899211140315711,0.84,0.24,0.72,0.42,False
0.5,rand,0.353,0.243,0.086,0.114,0.167,0.108,0.14,0.2426202186918833,0.323807200788809,0.43828963792601816,0.46725399012187,True,0.9923192997968445,0.9849432327966847,0.8941996252790698,0.82,0.4,0.58,0.58,True
0.5,rand,0.433,0.173,0.162,0.1,0.183,0.095,0.064,0.310986888282821,0.387122920272794,0.4956690967460607,0.5232280547148839,True,0.9987746327593156,0.9975898537071913,0.9586976686453855,0.9,0.3,0.66,0.52,True
0.5,rand,0.463,0.157,0.1,0.118,0.189,0.087,0.095,0.2611887341982708,0.34504870765103135,0.4548629081128369,0.4849843066730427,True,0.9985053551868645,0.9969519518304257,0.9522662732711928,0.92,0.3,0.66,0.52,True
0.5,rand,0.431,0.176,0.077,0.139,0.201,0.075,0.112,0.23054790211526988,0.31964335281851236,0.42849135251268433,0.46010434095172714,True,0.9967685746210317,0.9936327817449014,0.9327540311015018,0.88,0.34,0.62,0.52,True
0.5,rand,0.33,0.234,0.152,0.145,0.198,0.079,0.073,0.27052736480148937,0.35286353506400736,0.45859690135577996,0.4886843830669443,True,0.9944600702890656,0.9911253216306337,0.9192651678947694,0.9,0.38,0.6,0.56,True
0.5,rand,0.496,0.196,0.109,0.087,0.177,0.082,0.064,0.3332235302670985,0.4120604276860696,0.5286861176819613,0.555697923458407,True,0.996637032731642,0.9936006412769414,0.931292636247289,0.88,0.26,0.72,0.48,True
0.5,rand,0.472,0.128,0.171,0.062,0.197,0.059,0.121,0.33169469396808027,0.40952503947919716,0.5096530920430405,0.5332444836540128,True,0.9940376583783705,0.9852126415314433,0.897910352126969,0.76,0.22,0.72,0.44,False
0.5,rand,0.363,0.182,0.131,0.151,0.139,0.109,0.136,0.23865988466491425,0.31735495384479045,0.4176841139754567,0.4488491407647532,True,0.996337338382697,0.9910753690452032,0.9190693367909195,0.9,0.4,0.58,0.56,True
0.5,rand,0.515,0.166,0.135,0.087,0.153,0.08,0.075,0.3533313712079301,0.428755472203248,0.5380665493686905,0.5643884848024873,True,0.9959718082019013,0.993182063641066,0.9292991007704089,0.86,0.24,0.7,0.44,True
0.5,rand,0.479,0.13,0.149,0.107,0.178,0.11,0.057,0.29077363150837116,0.3673448164414254,0.4765887652680481,0.5058943611188308,True,0.9973526498416948,0.9957852970165193,0.9444242230075967,0.88,0.28,0.66,0.5,True
0.5,rand,0.401,0.11,0.13,0.151,0.185,0.099,0.134,0.20035998265771157,0.28476074307261157,0.381756799672615,0.4141364820116229,True,0.9965302901054812,0.9941941046666746,0.9348742068211287,0.9,0.32,0.64,0.48,True
0.5,rand,0.386,0.172,0.113,0.109,0.196,0.102,0.132,0.22921526401191078,0.31177993259404935,0.4203359768544735,0.44942296334331594,True,0.9971047657163526,0.9944465660170545,0.9359774865518127,0.9,0.34,0.64,0.56,True
0.5,rand,0.433,0.099,0.171,0.161,0.218,0.042,0.087,0.2565870609942949,0.3447010918193355,0.43350963302512546,0.46502116234877955,True,0.9908155984511977,0.9824913781958055,0.8850387552689889,0.82,0.28,0.64,0.52,True
0.5,rand,0.381,0.185,0.178,0.058,0.205,0.069,0.134,0.3171102551854608,0.39401053873354785,0.4970179548142974,0.5197009410595669,True,0.9943103198485382,0.9876731845828478,0.9096451221700939,0.76,0.26,0.68,0.48,False
0.5,rand,0.507,0.151,0.204,0.108,0.091,0.052,0.097,0.41893565317617487,0.48740116536682526,0.5771828929399037,0.6019016554056513,True,0.9885085510420377,0.985406444746625,0.8958740441177704,0.82,0.26,0.66,0.44,False
0.5,rand,0.446,0.123,0.182,0.077,0.2,0.078,0.104,0.3089597608674419,0.3859403385844791,0.48645271991602085,0.5116758798763482,True,0.9964090493233094,0.9914010395785403,0.9241563327669468,0.82,0.28,0.66,0.5,False
0.5,rand,0.359,0.179,0.123,0.116,0.207,0.098,0.128,0.22251100222049455,0.3061173020307469,0.4130877420401077,0.4424794876807484,True,0.9965822730721472,0.994250186923213,0.9348825935921714,0.88,0.38,0.6,0.56,True
0.5,rand,0.372,0.139,0.159,0.169,0.187,0.057,0.126,0.23888283434377375,0.32496156409022803,0.4136827826968678,0.4453177010904949,True,0.9930712316871194,0.9869897348039484,0.9011648386301384,0.86,0.26,0.68,0.52,True
0.5,rand,0.472,0.18,0.149,0.114,0.138,0.058,0.099,0.35359486168815263,0.4303552240013291,0.5302016569493538,0.5570554962237737,True,0.997756861881808,0.9955348602978091,0.9427405787207491,0.94,0.26,0.7,0.5,True
0.5,rand,0.389,0.122,0.21,0.171,0.101,0.105,0.113,0.28699487956591435,0.35815518299042076,0.4429835664192756,0.4741316112282559,True,0.9912902712148555,0.9888841239906094,0.9095256106827335,0.86,0.36,0.56,0.48,True
0.5,rand,0.398,0.17,0.111,0.129,0.13,0.107,0.165,0.24501923524449315,0.32344009064672885,0.4250837426350651,0.45480738389715253,True,0.9973371632958836,0.9943397950934327,0.9348322729659144,0.92,0.36,0.6,0.54,True
0.5,rand,0.41,0.167,0.188,0.09,0.126,0.066,0.163,0.3452812806997405,0.4172621686275482,0.5086373717166729,0.5324216004178817,True,0.99752187782213,0.9944786258743024,0.9375516834765515,0.88,0.28,0.66,0.48,False
0.5,rand,0.416,0.229,0.197,0.095,0.107,0.044,0.122,0.4162017695572904,0.48578707314048697,0.5794723086533253,0.6021157474834932,True,0.994495577126544,0.9886566026988368,0.9079325435231483,0.84,0.24,0.7,0.46,False
0.5,rand,0.431,0.24,0.171,0.079,0.156,0.072,0.061,0.3909074333539026,0.4628116695604694,0.5728706686939159,0.5967951390339437,True,0.9960559531708312,0.9937218109836442,0.9334451010354308,0.88,0.28,0.68,0.44,False
0.5,rand,0.318,0.256,0.206,0.13,0.118,0.071,0.111,0.35663692149176685,0.42727423830610806,0.521793225589475,0.5476459528108596,True,0.9940745452072284,0.9887226037370702,0.9087385122203641,0.84,0.38,0.6,0.54,False
0.5,rand,0.468,0.148,0.169,0.093,0.159,0.09,0.083,0.3325306297136891,0.40627881028996,0.5099984329667612,0.5365130779584532,True,0.9975871673214916,0.9959807466444244,0.947414106884365,0.88,0.3,0.64,0.46,True
0.5,rand,0.498,0.122,0.112,0.173,0.117,0.067,0.121,0.2811250553133754,0.3634573530960028,0.4562250577677307,0.4888928186485814,True,0.9907444701929022,0.9874842929213485,0.9043790686323022,0.84,0.26,0.66,0.46,True
0.5,rand,0.518,0.233,0.165,0.089,0.094,0.063,0.049,0.4543284736695081,0.5217822262221312,0.6292094456622036,0.6531725781736659,True,0.991674066695923,0.9899787470265028,0.9136506440201484,0.84,0.26,0.7,0.44,False
0.5,rand,0.329,0.217,0.167,0.171,0.13,0.073,0.123,0.2855808167184105,0.36378764415238984,0.4557285126970543,0.4861266956062412,True,0.9937765739486358,0.9864926215712538,0.900603344308821,0.86,0.4,0.58,0.56,True
0.5,rand,0.317,0.134,0.223,0.102,0.221,0.073,0.141,0.2576540949723767,0.33675892684748726,0.426221100842108,0.4521095492451324,True,0.9918410391424061,0.9836216967134818,0.8891809814870416,0.8,0.38,0.58,0.54,False
0.5,rand,0.542,0.139,0.08,0.136,0.131,0.065,0.118,0.30193076665457613,0.3849602529606099,0.487648971114252,0.5181338588324168,True,0.9918231871451035,0.9871295699617192,0.9015615329004641,0.82,0.22,0.72,0.5,True
0.5,rand,0.355,0.13,0.189,0.144,0.194,0.061,0.137,0.25012291063477465,0.33284017097922913,0.4196684099105019,0.4489184810967541,True,0.994527777648775,0.9903717963084234,0.9153418364009347,0.88,0.28,0.66,0.54,False
0.5,rand,0.431,0.149,0.097,0.16,0.196,0.117,0.06,0.20699743623431666,0.29242093830684124,0.4042199457669286,0.4389041324129114,True,0.9959087945272913,0.9902973038680716,0.9155749886359252,0.86,0.38,0.58,0.46,True
0.5,rand,0.298,0.32,0.144,0.128,0.128,0.102,0.09,0.3238480332411521,0.3966386569880256,0.508876572544991,0.5364022814746101,True,0.9882014776780155,0.978127745700595,0.8733387903256918,0.76,0.44,0.54,0.62,False
0.5,rand,0.273,0.304,0.111,0.121,0.13,0.123,0.149,0.26111458343939026,0.33609638179274665,0.4494598443850569,0.47751337098867735,True,0.9824622925330856,0.9634518307270804,0.8351160812980037,0.7,0.48,0.5,0.62,False
0.5,rand,0.485,0.143,0.157,0.128,0.174,0.043,0.081,0.33248577410971214,0.4141337906378112,0.5103788444976601,0.5387182638787079,True,0.9949584002803123,0.9890975111304259,0.9108129800378076,0.84,0.22,0.68,0.48,True
0.5,rand,0.431,0.129,0.171,0.121,0.185,0.089,0.083,0.28128826069398083,0.35990136972825154,0.4596830862507208,0.48879812639168513,True,0.9989823293829134,0.9984411952428734,0.9668475134062535,0.94,0.28,0.66,0.48,True
0.5,rand,0.31,0.16,0.179,0.209,0.136,0.126,0.091,0.20801657433520906,0.2855552022201257,0.37775829024808705,0.4133587114697773,True,0.9852867028119228,0.9675652728140894,0.845099274208834,0.76,0.42,0.56,0.56,True
0.5,rand,0.431,0.238,0.134,0.081,0.122,0.094,0.11,0.3573503938629905,0.42854809664901666,0.5399259371363027,0.5646667387098987,True,0.9956268411730399,0.9929703090717291,0.9277815145502091,0.88,0.26,0.72,0.48,True
0.5,rand,0.448,0.122,0.178,0.152,0.146,0.059,0.105,0.3070879954246411,0.38610522783551343,0.4741514344853234,0.5039581559816932,True,0.994191433341642,0.9912427751020901,0.9192135892528561,0.88,0.24,0.68,0.5,True
0.5,rand,0.463,0.147,0.136,0.128,0.194,0.04,0.102,0.2991414918827399,0.3847989042219235,0.4822614978108775,0.5110228266816984,True,0.9954397299453007,0.9895950282309298,0.9125368808256609,0.88,0.22,0.7,0.52,True
0.5,rand,0.275,0.161,0.206,0.094,0.217,0.119,0.137,0.22206358069245827,0.2981367860189689,0.39777855251043737,0.42445640166585824,True,0.9852711556107271,0.9673393779859245,0.8445260384080566,0.7,0.38,0.6,0.6,False
0.5,rand,0.49,0.176,0.133,0.157,0.119,0.047,0.088,0.3458415630017077,0.4256025838602308,0.5214869164845771,0.5515589924417914,True,0.9934402225885511,0.9879646582608205,0.9054865417485075,0.88,0.24,0.7,0.5,True
0.5,rand,0.462,0.157,0.221,0.101,0.111,0.084,0.073,0.39393535724595535,0.4600920405170339,0.5553368869309993,0.5804385866290751,True,0.9932583155711073,0.9924616037743791,0.9271537647376534,0.86,0.3,0.64,0.48,False
0.5,rand,0.467,0.14,0.128,0.14,0.186,0.043,0.105,0.28740108745994125,0.3737053234481851,0.47026951347367685,0.5001849326162452,True,0.9949386041640019,0.9891927486153644,0.9105726990474305,0.9,0.24,0.7,0.52,True
0.5,rand,0.414,0.143,0.121,0.123,0.19,0.095,0.124,0.23324609737842028,0.3163612702235022,0.42031449848829217,0.4504114304781383,True,0.9987331850578638,0.9977096819376521,0.958885951655297,0.92,0.32,0.64,0.5,True
0.5,rand,0.512,0.161,0.218,0.094,0.098,0.06,0.065,0.4416734826312015,0.507413019942118,0.6016053043182386,0.6253985286348881,True,0.9878783286839551,0.985141367005573,0.8952194566378777,0.78,0.22,0.7,0.4,False
0.5,rand,0.358,0.149,0.203,0.15,0.196,0.091,0.063,0.2638453008314705,0.34263861929787953,0.4386085399579068,0.4693418204166408,True,0.9955448545158356,0.9913886967757392,0.9203613188700671,0.84,0.4,0.58,0.5,True
0.5,rand,0.308,0.266,0.212,0.074,0.164,0.069,0.118,0.3670750868380231,0.43753934631175667,0.5389889526796171,0.5607291680644813,True,0.9887431769202766,0.9790838542915945,0.8781255398983859,0.74,0.36,0.6,0.5,False
0.5,rand,0.377,0.164,0.159,0.144,0.21,0.074,0.083,0.2533608618288345,0.3374567934039511,0.4373558951133856,0.4679886838902314,True,0.9975996594010268,0.9962680627638584,0.947809123800482,0.96,0.32,0.66,0.54,True
0.5,rand,0.554,0.092,0.185,0.065,0.124,0.111,0.079,0.3697207582283087,0.4360199812648112,0.5395063361381267,0.5643511867219106,True,0.9833914085673353,0.9807929589425541,0.8831538284771134,0.7,0.24,0.68,0.46,True
0.5,rand,0.264,0.129,0.25,0.125,0.159,0.129,0.154,0.2334210887249117,0.30328646605839266,0.38935010296274447,0.4170959491363336,True,0.9810302486341252,0.9578344305156914,0.8228818790392787,0.7,0.4,0.58,0.6,False
0.5,rand,0.366,0.13,0.244,0.123,0.179,0.061,0.106,0.31489588526908424,0.39003330153773635,0.4746211227430653,0.5011077103811213,True,0.9921706081671271,0.983655235248032,0.8886928714123491,0.8,0.28,0.64,0.54,False
0.5,rand,0.509,0.221,0.09,0.119,0.089,0.07,0.112,0.3649355978837098,0.44065785539490815,0.5484256153260845,0.5761253409254743,True,0.9942007354253791,0.9911142539427308,0.9185107778394671,0.92,0.28,0.68,0.48,True
0.5,rand,0.373,0.229,0.122,0.109,0.214,0.078,0.084,0.27533156813850385,0.35885054845475495,0.47172402129680535,0.499952602278155,True,0.9964895059240236,0.9962779835811775,0.9487652156993646,0.94,0.32,0.66,0.52,True
0.5,rand,0.377,0.248,0.15,0.144,0.133,0.098,0.059,0.3217978032751632,0.3962415525350026,0.5043349151413757,0.5340840349316437,True,0.997143320405526,0.9942941120258625,0.9356353062932652,0.9,0.36,0.62,0.56,True
0.5,rand,0.29,0.16,0.239,0.1,0.182,0.148,0.091,0.2561367141914328,0.3242350300694608,0.42528328892448963,0.45248436889040067,True,0.9800390620676676,0.9554126604024923,0.8182498653923247,0.66,0.38,0.6,0.6,False
0.5,rand,0.345,0.177,0.197,0.213,0.108,0.105,0.066,0.27350324872646525,0.34800309709448696,0.43737514234842234,0.4719141523895592,True,0.9880099756080718,0.9763349211255125,0.8676689137621881,0.8,0.38,0.6,0.58,True
0.5,rand,0.546,0.15,0.154,0.079,0.136,0.092,0.054,0.37960771950522953,0.4503803089917157,0.5601718755800393,0.5859923311564915,True,0.9920012797092569,0.989657341939778,0.9133067864073925,0.82,0.26,0.68,0.44,True
0.5,rand,0.315,0.152,0.208,0.176,0.21,0.063,0.086,0.24308219724633928,0.3270623098052886,0.41438167514867547,0.4460952109536823,True,0.987891728532627,0.9765992143370597,0.8675930134842506,0.78,0.36,0.6,0.58,False
0.5,rand,0.488,0.16,0.12,0.169,0.114,0.096,0.064,0.2999066652061915,0.37772614740986127,0.48078855118488784,0.5138310940256111,True,0.9957087586028107,0.994368692405173,0.9373558523727015,0.88,0.32,0.64,0.48,True
0.5,rand,0.49,0.117,0.176,0.12,0.182,0.075,0.05,0.3205709119307366,0.39861894410752846,0.4987197526374463,0.5276525830276019,True,0.9970644350939425,0.9957324249390911,0.9446313762523546,0.86,0.26,0.64,0.46,True
0.5,rand,0.387,0.274,0.096,0.127,0.168,0.077,0.08,0.3039279851440474,0.3857658478058516,0.5010681871019049,0.5301172768804818,True,0.9953726344562774,0.9925304892918764,0.9262706377468436,0.9,0.32,0.66,0.52,True
0.5,rand,0.4,0.149,0.135,0.076,0.235,0.131,0.085,0.22591101790705706,0.305719177986099,0.4231366735449128,0.4513027025429548,True,0.9913209001224348,0.9809095684442837,0.880987525516751,0.8,0.36,0.62,0.58,True
0.5,rand,0.306,0.208,0.119,0.145,0.158,0.112,0.162,0.20668301409019077,0.2875851369871601,0.39014125925200055,0.4209441950174514,True,0.9915377820762925,0.9809366817351158,0.8812512894660478,0.84,0.42,0.56,0.6,True
0.5,rand,0.486,0.184,0.167,0.151,0.121,0.044,0.056,0.3813260576581787,0.4578047904640285,0.5530139294705955,0.5819235469288199,True,0.9935849694481322,0.9884611192795727,0.9077300030024641,0.86,0.22,0.72,0.5,False
0.5,rand,0.403,0.214,0.199,0.079,0.163,0.046,0.107,0.38501279798987553,0.45849449336513165,0.5564781573119699,0.5790172833955602,True,0.9946770084495229,0.9875549030195323,0.9047438931726652,0.8,0.24,0.7,0.44,False
0.5,rand,0.503,0.133,0.155,0.119,0.163,0.048,0.089,0.33895461043474273,0.4189762837242885,0.5154811092331242,0.543250315827355,True,0.994543601434184,0.9893418401627677,0.911760265827095,0.82,0.24,0.66,0.46,True
0.5,rand,0.284,0.2,0.101,0.215,0.165,0.073,0.171,0.16556507157554937,0.2564365610697561,0.34757294897999275,0.38301101236381974,True,0.9800536260873969,0.9565804881429704,0.8224063491211503,0.78,0.38,0.6,0.56,True
0.5,rand,0.387,0.18,0.203,0.121,0.141,0.098,0.079,0.3274910734381447,0.39840887805847547,0.4968895988206097,0.524409076251829,True,0.997562206816936,0.995540873124097,0.9427921573626623,0.84,0.4,0.56,0.5,False
0.5,rand,0.286,0.23,0.157,0.188,0.175,0.117,0.057,0.22338915126952885,0.3038478277661494,0.40867568626245016,0.44295080157554273,True,0.986263334147714,0.9687120037541466,0.8479776140307325,0.76,0.44,0.54,0.62,True
0.5,rand,0.26,0.181,0.237,0.139,0.21,0.082,0.1,0.25828618453207824,0.3361826298700244,0.42663984325438686,0.4548910908680786,True,0.9851723817349124,0.9707299121647768,0.8518753658728868,0.72,0.42,0.56,0.6,False
0.5,rand,0.397,0.161,0.092,0.161,0.147,0.129,0.124,0.1978805460840249,0.27960078569793945,0.3864892658687957,0.42038886970831046,True,0.9931811582326889,0.9839597853677097,0.8906809554880514,0.84,0.4,0.56,0.52,True
0.5,rand,0.344,0.178,0.128,0.188,0.15,0.106,0.116,0.20870901798160682,0.2913156671438084,0.3893831505872981,0.42371906657296804,True,0.9920072969621222,0.9812509735371969,0.8836134235302603,0.82,0.4,0.58,0.54,True
0.5,rand,0.401,0.271,0.167,0.107,0.118,0.07,0.076,0.39456070860091297,0.4653170351558547,0.5715976348333759,0.5966873337938895,True,0.9969650279715723,0.9962971155972754,0.9482733315777027,0.94,0.28,0.7,0.48,False
0.5,rand,0.43,0.197,0.145,0.128,0.175,0.075,0.061,0.3134618178688584,0.3931086600893691,0.49970225331931506,0.5288220787525018,True,0.9997500610785616,0.999627129859183,0.9838118545331337,1.0,0.3,0.68,0.52,True
0.5,rand,0.497,0.098,0.152,0.082,0.199,0.097,0.086,0.28700224444601524,0.36518014239802926,0.4714774793091279,0.498850000228717,True,0.9953183390980181,0.9914377015746171,0.9223758212745544,0.82,0.28,0.66,0.5,True
0.5,rand,0.466,0.223,0.155,0.093,0.1,0.112,0.06,0.38331701927148787,0.44974162181377997,0.562355584797666,0.5883501259862808,True,0.9936805598385658,0.9928283177809757,0.9274099805930118,0.86,0.3,0.66,0.48,True
0.5,rand,0.382,0.3,0.107,0.101,0.182,0.068,0.07,0.33705277046755844,0.4174204972114779,0.5362024948980726,0.5626396565335681,True,0.9933031148352046,0.9913405811374417,0.9213253782014401,0.88,0.32,0.66,0.52,False
0.5,rand,0.538,0.122,0.213,0.066,0.124,0.086,0.06,0.4146523267813583,0.479918040862378,0.5802142795638978,0.6036250471259386,True,0.9850725066220706,0.9811091585314852,0.8846378676131418,0.68,0.2,0.72,0.48,False
0.5,rand,0.396,0.171,0.159,0.165,0.14,0.109,0.069,0.2725174697668102,0.3490278576996578,0.44975454555001676,0.48210504842670104,True,0.9969611753238357,0.993447690186359,0.9307277872175544,0.9,0.38,0.6,0.54,True
0.5,rand,0.447,0.154,0.177,0.113,0.2,0.048,0.071,0.3286344181296099,0.4095361933427258,0.508040620452122,0.5352415048136487,True,0.9970117864371435,0.9927509188766201,0.9267637798841619,0.88,0.28,0.64,0.5,False
0.5,rand,0.399,0.186,0.12,0.142,0.128,0.104,0.13,0.26346822565507805,0.34124938892433754,0.44391177147838773,0.47442082348698106,True,0.9978186269669542,0.9948494396277145,0.938312782948688,0.94,0.36,0.62,0.54,True
0.5,rand,0.253,0.228,0.227,0.073,0.22,0.096,0.113,0.28947039121092794,0.36295059554945247,0.465841088107535,0.48924598252830237,True,0.9797781160928001,0.9589900233414422,0.8270152991477363,0.58,0.4,0.58,0.6,False
0.5,rand,0.363,0.248,0.121,0.092,0.152,0.133,0.101,0.28359365353533356,0.35670851907449036,0.47558303638526617,0.5028907741522064,True,0.9890177697056323,0.9774623787771635,0.8706265085704413,0.82,0.4,0.58,0.58,True
0.5,rand,0.287,0.172,0.202,0.144,0.207,0.113,0.084,0.22572743916990703,0.3040898598030805,0.4030551940686558,0.43362545520560664,True,0.9889606952673913,0.9766145218227121,0.8683989821814663,0.76,0.44,0.54,0.58,False
0.5,rand,0.331,0.228,0.123,0.113,0.199,0.084,0.132,0.24967580039161205,0.3326336014959906,0.4404665948488229,0.4684980482406103,True,0.9948613166172446,0.9930536576980273,0.9288982131145617,0.9,0.36,0.62,0.54,True
0.5,rand,0.26,0.242,0.182,0.131,0.153,0.084,0.158,0.2732465944092988,0.34941371304713426,0.444246586369948,0.47127384562902525,True,0.989595362395632,0.9798997780046133,0.8780949281840796,0.8,0.44,0.54,0.54,False
0.5,rand,0.415,0.131,0.181,0.16,0.147,0.051,0.126,0.2953945850557414,0.37571854121885534,0.46015720652039144,0.48997890595463445,True,0.9928220791155415,0.9874697243672226,0.9025763321966463,0.88,0.26,0.68,0.52,False
0.5,rand,0.48,0.206,0.074,0.071,0.225,0.081,0.073,0.29127972414246045,0.37624852492208094,0.5003058205253295,0.527356339150648,True,0.9935124557731101,0.9880323545667539,0.9056601479090941,0.86,0.28,0.7,0.48,True
0.5,rand,0.282,0.215,0.151,0.096,0.223,0.066,0.177,0.23757650011347384,0.3217322977271331,0.4216702754003569,0.44729279324573157,True,0.9912074683683796,0.9896510017851446,0.9134317492959305,0.82,0.4,0.58,0.56,False
0.5,rand,0.33,0.268,0.138,0.102,0.216,0.086,0.069,0.2887833293624393,0.36963706982970346,0.4859308438363181,0.5131710659062199,True,0.991956014624827,0.9891093894038212,0.9113187023316901,0.84,0.4,0.58,0.58,False
0.5,rand,0.495,0.166,0.141,0.093,0.186,0.078,0.05,0.33519320015712,0.413388622325561,0.5245515510902417,0.5517758635396808,True,0.9978807551163522,0.9957050071189029,0.9443550321464935,0.88,0.26,0.7,0.46,True
0.5,rand,0.603,0.199,0.12,0.067,0.09,0.052,0.079,0.4569421413255058,0.5272210963478201,0.6370121824904549,0.6601104074136775,True,0.9820659673205715,0.9736728618794401,0.8594012348681683,0.74,0.2,0.76,0.42,True
0.5,rand,0.444,0.134,0.199,0.127,0.153,0.077,0.076,0.3299717954789129,0.4044319593382673,0.4984773594949887,0.5266023127035157,True,0.997223079740585,0.9962363505911963,0.9473361099136667,0.88,0.26,0.64,0.48,False
0.5,rand,0.446,0.135,0.126,0.124,0.186,0.068,0.125,0.2636566365570834,0.34782306748235126,0.4471590083942434,0.47647728823347857,True,0.9985144052089585,0.9975377816300107,0.9576925141359026,0.94,0.26,0.7,0.5,True
0.5,rand,0.39,0.276,0.106,0.14,0.148,0.083,0.067,0.31541575926121707,0.39500315127455704,0.5090128858003105,0.5388299996047323,True,0.9959264872363927,0.9924616644359755,0.9261192565295205,0.88,0.34,0.64,0.52,True
0.5,rand,0.351,0.124,0.176,0.153,0.205,0.113,0.088,0.20592758898921776,0.2872492994099846,0.3853727672532251,0.4177599166490891,True,0.9940529752193131,0.987682210946964,0.9045895765854771,0.84,0.38,0.6,0.56,True
0.5,rand,0.421,0.231,0.132,0.108,0.163,0.037,0.119,0.3470394509961374,0.42800157043400106,0.5301867632553852,0.5558474109425556,True,0.9961192023055209,0.9918564986507639,0.9218772277360583,0.9,0.26,0.72,0.52,False
0.5,rand,0.386,0.226,0.095,0.119,0.171,0.102,0.11,0.2582275274152802,0.3394923866612587,0.4534410751252426,0.48298114289116806,True,0.9957508613607143,0.9916080922634708,0.9209446187960959,0.9,0.36,0.62,0.54,True
0.5,rand,0.418,0.227,0.103,0.101,0.196,0.068,0.097,0.2976570399444757,0.38113382495416076,0.49443554143783186,0.5218376589799937,True,0.9971580679105064,0.9962716381339216,0.9476761934794533,0.94,0.28,0.7,0.5,True
0.5,rand,0.393,0.247,0.165,0.142,0.079,0.067,0.116,0.3729337206334243,0.44415602535814325,0.539778804118625,0.5669055270197255,True,0.9972116921532852,0.9954673040428095,0.9423531098985704,0.96,0.3,0.68,0.5,False
0.5,rand,0.284,0.233,0.216,0.153,0.198,0.063,0.063,0.3001999798061803,0.37934521969353874,0.47470368959631004,0.5035637237409588,True,0.9876126808859669,0.9773959372298878,0.8698603770356791,0.8,0.42,0.56,0.56,False
0.5,rand,0.481,0.132,0.167,0.111,0.182,0.033,0.103,0.33673600739505244,0.4183143607844867,0.5116078061166437,0.5382017503733088,True,0.9929625080495879,0.9838536450804153,0.8911225189834563,0.8,0.24,0.66,0.44,False
0.5,rand,0.477,0.175,0.091,0.077,0.209,0.065,0.115,0.2903675432173523,0.3752493805998918,0.48838228448873794,0.5148137988293098,True,0.9956199867890619,0.9911473996018416,0.9190089520394111,0.88,0.24,0.74,0.5,True
0.5,rand,0.584,0.123,0.08,0.06,0.14,0.1,0.122,0.3219751484867485,0.3982930502871075,0.5129704083276851,0.5390462625797574,True,0.9854402343941072,0.9778257865231949,0.8718367196319214,0.76,0.28,0.66,0.48,True
0.5,rand,0.585,0.116,0.143,0.099,0.134,0.065,0.068,0.3755213849147814,0.4507950690922663,0.5531082006640831,0.5801641553416146,True,0.9885311301445803,0.9845730126312425,0.8932489847813653,0.8,0.22,0.7,0.42,True
0.5,rand,0.452,0.162,0.137,0.1,0.221,0.068,0.07,0.29320317287020153,0.3767097692602538,0.48534898411619054,0.5132079583004091,True,0.9987200538723982,0.9974560277115851,0.9569058350120854,0.92,0.28,0.68,0.52,True
0.5,rand,0.411,0.169,0.159,0.132,0.145,0.113,0.082,0.28565475236723914,0.3602158199514965,0.46419555881648705,0.49414631205604803,True,0.9981035893274126,0.9960939741603747,0.946240378276921,0.9,0.38,0.6,0.52,True
0.5,rand,0.492,0.207,0.124,0.123,0.095,0.053,0.117,0.3771241583004759,0.4525622734963514,0.5524239883723241,0.5792808760434258,True,0.9948597626892258,0.9914707018901713,0.9201550043024136,0.92,0.24,0.7,0.48,True
0.5,rand,0.395,0.216,0.19,0.139,0.147,0.068,0.054,0.3529180830567847,0.4275966021961206,0.5267431201459202,0.554928274722899,True,0.9980009571614998,0.9965072734231156,0.9490570753316547,0.96,0.32,0.66,0.5,False
0.5,rand,0.521,0.195,0.077,0.146,0.114,0.098,0.059,0.31616547870889483,0.3946785710245288,0.508723339999234,0.5406689524493342,True,0.9948889558328541,0.9916037429491479,0.920399478678312,0.9,0.32,0.64,0.48,True
0.5,rand,0.235,0.262,0.223,0.128,0.242,0.051,0.07,0.29587607381116193,0.37737308312115275,0.4757544633026345,0.5023067178957104,True,0.9780984885242398,0.9625301693732023,0.8320922309985122,0.74,0.38,0.58,0.54,False
0.5,rand,0.506,0.212,0.147,0.082,0.159,0.033,0.07,0.4109407124369815,0.4879627623212958,0.5941605119123549,0.6180259763005017,True,0.9923248812858021,0.9822972252604137,0.8850798504470988,0.78,0.22,0.72,0.44,False
0.5,rand,0.53,0.122,0.088,0.111,0.175,0.061,0.123,0.2844192223968024,0.36981655766437765,0.47401874844295483,0.5030559699705605,True,0.9936675489873066,0.9882908324075451,0.9066959141328834,0.84,0.24,0.7,0.48,True
0.5,rand,0.528,0.115,0.119,0.143,0.143,0.089,0.073,0.2929799843855275,0.3728494843212789,0.4758785943335225,0.5076196737161659,True,0.9947521926975778,0.9942514363892484,0.9350964562537636,0.84,0.24,0.68,0.48,True
0.5,rand,0.445,0.193,0.154,0.133,0.115,0.065,0.105,0.34897153766311434,0.4240948461481406,0.5213075030518717,0.5491587001719346,True,0.9983744007540971,0.9975258410665196,0.9574002351650601,0.94,0.26,0.7,0.5,True
0.5,rand,0.493,0.179,0.077,0.083,0.147,0.096,0.135,0.2964555746169581,0.3751752533059634,0.489334832315389,0.5163522700189177,True,0.9937954645744558,0.988896855597602,0.9095558030584877,0.86,0.28,0.68,0.48,True
0.5,rand,0.542,0.138,0.191,0.092,0.095,0.099,0.053,0.40657838766158033,0.4713824040579845,0.5737394834302345,0.599482643927861,True,0.9875268531912696,0.9899179934199185,0.9156253092621822,0.84,0.26,0.66,0.42,True
0.5,rand,0.383,0.214,0.158,0.151,0.154,0.071,0.078,0.3099541863097585,0.3888840414827151,0.4889956052194925,0.5188067981403008,True,0.9980113129562201,0.9958614761749504,0.9452029346989234,0.96,0.34,0.64,0.5,True
0.5,rand,0.435,0.177,0.139,0.13,0.148,0.088,0.092,0.29984188974253606,0.37757681605877097,0.4809672525751006,0.5103766762289972,True,0.9996914170873009,0.9994752914407008,0.9807284581592379,0.96,0.3,0.66,0.5,True
0.5,rand,0.484,0.114,0.117,0.087,0.199,0.078,0.13,0.26671454605042044,0.34976891647001257,0.4546992600500377,0.48213369944479184,True,0.9966512739431975,0.9934952785980301,0.9314503075428942,0.84,0.26,0.68,0.5,True
0.5,rand,0.389,0.226,0.163,0.146,0.112,0.105,0.07,0.3265677685584432,0.39832509682422196,0.5023847479628284,0.5320799810894697,True,0.997455669702937,0.9951113829148706,0.9401457117600981,0.92,0.38,0.6,0.54,True
0.5,rand,0.547,0.21,0.134,0.076,0.091,0.043,0.11,0.44207114420788474,0.513212640188753,0.6169335222627175,0.6396659393517357,True,0.9869899889101555,0.9783838956017344,0.8725852389474937,0.8,0.24,0.72,0.4,False
0.5,rand,0.485,0.119,0.088,0.068,0.188,0.109,0.152,0.2432026272175757,0.32425884086145745,0.43662248728319575,0.46374563653675627,True,0.9922116782643957,0.9851659927638287,0.8949372417922865,0.8,0.3,0.66,0.5,True
0.5,rand,0.434,0.238,0.118,0.07,0.183,0.07,0.096,0.34043768341095465,0.4189577483545064,0.534436386238084,0.5589294663782418,True,0.995160967671917,0.9920023739121848,0.9226639068598755,0.86,0.26,0.72,0.48,True
0.5,rand,0.294,0.244,0.236,0.17,0.116,0.07,0.079,0.3488190250075956,0.41961758134705396,0.5075863238777399,0.5360989575284177,True,0.9874110645577717,0.9748089705261342,0.8629442262952111,0.8,0.42,0.56,0.54,False
0.5,rand,0.588,0.15,0.091,0.148,0.107,0.043,0.082,0.36087475717901235,0.4421529073683206,0.5428360558336263,0.5732753338526283,True,0.9853507890777252,0.9771573783774482,0.8690963421936774,0.78,0.18,0.72,0.46,True
0.5,rand,0.275,0.21,0.171,0.119,0.206,0.126,0.103,0.2219698259760904,0.2997305364136552,0.40743208603161585,0.43657330488524204,True,0.9860442965948044,0.9702373697223006,0.8514660914459967,0.74,0.42,0.56,0.62,True
0.5,rand,0.345,0.218,0.147,0.097,0.246,0.06,0.096,0.2717018034173389,0.3571063947522056,0.4654204344968337,0.49205231322811965,True,0.9943941675084275,0.9949248888113649,0.9416695880585798,0.9,0.3,0.66,0.52,False
0.5,rand,0.32,0.227,0.168,0.163,0.119,0.102,0.112,0.2822260064331096,0.3565794820294523,0.4539445819361983,0.48436564598720705,True,0.9938084807425555,0.9855522516110783,0.8972813442987569,0.88,0.42,0.56,0.58,True
0.5,rand,0.331,0.174,0.258,0.144,0.136,0.065,0.102,0.3425319280438548,0.41332694756036137,0.4954061360094593,0.5222111451736529,True,0.9895007688585402,0.978912136375867,0.8739099294337084,0.76,0.36,0.58,0.58,False
0.5,rand,0.483,0.115,0.099,0.163,0.122,0.095,0.134,0.24496541997554677,0.3267318192072985,0.4241890866870571,0.45723023915272726,True,0.9932414696502373,0.991604855214123,0.9227146468246846,0.88,0.3,0.64,0.46,True
0.5,rand,0.462,0.179,0.126,0.127,0.122,0.089,0.106,0.31480587194621235,0.390947702787695,0.4946455747755824,0.5236770045425607,True,0.9985879984196179,0.9983066795778428,0.965075808023456,0.96,0.3,0.66,0.5,True
0.5,rand,0.309,0.11,0.21,0.141,0.213,0.112,0.116,0.19926255217950564,0.27880182156728234,0.37066158497275936,0.4013341757577997,True,0.9897954416143855,0.9789715717123235,0.8751335593288571,0.78,0.44,0.54,0.54,True
0.5,rand,0.332,0.243,0.148,0.15,0.106,0.146,0.085,0.2748796051339244,0.3450278347317195,0.4545837434232765,0.4856875475545381,True,0.988540729428851,0.9740612308545692,0.860862210383829,0.82,0.42,0.56,0.62,True
0.5,rand,0.551,0.205,0.117,0.112,0.101,0.036,0.087,0.41494314543814165,0.4910776896571406,0.5940510524814829,0.6201909260669687,True,0.989093332100405,0.9804775113131434,0.8791751442943958,0.84,0.2,0.74,0.42,True
0.5,rand,0.305,0.155,0.108,0.161,0.238,0.149,0.095,0.11507317031941916,0.20261541913054634,0.31502650731704407,0.35064071395526325,True,0.9833454717163833,0.9614286435361908,0.8303561693926468,0.7,0.44,0.54,0.62,True
0.5,rand,0.489,0.17,0.067,0.09,0.206,0.086,0.102,0.2628286585089603,0.3486157620119485,0.4665703626301671,0.4952812297738179,True,0.9951932261368586,0.9904772941527709,0.9158463006791607,0.86,0.3,0.66,0.48,True
0.5,rand,0.492,0.256,0.152,0.075,0.086,0.083,0.066,0.4422865029443823,0.5076751429250653,0.6203277009251348,0.6435337286131719,True,0.9909051485852928,0.9896681604672986,0.9133231406109259,0.84,0.26,0.7,0.42,False
0.5,rand,0.5,0.22,0.132,0.111,0.084,0.087,0.077,0.3926190026485431,0.4623297136183199,0.5706518922295426,0.5974528217317612,True,0.9951603816258845,0.9955799538486574,0.9447190180097521,0.94,0.26,0.7,0.46,True
0.5,rand,0.462,0.147,0.171,0.065,0.207,0.083,0.074,0.32600071787389945,0.4023623456047177,0.5106266421837137,0.5355043882645839,True,0.9956232677136835,0.989913603393115,0.9174976558974935,0.78,0.26,0.68,0.46,True
0.5,rand,0.403,0.135,0.159,0.176,0.165,0.07,0.101,0.25520884443182096,0.33831130807412646,0.4290113407241929,0.4615250049145384,True,0.9944867446608829,0.9899864384283737,0.9137059967090311,0.88,0.26,0.68,0.5,True
0.5,rand,0.378,0.163,0.15,0.144,0.191,0.042,0.142,0.2649047671461663,0.35108898697674146,0.4421895475529299,0.4712678365688299,True,0.9945558072723873,0.9896969527408384,0.9117145579249115,0.9,0.26,0.72,0.56,False
0.5,rand,0.373,0.176,0.159,0.176,0.09,0.112,0.123,0.27176835549813905,0.34520933069401555,0.43864238673881784,0.4707293388186621,True,0.9940655289307955,0.9884976001051098,0.9081376000751455,0.9,0.38,0.6,0.54,True
0.5,rand,0.414,0.155,0.148,0.137,0.145,0.109,0.102,0.2689536473074093,0.34546070432094167,0.4470799307314006,0.4775374862378617,True,0.9982803046128603,0.9966101843964335,0.9497657574847738,0.9,0.34,0.62,0.48,True
0.5,rand,0.395,0.249,0.078,0.165,0.155,0.05,0.117,0.27813122571617654,0.3656275847867498,0.47050101120348425,0.5018547639024544,True,0.9922271988813887,0.9832315074833365,0.8908495295860122,0.82,0.32,0.66,0.5,True
0.5,rand,0.317,0.177,0.156,0.177,0.19,0.077,0.116,0.21860722303640334,0.30392749129669283,0.3974528435417443,0.42999827317279055,True,0.9912506762695605,0.9825644074295977,0.886744205160548,0.84,0.36,0.62,0.56,True
0.5,rand,0.567,0.137,0.155,0.095,0.116,0.078,0.063,0.39156322600475446,0.462709722371409,0.5666068728232159,0.5929830649326847,True,0.9898880385151058,0.9886741799052934,0.908839153472878,0.82,0.24,0.68,0.42,True
0.5,rand,0.341,0.146,0.185,0.132,0.116,0.142,0.148,0.2453198825431869,0.3150087651697777,0.4103424829786431,0.43977259158082677,True,0.9901577633532014,0.9790188507091405,0.8749398249177677,0.82,0.4,0.58,0.58,True
0.5,rand,0.46,0.191,0.171,0.077,0.182,0.064,0.065,0.3681413537619919,0.4435279359821816,0.5508373761054198,0.5753052686047153,True,0.9966685751592262,0.992595636182263,0.9277274198769828,0.82,0.24,0.7,0.44,False
0.5,rand,0.304,0.218,0.125,0.151,0.218,0.105,0.089,0.20138545913901315,0.28692278743547256,0.39663747343242384,0.4288508883471609,True,0.9899530074849395,0.980326221698902,0.879131113746421,0.78,0.42,0.56,0.62,True
0.5,rand,0.439,0.195,0.087,0.148,0.204,0.055,0.082,0.2619519862143979,0.35176163109220726,0.45992600809345713,0.4915140181847851,True,0.9957869769221778,0.9911031430995985,0.9198421777425161,0.88,0.3,0.66,0.48,True
0.5,rand,0.448,0.246,0.121,0.155,0.086,0.079,0.075,0.35856254069976506,0.4329023876948575,0.5381112949388608,0.5680810961408217,True,0.9968430619289523,0.9946927621237655,0.9384708735828454,0.94,0.34,0.64,0.5,True
0.5,rand,0.543,0.118,0.085,0.1,0.191,0.094,0.08,0.2716460788087163,0.3550845675142522,0.4690900992533372,0.4990262599263324,True,0.9943975992577083,0.9901396020381058,0.914429355711475,0.82,0.26,0.68,0.5,True
0.5,rand,0.524,0.119,0.145,0.168,0.108,0.06,0.087,0.3298989183653552,0.40838183172701154,0.49946518888487834,0.5309771260179812,True,0.9887606036788456,0.9866888386294218,0.9009178482229271,0.86,0.26,0.66,0.46,True
0.5,rand,0.351,0.217,0.162,0.154,0.097,0.123,0.105,0.2903810597459992,0.3611334051848234,0.46226654161981773,0.49269441559354393,True,0.9940132882601251,0.9864683084848506,0.8998791466292728,0.88,0.4,0.58,0.58,True
0.5,rand,0.283,0.239,0.12,0.102,0.239,0.054,0.172,0.22862261438514736,0.317330303874789,0.4216045755832033,0.44798732460863694,True,0.988965437563604,0.9885446914173904,0.9104632516853216,0.86,0.38,0.6,0.52,False
0.5,rand,0.319,0.203,0.095,0.183,0.237,0.094,0.078,0.16358691883896642,0.25616208774453075,0.3655539895779939,0.40116045152532737,True,0.9875315644544949,0.9744219755972321,0.8630897367728041,0.78,0.38,0.6,0.58,True
0.5,rand,0.379,0.203,0.122,0.136,0.235,0.054,0.081,0.2549320445316501,0.3442508973179592,0.4507286568537007,0.48090169667288973,True,0.9954988742621038,0.9941441419031237,0.9349459137135447,0.96,0.3,0.68,0.52,True
0.5,rand,0.513,0.204,0.067,0.06,0.153,0.089,0.123,0.3262657175391358,0.40452128356377365,0.5245673579699179,0.5497860530236388,True,0.9899722673599074,0.9819441487135075,0.8843334278242871,0.82,0.32,0.66,0.48,True
0.5,rand,0.316,0.21,0.182,0.194,0.189,0.051,0.069,0.26913311272826435,0.3539731029108545,0.44554561442086293,0.47806686623391975,True,0.9861252298665464,0.971465849288161,0.8537137460854747,0.8,0.38,0.6,0.6,False
0.5,rand,0.456,0.124,0.165,0.142,0.175,0.094,0.056,0.282439254421541,0.361227355396378,0.46200733872756783,0.49315131442057303,True,0.9982894936323565,0.9981223876124231,0.9635120945625208,0.9,0.28,0.64,0.46,True
0.5,rand,0.502,0.097,0.15,0.078,0.145,0.105,0.134,0.30220798752133765,0.3755376853931454,0.477065271055646,0.5032610750567191,True,0.992036766255936,0.9888988851147694,0.9107052100299072,0.82,0.28,0.66,0.5,True
0.5,rand,0.51,0.188,0.136,0.137,0.08,0.037,0.121,0.3917573439590376,0.4671902797963353,0.5601030204396713,0.5873056863973738,True,0.989484680967217,0.983147655243651,0.8881225709814368,0.84,0.2,0.74,0.46,True
0.5,rand,0.482,0.157,0.106,0.166,0.107,0.057,0.135,0.3008690911323855,0.38273836951593193,0.4761643224392045,0.507400572320965,True,0.9920509815343307,0.9871071817614078,0.9026354589324983,0.86,0.24,0.7,0.48,True
0.5,rand,0.435,0.2,0.177,0.144,0.117,0.049,0.087,0.37042971249018986,0.44549620736932494,0.5386121608600409,0.5663767870866249,True,0.9959839890835065,0.9921719519799219,0.9238124751541907,0.9,0.26,0.7,0.5,False
0.5,rand,0.389,0.158,0.17,0.175,0.176,0.07,0.072,0.268424651414672,0.35093571081815345,0.44479187363483313,0.4771606036856278,True,0.9951514260048362,0.9903293344123335,0.915274742232592,0.9,0.28,0.66,0.5,True
0.5,rand,0.542,0.198,0.104,0.153,0.09,0.046,0.077,0.38166973087531947,0.4599574349105536,0.5612336804366546,0.5910166236191841,True,0.9898178526396637,0.9831188531991158,0.8873186989769817,0.82,0.2,0.74,0.44,True
0.5,rand,0.432,0.148,0.143,0.135,0.191,0.086,0.075,0.2670541902249403,0.34903637210930366,0.4525119781141571,0.48318196689736725,True,0.9994174066587417,0.9990189550145163,0.973551478839338,0.92,0.3,0.66,0.5,True
0.5,rand,0.535,0.11,0.106,0.137,0.161,0.1,0.062,0.27463250108713383,0.3558525013015034,0.46381737346193536,0.49610870781023614,True,0.9949853478726279,0.9937249881856451,0.9317409091595281,0.86,0.28,0.66,0.5,True
0.5,rand,0.512,0.149,0.084,0.115,0.145,0.081,0.125,0.28804317765589016,0.3696418472368,0.47658136628154596,0.5058968096100778,True,0.9954218124098008,0.9925243681703896,0.9249920745013646,0.88,0.26,0.7,0.5,True
0.5,rand,0.472,0.108,0.126,0.13,0.144,0.094,0.135,0.25954371057893805,0.3390972238509639,0.4369790926359128,0.46725869707741546,True,0.9963822328073885,0.9964539396661554,0.9495355406196483,0.88,0.28,0.64,0.46,True
0.5,rand,0.501,0.116,0.092,0.074,0.221,0.084,0.122,0.25236705998499315,0.3376547603285729,0.44968174928636834,0.4771792959440399,True,0.994503264084343,0.9888960722894716,0.9099466265890834,0.8,0.26,0.68,0.48,True
0.5,rand,0.371,0.211,0.22,0.131,0.111,0.096,0.07,0.3609865946782863,0.42811306283107353,0.5246333274373682,0.5517888843987039,True,0.9955189458775582,0.9930665700684348,0.928469229775721,0.86,0.4,0.56,0.48,False
0.5,rand,0.513,0.199,0.079,0.085,0.12,0.072,0.142,0.3420063062659553,0.4195727725117315,0.5299695537240172,0.5557604147420365,True,0.9927967681335401,0.9877021950752847,0.9044662910511476,0.86,0.26,0.68,0.46,True
0.5,rand,0.514,0.178,0.137,0.064,0.116,0.112,0.089,0.36883790515119247,0.43700998146483083,0.5505500982904722,0.5752647429846025,True,0.9898720388399321,0.9855813907549544,0.8971823804004515,0.8,0.3,0.66,0.44,True
0.5,rand,0.344,0.275,0.115,0.165,0.149,0.073,0.088,0.28905012418741466,0.37107342079232564,0.4777410005762464,0.5088053728994061,True,0.9929373829399906,0.9855722874442496,0.8985796164561867,0.86,0.38,0.6,0.54,True
0.5,rand,0.401,0.17,0.145,0.144,0.187,0.052,0.111,0.27803395445697454,0.3627724611344588,0.4587907158974004,0.48839260652595234,True,0.996902345677185,0.9939639794046308,0.9325791669252588,0.94,0.26,0.72,0.54,True
0.5,rand,0.522,0.212,0.089,0.08,0.17,0.085,0.052,0.3474268649218501,0.4259435315949944,0.5481189412552736,0.5750135448777536,True,0.9940237175140502,0.9891685193966717,0.9105316038693206,0.88,0.28,0.7,0.48,True
0.5,rand,0.327,0.175,0.17,0.123,0.176,0.107,0.132,0.2436949294015618,0.3210294761386274,0.4204440654489244,0.4490829970947907,True,0.9953230853004811,0.9896633922215482,0.9127792585087986,0.84,0.42,0.56,0.56,True
0.5,rand,0.328,0.275,0.119,0.067,0.228,0.125,0.067,0.2667368489118196,0.34498582333443745,0.47319598891089215,0.4994746492323635,True,0.9818446753187792,0.9662257259365096,0.8414724150713631,0.74,0.4,0.58,0.58,True
0.5,rand,0.486,0.097,0.196,0.107,0.146,0.104,0.074,0.3228803387030598,0.394028731141394,0.4918288815097453,0.5197009735199524,True,0.9933864891877815,0.9930426042594929,0.9305306980980481,0.82,0.3,0.62,0.48,True
0.5,rand,0.477,0.118,0.111,0.135,0.238,0.076,0.055,0.2349225924386498,0.3243277334930385,0.4326930008409791,0.4650070841700126,True,0.9976362000927169,0.9955945916140008,0.9429561187365498,0.92,0.28,0.68,0.48,True
0.5,rand,0.386,0.225,0.106,0.097,0.145,0.135,0.116,0.2680217526030006,0.3424460163443696,0.4598514868210823,0.48800130610783793,True,0.9907020597092907,0.9802536260530302,0.8787994169516771,0.82,0.38,0.6,0.58,True
0.5,rand,0.298,0.207,0.179,0.149,0.22,0.095,0.061,0.2406561412112198,0.3225148311427783,0.4262981998339266,0.45722899344434553,True,0.9909032591537871,0.9833079081176632,0.8886773558859198,0.78,0.42,0.56,0.56,True
dirichlet,dir,0.527,0.181,0.122,0.058,0.016,0.121,0.185,0.39345199881451626,0.45399401124014416,0.5592448997453774,0.5819044193355428,True,0.9755355797758498,0.9753629464736241,0.8675531763217971,0.78,0.3,0.66,0.44,True
dirichlet,dir,0.03,0.282,0.11,0.387,0.1,0.019,0.282,0.062095537282984864,0.16410361060519077,0.2195240212009039,0.2633969357108589,True,0.8295243562076543,0.6543673674581981,0.4689299486561877,0.22,0.56,0.44,0.56,False
dirichlet,dir,0.187,0.177,0.121,0.221,0.068,0.05,0.386,0.13904909719743966,0.22585565550952258,0.28634840970989006,0.31816210103219744,True,0.953380160845493,0.9061771821657642,0.7340244591790693,0.72,0.4,0.58,0.62,True
dirichlet,dir,0.218,0.292,0.023,0.26,0.213,0.121,0.084,0.07736990419008274,0.17613445302768582,0.29257032138242367,0.33499600359509885,True,0.9560089138892756,0.8972828229760592,0.721816675249129,0.64,0.4,0.58,0.58,True
dirichlet,dir,0.01,0.029,0.266,0.398,0.193,0.228,0.086,-0.11724091906257689,-0.03067695575243299,0.03458417489370556,0.08787459038204394,True,0.8510649064047269,0.7321653164155278,0.5383690581823855,0.26,0.64,0.3,0.72,False
dirichlet,dir,0.158,0.236,0.21,0.138,0.244,0.036,0.189,0.2187910434146632,0.3059138423891477,0.3904683438726931,0.4168929184584019,True,0.9609938723304631,0.926297415159709,0.7631814880480126,0.58,0.46,0.5,0.58,False
dirichlet,dir,0.025,0.185,0.08,0.244,0.103,0.338,0.234,-0.1239498559820501,-0.049856217580189155,0.06221956900148264,0.10694324669206227,True,0.8636702932365578,0.7262598664458009,0.531590869825572,0.28,0.72,0.28,0.62,False
dirichlet,dir,0.068,0.469,0.185,0.024,0.065,0.297,0.103,0.29556749695663637,0.33825404318484326,0.4846264984543608,0.5062439918906904,True,0.8331033627649028,0.7189950328493537,0.5261189210586789,0.24,0.48,0.52,0.54,False
dirichlet,dir,0.068,0.238,0.338,0.035,0.022,0.237,0.271,0.288941769662599,0.3273066426053697,0.41539210209031263,0.43327721112460355,True,0.8389036016234201,0.7302619159283688,0.5382914805502393,0.14,0.42,0.58,0.56,False
dirichlet,dir,0.069,0.39,0.238,0.306,0.008,0.106,0.093,0.29334596356014847,0.36062359996433324,0.43984123636786404,0.47639286916668094,True,0.9082698138354953,0.8211010153839274,0.6266595323200996,0.42,0.58,0.4,0.68,False
dirichlet,dir,0.018,0.258,0.151,0.571,0.174,0.018,0.02,-0.0022173287958219385,0.11276267677832268,0.1668165501833749,0.22733155868659283,True,0.7854396861084932,0.5910637806446709,0.4172401820264787,0.2,0.56,0.44,0.64,False
dirichlet,dir,0.157,0.044,0.151,0.185,0.229,0.014,0.43,0.02464203742517171,0.12669392890146164,0.17693753292636963,0.20755503996639477,True,0.9300673667563961,0.8570800201041486,0.6673743703631639,0.6,0.4,0.52,0.58,False
dirichlet,dir,0.251,0.164,0.147,0.023,0.039,0.204,0.381,0.19818249955793216,0.2558484976127188,0.3526773016785612,0.37323029912135286,True,0.9306947719485578,0.8686890374366079,0.6823850131756173,0.54,0.36,0.62,0.52,False
dirichlet,dir,0.292,0.261,0.102,0.043,0.091,0.019,0.402,0.3088335150169998,0.3869557034469596,0.4709849909278104,0.48799213564984456,True,0.9824129512766037,0.9711626854284542,0.8531417683003537,0.78,0.26,0.72,0.44,False
dirichlet,dir,0.187,0.252,0.409,0.146,0.091,0.117,0.008,0.4301491874131686,0.4800182762361619,0.5600334412538763,0.5843670228087473,True,0.9240873325341723,0.8870914549372033,0.707661063744492,0.44,0.42,0.56,0.6,False
dirichlet,dir,0.103,0.317,0.047,0.371,0.177,0.029,0.166,0.0586557190259755,0.16784782274593374,0.2499235147501564,0.29597712378761537,True,0.884267727073252,0.743985611574174,0.5493129557161716,0.4,0.5,0.5,0.56,False
dirichlet,dir,0.052,0.596,0.06,0.071,0.091,0.268,0.072,0.26219751035772243,0.3196951411230401,0.48446763774767265,0.5108706789601424,True,0.8521929359675752,0.7266871463744452,0.5335361813689559,0.22,0.5,0.5,0.64,False
dirichlet,dir,0.354,0.284,0.371,0.019,0.057,0.064,0.061,0.5958733119538606,0.6394467218768572,0.7289320456015663,0.7415808172366952,True,0.9230908757851941,0.8991238026805456,0.7366641953647993,0.4,0.24,0.76,0.38,False
dirichlet,dir,0.009,0.371,0.095,0.054,0.66,0.014,0.006,0.0351890722256043,0.1602023734617766,0.30549311229738463,0.3330965964393441,True,0.8733521508616383,0.724698248456252,0.5300669935270901,0.18,0.5,0.5,0.52,False
dirichlet,dir,0.08,0.269,0.277,0.067,0.058,0.387,0.072,0.1887474137506653,0.22359797796023423,0.3548943737122243,0.38289393124849413,True,0.8082185129435118,0.7134536745953353,0.5209098975639785,0.3,0.54,0.46,0.68,False
dirichlet,dir,0.008,0.161,0.009,0.174,0.057,0.077,0.723,-0.07643104018236759,0.01949536019679231,0.06997051877076832,0.098515469898151,True,0.8797427205834513,0.7426715112184625,0.5469122425051621,0.24,0.6,0.4,0.64,False
dirichlet,dir,0.404,0.033,0.049,0.086,0.063,0.111,0.465,0.1253673022707487,0.2059630161315967,0.28303633470877043,0.3089763808075881,True,0.9738932580899851,0.9748022513383048,0.8637615171333345,0.74,0.28,0.62,0.54,True
dirichlet,dir,0.116,0.078,0.081,0.226,0.154,0.258,0.297,-0.12283101637957716,-0.03792007029175837,0.05671917027022846,0.09906397845173517,True,0.9069139471316816,0.8049240947551398,0.6096079687743741,0.42,0.58,0.4,0.64,False
dirichlet,dir,0.691,0.012,0.226,0.047,0.007,0.049,0.178,0.496332268210534,0.5538299961777278,0.6294999502471418,0.6487950045176244,True,0.9095407288212121,0.9270481647049791,0.7669026983597154,0.58,0.12,0.76,0.38,False
dirichlet,dir,0.344,0.088,0.206,0.112,0.104,0.291,0.065,0.17202574284359426,0.2273579153401972,0.34391262561604224,0.3770429134249103,True,0.932736034081425,0.8904624752168878,0.7112447310110923,0.64,0.42,0.56,0.62,True
dirichlet,dir,0.381,0.046,0.267,0.016,0.088,0.199,0.213,0.28670020345526626,0.33798856663486615,0.4303105428192605,0.4509346128082286,True,0.9339235434645634,0.8986107081706415,0.7268655114169115,0.5,0.3,0.66,0.46,False
dirichlet,dir,0.261,0.047,0.2,0.07,0.222,0.339,0.071,0.04198298773303552,0.10360332882922656,0.2322701368553456,0.26577090305790096,True,0.9028072234291329,0.8174847504482077,0.6241321788663434,0.48,0.42,0.54,0.7,False
dirichlet,dir,0.165,0.008,0.004,0.237,0.346,0.17,0.28,-0.2348230902073894,-0.11929279414844456,-0.022043476499712923,0.02388670593668499,True,0.9284143908817009,0.8401189156194914,0.6494321317326902,0.54,0.48,0.48,0.58,True
dirichlet,dir,0.075,0.017,0.118,0.113,0.269,0.035,0.584,-0.07505259060790662,0.029988482715219145,0.08063260519204853,0.10654351360288314,True,0.9276940060848091,0.8579161856554915,0.6692773287127816,0.48,0.52,0.4,0.74,False
dirichlet,dir,0.271,0.005,0.306,0.251,0.055,0.32,0.002,0.111506368955222,0.16351891541067085,0.25358677870950697,0.2967721907095133,True,0.8904852205071709,0.8613606199019117,0.6746666677849028,0.54,0.48,0.5,0.64,False
dirichlet,dir,0.4,0.093,0.009,0.008,0.149,0.389,0.162,0.019940977637626967,0.0818098553471488,0.24009445975217283,0.2724105924972201,True,0.8794297053788933,0.7960453911427978,0.6004974193905501,0.4,0.44,0.56,0.52,False
dirichlet,dir,0.135,0.368,0.208,0.216,0.089,0.089,0.105,0.30246367585684825,0.3743058631580473,0.46616920069049683,0.4972814646603253,True,0.9513518875369743,0.8973131216113882,0.7214183036245948,0.58,0.5,0.48,0.66,False
dirichlet,dir,0.277,0.037,0.039,0.334,0.276,0.036,0.211,-0.06666276708748324,0.05336128335053732,0.1250833839539944,0.17300961665131148,True,0.9209069372138426,0.8367407901976592,0.6468334907250699,0.64,0.32,0.58,0.56,True
dirichlet,dir,0.044,0.255,0.112,0.127,0.104,0.442,0.127,-0.04030304833954051,0.013347420157035156,0.1610589317308955,0.19932799618008243,True,0.8227632924376428,0.6860442049439576,0.4961194410384836,0.22,0.66,0.34,0.62,False
dirichlet,dir,0.03,0.047,0.382,0.241,0.089,0.203,0.218,0.09528739531245405,0.15560635795974476,0.20632569460154632,0.24148531906857532,True,0.8492313797409453,0.7539328305298529,0.5599771544356794,0.3,0.54,0.38,0.8,False
dirichlet,dir,0.117,0.11,0.501,0.242,0.059,0.133,0.047,0.335488778741099,0.38448265029293016,0.43023481178663037,0.46110189851090305,True,0.8430826581199069,0.7934535340558517,0.5974903426331442,0.4,0.42,0.5,0.74,False
dirichlet,dir,0.013,0.167,0.207,0.484,0.081,0.152,0.107,-0.025851071561414408,0.06428953508309222,0.12038522468608907,0.17600623933938866,True,0.8313364007741492,0.7032522758154623,0.510940542825369,0.28,0.66,0.3,0.7,False
dirichlet,dir,0.107,0.269,0.127,0.183,0.237,0.065,0.222,0.11717818343026327,0.2115778279243104,0.30333602323165804,0.335179635459555,True,0.9455677147598833,0.8882114084643951,0.707892538625274,0.56,0.54,0.44,0.66,False
dirichlet,dir,0.182,0.128,0.012,0.05,0.719,0.074,0.045,-0.1465018111099669,-0.01035185074418056,0.137976270673795,0.17230998327491195,True,0.9369276697885273,0.879838818392876,0.6962416362925775,0.46,0.6,0.4,0.54,False
dirichlet,dir,0.031,0.117,0.05,0.208,0.175,0.197,0.431,-0.15058402175161917,-0.056652115709929965,0.027170080584300333,0.06564385514567046,True,0.8917161115111158,0.7631109479752959,0.567079072154746,0.3,0.64,0.36,0.64,False
dirichlet,dir,0.278,0.172,0.273,0.059,0.074,0.162,0.192,0.3247014445279131,0.37800405044065644,0.46873718367464656,0.4899847136294192,True,0.959212182582994,0.9218030699522984,0.7598188121983908,0.58,0.34,0.64,0.56,False
dirichlet,dir,0.007,0.185,0.35,0.252,0.105,0.094,0.216,0.18983273919570606,0.25993220954557844,0.3095247964773686,0.3416542581412517,True,0.8650087273224273,0.742802318383618,0.5476687292532252,0.28,0.5,0.44,0.78,False
dirichlet,dir,0.002,0.023,0.045,0.241,0.512,0.195,0.191,-0.35221608592692866,-0.22679265151616812,-0.11771956494090657,-0.06890989217258725,True,0.8755416976146568,0.7203305280208453,0.5280369755961736,0.16,0.7,0.26,0.64,False
dirichlet,dir,0.054,0.039,0.218,0.024,0.461,0.225,0.19,-0.09224899449185262,-0.0028081492733296786,0.11193570540205772,0.1402195644522708,True,0.8697555598852239,0.7086260439921804,0.5203190495440113,0.14,0.52,0.42,0.56,False
dirichlet,dir,0.188,0.108,0.117,0.028,0.015,0.199,0.555,0.09824600830179608,0.1607130982700992,0.23994125414624576,0.26012392121973094,True,0.9066112618971901,0.8318034997132456,0.6391902069351887,0.52,0.44,0.54,0.58,False
dirichlet,dir,0.061,0.19,0.381,0.358,0.083,0.091,0.047,0.23135479964826844,0.3017870990752112,0.350052257619966,0.39060661239516625,True,0.8550722682323032,0.7525473241469584,0.5565188693961692,0.36,0.5,0.46,0.76,False
dirichlet,dir,0.104,0.305,0.091,0.286,0.035,0.009,0.38,0.16287615088323654,0.2545667846676072,0.3132116043415893,0.3475264604916468,True,0.8855903439926364,0.7611757673256319,0.5650897300633873,0.44,0.52,0.48,0.48,False
dirichlet,dir,0.51,0.036,0.104,0.126,0.036,0.316,0.083,0.15706314076892086,0.21363100157241235,0.3378034408576189,0.37468763805319205,True,0.925520163108514,0.9065054664403681,0.7337439216876868,0.68,0.4,0.56,0.54,True
dirichlet,dir,0.464,0.05,0.002,0.024,0.043,0.521,0.107,-0.0024303904013965997,0.04212580194486565,0.21398792904886169,0.2511510210272288,True,0.8233505157704215,0.7615621063764684,0.5668597580919761,0.4,0.46,0.54,0.5,False
dirichlet,dir,0.386,0.023,0.068,0.048,0.272,0.372,0.042,-0.031680805157381975,0.04022173693915054,0.19549216531660563,0.23253892580521718,True,0.9084000750173643,0.82794653811272,0.6349989181065355,0.46,0.42,0.54,0.54,True
dirichlet,dir,0.087,0.087,0.058,0.364,0.044,0.166,0.404,-0.12521744548278746,-0.0309265875358012,0.026682726127634712,0.07479453405429633,True,0.8657796153767193,0.7622355437349673,0.5667821804598299,0.4,0.56,0.42,0.58,True
dirichlet,dir,0.253,0.209,0.069,0.03,0.004,0.053,0.591,0.23386077182138607,0.307453382291164,0.37775252028489475,0.3932262993365403,True,0.97704217999315,0.969607078229569,0.8521198402487852,0.76,0.28,0.7,0.44,False
dirichlet,dir,0.248,0.364,0.277,0.161,0.084,0.073,0.003,0.45424080762044894,0.5153004072684674,0.6121364299268683,0.6379268980922664,True,0.9687292270498796,0.9520405824125567,0.8110397583268056,0.66,0.48,0.5,0.58,False
dirichlet,dir,0.033,0.434,0.175,0.012,0.161,0.393,0.003,0.1764389921621306,0.22059739487305302,0.3915004601346742,0.41785993874581456,True,0.7997764936968963,0.6654026584044866,0.4788238224554117,0.18,0.52,0.48,0.52,False
dirichlet,dir,0.151,0.558,0.007,0.007,0.344,0.087,0.056,0.26674308837660216,0.35857508586712633,0.5247142486991321,0.5460752827900643,True,0.9046194031952867,0.8104473237414619,0.6176139804118576,0.34,0.52,0.48,0.52,False
dirichlet,dir,0.048,0.17,0.218,0.076,0.37,0.187,0.142,0.027741529691937553,0.11222894329208866,0.22526367364282177,0.25409639527982764,True,0.9009065113240673,0.7783767986020832,0.5847432893251501,0.3,0.46,0.54,0.72,False
dirichlet,dir,0.286,0.316,0.235,0.072,0.021,0.217,0.063,0.3940498473149847,0.43832040152013224,0.5572457141670741,0.5807245587050116,True,0.9324634208968497,0.9043922594760782,0.7301636091295035,0.58,0.38,0.6,0.58,False
dirichlet,dir,0.058,0.047,0.038,0.498,0.003,0.018,0.547,-0.15885225704919936,-0.04439913487488246,-0.03408339051910153,0.01898102263183614,True,0.6690252121972747,0.5302653044281451,0.3699685663821315,0.24,0.56,0.42,0.46,False
dirichlet,dir,0.129,0.06,0.068,0.313,0.145,0.332,0.163,-0.19111544536159691,-0.10660829923758368,-0.0005861440772875983,0.052166798744076884,True,0.8878744288356956,0.7800884897169473,0.5838895160329902,0.36,0.62,0.36,0.58,False
dirichlet,dir,0.176,0.112,0.339,0.089,0.19,0.117,0.186,0.24746594247144127,0.31276494310399117,0.3871159819792268,0.41006021091924927,True,0.9443502890343006,0.8765964524023627,0.6963204719403802,0.44,0.4,0.58,0.6,False
dirichlet,dir,0.008,0.041,0.805,0.084,0.034,0.008,0.232,0.578263113076495,0.6032904422536475,0.5915298651504299,0.5984551086557167,False,0.2366062587502716,0.29876477356182307,0.20733397967382172,0.08,0.08,0.48,0.5,False
dirichlet,dir,0.061,0.011,0.353,0.323,0.072,0.082,0.309,0.0917786831685168,0.16851441479986537,0.18848243936526993,0.2263401744761357,True,0.7949911168615935,0.7016677004651204,0.5097311704409931,0.28,0.42,0.4,0.76,False
dirichlet,dir,0.111,0.306,0.289,0.242,0.026,0.133,0.102,0.30400599055153626,0.36397862453015456,0.44212719591709276,0.47463626796792313,True,0.9310269511079404,0.8697975601205682,0.6839977892471532,0.5,0.54,0.44,0.64,False
dirichlet,dir,0.103,0.262,0.154,0.147,0.294,0.11,0.139,0.1082228621252346,0.19901117461017379,0.3061878961143852,0.33758081295624337,True,0.9463981118228346,0.8891914120246202,0.7092457441330343,0.46,0.5,0.48,0.74,False
dirichlet,dir,0.208,0.076,0.412,0.031,0.154,0.134,0.195,0.32465044235455065,0.3764594718487943,0.446007247320664,0.4631956933951227,True,0.9035918937105856,0.8124179454199036,0.6299387597978453,0.24,0.32,0.6,0.44,False
dirichlet,dir,0.145,0.154,0.189,0.297,0.246,0.098,0.081,0.06028633719408329,0.15613674293086902,0.23752441915671066,0.280346255395928,True,0.9344754840267137,0.8592050422374887,0.6716558169805276,0.6,0.52,0.46,0.64,False
dirichlet,dir,0.251,0.024,0.349,0.195,0.05,0.193,0.148,0.2193988463659231,0.27413980023870366,0.3375712288405859,0.370076650444232,True,0.9204677799682194,0.8973978532406588,0.7219877653784027,0.56,0.4,0.56,0.62,False
dirichlet,dir,0.104,0.188,0.617,0.024,0.036,0.059,0.182,0.5838447973705285,0.6121090137849787,0.6507647547179857,0.6577483151713479,True,0.6234771272125489,0.5715302674251412,0.4116134973338455,0.08,0.24,0.68,0.32,False
dirichlet,dir,0.092,0.326,0.494,0.147,0.053,0.065,0.033,0.5298392374856251,0.572935498694331,0.6361017185975764,0.655395568394205,True,0.8264749311621064,0.7618142489481238,0.56654525417787,0.24,0.36,0.64,0.6,False
dirichlet,dir,0.115,0.18,0.095,0.154,0.2,0.19,0.277,-0.0016029956446006442,0.08375106769643208,0.18634009047669273,0.22044133753468917,True,0.9354739278634515,0.8515024456557184,0.6618885834240502,0.46,0.5,0.48,0.68,False
dirichlet,dir,0.119,0.118,0.022,0.432,0.119,0.065,0.335,-0.11433583333092294,-0.000821475239463158,0.052618239261679536,0.10500725197002293,True,0.8457853368396413,0.7109896050288448,0.519297960169547,0.46,0.48,0.5,0.58,False
dirichlet,dir,0.292,0.474,0.064,0.075,0.134,0.045,0.125,0.40195736654042274,0.4795808596177705,0.6072997116533466,0.6289535874273534,True,0.9655128406255571,0.9431660037887686,0.7959121200583048,0.7,0.44,0.56,0.54,False
dirichlet,dir,0.14,0.013,0.178,0.385,0.131,0.124,0.238,-0.05903769427724491,0.03657342496624131,0.08554522612483767,0.13487041138634764,True,0.8731314695369561,0.7865746763549124,0.5907297664955207,0.54,0.52,0.42,0.62,True
dirichlet,dir,0.148,0.028,0.095,0.247,0.171,0.151,0.369,-0.09602596625078695,-0.00027862770110626266,0.06881006322683478,0.10947851227820045,True,0.9281481096201436,0.8565012474059839,0.6687418333816971,0.56,0.46,0.5,0.64,True
dirichlet,dir,0.15,0.051,0.031,0.311,0.311,0.23,0.126,-0.22426422179769664,-0.11566377107591969,-0.007970025618824787,0.045150291815120876,True,0.917050545553409,0.8155317967650547,0.6217616580310881,0.46,0.54,0.44,0.56,True
dirichlet,dir,0.208,0.255,0.245,0.288,0.096,0.044,0.073,0.2917602397208509,0.37045333749870535,0.44076720719556706,0.47696637910059764,True,0.9404751403201015,0.8780033165526802,0.6937017026822571,0.64,0.44,0.54,0.54,False
dirichlet,dir,0.017,0.053,0.173,0.067,0.416,0.447,0.037,-0.23039845512227933,-0.15560251364493477,-0.0007811911933750629,0.03897278505146731,True,0.8200997908029422,0.6468522921558237,0.46382701781517904,0.16,0.7,0.3,0.62,False
dirichlet,dir,0.049,0.625,0.05,0.087,0.099,0.099,0.201,0.3330972934273951,0.4058834221780754,0.5403626067118241,0.5617831681349534,True,0.8852893065446746,0.7704435067835379,0.5761321721569266,0.26,0.5,0.5,0.6,False
dirichlet,dir,0.048,0.066,0.148,0.037,0.106,0.691,0.114,-0.21926459612332663,-0.18823807765960301,-0.015150435154645543,0.025174329212032696,True,0.6981915684978978,0.5857707945794621,0.4140318227640449,0.2,0.62,0.38,0.62,False
dirichlet,dir,0.189,0.271,0.011,0.156,0.335,0.096,0.152,0.03724299042198178,0.1439625971637631,0.26762846753353076,0.30292382089209485,True,0.9561658309967807,0.9117691891886346,0.7406625884594675,0.56,0.48,0.52,0.6,False
dirichlet,dir,0.06,0.138,0.766,0.061,0.017,0.102,0.065,0.6248058021305319,0.6389266425921888,0.6663432940514503,0.6753814103800811,True,0.40821395760477236,0.5249081913201935,0.3733551445292254,0.08,0.2,0.68,0.42,False
dirichlet,dir,0.227,0.085,0.202,0.044,0.387,0.121,0.144,0.09518006560706879,0.1850074316962708,0.2920704887204728,0.3181219800142823,True,0.9603327571759008,0.9147189912209397,0.7488505930285805,0.52,0.38,0.6,0.64,False
dirichlet,dir,0.012,0.042,0.6,0.306,0.045,0.054,0.152,0.32035631896868566,0.37350405891663846,0.37556614928097026,0.4062942569490265,True,0.6349894297955481,0.5576999498633941,0.39135441320279046,0.14,0.24,0.46,0.8,False
dirichlet,dir,0.156,0.211,0.094,0.088,0.121,0.03,0.51,0.15193929905313544,0.23921274465454728,0.3082980726288726,0.32922179453697303,True,0.9760849210540329,0.9667790626980508,0.8435175291901567,0.74,0.4,0.58,0.62,False
dirichlet,dir,0.024,0.051,0.665,0.119,0.009,0.263,0.08,0.3724057430844297,0.3889907256918284,0.4347734373581633,0.4560516734512834,True,0.5743461896417617,0.6351791990783475,0.4584624197176342,0.12,0.34,0.54,0.62,False
dirichlet,dir,0.385,0.333,0.072,0.022,0.235,0.085,0.077,0.33320014780420887,0.41396126151130436,0.5514870200779979,0.5735507878922205,True,0.975311681003111,0.9588175392168263,0.823944902268957,0.72,0.3,0.7,0.42,False
dirichlet,dir,0.046,0.038,0.193,0.042,0.341,0.276,0.274,-0.10938501706061693,-0.0296077472463694,0.08014871107735251,0.10958833183554262,True,0.8586679732494781,0.6964863744853514,0.5077959230228607,0.2,0.6,0.4,0.66,False
dirichlet,dir,0.012,0.06,0.038,0.278,0.124,0.515,0.183,-0.34655831390504804,-0.27532420177772027,-0.14277397601555156,-0.08709402798777971,True,0.8041798831024254,0.6599889704189791,0.4738563379667448,0.22,0.78,0.22,0.58,False
dirichlet,dir,0.122,0.102,0.368,0.345,0.099,0.101,0.074,0.18874622841181093,0.26156394639265507,0.3073861376924892,0.34857841534932404,True,0.875175156366109,0.7937953096323399,0.5974723110754021,0.48,0.5,0.44,0.66,False
dirichlet,dir,0.495,0.241,0.014,0.366,0.061,0.014,0.019,0.26432362703772594,0.3628197970895865,0.4540531268861455,0.5008576994974413,True,0.9404492773632498,0.8856036425684551,0.7058822296063082,0.66,0.3,0.62,0.48,True
dirichlet,dir,0.129,0.257,0.343,0.165,0.017,0.274,0.024,0.2952709274932345,0.33493239856833473,0.4355979167207164,0.46629397920757726,True,0.8736350282610689,0.8263125276325785,0.632595269525661,0.44,0.52,0.46,0.72,False
dirichlet,dir,0.286,0.014,0.102,0.102,0.016,0.401,0.289,-0.024076947809287486,0.028362870644181234,0.1440971998470821,0.17976882538732944,True,0.850429722566394,0.7818494262414508,0.5871616147553496,0.48,0.52,0.46,0.58,True
dirichlet,dir,0.054,0.018,0.026,0.198,0.083,0.493,0.338,-0.31717635888433887,-0.25000334737082225,-0.12742798418948945,-0.07968607562925664,True,0.7916286220324922,0.6552620380658113,0.4702718320230402,0.22,0.72,0.28,0.6,False
dirichlet,dir,0.138,0.272,0.054,0.042,0.135,0.526,0.043,-0.03442323022209846,0.012750955015433881,0.19750841984969233,0.23409656971531387,True,0.7990272860905939,0.6731289761131896,0.48560913956761165,0.26,0.56,0.44,0.62,False
dirichlet,dir,0.059,0.001,0.364,0.073,0.015,0.415,0.283,0.05076614936596745,0.08146634144674306,0.16765183333534708,0.19563128895891144,True,0.7274044660331799,0.6501481975013251,0.4678287656182644,0.24,0.52,0.46,0.7,False
dirichlet,dir,0.215,0.16,0.061,0.062,0.546,0.063,0.102,-0.006436486473044411,0.11193015125908988,0.24180069046016361,0.2723768537474724,True,0.960631219862466,0.9399967818412434,0.7894668865118916,0.66,0.46,0.52,0.58,False
dirichlet,dir,0.059,0.09,0.148,0.139,0.038,0.399,0.337,-0.08850887810447607,-0.0339315539227032,0.07150882827174461,0.10777611042408583,True,0.8155051546443208,0.6923561185509008,0.5020799192186214,0.28,0.7,0.3,0.68,False
dirichlet,dir,0.416,0.024,0.161,0.277,0.031,0.257,0.044,0.11813078245240784,0.1846487352643504,0.2795812324369491,0.32532052430710356,True,0.9398467036608812,0.9249154694903843,0.7623537137460854,0.7,0.36,0.58,0.6,True
dirichlet,dir,0.095,0.235,0.125,0.276,0.288,0.104,0.088,0.024177630065094137,0.12590252874184615,0.22420815256733442,0.2666195596674076,True,0.9276595401544938,0.8398184591397573,0.6486051961078673,0.54,0.5,0.48,0.62,False
dirichlet,dir,0.824,0.164,0.072,0.008,0.062,0.058,0.022,0.5527118080491107,0.6179676708583134,0.744327304638143,0.7648249837037213,True,0.9407856435887866,0.9301069739974758,0.7698007470935645,0.54,0.14,0.8,0.32,True
dirichlet,dir,0.324,0.042,0.21,0.077,0.437,0.053,0.067,0.13471913500444593,0.23420658538221498,0.3349666912295268,0.3632385301925794,True,0.9776002324262253,0.9608654905884062,0.8294529141513343,0.72,0.26,0.66,0.54,False
dirichlet,dir,0.272,0.1,0.259,0.233,0.026,0.115,0.204,0.2382116595388588,0.3050314368702844,0.36504039080370265,0.3985420836930517,True,0.9547950788756544,0.936892087140147,0.7820793992388166,0.72,0.42,0.54,0.58,True
dirichlet,dir,0.119,0.045,0.064,0.67,0.039,0.189,0.084,-0.22750143876124904,-0.1184135440893734,-0.06725946583326835,0.00805104241279097,True,0.7922329827358064,0.6869036380851968,0.4971032092818073,0.34,0.56,0.4,0.6,False
dirichlet,dir,0.17,0.37,0.027,0.396,0.085,0.049,0.112,0.13548987477944968,0.2361783963198932,0.32543101595252993,0.3731197396537283,True,0.9041131492670637,0.7913584632803794,0.5962428104405235,0.48,0.48,0.52,0.5,False
dirichlet,dir,0.762,0.068,0.008,0.058,0.077,0.174,0.062,0.32273163955731654,0.3927235769770018,0.5262847106854285,0.5564240191814843,True,0.952513548828713,0.9484513688846983,0.8042577959230229,0.66,0.26,0.66,0.46,True
dirichlet,dir,0.008,0.05,0.377,0.281,0.045,0.427,0.022,-0.008266999406430147,0.03344992560898659,0.12328477193738967,0.1693739759317074,True,0.7752500851888058,0.7055297454259974,0.5146458182720903,0.24,0.66,0.32,0.76,False
dirichlet,dir,0.019,0.206,0.165,0.31,0.224,0.13,0.156,-0.010854011765407472,0.08463118827050883,0.1663679961998171,0.21006237752594917,True,0.8947356671977286,0.7723388917974789,0.576806887887322,0.34,0.64,0.34,0.7,False
dirichlet,dir,0.037,0.339,0.051,0.319,0.153,0.057,0.254,0.04691022719499968,0.14954641082213516,0.23260716232323422,0.27411683294426464,True,0.8822877573692602,0.7398988430832044,0.5449115782728955,0.24,0.54,0.46,0.56,False
dirichlet,dir,0.027,0.111,0.432,0.055,0.175,0.207,0.203,0.2105367773701568,0.26020052450339554,0.33469442090353124,0.3551412085985127,True,0.8307260778309928,0.6851479945903209,0.5011464716015547,0.1,0.34,0.58,0.48,False
dirichlet,dir,0.135,0.089,0.453,0.139,0.095,0.131,0.168,0.30919937519780444,0.3601909360628841,0.4126819368946725,0.436411158668627,True,0.8817872406374669,0.804643941182451,0.6111842623918735,0.34,0.38,0.56,0.68,False
dirichlet,dir,0.361,0.313,0.101,0.169,0.006,0.231,0.03,0.29488659327552236,0.3531059705304613,0.48225779271597846,0.5167159679245613,True,0.9586589754192263,0.9302867362922828,0.7698384875632572,0.68,0.48,0.5,0.58,False
dirichlet,dir,0.159,0.074,0.56,0.113,0.139,0.116,0.049,0.4069841758393036,0.4510671364879085,0.5027972486817638,0.5234213820434926,True,0.8216208898272955,0.7482927379959209,0.5566861854784737,0.22,0.34,0.58,0.54,False
dirichlet,dir,0.447,0.222,0.137,0.055,0.142,0.063,0.145,0.3724082767080528,0.44603358723511954,0.5531071668458684,0.574980885833758,True,0.9936126361159997,0.9873165399941253,0.903631387993834,0.8,0.26,0.7,0.42,False
dirichlet,dir,0.281,0.155,0.416,0.165,0.074,0.05,0.068,0.44994414716215897,0.5055445740934225,0.5630430077462465,0.5871020221579418,True,0.929597739565874,0.893254970330291,0.7126142907223861,0.54,0.36,0.56,0.58,False
dirichlet,dir,0.352,0.076,0.254,0.052,0.049,0.282,0.145,0.246164908907804,0.29061311238991866,0.39680651205344275,0.42273662384270155,True,0.9053443605835224,0.8692832344652449,0.6841453964175069,0.56,0.4,0.58,0.54,False
dirichlet,dir,0.279,0.13,0.17,0.025,0.278,0.275,0.052,0.11179811142845182,0.18014568521791202,0.318798955009776,0.3475501605331584,True,0.9260260410601578,0.8453483987642882,0.6555427331144945,0.48,0.42,0.56,0.6,False
dirichlet,dir,0.063,0.333,0.0,0.024,0.534,0.239,0.017,-0.08302783353223887,0.021284419646089927,0.2012597784519187,0.2340353509749409,True,0.8708969657507363,0.7167080955514107,0.5251078958094659,0.22,0.58,0.42,0.54,False
dirichlet,dir,0.081,0.432,0.08,0.253,0.028,0.06,0.276,0.22437108302840178,0.3070136710525686,0.3933711668632274,0.426280567027302,True,0.9151282759387273,0.8160960908836759,0.621580503776563,0.36,0.58,0.42,0.52,False
dirichlet,dir,0.264,0.143,0.084,0.182,0.087,0.082,0.369,0.12414188112105261,0.2105024548351221,0.2843795845488539,0.3158347231840744,True,0.9807779413315078,0.9628899447516978,0.8364726415141812,0.78,0.4,0.56,0.54,True
dirichlet,dir,0.364,0.079,0.149,0.183,0.03,0.362,0.043,0.10178432221798779,0.15482187964583488,0.27763435452681745,0.3189105211967869,True,0.906363915315274,0.8664814422497287,0.6801637768649244,0.64,0.5,0.48,0.6,True
dirichlet,dir,0.151,0.024,0.139,0.086,0.227,0.037,0.546,0.015548963617255331,0.11196550575335995,0.1659837031733717,0.18917931969420876,True,0.9667913387279227,0.9463740589289709,0.799065126631856,0.7,0.36,0.56,0.6,False
dirichlet,dir,0.196,0.047,0.343,0.236,0.114,0.032,0.242,0.2286197716604912,0.3046701085158666,0.3399401477715724,0.3707207289412518,True,0.8930035593751544,0.8197916901950877,0.6240135060560874,0.54,0.38,0.52,0.56,False
dirichlet,dir,0.197,0.03,0.069,0.483,0.06,0.205,0.167,-0.14402945946458118,-0.04666956812098638,0.019830160671888183,0.0810318858623732,True,0.8676876220784557,0.7871930089635365,0.5922976733419774,0.46,0.5,0.44,0.58,True
dirichlet,dir,0.127,0.003,0.005,0.42,0.385,0.042,0.228,-0.2759277091847033,-0.13592121303349577,-0.06920491634504354,-0.012111560258512727,True,0.8522706434362258,0.6889309140305322,0.49986874703317974,0.34,0.52,0.4,0.54,True
dirichlet,dir,0.114,0.086,0.154,0.248,0.1,0.475,0.033,-0.13087920962430927,-0.07361529071420468,0.05750750693061731,0.1077861966194874,True,0.8395534396507568,0.7359951264554895,0.5414465838165511,0.34,0.64,0.34,0.64,False
dirichlet,dir,0.048,0.107,0.204,0.104,0.121,0.523,0.102,-0.09751801352712411,-0.054465786535174594,0.08799293665343846,0.12698294578569994,True,0.7765917866359282,0.6542450297104214,0.46948431422211856,0.2,0.68,0.32,0.72,False
dirichlet,dir,0.057,0.04,0.141,0.229,0.009,0.614,0.119,-0.23559522600634977,-0.19355540930024762,-0.05627716813470853,-0.004423031095132915,True,0.7498167862333674,0.6554832249026975,0.4707892957963827,0.24,0.74,0.26,0.66,False
dirichlet,dir,0.071,0.355,0.139,0.143,0.326,0.058,0.118,0.15655525023376454,0.25289380633820546,0.3645083215392193,0.3938941697922672,True,0.9313818668134489,0.8631312826380763,0.6754810232531614,0.36,0.54,0.46,0.64,False
dirichlet,dir,0.115,0.416,0.11,0.068,0.291,0.113,0.097,0.21413389111385314,0.2989667519294895,0.43395120802893816,0.458950628292118,True,0.9326224199271883,0.8648065059553971,0.6791103984219452,0.38,0.52,0.48,0.72,False
dirichlet,dir,0.121,0.078,0.047,0.15,0.018,0.061,0.735,-0.00817340128790808,0.08154000463754199,0.12099112468092574,0.1467108272228623,True,0.9406866217745927,0.896297317938305,0.7209020978669086,0.7,0.4,0.56,0.62,True
dirichlet,dir,0.08,0.263,0.181,0.152,0.13,0.096,0.309,0.1696894992837017,0.24762004239899688,0.327665467489958,0.3547119095956727,True,0.9448925746481152,0.8813981397913837,0.699638697903475,0.44,0.56,0.42,0.72,False
dirichlet,dir,0.007,0.335,0.052,0.027,0.395,0.111,0.282,0.018861489297474027,0.11969161521912665,0.24813801041853517,0.2719379847094727,True,0.8754196153610944,0.7247486671995875,0.5323687428397942,0.18,0.54,0.46,0.56,False
dirichlet,dir,0.389,0.004,0.293,0.012,0.22,0.133,0.159,0.27019618403972284,0.33544919536863865,0.42420861980733326,0.44476270839843496,True,0.9568568365606265,0.9137671851249102,0.7572948134530516,0.48,0.24,0.64,0.44,False
dirichlet,dir,0.201,0.301,0.172,0.074,0.268,0.034,0.162,0.27315088862842396,0.3591740547373635,0.4630571297772906,0.48523266183238545,True,0.9692477002711675,0.9514014388051271,0.8101381804397016,0.62,0.4,0.58,0.58,False
dirichlet,dir,0.447,0.178,0.127,0.003,0.261,0.018,0.176,0.32928251289632443,0.4150361112665814,0.5228393188201721,0.5414860491405459,True,0.9781837579506839,0.9490280347119822,0.8058059938575289,0.54,0.2,0.78,0.34,False
dirichlet,dir,0.192,0.158,0.17,0.078,0.357,0.176,0.079,0.07695231033447618,0.16322404483366545,0.2859006362872317,0.3162322081283507,True,0.9511398021328038,0.8915151464840759,0.7136362187739548,0.54,0.46,0.52,0.74,False
dirichlet,dir,0.238,0.08,0.088,0.26,0.286,0.01,0.248,0.01115140786769737,0.12492196706740451,0.19520816475481365,0.2348699410694969,True,0.9335192397360781,0.8561847050179646,0.6676842615531964,0.68,0.3,0.6,0.54,True
dirichlet,dir,0.122,0.344,0.109,0.029,0.454,0.045,0.106,0.15470363341271826,0.25750327858147026,0.38989317981528687,0.4129221060852306,True,0.9321205692109621,0.8714314659696342,0.6869566420710629,0.32,0.48,0.52,0.6,False
dirichlet,dir,0.405,0.187,0.368,0.114,0.008,0.017,0.111,0.55891011781052,0.6101913294617285,0.6716734451134079,0.6903634339111441,True,0.9281862291964508,0.9131079002389839,0.7409385132267766,0.52,0.22,0.7,0.44,False
dirichlet,dir,0.045,0.124,0.037,0.0,0.09,0.286,0.628,-0.09858233047642295,-0.028970594775815144,0.07035676083792158,0.0929605470192823,True,0.7944281267112902,0.625362450595608,0.4455077938263301,0.18,0.54,0.46,0.6,False
dirichlet,dir,0.313,0.353,0.075,0.142,0.243,0.035,0.049,0.2877879187791507,0.3804564282154803,0.5018291015558906,0.5315524265703918,True,0.9798752824381631,0.9674175430991685,0.845292169942819,0.8,0.36,0.62,0.52,False
dirichlet,dir,0.251,0.046,0.254,0.027,0.17,0.158,0.304,0.1806689686366315,0.24605030098800035,0.32813145518650727,0.3489631139047113,True,0.9470612861137712,0.8849690652728711,0.7101087428733412,0.48,0.36,0.6,0.52,False
dirichlet,dir,0.282,0.321,0.021,0.026,0.239,0.147,0.174,0.1881587877928323,0.2717253318459894,0.41284008353328433,0.43744801737315925,True,0.9511234867024082,0.9037202108202993,0.7297954298807233,0.58,0.42,0.58,0.54,False
dirichlet,dir,0.301,0.029,0.115,0.532,0.028,0.16,0.045,-0.0262643656752162,0.06864873740600314,0.12855183722357752,0.19179854251339998,True,0.866261326009606,0.8097658847519887,0.6161790038864297,0.6,0.36,0.58,0.6,True
dirichlet,dir,0.053,0.08,0.309,0.212,0.258,0.227,0.071,0.02077910902705061,0.09547542092093678,0.1833340110934989,0.2218328381159978,True,0.8985109287548146,0.7919910310079119,0.5979247773731627,0.36,0.58,0.4,0.76,False
dirichlet,dir,0.277,0.115,0.101,0.077,0.176,0.277,0.186,0.053814759268161,0.12410127058565573,0.24915258310906818,0.28115094685934006,True,0.9318943426386432,0.8588881436152628,0.6710008101620827,0.6,0.48,0.5,0.62,True
dirichlet,dir,0.265,0.06,0.123,0.001,0.176,0.552,0.033,-0.06319566237890492,-0.019620893054036928,0.15461288391209807,0.19045690737527282,True,0.798716801702118,0.6970773177725238,0.5068729588695975,0.34,0.4,0.6,0.52,False
dirichlet,dir,0.178,0.061,0.287,0.335,0.084,0.073,0.192,0.14288437383101482,0.22387678140659106,0.2642002479019981,0.30494533576421584,True,0.8832927171568019,0.8137694878228235,0.6181339602165129,0.56,0.42,0.52,0.56,False
dirichlet,dir,0.014,0.204,0.02,0.563,0.065,0.155,0.189,-0.17783700383205606,-0.06878428693785787,-0.0033002114131658565,0.06136237034192343,True,0.8129222464375975,0.6616821768461901,0.47454321451515236,0.22,0.56,0.44,0.6,False
dirichlet,dir,0.203,0.036,0.149,0.373,0.118,0.233,0.098,-0.06341897194571855,0.02222528065964275,0.10318839698553083,0.15632611111512418,True,0.9108128505127103,0.8405512744301142,0.6497319587974713,0.56,0.48,0.48,0.58,True
dirichlet,dir,0.146,0.009,0.068,0.069,0.884,0.005,0.029,-0.2352062518178748,-0.08060398359804798,0.05029615519583428,0.08639518548278499,True,0.9124598429887084,0.8181713220601342,0.6231832157228474,0.36,0.46,0.42,0.68,False
dirichlet,dir,0.08,0.064,0.26,0.226,0.013,0.302,0.265,0.02215360960475138,0.07749905300846785,0.1515433411186406,0.18963050705583784,True,0.8555984445789255,0.7710153779019592,0.5758025720549435,0.32,0.64,0.34,0.74,False
dirichlet,dir,0.073,0.104,0.31,0.062,0.41,0.02,0.23,0.13317614759280738,0.2266329846594788,0.29939305604059785,0.3206318683498042,True,0.8749577708315004,0.7176126596989806,0.5261315012152431,0.16,0.3,0.66,0.54,False
dirichlet,dir,0.219,0.116,0.012,0.074,0.101,0.502,0.185,-0.125333176100063,-0.06977088302159926,0.09078840586950614,0.13027100809634587,True,0.8211797717525943,0.7070489401963133,0.5157147122414988,0.34,0.6,0.4,0.6,False
dirichlet,dir,0.373,0.056,0.346,0.099,0.161,0.087,0.088,0.35437048832406703,0.4175735863022838,0.49165998685214846,0.51554391342496,True,0.9673744609320512,0.9447559755784392,0.7974544472530809,0.6,0.28,0.64,0.54,False
dirichlet,dir,0.033,0.018,0.638,0.345,0.022,0.017,0.136,0.35837578374719953,0.4118521209173953,0.3995744017184342,0.4314945648681744,False,0.5450383920372566,0.5005691022626026,0.34874500358115124,0.1,0.18,0.46,0.7,False
dirichlet,dir,0.43,0.242,0.087,0.044,0.251,0.015,0.141,0.3233733273623205,0.41297161469117566,0.5273169316065318,0.5493523586373286,True,0.983961956877689,0.9689931657749846,0.8468223363195829,0.72,0.22,0.76,0.44,False
dirichlet,dir,0.162,0.156,0.223,0.129,0.272,0.151,0.118,0.12191553851370765,0.20250941369208106,0.302789636780261,0.3335828126206822,True,0.9572209357517767,0.90524301923041,0.7327832170647308,0.52,0.48,0.5,0.7,False
dirichlet,dir,0.234,0.185,0.115,0.146,0.163,0.286,0.081,0.07035523851868962,0.14011692615801305,0.2697340514233641,0.30685309476201134,True,0.9348886050298871,0.8610583785870198,0.6732945920422961,0.58,0.52,0.46,0.62,False
dirichlet,dir,0.018,0.069,0.4,0.104,0.257,0.268,0.095,0.08389326868550928,0.14182637956880445,0.23223195952718914,0.2614919497070739,True,0.84336543156968,0.7043107315119208,0.5156991967150695,0.18,0.44,0.5,0.72,False
dirichlet,dir,0.095,0.132,0.168,0.106,0.294,0.357,0.058,-0.06639604342701455,0.004997059672671538,0.14386375855598832,0.18135249337317608,True,0.8765538188608427,0.7457421702856181,0.5513178133339596,0.34,0.56,0.44,0.72,False
dirichlet,dir,0.444,0.006,0.477,0.203,0.003,0.055,0.021,0.5041996157019821,0.5517056055297193,0.591118137388531,0.6180782994535076,True,0.8392086858380506,0.8822834461212902,0.6990642040870413,0.6,0.24,0.64,0.56,False
dirichlet,dir,0.234,0.262,0.048,0.131,0.086,0.406,0.042,0.04947455943489303,0.10653111043680617,0.2657738679987978,0.3052693826184428,True,0.8800148805345,0.7864714307250024,0.5905515476108605,0.46,0.62,0.38,0.58,False
dirichlet,dir,0.07,0.353,0.099,0.159,0.366,0.08,0.083,0.09493129596894369,0.19709369267130736,0.3192575011936546,0.3522941087264523,True,0.9282775686101374,0.8528881954992483,0.6627314539138545,0.36,0.56,0.44,0.72,False
dirichlet,dir,0.288,0.263,0.077,0.054,0.455,0.05,0.023,0.16292930436859843,0.26882119360367845,0.4063447657320766,0.4338994516500561,True,0.9719175539026715,0.963080793055024,0.8364558679720955,0.74,0.38,0.62,0.48,False
dirichlet,dir,0.448,0.053,0.115,0.075,0.067,0.409,0.043,0.10866502844516555,0.15690207489635288,0.3020015521143302,0.33807965525722866,True,0.8820052823135972,0.8377488641991396,0.6462061602510664,0.52,0.44,0.54,0.56,True
dirichlet,dir,0.025,0.326,0.002,0.483,0.157,0.069,0.148,-0.06542060339809116,0.050690100498821986,0.13172099175169633,0.18831508851452397,True,0.8399949042966538,0.6643584614401753,0.4770848254796814,0.22,0.52,0.48,0.52,False
dirichlet,dir,0.214,0.013,0.009,0.357,0.014,0.024,0.579,-0.07477829811258725,0.03276057059622466,0.05952100073393597,0.10300388164106856,True,0.8013130972792142,0.7219754307180974,0.5295549811549255,0.5,0.28,0.56,0.52,True
dirichlet,dir,0.05,0.083,0.121,0.37,0.155,0.252,0.179,-0.16624552585007238,-0.07526289389709953,0.008007922449766018,0.06123838592828464,True,0.8765905776515007,0.7574596016974237,0.5620176558303994,0.32,0.68,0.3,0.66,False
dirichlet,dir,0.03,0.004,0.071,0.154,0.307,0.451,0.193,-0.34145776008904594,-0.2596550867335513,-0.122313874998944,-0.07571338458746425,True,0.8254634694211574,0.6621257547951444,0.47632120997623195,0.18,0.72,0.28,0.64,False
dirichlet,dir,0.185,0.121,0.055,0.021,0.014,0.537,0.277,-0.07828852503481327,-0.038562525305247175,0.11540903358132538,0.1487630713977238,True,0.7601872392659391,0.6560820822890107,0.47174832306513004,0.3,0.56,0.44,0.54,False
dirichlet,dir,0.223,0.252,0.029,0.268,0.061,0.082,0.295,0.11466251794309074,0.20628764659244964,0.2893814878195527,0.3276427871662292,True,0.951062332294372,0.892569552917195,0.7169364131793075,0.72,0.4,0.58,0.58,True
dirichlet,dir,0.046,0.056,0.032,0.281,0.427,0.008,0.36,-0.223078673314559,-0.08739919353108724,-0.019792703746672465,0.023757531113380213,True,0.846050089346792,0.6507898359695776,0.46687602842779913,0.26,0.56,0.38,0.6,False
dirichlet,dir,0.176,0.226,0.206,0.275,0.069,0.117,0.14,0.1991862788670958,0.27432673831696613,0.35103273959988407,0.3886420346264062,True,0.9503699510794249,0.8959222020970478,0.7189978815016346,0.62,0.48,0.5,0.64,False
dirichlet,dir,0.347,0.373,0.242,0.074,0.072,0.038,0.064,0.5359638083368151,0.5950637408017988,0.6969552769491094,0.7151681374322097,True,0.9741502434527014,0.9626686227493753,0.8344610744795589,0.7,0.3,0.66,0.52,False
dirichlet,dir,0.022,0.16,0.177,0.015,0.016,0.178,0.642,0.09375024288376446,0.1537512402189209,0.2189193150249079,0.2347561548951869,True,0.8376952734459753,0.6832043290525353,0.49453517998849333,0.12,0.46,0.54,0.52,False
dirichlet,dir,0.045,0.5,0.07,0.023,0.276,0.064,0.233,0.23472690349873673,0.3225269078169375,0.45371218172500466,0.47233999887162953,True,0.8871152789546563,0.7610384188861875,0.5678103985896805,0.26,0.44,0.56,0.6,False
dirichlet,dir,0.1,0.026,0.711,0.034,0.167,0.084,0.088,0.4903461156961192,0.5236441006658392,0.5557589271397613,0.5665851018962095,True,0.6019003315711949,0.5288039046884346,0.3774692750642846,0.08,0.18,0.6,0.42,False
dirichlet,dir,0.085,0.435,0.072,0.306,0.123,0.187,0.002,0.127677686457002,0.21065837416002903,0.3355125101258249,0.38013159463952895,True,0.9190580798202291,0.8185284299568881,0.6235895547798724,0.4,0.56,0.44,0.68,False
dirichlet,dir,0.009,0.027,0.065,0.248,0.42,0.122,0.318,-0.2739010813649608,-0.15116500266650085,-0.06870380052879202,-0.024365182232691778,True,0.8763083135333468,0.7278685138646598,0.5345061114400589,0.2,0.62,0.32,0.72,False
dirichlet,dir,0.082,0.086,0.238,0.433,0.197,0.128,0.047,-0.024688261569273614,0.07149698027704504,0.13188658872993564,0.18524369608145394,True,0.8685928847045521,0.7538000944073574,0.5583287345872116,0.42,0.62,0.34,0.7,False
dirichlet,dir,0.019,0.229,0.24,0.293,0.075,0.077,0.278,0.1390544909771964,0.21912752823438345,0.2718873837106086,0.30767383376972796,True,0.8729769311187904,0.7499154747830069,0.5541433164982882,0.28,0.56,0.4,0.68,False
dirichlet,dir,0.195,0.192,0.194,0.087,0.219,0.055,0.268,0.21002318047887908,0.2930472034558482,0.3770968289501065,0.40011382020343605,True,0.977563864694612,0.9617941365754884,0.830386361768401,0.66,0.44,0.52,0.56,False
dirichlet,dir,0.238,0.112,0.122,0.023,0.07,0.534,0.111,-0.009358406767263856,0.027937247342803555,0.18953514862114032,0.22377720431384318,True,0.7877911918529162,0.6972764543226891,0.5072725885097882,0.34,0.52,0.48,0.6,False
dirichlet,dir,0.2,0.223,0.186,0.009,0.005,0.277,0.309,0.22775270344645554,0.27173033729761775,0.382360256547679,0.40258811475857165,True,0.871586084921271,0.7846872722085808,0.5891673110502418,0.38,0.4,0.6,0.54,False
dirichlet,dir,0.533,0.089,0.289,0.141,0.049,0.047,0.062,0.467916603260739,0.5290296244219213,0.6017546740734051,0.6273209793419441,True,0.9573202695234491,0.9626128059382116,0.8329564877544756,0.76,0.18,0.72,0.46,False
dirichlet,dir,0.005,0.286,0.085,0.485,0.035,0.057,0.256,0.003318946504507222,0.10539638125547661,0.15746073933281926,0.2098489220130367,True,0.798469762194868,0.6288416024100225,0.44691048128324307,0.18,0.56,0.44,0.52,False
dirichlet,dir,0.193,0.033,0.133,0.471,0.02,0.122,0.238,-0.04027466678912957,0.05430344421373282,0.0963115478352207,0.15144760878059244,True,0.8378201428090339,0.766795434815076,0.571376453637091,0.5,0.48,0.48,0.6,True
dirichlet,dir,0.011,0.273,0.22,0.095,0.067,0.193,0.35,0.16485238307687572,0.22445648333905632,0.31180591327776463,0.3350623099412938,True,0.8856861682155454,0.7576422285223791,0.5621048782492448,0.28,0.58,0.42,0.74,False
dirichlet,dir,0.281,0.091,0.205,0.389,0.018,0.006,0.222,0.18991527737091185,0.27887786920349794,0.31263305565884036,0.355867121568396,True,0.84479287108476,0.7725677541583688,0.5760084672840449,0.58,0.32,0.58,0.5,False
dirichlet,dir,0.299,0.142,0.104,0.129,0.046,0.078,0.413,0.19176957531113625,0.26988659835879725,0.3412410104291171,0.36720010486535754,True,0.9919576886700384,0.9909505348081044,0.9190223708730797,0.9,0.34,0.62,0.52,True
dirichlet,dir,0.156,0.008,0.091,0.031,0.681,0.078,0.165,-0.16802264652377533,-0.039077205867994846,0.08226728372914464,0.11320953424756468,True,0.92825410159523,0.8549252436613476,0.6651602628078574,0.4,0.4,0.5,0.6,False
dirichlet,dir,0.538,0.045,0.096,0.177,0.18,0.081,0.092,0.21087997967006747,0.3001301649745173,0.3967058692321694,0.43241632179922285,True,0.9872761344303876,0.9839668001281499,0.8915187939152299,0.78,0.24,0.64,0.5,True
dirichlet,dir,0.13,0.02,0.028,0.086,0.164,0.041,0.741,-0.0791767242831674,0.023026233432741853,0.0712487869540861,0.09454996470453722,True,0.9688941936369007,0.9481936735377879,0.8033432185408025,0.74,0.32,0.64,0.6,True
dirichlet,dir,0.237,0.28,0.088,0.372,0.168,0.02,0.046,0.15709854793766165,0.2609386684841706,0.34548948357228254,0.39186620970798786,True,0.9198840046607639,0.8231120100010697,0.6301610092304802,0.62,0.4,0.58,0.52,True
dirichlet,dir,0.03,0.232,0.579,0.052,0.065,0.062,0.191,0.518591978185704,0.5540483596004787,0.5973590634430195,0.6071819061363768,True,0.6808456565037176,0.5558076052575186,0.39635334808286804,0.1,0.3,0.66,0.38,False
dirichlet,dir,0.68,0.011,0.195,0.215,0.004,0.012,0.093,0.42877171210865345,0.5014303176875442,0.5649401439322002,0.5973564734106117,True,0.9096952836239273,0.9237520024637239,0.7618563782232458,0.6,0.18,0.66,0.42,True
dirichlet,dir,0.119,0.264,0.283,0.047,0.201,0.198,0.1,0.2524813054788728,0.31124661021648226,0.42422328712499036,0.4466897051043996,True,0.9110854881113493,0.814590284819793,0.623196634556516,0.34,0.46,0.54,0.64,False
dirichlet,dir,0.197,0.192,0.173,0.04,0.328,0.029,0.251,0.18581780094233813,0.2783713875713121,0.37280058343974654,0.39349572741994443,True,0.9646787292612296,0.9409934188926201,0.7913685868458529,0.54,0.3,0.66,0.54,False
dirichlet,dir,0.248,0.163,0.13,0.122,0.017,0.234,0.296,0.14607753290151232,0.20691477506750877,0.3050098600843398,0.3348386418543733,True,0.9411687487486435,0.8889297044627278,0.7085529968448968,0.7,0.5,0.48,0.58,False
dirichlet,dir,0.141,0.222,0.493,0.138,0.004,0.172,0.04,0.45747774494381416,0.4900240704400895,0.5586602004137564,0.5809531868821175,True,0.8199294343502359,0.8142360186541981,0.6223558607594725,0.32,0.38,0.6,0.64,False
dirichlet,dir,0.245,0.181,0.24,0.04,0.025,0.115,0.364,0.3207037691087256,0.3766506981026261,0.45113758286811145,0.46798673573216976,True,0.9653160257298621,0.9278471878529722,0.7719532118817063,0.54,0.34,0.64,0.5,False
dirichlet,dir,0.139,0.644,0.097,0.01,0.132,0.049,0.138,0.47724016176441364,0.5454766231749234,0.6852096079766384,0.6990100214734121,True,0.8930384203792715,0.8002166897362583,0.6074462785380852,0.36,0.4,0.6,0.44,False
dirichlet,dir,0.181,0.116,0.292,0.545,0.028,0.008,0.04,0.17172179342863406,0.2631480182279502,0.2862420079448744,0.3408624578957832,True,0.7618992545312177,0.6553271299943486,0.4699845851148233,0.4,0.36,0.48,0.56,False
dirichlet,dir,0.018,0.062,0.08,0.45,0.29,0.218,0.092,-0.2872817054575063,-0.17369743295385867,-0.08699834539025064,-0.024939902914513094,True,0.8599391379096848,0.7154604473282198,0.5227528905006399,0.2,0.7,0.3,0.66,False
dirichlet,dir,0.706,0.251,0.01,0.068,0.001,0.059,0.115,0.48928137338602956,0.5586554646568004,0.6801706277273912,0.7039871080804083,True,0.9574335687905194,0.9478424070677778,0.8025980539336472,0.68,0.2,0.76,0.4,False
dirichlet,dir,0.275,0.14,0.065,0.053,0.378,0.04,0.259,0.08063677134061162,0.18672401085523957,0.2930429619447314,0.31878306135456747,True,0.9789712437704531,0.9769092183006639,0.873532105398229,0.82,0.34,0.62,0.52,True
dirichlet,dir,0.197,0.061,0.348,0.089,0.147,0.355,0.013,0.14929923642552367,0.19226318845685678,0.3049322733884796,0.3362418862106122,True,0.8548932732158538,0.7842234821414134,0.5897560623774483,0.4,0.5,0.48,0.62,False
dirichlet,dir,0.326,0.198,0.012,0.097,0.228,0.314,0.035,0.033801580721962515,0.11061377121369131,0.26989873099136463,0.30763172668235467,True,0.9291409084913588,0.8523594958954572,0.6627884839569458,0.56,0.5,0.48,0.58,False
dirichlet,dir,0.238,0.089,0.089,0.025,0.422,0.205,0.142,-0.030312396770533323,0.06436725788175159,0.1995652166790537,0.22973101310132657,True,0.9372013195399879,0.8582140825415582,0.6711555460878229,0.48,0.4,0.58,0.62,True
dirichlet,dir,0.266,0.027,0.261,0.135,0.042,0.163,0.318,0.18617285799539857,0.24723126919011326,0.30972372692854466,0.33713834218889943,True,0.9470082831817831,0.9274872484031791,0.7672637488531091,0.62,0.4,0.56,0.58,False
dirichlet,dir,0.071,0.073,0.094,0.4,0.348,0.024,0.199,-0.1588501518674276,-0.030722566599870257,0.03007178012807494,0.08197057747825369,True,0.8408833871911191,0.6624352022191364,0.47673970985126896,0.28,0.52,0.42,0.64,False
dirichlet,dir,0.224,0.08,0.211,0.313,0.137,0.091,0.154,0.10419802385951532,0.19195126597029788,0.253290248185833,0.295473118387339,True,0.9330182719408971,0.8774129949450895,0.6937000253280486,0.64,0.38,0.56,0.58,True
dirichlet,dir,0.206,0.16,0.099,0.254,0.406,0.083,0.002,-0.002719415201412262,0.1107965245322541,0.22042943381414262,0.2643809669286042,True,0.9530253420366901,0.9012551385054066,0.726499428860892,0.68,0.44,0.54,0.62,True
dirichlet,dir,0.074,0.044,0.098,0.089,0.136,0.7,0.07,-0.2896353207736216,-0.24936571970252,-0.07110740096867739,-0.02435603915204436,True,0.7300012471788736,0.6114059219006618,0.43447206114962506,0.24,0.66,0.34,0.68,False
dirichlet,dir,0.19,0.402,0.228,0.041,0.112,0.192,0.045,0.38308779055501846,0.43447076875137736,0.5644520404319228,0.585300610944381,True,0.9200967529338867,0.8606773158736936,0.6740879805829476,0.42,0.4,0.6,0.62,False
dirichlet,dir,0.365,0.018,0.337,0.164,0.048,0.014,0.265,0.3570554757570282,0.4234860780952053,0.46011890796133115,0.4842853600170479,True,0.9024691001505686,0.880616914511493,0.6962047344999891,0.58,0.28,0.62,0.5,False
dirichlet,dir,0.051,0.1,0.145,0.261,0.286,0.13,0.237,-0.0916434381893097,0.010453223921977235,0.08906897448805196,0.13088138697823523,True,0.9067620900287364,0.7983738250439111,0.6037183588095482,0.42,0.58,0.4,0.7,False
dirichlet,dir,0.355,0.152,0.017,0.326,0.201,0.139,0.02,0.03377166925045486,0.13590048359503507,0.2452566921665112,0.29545219377338844,True,0.9627105074961155,0.9152306180459112,0.7508000979574858,0.7,0.36,0.6,0.58,True
dirichlet,dir,0.035,0.137,0.182,0.117,0.182,0.246,0.311,-0.015066534031141601,0.05733655936509793,0.15320044955317202,0.18408741917979907,True,0.885706958798045,0.753608095976449,0.5587183001021508,0.28,0.62,0.38,0.76,False
dirichlet,dir,0.32,0.217,0.54,0.019,0.031,0.007,0.077,0.6997766314486378,0.7332639701283508,0.7880353485216048,0.795428065785609,True,0.7577928661151417,0.7288305725847267,0.5413669094916443,0.2,0.2,0.7,0.34,False
dirichlet,dir,0.11,0.282,0.009,0.028,0.736,0.041,0.003,-0.06553880872292618,0.07022081122874516,0.2307175315507856,0.2612223583241088,True,0.9109749335275578,0.8156068811648772,0.6201459465896872,0.28,0.54,0.46,0.5,False
dirichlet,dir,0.107,0.093,0.031,0.212,0.175,0.187,0.405,-0.1347406254243302,-0.038870017354122,0.047139974296292866,0.08661670786063277,True,0.918305578593992,0.8197240069171481,0.6256778607695366,0.5,0.56,0.42,0.6,False
dirichlet,dir,0.246,0.112,0.018,0.036,0.686,0.035,0.075,-0.0824091428521694,0.05219426496410917,0.19200339146004033,0.22344282662443718,True,0.9509604645599159,0.9180591632468047,0.7521885279036259,0.56,0.44,0.54,0.54,True
dirichlet,dir,0.049,0.508,0.05,0.057,0.092,0.044,0.41,0.2779570896576255,0.3569648955375761,0.46213520261992014,0.47908681779837003,True,0.8889350259954438,0.773216194053662,0.5791509903937925,0.32,0.52,0.48,0.62,False
dirichlet,dir,0.327,0.391,0.005,0.168,0.077,0.106,0.136,0.2772031712219554,0.35817108897649635,0.4821311221587563,0.514149943028974,True,0.9740638857015576,0.9449758917788,0.7963117496984956,0.7,0.42,0.56,0.56,False
dirichlet,dir,0.233,0.039,0.003,0.335,0.09,0.426,0.084,-0.22367864599031614,-0.14527264900840658,-0.01801241282519841,0.04096042036888552,True,0.8771473576235832,0.7833139526996861,0.587139389812086,0.44,0.56,0.42,0.54,True
dirichlet,dir,0.015,0.008,0.189,0.284,0.158,0.513,0.042,-0.2645916915154219,-0.20268033374030456,-0.0792058540035088,-0.02426004662761368,True,0.8051377880919177,0.6812895408773744,0.4926120933883729,0.22,0.74,0.26,0.7,False
dirichlet,dir,0.005,0.166,0.456,0.176,0.113,0.24,0.055,0.22797299483890351,0.27334461928061327,0.34924522676800585,0.3792056140363041,True,0.8269758960275996,0.7315413646703051,0.5394161465470826,0.26,0.48,0.48,0.82,False
dirichlet,dir,0.284,0.006,0.046,0.172,0.012,0.304,0.386,-0.05963041289792739,0.009772336863280542,0.10373279645826564,0.1423195417869458,True,0.8943664918344831,0.8381770792934676,0.6466041125370485,0.58,0.48,0.46,0.56,True
dirichlet,dir,0.327,0.126,0.341,0.118,0.198,0.001,0.098,0.3906129436622627,0.4637861907668009,0.5304534007447633,0.5529102821050487,True,0.9535715739397383,0.8958094810443584,0.715365990301538,0.52,0.3,0.62,0.48,False
dirichlet,dir,0.021,0.071,0.347,0.181,0.058,0.41,0.121,0.021820966884065308,0.062208711212307116,0.15796244381970023,0.19564899503032443,True,0.7856842271347321,0.6941342377779219,0.5044768583826615,0.26,0.64,0.34,0.74,False
dirichlet,dir,0.193,0.135,0.178,0.144,0.346,0.175,0.04,0.05205274889927838,0.14123828097306024,0.25708315404622717,0.29267319362301514,True,0.9579499083311591,0.9069834684203301,0.7351109653676676,0.58,0.48,0.5,0.7,False
dirichlet,dir,0.158,0.115,0.189,0.222,0.358,0.13,0.038,0.01570839548756673,0.11411616146365759,0.21365803068231132,0.25403919172466344,True,0.9501635520904317,0.893998505623965,0.7163719834881253,0.56,0.52,0.46,0.68,False
dirichlet,dir,0.138,0.303,0.243,0.087,0.18,0.174,0.085,0.2628753142948539,0.3262643877096592,0.43974489226820024,0.4649188295532074,True,0.9375650030410156,0.8688755873162123,0.6842976163119343,0.4,0.46,0.54,0.7,False
dirichlet,dir,0.042,0.059,0.454,0.292,0.138,0.126,0.1,0.17421149449801174,0.24011641344266338,0.28008067420799443,0.3167506710932454,True,0.8359355172932081,0.7331165134528449,0.5387741392237541,0.3,0.46,0.4,0.78,False
dirichlet,dir,0.088,0.058,0.657,0.121,0.192,0.019,0.075,0.4531954124737151,0.5026851199786196,0.5279927772170357,0.5447879607013828,True,0.6814714820517136,0.5188309534092721,0.3636575211724035,0.1,0.1,0.66,0.56,False
dirichlet,dir,0.23,0.375,0.062,0.078,0.037,0.296,0.132,0.21655721128584393,0.2711540668147251,0.4183440275661737,0.447413972857357,True,0.9005424628056624,0.8206354376317282,0.6267274651655464,0.46,0.58,0.42,0.6,False
dirichlet,dir,0.007,0.415,0.183,0.02,0.083,0.446,0.057,0.1515058750520775,0.18640594112201855,0.3526806148308825,0.37973979947356734,True,0.7620007811198254,0.6339818861379066,0.4521865989462861,0.16,0.52,0.48,0.6,False
dirichlet,dir,0.044,0.208,0.004,0.586,0.115,0.184,0.068,-0.20224064478320064,-0.08969046641950446,-0.008349744188543602,0.061025736137136743,True,0.836675392108307,0.6902231428273133,0.4996091764694042,0.26,0.56,0.44,0.58,False
dirichlet,dir,0.382,0.108,0.012,0.434,0.079,0.097,0.098,0.03519652617266603,0.13890080231937374,0.21761672746549532,0.27312304948914623,True,0.918608171163549,0.859527042133558,0.6752747086855078,0.66,0.34,0.58,0.58,True
dirichlet,dir,0.37,0.4,0.179,0.004,0.019,0.068,0.171,0.5409266836685049,0.5941392284142497,0.7057337048714584,0.7189088891787051,True,0.9553488935698302,0.9356100238426943,0.7835596643278757,0.6,0.24,0.76,0.42,False
dirichlet,dir,0.022,0.348,0.166,0.063,0.147,0.015,0.449,0.23594370243542068,0.31672166115975486,0.39184539861941053,0.40798340153710466,True,0.8918925978469008,0.7690628028448774,0.575374008054655,0.18,0.48,0.52,0.58,False
dirichlet,dir,0.213,0.0,0.126,0.215,0.074,0.445,0.137,-0.1269968593723667,-0.06772915491460678,0.05195663652017899,0.09926525759680947,True,0.8538379002316795,0.7700141488898741,0.574603263795819,0.4,0.58,0.4,0.66,True
dirichlet,dir,0.056,0.242,0.061,0.135,0.225,0.127,0.365,0.0007993310476380161,0.09466315163678309,0.19246692891964065,0.22285415358448996,True,0.9239590582230494,0.8322806699372249,0.6393738772210267,0.36,0.56,0.44,0.68,False
dirichlet,dir,0.052,0.0,0.106,0.193,0.0,0.339,0.518,-0.17657794272793498,-0.11008780705405864,-0.03581105640832419,0.002744949050176045,True,0.8058393881657719,0.6976631606001026,0.5072117844197277,0.3,0.72,0.26,0.66,False
dirichlet,dir,0.407,0.216,0.23,0.034,0.004,0.215,0.104,0.40948262056668683,0.45158546682117534,0.5654267443862259,0.5866973355200666,True,0.9312508653971729,0.9189667783876849,0.7528506634774572,0.56,0.34,0.64,0.5,False
dirichlet,dir,0.363,0.129,0.133,0.072,0.38,0.017,0.115,0.19026405231921806,0.2916538212007539,0.39724088697425486,0.42365383089184905,True,0.9835422173846448,0.9746812742016359,0.8635229134971661,0.78,0.3,0.64,0.52,False
dirichlet,dir,0.12,0.158,0.038,0.085,0.003,0.043,0.763,0.07248437825379606,0.1572401086090701,0.20476161205994953,0.22388119836805903,True,0.9700978339886211,0.9499118273518529,0.8071696828290927,0.72,0.42,0.56,0.58,False
dirichlet,dir,0.166,0.401,0.003,0.507,0.051,0.055,0.027,0.1100709441093393,0.21520117169014336,0.30371242384861724,0.36053580679235075,True,0.8736145075353519,0.7413211584342312,0.5467344429590542,0.44,0.5,0.5,0.5,False
dirichlet,dir,0.201,0.221,0.028,0.271,0.108,0.06,0.32,0.07045867868277168,0.16909188617759544,0.2467986558931208,0.2854728582573146,True,0.941724826680765,0.8726126673529271,0.6905759531145951,0.7,0.38,0.6,0.6,True
dirichlet,dir,0.108,0.004,0.173,0.063,0.79,0.071,0.001,-0.17027658549280503,-0.037115019928247596,0.08782675378698339,0.12212587547725642,True,0.9071003778038358,0.8062945419985148,0.6109464974328094,0.26,0.48,0.4,0.7,False
dirichlet,dir,0.244,0.042,0.146,0.261,0.002,0.303,0.212,0.004623021494516607,0.06877014163248542,0.15719328013791956,0.20125329636831144,True,0.9015536069467711,0.848707357564414,0.6587842201225476,0.58,0.44,0.52,0.6,True
dirichlet,dir,0.118,0.041,0.128,0.027,0.087,0.535,0.275,-0.14087697053638149,-0.0978779381169706,0.0438090056137622,0.07784265796219234,True,0.7539609417951797,0.6328108942234217,0.45219456637877675,0.24,0.62,0.38,0.64,False
dirichlet,dir,0.01,0.313,0.193,0.145,0.089,0.221,0.241,0.1372569571217179,0.2002278825573354,0.3017986813563796,0.3311374687415866,True,0.8908310951966621,0.7681506388985182,0.5717815346784595,0.24,0.64,0.36,0.74,False
dirichlet,dir,0.221,0.143,0.75,0.018,0.013,0.056,0.009,0.7491571155737712,0.7623234745710524,0.7969767194126761,0.8022246481407245,True,0.45944774980592096,0.5896716528439182,0.42593793725877127,0.08,0.18,0.68,0.4,False
dirichlet,dir,0.084,0.318,0.221,0.527,0.033,0.008,0.019,0.2015185384457818,0.29448840012639116,0.3424562948875838,0.39525330676919473,True,0.7975344200318758,0.6454821315283135,0.4614325946824517,0.36,0.56,0.44,0.58,False
dirichlet,dir,0.09,0.081,0.014,0.506,0.073,0.383,0.063,-0.3021326173176073,-0.21138832583283584,-0.10687904512365175,-0.03695221552338481,True,0.8468217984731684,0.7294986941146087,0.5349548036908502,0.34,0.66,0.32,0.54,False
dirichlet,dir,0.08,0.116,0.36,0.188,0.323,0.003,0.14,0.18433892116745326,0.27451768828313394,0.33039982967599446,0.35909944942811806,True,0.8684952843313926,0.7159594011721708,0.5231114249627208,0.28,0.34,0.52,0.72,False
dirichlet,dir,0.125,0.031,0.296,0.148,0.21,0.229,0.171,0.0503242704155255,0.11894979378608343,0.20251282705066115,0.2355459149018253,True,0.9117951615362482,0.822448440533665,0.6303597757041953,0.44,0.52,0.46,0.72,False
dirichlet,dir,0.023,0.135,0.161,0.157,0.222,0.223,0.289,-0.056872307249707446,0.02502695357571387,0.11933678763651207,0.15384165832040297,True,0.8943396690251592,0.7668327294831041,0.5716758613633199,0.3,0.66,0.34,0.72,False
dirichlet,dir,0.059,0.672,0.008,0.273,0.089,0.068,0.04,0.29878415331120733,0.3859375875542973,0.5178999122883715,0.5543719116910191,True,0.8917620709315135,0.7681376438817747,0.5716548944357129,0.24,0.58,0.42,0.58,False
dirichlet,dir,0.095,0.124,0.01,0.475,0.174,0.024,0.308,-0.14896637108508676,-0.02408437787866069,0.02570675362282526,0.08137195979677211,True,0.8090603388264035,0.6344364878052847,0.4528101553733203,0.3,0.54,0.44,0.54,False
dirichlet,dir,0.097,0.26,0.155,0.24,0.148,0.27,0.04,0.0563341253820575,0.12841635646011887,0.2472508825724231,0.28942990981887956,True,0.9161761310189293,0.8187483233582599,0.6240491498330194,0.44,0.52,0.46,0.68,False
dirichlet,dir,0.171,0.056,0.013,0.081,0.446,0.063,0.379,-0.12940282181064083,-0.008793171146432962,0.08993358103056172,0.12044481231025811,True,0.954853232089984,0.9212609466293412,0.7545980472242304,0.58,0.44,0.54,0.58,True
dirichlet,dir,0.179,0.117,0.359,0.183,0.161,0.143,0.068,0.24099756603285152,0.30514945858067244,0.3794033042429356,0.4104318925043959,True,0.9426521806706675,0.8903580509606589,0.7116720369957245,0.54,0.48,0.5,0.66,False
dirichlet,dir,0.506,0.197,0.107,0.036,0.334,0.006,0.023,0.3379707799383888,0.43187378175880137,0.5549520387133207,0.5783280132578114,True,0.9810668853544655,0.957160027864273,0.8201364695384089,0.66,0.2,0.76,0.4,False
dirichlet,dir,0.128,0.357,0.003,0.12,0.159,0.162,0.282,0.09115983680846483,0.17648865279986775,0.30000010918467085,0.3301462590895754,True,0.9280160926873303,0.842812281541917,0.651157709874752,0.42,0.54,0.46,0.62,False
dirichlet,dir,0.147,0.361,0.044,0.157,0.224,0.265,0.011,0.07127223985164861,0.15071886590863956,0.3042250787895254,0.3425580274640625,True,0.9193630306798188,0.8231284452224401,0.6289461854449265,0.4,0.56,0.44,0.64,False
dirichlet,dir,0.001,0.324,0.423,0.021,0.011,0.325,0.105,0.3563444358883612,0.3765526760702411,0.4854466538044124,0.5031686393185365,True,0.7125814989184678,0.650113766549196,0.4670592793750849,0.08,0.4,0.56,0.38,False
dirichlet,dir,0.089,0.474,0.093,0.013,0.156,0.367,0.018,0.18226459166422024,0.23340005862976373,0.4125289152700368,0.43947908873791486,True,0.8271823135712808,0.6976783952104144,0.5071086271359009,0.28,0.46,0.54,0.56,False
dirichlet,dir,0.02,0.235,0.023,0.235,0.142,0.243,0.311,-0.11008705949055399,-0.021958219257621998,0.08446293954783983,0.12623088381891276,True,0.8843326747757237,0.7449427876464197,0.548816039531884,0.24,0.64,0.36,0.62,False
dirichlet,dir,0.242,0.008,0.302,0.322,0.106,0.064,0.166,0.15850125460013337,0.2401699126290552,0.27925402522585147,0.3195029962145156,True,0.8901386052577519,0.8374368848659672,0.6436859355526966,0.56,0.4,0.52,0.54,False
dirichlet,dir,0.03,0.037,0.192,0.243,0.234,0.41,0.063,-0.20054582094445114,-0.12829028875500967,-0.010103392004818487,0.03910246410152545,True,0.8486335510474631,0.7151080225881312,0.5227579225632656,0.24,0.7,0.3,0.7,False
dirichlet,dir,0.089,0.002,0.092,0.003,0.023,0.789,0.212,-0.2938738646848354,-0.2724903081842622,-0.09242778937243575,-0.05170962862168943,True,0.644582361744026,0.5594985930662313,0.3941845290911927,0.18,0.6,0.4,0.56,False
dirichlet,dir,0.127,0.118,0.207,0.32,0.344,0.093,0.002,0.003602937059566093,0.108413959563668,0.19297238118169463,0.2394274051552008,True,0.9202502499023546,0.8296488140592768,0.6371019009455245,0.56,0.56,0.42,0.66,False
dirichlet,dir,0.203,0.373,0.254,0.16,0.133,0.07,0.017,0.3998782417986803,0.46758369356993046,0.5678850679693493,0.5944694786476691,True,0.9656511430404142,0.9387870634007809,0.7861973038208452,0.6,0.5,0.48,0.6,False
dirichlet,dir,0.354,0.043,0.166,0.042,0.081,0.254,0.27,0.15196709693042132,0.20979058082015764,0.31270215518693645,0.3387161751242619,True,0.926971172394582,0.8802478228960183,0.6975298443247558,0.58,0.38,0.6,0.56,True
dirichlet,dir,0.038,0.198,0.173,0.362,0.089,0.241,0.11,-0.018470259848048537,0.05988385763505178,0.14671499138484684,0.19621353660847615,True,0.8857436184133515,0.7728088933678408,0.5767385357033231,0.32,0.68,0.3,0.7,False
dirichlet,dir,0.004,0.355,0.085,0.031,0.074,0.397,0.264,0.04043505679550664,0.0903550055880062,0.2393093269405218,0.2667315065711138,True,0.7867717190439114,0.6261074315894749,0.44578036388522196,0.14,0.52,0.48,0.56,False
dirichlet,dir,0.151,0.184,0.053,0.139,0.16,0.175,0.347,0.010202571023061208,0.09599047655744672,0.1964372750370421,0.22873570570212323,True,0.9449444492163389,0.8741241743854951,0.6894173206950285,0.54,0.52,0.46,0.64,False
dirichlet,dir,0.084,0.125,0.588,0.02,0.107,0.18,0.106,0.4318260920202598,0.4604372520655168,0.5233085213763995,0.5365529749882121,True,0.7148127704996862,0.6537217949429268,0.47888965860809796,0.1,0.32,0.56,0.38,False
dirichlet,dir,0.005,0.175,0.008,0.175,0.352,0.19,0.305,-0.20031660289823083,-0.09178579375477172,0.021676415620931155,0.06114090814782692,True,0.8842580013783854,0.7357891270024373,0.5415317095426359,0.2,0.66,0.34,0.54,False
dirichlet,dir,0.004,0.274,0.198,0.191,0.187,0.349,0.007,0.016036330809392284,0.07938058773263572,0.2126718943608454,0.2530795789876869,True,0.8633674106279258,0.731909493842734,0.5373789998607796,0.2,0.62,0.38,0.68,False
dirichlet,dir,0.01,0.739,0.083,0.177,0.116,0.023,0.062,0.41907807100110894,0.4986741789820983,0.629412759918855,0.6548796819235263,True,0.8657872044612501,0.7245272344593173,0.5310704706823645,0.22,0.56,0.44,0.54,False
dirichlet,dir,0.088,0.038,0.226,0.118,0.368,0.091,0.281,-0.01123370908390442,0.08595500735527299,0.16143798795815176,0.19075161683119252,True,0.9262493154839112,0.8470399673283969,0.6575002054758906,0.44,0.5,0.46,0.74,False
dirichlet,dir,0.055,0.014,0.314,0.042,0.582,0.143,0.06,-0.03528471286651243,0.0627984214477142,0.1682621415919396,0.19637110033872746,True,0.8700312325317374,0.7141405914490989,0.5268380866756014,0.14,0.36,0.52,0.54,False
dirichlet,dir,0.083,0.351,0.447,0.068,0.084,0.1,0.077,0.5018992713576843,0.5437978479246985,0.6247121746121048,0.6397912823898154,True,0.8460067198787637,0.7609226737104252,0.571886369316495,0.22,0.34,0.66,0.54,False
dirichlet,dir,0.362,0.144,0.039,0.081,0.052,0.155,0.378,0.1587600272388399,0.2329881645636423,0.33119684783160463,0.3576267401460509,True,0.9716022050391581,0.9508337973063352,0.8076053755847676,0.74,0.38,0.58,0.58,True
dirichlet,dir,0.056,0.213,0.088,0.008,0.51,0.282,0.054,-0.10578737974478068,-0.01180962023710335,0.1524328938482957,0.18397414386100797,True,0.8616770214486553,0.6960762251472493,0.5069538912101608,0.2,0.56,0.44,0.5,False
dirichlet,dir,0.167,0.495,0.107,0.066,0.053,0.258,0.064,0.31683805239373036,0.3684582374272296,0.5203745585230313,0.5458395388638841,True,0.8914521758442784,0.8102233794482517,0.6158330495809131,0.38,0.58,0.42,0.64,False
dirichlet,dir,0.006,0.349,0.267,0.181,0.052,0.178,0.176,0.24303020392745503,0.3007387410740828,0.39037853635650277,0.4192059111075397,True,0.8954253728483235,0.7905605751963509,0.5945277157622653,0.28,0.64,0.36,0.74,False
dirichlet,dir,0.327,0.209,0.078,0.03,0.377,0.173,0.017,0.13076708711973367,0.22017147566613512,0.3695843977869938,0.39851702427998736,True,0.9610373331613425,0.9187205847237228,0.7522078174770245,0.6,0.38,0.6,0.58,False
dirichlet,dir,0.065,0.219,0.051,0.107,0.084,0.39,0.294,-0.07255786906216674,-0.010962711049655646,0.12257981595020852,0.15783808896713902,True,0.8332787981023783,0.6906421703361016,0.5002918596322904,0.22,0.64,0.36,0.62,False
dirichlet,dir,0.722,0.029,0.245,0.144,0.035,0.029,0.005,0.5160186523431961,0.5796725269483117,0.6572748929404194,0.6846943569989506,True,0.9247174107950263,0.9416301075374582,0.7922873576135946,0.72,0.14,0.72,0.46,False
dirichlet,dir,0.137,0.518,0.003,0.213,0.199,0.029,0.11,0.23112096656100278,0.3300683789416361,0.45358273570444607,0.48708941403666434,True,0.9231306009388281,0.8335246536300199,0.6408809799774229,0.4,0.54,0.46,0.54,False
dirichlet,dir,0.058,0.145,0.589,0.197,0.086,0.034,0.101,0.44367348238715815,0.492348597704899,0.5181100833432245,0.540052203192099,True,0.7255930437540383,0.6067245696124877,0.4296270235181833,0.18,0.18,0.66,0.76,False
dirichlet,dir,0.251,0.171,0.366,0.181,0.152,0.068,0.02,0.3652352145455474,0.4308921007284935,0.5030197308255221,0.5312436428369677,True,0.9566780470563387,0.9201367822102612,0.7530301403777737,0.66,0.4,0.54,0.6,False
dirichlet,dir,0.099,0.017,0.022,0.326,0.277,0.433,0.036,-0.36446624271362926,-0.2711991209821429,-0.1352416352135469,-0.07403323407839012,True,0.8652120966888931,0.7319676833772781,0.5377132126868363,0.3,0.68,0.32,0.58,False
dirichlet,dir,0.11,0.075,0.032,0.327,0.094,0.257,0.315,-0.18186864948967194,-0.09100151836654109,-0.005925661755694486,0.04430035467864065,True,0.8853156343452966,0.7781333139465927,0.5819144314524043,0.38,0.64,0.34,0.52,True
dirichlet,dir,0.398,0.069,0.277,0.089,0.202,0.135,0.04,0.29263840003541564,0.3598085339262645,0.4561464610065597,0.48305190689398736,True,0.9813701397079052,0.9662834769976355,0.8451139510581589,0.68,0.3,0.66,0.58,False
dirichlet,dir,0.033,0.342,0.089,0.221,0.159,0.034,0.332,0.11517443736565051,0.2111491001542703,0.2910914232317727,0.3229185401058012,True,0.8966393739860837,0.7740477595018004,0.5779151996806318,0.26,0.6,0.4,0.58,False
dirichlet,dir,0.135,0.084,0.017,0.151,0.302,0.134,0.387,-0.13420343478643815,-0.026728577054769977,0.06754687387031243,0.10309798273032225,True,0.9408653726504067,0.8680835663077905,0.682241599390785,0.56,0.5,0.48,0.64,True
dirichlet,dir,0.038,0.03,0.018,0.435,0.016,0.551,0.122,-0.3979068894372477,-0.3268083449016311,-0.20544137565854345,-0.13677638825793947,True,0.790215914614406,0.67404228163751,0.48588674168912926,0.24,0.76,0.24,0.6,False
dirichlet,dir,0.065,0.168,0.02,0.658,0.144,0.032,0.122,-0.17419579179924355,-0.04376746823543823,0.0031099171112936776,0.07349572398174141,True,0.7606397213819321,0.5776451615309203,0.40641621531860506,0.24,0.56,0.44,0.54,False
dirichlet,dir,0.0,0.438,0.071,0.025,0.305,0.107,0.264,0.13598764596043297,0.22532478844327045,0.35560947561661094,0.37641458811367007,True,0.868937867683935,0.7155833106741235,0.524476371949941,0.2,0.48,0.52,0.56,False
dirichlet,dir,0.085,0.154,0.065,0.36,0.156,0.056,0.334,-0.059661356987510836,0.049172132725295754,0.10776299137153235,0.15351914089693636,True,0.8692863096478433,0.7321344131998592,0.5383581553800297,0.48,0.5,0.48,0.6,False
dirichlet,dir,0.075,0.024,0.098,0.265,0.244,0.423,0.08,-0.27710525431420147,-0.19577359226586247,-0.0684550980606943,-0.01488092184121367,True,0.8590731574033487,0.7270591737669096,0.5333667685938906,0.3,0.62,0.36,0.64,False
dirichlet,dir,0.41,0.192,0.302,0.202,0.033,0.06,0.011,0.45970800525361083,0.5199034539844462,0.5952483117869207,0.6245470847633878,True,0.9672196410468593,0.96661546936499,0.8410526571806695,0.78,0.3,0.64,0.54,False
dirichlet,dir,0.177,0.131,0.027,0.65,0.028,0.06,0.138,-0.09993199536478121,0.017256694518174936,0.0601607549701034,0.12939390928584482,True,0.7797404694982841,0.6551607588487234,0.47022276941243957,0.42,0.5,0.44,0.54,False
dirichlet,dir,0.181,0.118,0.086,0.264,0.462,0.047,0.052,-0.06644087156830433,0.05799485558035886,0.15865319444221196,0.20340268468703468,True,0.9349583631709357,0.860464321202192,0.672938154272976,0.62,0.46,0.52,0.64,True
dirichlet,dir,0.34,0.071,0.33,0.174,0.12,0.071,0.103,0.32848470605656716,0.39560848544141186,0.45912139978047595,0.48767651245292776,True,0.9646724408494983,0.9467950483722082,0.7986285951990768,0.72,0.34,0.58,0.58,False
dirichlet,dir,0.012,0.227,0.018,0.045,0.212,0.225,0.471,-0.08425502449208838,0.0010415906977119076,0.11507925824525918,0.14155737662529694,True,0.8497089408510823,0.679296955629796,0.49095277073754945,0.18,0.58,0.42,0.52,False
dirichlet,dir,0.111,0.535,0.127,0.086,0.03,0.181,0.141,0.3597524515586765,0.4150604918455546,0.5474313820790809,0.5701494327237951,True,0.9034486342642636,0.8218004220125479,0.6286006504779621,0.4,0.52,0.48,0.68,False
dirichlet,dir,0.054,0.276,0.011,0.365,0.065,0.028,0.412,0.00019489997313397488,0.10646979478515979,0.16467509389517787,0.20790914811540287,True,0.8392898253815028,0.6723415438084775,0.48399217011055445,0.26,0.52,0.48,0.44,False
dirichlet,dir,0.086,0.026,0.104,0.018,0.546,0.421,0.008,-0.2803924552261594,-0.19062970539971308,-0.018452164487789732,0.020769973079754436,True,0.8383725160968974,0.6652579023291627,0.47993213424872144,0.24,0.6,0.4,0.58,False
dirichlet,dir,0.022,0.211,0.19,0.108,0.42,0.127,0.132,0.017014247063475166,0.11375874888693358,0.22467423826728297,0.25508828333606226,True,0.9048071324786081,0.7955446907334208,0.6007821502674541,0.28,0.54,0.46,0.76,False
dirichlet,dir,0.176,0.335,0.136,0.159,0.217,0.118,0.069,0.2087014251963538,0.29151925985517974,0.4087981503354116,0.4405528677251054,True,0.9639102800091267,0.9257292989533912,0.7636058586627796,0.6,0.46,0.52,0.68,False
dirichlet,dir,0.012,0.086,0.001,0.057,0.058,0.036,0.96,-0.08626250867919698,0.009726905156146748,0.043867226359158004,0.061275201012449876,True,0.9037885485585307,0.7934577306983717,0.5971079058735912,0.32,0.54,0.46,0.62,False
dirichlet,dir,0.178,0.135,0.215,0.013,0.135,0.278,0.256,0.13392711459988366,0.1883996117901739,0.29924514712565436,0.3223335625719852,True,0.8856926423911736,0.7777813488504122,0.5831657376919942,0.36,0.46,0.54,0.58,False
dirichlet,dir,0.044,0.111,0.184,0.109,0.05,0.564,0.147,-0.11181893691016806,-0.07526574014222964,0.06739088104333264,0.10707876454945366,True,0.7465488361132308,0.6370855101007584,0.4552687373045254,0.2,0.72,0.28,0.7,False
dirichlet,dir,0.119,0.146,0.29,0.252,0.167,0.179,0.058,0.1283878119402238,0.20060589152979205,0.2827059444627466,0.32144469239509427,True,0.9299722254762249,0.8571980195299723,0.6694433867794296,0.46,0.56,0.42,0.7,False
dirichlet,dir,0.263,0.067,0.133,0.245,0.025,0.037,0.44,0.12694580330359892,0.21377159779996474,0.25570600551693196,0.2889862009959349,True,0.9206736993564972,0.8886090053304199,0.7077906393571036,0.72,0.36,0.56,0.5,True
dirichlet,dir,0.11,0.401,0.105,0.176,0.298,0.09,0.03,0.17235476299654287,0.2666361228145961,0.3924860446786596,0.4260281590755595,True,0.940732454133353,0.8794551700298948,0.6963368261439137,0.42,0.54,0.46,0.7,False
dirichlet,dir,0.045,0.087,0.029,0.075,0.278,0.336,0.36,-0.23041810697269818,-0.14472916427228982,-0.017928616123389786,0.017424008431868282,True,0.8421335829919089,0.6742222719222094,0.4865337810750834,0.22,0.66,0.34,0.62,False
dirichlet,dir,0.016,0.157,0.457,0.125,0.026,0.347,0.081,0.22767231042973066,0.25495799248721696,0.3431469460002691,0.37111371383578784,True,0.7440074269317459,0.6912592888985484,0.5025915122522339,0.16,0.48,0.5,0.76,False
dirichlet,dir,0.229,0.187,0.015,0.073,0.376,0.222,0.107,-0.033453928364432124,0.06280322237084882,0.21114054080439024,0.2456907012109426,True,0.9364741065092927,0.857688151386461,0.6699629472455327,0.5,0.5,0.5,0.62,False
dirichlet,dir,0.169,0.231,0.031,0.21,0.194,0.231,0.143,-0.015296632577018097,0.07253642797309744,0.19691863789404596,0.23857487149458947,True,0.9358889163797272,0.8500636633275863,0.6595214172972121,0.5,0.52,0.46,0.62,False
dirichlet,dir,0.029,0.064,0.57,0.07,0.103,0.1,0.275,0.3550252738985037,0.39749339333969674,0.4280596594398018,0.4422710271164837,True,0.7058377525320204,0.5601931748587533,0.3991021122921548,0.1,0.2,0.64,0.5,False
dirichlet,dir,0.398,0.024,0.067,0.027,0.436,0.052,0.205,0.06057025084111112,0.16954682168782245,0.28065742477361305,0.30738000826776607,True,0.9787480722112879,0.9606312317881878,0.8287731663583131,0.62,0.2,0.7,0.5,True
dirichlet,dir,0.031,0.07,0.091,0.091,0.512,0.245,0.17,-0.23559147004164235,-0.1289521719333084,0.00208605203226163,0.039514727788219184,True,0.8766646118344014,0.7206244615469072,0.5291792538122069,0.2,0.64,0.36,0.64,False
dirichlet,dir,0.523,0.039,0.148,0.229,0.038,0.073,0.16,0.2708711273582595,0.3486903467209277,0.4200083825284729,0.4558306361372058,True,0.9582799380763861,0.9651963776281921,0.8401758202681419,0.78,0.24,0.64,0.52,True
dirichlet,dir,0.13,0.003,0.145,0.117,0.257,0.48,0.078,-0.20104112493663953,-0.13635232212299797,0.008262274051373813,0.051661598655703654,True,0.8352416857743786,0.7057120119454977,0.5145065978727794,0.32,0.6,0.4,0.72,False
dirichlet,dir,0.204,0.013,0.288,0.334,0.084,0.137,0.151,0.09984569554193927,0.17643850659224095,0.225297338936788,0.268715592077543,True,0.8989018681164005,0.8514515562761048,0.6614159888757869,0.56,0.46,0.46,0.58,True
dirichlet,dir,0.409,0.19,0.098,0.387,0.03,0.079,0.017,0.22176566823501637,0.3094778048768284,0.3911034496188707,0.43966743744849435,True,0.9417023570617342,0.9008056617251106,0.7281541387876419,0.76,0.34,0.62,0.52,True
dirichlet,dir,0.058,0.099,0.651,0.106,0.008,0.116,0.171,0.4797085465270859,0.5064370483567855,0.5327409146916933,0.5475986463233575,True,0.5860799950555552,0.5947382860055358,0.4250574913154986,0.1,0.18,0.62,0.6,False
dirichlet,dir,0.074,0.226,0.186,0.151,0.074,0.251,0.248,0.0979462859062359,0.1597361972205962,0.25892384760045783,0.29060990426333755,True,0.9032711023555164,0.7985663307523303,0.6024938902372953,0.36,0.56,0.42,0.7,False
dirichlet,dir,0.538,0.016,0.083,0.406,0.094,0.041,0.033,0.15196611760224057,0.2529274277741399,0.32075024250772505,0.37279850677813825,True,0.9117141590370728,0.8778418081057603,0.6944183522678667,0.66,0.28,0.6,0.48,True
dirichlet,dir,0.15,0.209,0.137,0.154,0.005,0.266,0.289,0.10548932496593001,0.1645216602718131,0.26444895858131845,0.2968391781185956,True,0.9110730936880681,0.8282218192157078,0.6340688251978859,0.48,0.54,0.44,0.68,False
dirichlet,dir,0.296,0.15,0.143,0.102,0.147,0.106,0.267,0.1961422711684973,0.2742896014300398,0.36457185066216585,0.39096145648640057,True,0.9935046696399594,0.9865638851047542,0.9005576364066377,0.84,0.42,0.56,0.58,True
dirichlet,dir,0.14,0.097,0.006,0.554,0.341,0.006,0.067,-0.2086870501968481,-0.06508507930238053,0.0007350074505042064,0.0666896832370877,True,0.820000488498285,0.6322428024445923,0.45127956965800425,0.3,0.5,0.44,0.52,False
dirichlet,dir,0.594,0.046,0.003,0.097,0.074,0.099,0.296,0.21437231398461393,0.29726489764791086,0.39472503974694173,0.4238341359373724,True,0.9664270766678418,0.9636422869692165,0.8348401565306948,0.62,0.2,0.7,0.44,True
dirichlet,dir,0.004,0.425,0.572,0.092,0.025,0.005,0.088,0.6621972296077131,0.6965685578800214,0.7485405171669104,0.7580096000758417,True,0.6161822107717972,0.5295529671085007,0.372061065757317,0.1,0.24,0.76,0.48,False
dirichlet,dir,0.31,0.133,0.019,0.143,0.058,0.51,0.036,-0.05858455730732309,-0.006271794401282158,0.15978647940048693,0.20514263628847373,True,0.8480618267387944,0.7645789708213813,0.5693195980388375,0.44,0.6,0.38,0.56,False
dirichlet,dir,0.155,0.138,0.137,0.138,0.161,0.449,0.032,-0.05718703660126861,-0.0002454366046532405,0.14803681376569724,0.18979146581695014,True,0.8545259438813343,0.7442390129757352,0.54934398676903,0.36,0.62,0.38,0.68,False
dirichlet,dir,0.056,0.283,0.342,0.211,0.008,0.093,0.218,0.32810235232837365,0.3853205178491935,0.44268053539050983,0.4693660407044091,True,0.8974260568544294,0.8123956309091824,0.6171153868733614,0.38,0.52,0.46,0.7,False
dirichlet,dir,0.63,0.212,0.055,0.038,0.052,0.003,0.22,0.46654554102007345,0.5414252541389348,0.6437272134608495,0.6627427188712005,True,0.9557586874244223,0.9266242586196177,0.7631693272300005,0.66,0.16,0.84,0.4,True
dirichlet,dir,0.085,0.431,0.484,0.133,0.041,0.019,0.017,0.619835766583731,0.6627123465744917,0.7304427945123684,0.7462910643403583,True,0.7924743562271855,0.7200196695022691,0.527275876124037,0.24,0.28,0.72,0.56,False
dirichlet,dir,0.084,0.186,0.067,0.035,0.214,0.432,0.192,-0.10561292741825896,-0.04251937405304504,0.11426634234044256,0.1479465951770379,True,0.8206669081235637,0.6652262235407347,0.4787034722909471,0.22,0.6,0.4,0.64,False
dirichlet,dir,0.39,0.053,0.202,0.02,0.011,0.115,0.42,0.2945080000114356,0.35289745070775136,0.4218563293451808,0.4389145360655808,True,0.9502543678495818,0.9416945309670609,0.7976750193315072,0.52,0.24,0.72,0.42,True
dirichlet,dir,0.138,0.299,0.127,0.09,0.095,0.459,0.001,0.07181258068332809,0.11647844552290633,0.28259730621173607,0.31875544123755956,True,0.8283115035074436,0.7227475392521647,0.5292845077887943,0.34,0.62,0.38,0.64,False
dirichlet,dir,0.174,0.049,0.16,0.066,0.043,0.674,0.043,-0.12426577298395113,-0.09819585252004065,0.07148531822248615,0.11330718079177404,True,0.7221483015255339,0.6505078006660268,0.46705676334377205,0.28,0.62,0.38,0.66,False
dirichlet,dir,0.01,0.43,0.067,0.078,0.137,0.205,0.283,0.12765784962611673,0.19976728022397688,0.3279811899471999,0.35351576662753137,True,0.8707300117504345,0.7273049908404245,0.5336322098973962,0.2,0.58,0.42,0.64,False
dirichlet,dir,0.267,0.045,0.075,0.108,0.232,0.115,0.367,0.011820647625767245,0.10618032624859167,0.19308120837804058,0.22317793361335125,True,0.9814233357822627,0.9653941091906453,0.8393098861579699,0.7,0.42,0.54,0.58,True
dirichlet,dir,0.06,0.077,0.074,0.49,0.325,0.109,0.075,-0.23269644902595615,-0.10624552818549406,-0.03235098369872962,0.03011677074124069,True,0.8505667449247718,0.6950416298144075,0.5046823342732109,0.28,0.64,0.34,0.62,False
dirichlet,dir,0.116,0.132,0.045,0.2,0.316,0.06,0.342,-0.07522549745930493,0.03825797256413636,0.12196233483584389,0.15836916520011876,True,0.933885586323159,0.8592087698722302,0.6714838881741497,0.58,0.48,0.5,0.62,False
dirichlet,dir,0.033,0.432,0.007,0.141,0.214,0.326,0.057,0.003188745379703625,0.07963483713470808,0.24617898298665006,0.2845044838841491,True,0.8650321751316048,0.7185571929174418,0.5251582164357229,0.22,0.62,0.38,0.56,False
dirichlet,dir,0.101,0.35,0.079,0.095,0.282,0.259,0.044,0.0674302247868369,0.14642894468999004,0.30017586809513724,0.3333953199370781,True,0.9028937206117065,0.7900007826567307,0.5945956486077122,0.34,0.56,0.44,0.66,False
dirichlet,dir,0.262,0.153,0.21,0.069,0.433,0.069,0.015,0.17418628698105323,0.2694518614606326,0.383910161269632,0.41113942483314697,True,0.9726078156513808,0.9557458407600362,0.8192709547667891,0.68,0.34,0.62,0.62,False
dirichlet,dir,0.198,0.016,0.247,0.023,0.546,0.103,0.078,0.0300315060444064,0.1308678444566608,0.23995049943468624,0.26640100312740833,True,0.9320252891504031,0.8523141812758382,0.6681937578940483,0.34,0.26,0.64,0.52,False
dirichlet,dir,0.083,0.106,0.28,0.165,0.271,0.235,0.069,0.04005870011408411,0.1136797496047897,0.21378987251375062,0.24951380052507807,True,0.9105833246780956,0.8091614420204359,0.6158187920701402,0.42,0.54,0.44,0.74,False
dirichlet,dir,0.382,0.225,0.002,0.111,0.284,0.156,0.049,0.1231820907489332,0.21678364417486126,0.35943757259931625,0.39411831737909736,True,0.9770976745702115,0.9508744983876309,0.8073055485199865,0.72,0.38,0.6,0.62,False
dirichlet,dir,0.347,0.29,0.035,0.159,0.096,0.048,0.234,0.26159726527815524,0.3481126919797606,0.4483770285771475,0.47786141122279435,True,0.9846471877017008,0.968726849153142,0.8498336064625103,0.78,0.32,0.66,0.52,True
dirichlet,dir,0.339,0.095,0.045,0.175,0.005,0.329,0.222,0.031037480874153426,0.09419172826510042,0.21088586728656225,0.2508354404087222,True,0.9111422010044357,0.8561746176865991,0.6673068568562692,0.6,0.5,0.46,0.54,True
dirichlet,dir,0.212,0.084,0.091,0.047,0.549,0.208,0.019,-0.09349347230641081,0.012157332557636426,0.16026390852334052,0.1949891800142856,True,0.9323680351505222,0.8484107496354889,0.6594576778372866,0.52,0.48,0.5,0.68,False
dirichlet,dir,0.098,0.086,0.103,0.07,0.434,0.172,0.246,-0.11196299736511754,-0.00945384157123747,0.10512469538516994,0.13661067977372138,True,0.9177029112501263,0.8147746977012805,0.6216891124615677,0.4,0.56,0.44,0.68,False
dirichlet,dir,0.764,0.082,0.113,0.025,0.026,0.045,0.156,0.49928583502755536,0.5640362403478479,0.6631106403006648,0.6828308539110105,True,0.9292479147894059,0.9261132665022219,0.7636075360169883,0.58,0.12,0.8,0.34,True
dirichlet,dir,0.084,0.015,0.562,0.093,0.097,0.183,0.176,0.3080471919588814,0.34568875661667514,0.3905782728746326,0.41065661852034074,True,0.7552709425030791,0.6797711257510658,0.49719923781024766,0.14,0.3,0.56,0.56,False
dirichlet,dir,0.244,0.228,0.192,0.01,0.182,0.008,0.346,0.3185883895804795,0.39632992235347225,0.4778124203985062,0.4919852383644912,True,0.9617003161545276,0.9134977360847957,0.7498926493306518,0.5,0.18,0.8,0.48,False
dirichlet,dir,0.029,0.329,0.031,0.237,0.388,0.162,0.034,-0.06905866213397034,0.04037997014839133,0.1755492792918874,0.2195529598305976,True,0.9034149833296434,0.7814455531393873,0.5851596925074265,0.3,0.54,0.46,0.64,False
dirichlet,dir,0.206,0.06,0.277,0.077,0.418,0.071,0.102,0.12954458040302122,0.22185430071386936,0.31289154778586287,0.3393135420484498,True,0.9523692409882482,0.9017493391672254,0.7271854667321953,0.52,0.36,0.6,0.62,False
dirichlet,dir,0.329,0.027,0.315,0.126,0.014,0.186,0.213,0.27485757245225223,0.32508210203904586,0.3931715012919816,0.419995516709901,True,0.9293660630150201,0.9244717787678581,0.7633592875941205,0.62,0.38,0.54,0.56,False
dirichlet,dir,0.036,0.45,0.245,0.235,0.187,0.058,0.0,0.30956597092773863,0.3884406478552412,0.48745703804352236,0.5195072032924088,True,0.9043000474956616,0.8046891564636168,0.6096909978076981,0.3,0.58,0.42,0.64,False
dirichlet,dir,0.413,0.169,0.131,0.139,0.106,0.12,0.132,0.2704668365546014,0.3443795784346382,0.44611577762010396,0.4764540422520301,True,0.9962569286569847,0.9930512410051676,0.927748806143142,0.9,0.36,0.6,0.54,True
dirichlet,dir,0.198,0.052,0.01,0.408,0.095,0.143,0.303,-0.14059295080010809,-0.034902035337211736,0.030303041177213958,0.08424828241774766,True,0.8859959763887141,0.7984137212394616,0.6046941596203812,0.5,0.46,0.5,0.56,True
dirichlet,dir,0.019,0.031,0.068,0.133,0.288,0.363,0.309,-0.28510088369443426,-0.19898126886656525,-0.07903988588522304,-0.03817993528702053,True,0.8385267936643573,0.6721657709296633,0.48492058566499546,0.18,0.72,0.28,0.64,False
dirichlet,dir,0.469,0.11,0.009,0.194,0.193,0.034,0.2,0.14994186235160467,0.2524306267732769,0.3468383221307449,0.3828957700907301,True,0.9781072425393768,0.9553628376898753,0.8191740875612444,0.74,0.28,0.66,0.48,True
dirichlet,dir,0.34,0.101,0.313,0.076,0.146,0.224,0.009,0.2950955042667662,0.34692608750003995,0.4533531918002754,0.4802352599728738,True,0.9409650176200094,0.9086647074138128,0.7391122938322009,0.6,0.34,0.64,0.58,False
dirichlet,dir,0.196,0.085,0.072,0.508,0.027,0.033,0.289,-0.030037722520087337,0.0782461331507498,0.11201964927014768,0.16775574616391384,True,0.7938029285504743,0.6849800539785612,0.4959789626235162,0.48,0.38,0.56,0.5,True
dirichlet,dir,0.295,0.09,0.192,0.047,0.282,0.09,0.214,0.1757144925674664,0.2597139386849346,0.35423675132562954,0.377803964664719,True,0.9825595706406062,0.9629792239650729,0.8381780914057403,0.68,0.28,0.68,0.6,False
dirichlet,dir,0.195,0.055,0.546,0.119,0.144,0.134,0.017,0.3932033917999386,0.437642574702336,0.49460477993134494,0.5171377114831497,True,0.8421976182594451,0.7880259924273808,0.5958016662836708,0.32,0.4,0.52,0.54,False
dirichlet,dir,0.028,0.173,0.138,0.068,0.064,0.606,0.133,-0.12395082392612497,-0.0894273821752714,0.0741500741691883,0.11253899513348446,True,0.7281029793013446,0.6077851130449612,0.4313027003725404,0.18,0.64,0.36,0.66,False
dirichlet,dir,0.065,0.143,0.153,0.128,0.142,0.505,0.074,-0.11096363760624527,-0.060196972899584235,0.08936196611782835,0.1309843028934894,True,0.8063021994922828,0.6781316585771238,0.4896096293550405,0.22,0.72,0.28,0.68,False
dirichlet,dir,0.074,0.032,0.443,0.358,0.03,0.037,0.236,0.21316816483835918,0.2829882273359128,0.2885355512289396,0.32555788377109157,True,0.7141342268504438,0.6266405920597863,0.44623283018298254,0.22,0.32,0.42,0.72,False
dirichlet,dir,0.157,0.03,0.202,0.22,0.431,0.028,0.142,-0.017349858547041682,0.09641295654289753,0.17055450056144997,0.20850920730402853,True,0.9245056140193407,0.841859563079193,0.649731539458919,0.58,0.48,0.44,0.64,False
dirichlet,dir,0.148,0.167,0.104,0.421,0.078,0.189,0.103,-0.023486447957615602,0.06644570697054573,0.14794313203311527,0.20226614323122666,True,0.9017045469489819,0.8091777697608569,0.6147872192318725,0.52,0.5,0.48,0.62,True
dirichlet,dir,0.418,0.095,0.045,0.29,0.217,0.035,0.111,0.1021637289930326,0.20994802194126733,0.29674935826727744,0.3405676074535425,True,0.9593302351054789,0.9168142089684677,0.7514639108855257,0.72,0.34,0.6,0.54,True
dirichlet,dir,0.441,0.034,0.149,0.08,0.044,0.459,0.003,0.10504011293861708,0.14533083577610606,0.2932183450432093,0.3306295858338634,True,0.8518651939828642,0.8164129903201517,0.6228666151159806,0.54,0.46,0.52,0.58,True
dirichlet,dir,0.098,0.175,0.19,0.081,0.038,0.414,0.214,0.0459528755983027,0.08858871334231087,0.21352332767975915,0.2449675758744017,True,0.8137081685637226,0.7027019420065042,0.5113011739802106,0.32,0.58,0.42,0.68,False
dirichlet,dir,0.085,0.204,0.1,0.282,0.009,0.322,0.208,-0.031024288699386268,0.035735933179443166,0.13925917230544976,0.18470987678132922,True,0.8794465491296243,0.7722681534549807,0.5751588873774064,0.4,0.62,0.36,0.58,False
dirichlet,dir,0.289,0.267,0.126,0.085,0.009,0.254,0.18,0.2517923008504959,0.30433785396360097,0.4262521658244702,0.4536325706991614,True,0.9317316977748132,0.8814485385856037,0.6988109236015478,0.68,0.46,0.52,0.56,False
dirichlet,dir,0.057,0.186,0.332,0.061,0.437,0.105,0.031,0.16033258032153394,0.2445622400975206,0.3485728711583595,0.3729716658484581,True,0.8913780606066866,0.766899485737856,0.5754889068179416,0.18,0.42,0.58,0.6,False
dirichlet,dir,0.154,0.187,0.407,0.107,0.067,0.163,0.124,0.3606412610533693,0.4056855285786847,0.4803934191065559,0.5025309393543672,True,0.9023838959368009,0.842275102342627,0.6544210024875163,0.36,0.4,0.58,0.6,False
dirichlet,dir,0.203,0.008,0.079,0.455,0.313,0.037,0.114,-0.1468609471996147,-0.018713145233857077,0.04249587165181969,0.10042729036952874,True,0.864883025168534,0.7328459517406304,0.5395616570246755,0.5,0.44,0.48,0.56,True
dirichlet,dir,0.012,0.221,0.104,0.105,0.675,0.029,0.063,-0.09100769239352172,0.0406227933772881,0.16717566231941472,0.2003389304255437,True,0.8858364269026227,0.75739141847022,0.5596471349951441,0.2,0.58,0.42,0.58,False
dirichlet,dir,0.285,0.089,0.317,0.23,0.142,0.087,0.06,0.26535242731569936,0.33781221663372046,0.40405110150030393,0.4381721714443908,True,0.9596574523505838,0.9313268750365089,0.7716059995605332,0.66,0.4,0.54,0.58,False
dirichlet,dir,0.333,0.307,0.07,0.205,0.001,0.284,0.01,0.21673546944017139,0.2758435513709959,0.41219523964878296,0.4518780048414387,True,0.9400012288411991,0.8940060488324059,0.7146895972169339,0.66,0.48,0.5,0.62,False
dirichlet,dir,0.008,0.199,0.164,0.217,0.028,0.032,0.562,0.09909362521508283,0.18333102149863142,0.21964983265778196,0.24724022622084613,True,0.8485047108726003,0.7077761750269284,0.5150714469025139,0.24,0.56,0.44,0.68,False
dirichlet,dir,0.032,0.175,0.005,0.429,0.158,0.017,0.394,-0.13425126893082576,-0.012362221660990883,0.036907929688160375,0.08735562677512633,True,0.7949600116085075,0.5933405500005365,0.41889153724481154,0.18,0.5,0.5,0.48,False
dirichlet,dir,0.059,0.23,0.41,0.113,0.223,0.136,0.04,0.29731496491842097,0.35706213287332345,0.44301154023800837,0.4669974577410782,True,0.8897825287449013,0.7831570443559708,0.5908815670513958,0.24,0.4,0.6,0.66,False
dirichlet,dir,0.023,0.257,0.16,0.357,0.109,0.152,0.151,0.035562111012135425,0.1219690505154622,0.20099020646479226,0.24698593067136912,True,0.8880249803830287,0.7666661922305571,0.5707201888029898,0.28,0.66,0.34,0.72,False
dirichlet,dir,0.136,0.312,0.017,0.122,0.351,0.011,0.261,0.07760700177220185,0.1898818078737486,0.2996178688011321,0.3284142824879233,True,0.9384927018660025,0.8828508539304423,0.6995791518290709,0.5,0.48,0.52,0.54,False
dirichlet,dir,0.432,0.169,0.165,0.282,0.109,0.034,0.019,0.3037904644403685,0.38923322274545774,0.47038000339308517,0.5093557244153182,True,0.9667705499900412,0.9383053370430762,0.783527375259361,0.76,0.28,0.64,0.52,True
dirichlet,dir,0.124,0.544,0.156,0.066,0.118,0.154,0.048,0.3906895653293568,0.4504745646209318,0.5904861879990194,0.6120965943065485,True,0.9118450011651476,0.8394166611528396,0.6492581062335514,0.4,0.48,0.52,0.7,False
dirichlet,dir,0.228,0.03,0.041,0.145,0.717,0.04,0.009,-0.1775185484114303,-0.03409567581091058,0.09316534069880542,0.13444022002009703,True,0.9471431546069077,0.9039252177030698,0.7287676310894248,0.56,0.44,0.48,0.6,True
dirichlet,dir,0.289,0.011,0.044,0.06,0.114,0.67,0.022,-0.1968534436958926,-0.15596821167714267,0.0314243263114081,0.07689706754420458,True,0.7711220170842888,0.6824385053041279,0.49435150970265546,0.32,0.58,0.42,0.56,False
dirichlet,dir,0.338,0.08,0.17,0.028,0.529,0.019,0.046,0.1375119276545577,0.24620190408573317,0.3611095408447438,0.3865444592047597,True,0.9659818673386226,0.9371608355184672,0.7843274732168467,0.6,0.2,0.74,0.44,False
dirichlet,dir,0.213,0.115,0.077,0.089,0.118,0.179,0.42,0.045177089849549115,0.1233949507778465,0.2149039148673456,0.24253927106387096,True,0.9540504323589597,0.9010184076433546,0.7259136129035505,0.66,0.52,0.46,0.58,True
dirichlet,dir,0.474,0.115,0.009,0.185,0.17,0.153,0.104,0.11961645856874521,0.20979666862416702,0.32742552361025495,0.3667919454345198,True,0.9840995734201203,0.966552642271759,0.8413352913648129,0.76,0.32,0.64,0.56,True
dirichlet,dir,0.334,0.009,0.114,0.115,0.132,0.278,0.228,0.023847240233308406,0.09390083029157019,0.20146137351576118,0.23639278021665888,True,0.9343243710644257,0.8829101431090927,0.7012116368125574,0.66,0.42,0.52,0.6,True
dirichlet,dir,0.028,0.09,0.301,0.371,0.066,0.233,0.121,0.012615990485111566,0.08214232300874262,0.14255232074451746,0.1904277723626704,True,0.8511806054114845,0.7549093503230967,0.5598211604942827,0.32,0.68,0.28,0.68,False
dirichlet,dir,0.546,0.043,0.008,0.337,0.043,0.076,0.158,0.1345327160408323,0.23076953810516163,0.30865147599276094,0.35604205185457727,True,0.933805729006325,0.9153880483236302,0.7506520714485798,0.72,0.26,0.62,0.48,True
dirichlet,dir,0.613,0.053,0.327,0.079,0.018,0.075,0.044,0.5415208551362981,0.5904377728140462,0.6673648794508579,0.6883488031099106,True,0.9178888323736472,0.9467348504909867,0.8024374472681771,0.6,0.18,0.74,0.42,False
dirichlet,dir,0.088,0.082,0.243,0.064,0.422,0.296,0.015,-0.04566928675414735,0.03290206395110798,0.16548190614344932,0.19896477638758564,True,0.8817279856435757,0.7456296580879551,0.5529989415894945,0.26,0.54,0.46,0.68,False
dirichlet,dir,0.343,0.165,0.16,0.245,0.103,0.038,0.158,0.2505156261972184,0.33569588454019017,0.40888096854161887,0.4439435016479633,True,0.9696002623524418,0.9410140821051205,0.7888500395016916,0.8,0.34,0.62,0.52,True
dirichlet,dir,0.16,0.189,0.092,0.0,0.116,0.312,0.34,0.05316831559222415,0.11276471969778229,0.23963949582975444,0.26392997146921254,True,0.8586698524813303,0.7327298214247996,0.5387783326092755,0.34,0.48,0.52,0.56,False
dirichlet,dir,0.315,0.06,0.299,0.399,0.098,0.022,0.017,0.23676687531307195,0.32247808137359324,0.36481757301340845,0.4104324170665957,True,0.8738213818932891,0.8077665245404818,0.6111930685014686,0.58,0.34,0.56,0.54,False
dirichlet,dir,0.019,0.137,0.315,0.029,0.139,0.327,0.243,0.09494170068702212,0.1408199204427052,0.24372186878959512,0.2673158670409899,True,0.8054330078312937,0.6561020574605857,0.47213746924151717,0.1,0.44,0.52,0.5,False
dirichlet,dir,0.253,0.365,0.009,0.121,0.068,0.181,0.213,0.20130017498449462,0.27476438067193015,0.40351786046067584,0.4335358621427676,True,0.9501854495523198,0.8956084525852106,0.717619935019298,0.6,0.48,0.52,0.5,False
dirichlet,dir,0.111,0.379,0.042,0.112,0.027,0.276,0.264,0.1268976547760002,0.1886295788612153,0.3196395213671713,0.34978103402240773,True,0.8853626060270228,0.7734324420595036,0.5772564188152177,0.38,0.62,0.38,0.58,False
dirichlet,dir,0.001,0.105,0.579,0.052,0.041,0.348,0.085,0.30028315376888204,0.315313736098767,0.3935646595709292,0.4139595694276915,True,0.6264591436180184,0.6213145205899382,0.4454071525738162,0.08,0.32,0.56,0.44,False
dirichlet,dir,0.235,0.127,0.206,0.027,0.459,0.107,0.049,0.12412837457453657,0.2175920458795361,0.33811604137273626,0.36370353325739674,True,0.9557229834298169,0.909536791144208,0.741998181748038,0.46,0.32,0.64,0.58,False
dirichlet,dir,0.382,0.109,0.049,0.113,0.001,0.072,0.485,0.19345687692904728,0.27217838100791186,0.34184603640890393,0.3667733733006103,True,0.9778067637936962,0.9824567139611613,0.8883263695177774,0.82,0.26,0.68,0.46,True
dirichlet,dir,0.174,0.018,0.114,0.171,0.341,0.198,0.193,-0.11729267855211195,-0.018844593927622694,0.0837059393716425,0.1234845414961558,True,0.941259081217842,0.8692822557372069,0.6846540540812543,0.56,0.5,0.48,0.66,True
dirichlet,dir,0.032,0.185,0.05,0.064,0.128,0.267,0.485,-0.07269010656912991,0.001906338139416737,0.10807652814705246,0.13572355234661584,True,0.8482237635947814,0.6907687719019915,0.5004696591783984,0.22,0.64,0.36,0.6,False
dirichlet,dir,0.236,0.078,0.303,0.037,0.344,0.194,0.018,0.169188727157025,0.24007045473113658,0.353152861716728,0.37914291688916546,True,0.9355203378047022,0.8594305625108305,0.6770610909176301,0.46,0.38,0.6,0.54,False
dirichlet,dir,0.117,0.217,0.16,0.048,0.091,0.457,0.119,0.04058559544063924,0.08282191847818603,0.23335799878574193,0.2653547829605696,True,0.8063702534231881,0.6900629791136342,0.5002583125481191,0.28,0.6,0.4,0.64,False
dirichlet,dir,0.062,0.275,0.187,0.168,0.326,0.027,0.165,0.13778411675852734,0.23633543335177756,0.3265300257639923,0.3563309855386246,True,0.9196572916517921,0.8332419600056548,0.6397806356166038,0.4,0.56,0.44,0.68,False
dirichlet,dir,0.024,0.228,0.829,0.011,0.021,0.081,0.015,0.7437501407118766,0.74929947153327,0.7817607059752752,0.7844168094011732,True,0.32024687481813524,0.45344563037910596,0.3210711751711321,0.08,0.24,0.66,0.32,False
dirichlet,dir,0.144,0.085,0.046,0.776,0.016,0.009,0.135,-0.15077168256163043,-0.02294073595900653,-0.00587948472827218,0.07138634448678882,True,0.6835645423639123,0.5466892842682365,0.3825642384728025,0.22,0.54,0.4,0.42,False
dirichlet,dir,0.096,0.02,0.291,0.215,0.015,0.143,0.43,0.09146632591890569,0.1576518818279414,0.19258775837961453,0.22352432911412132,True,0.8679889116965672,0.8134721873746005,0.6199517928400459,0.4,0.56,0.38,0.7,False
dirichlet,dir,0.023,0.014,0.347,0.005,0.086,0.292,0.444,0.06995802283294884,0.11423570595176687,0.18431420338448046,0.2031869394489898,True,0.7580374292767981,0.6110599431676567,0.436402695843684,0.08,0.32,0.56,0.38,False
dirichlet,dir,0.23,0.152,0.027,0.105,0.201,0.052,0.443,0.06122102747949581,0.16007503642560375,0.24426467837163807,0.2710335979608086,True,0.9815620560573807,0.9739758840597138,0.8611347804427208,0.82,0.34,0.64,0.56,True
dirichlet,dir,0.157,0.549,0.037,0.176,0.081,0.16,0.051,0.2889759073724833,0.3618151781440627,0.5038568512356257,0.536232689170387,True,0.9308594617343516,0.8584948598294527,0.6696593461337825,0.46,0.56,0.44,0.62,False
dirichlet,dir,0.035,0.475,0.266,0.259,0.043,0.086,0.045,0.36988070927975303,0.43431529833473204,0.5233086835955071,0.5549792265623869,True,0.8981863562580882,0.8066357406791503,0.6116581149557934,0.3,0.66,0.34,0.6,False
dirichlet,dir,0.141,0.173,0.001,0.727,0.002,0.027,0.139,-0.11463808443413366,0.009304571157840594,0.04401654624661554,0.11787423072491734,True,0.7305524247201574,0.586239838185151,0.4133701065287658,0.3,0.56,0.42,0.46,False
dirichlet,dir,0.09,0.098,0.314,0.013,0.084,0.293,0.318,0.14492149512870106,0.1883124260106072,0.2784457666159128,0.2989035859688201,True,0.8218263027051346,0.6964354313652631,0.5079003383223438,0.16,0.46,0.54,0.56,False
dirichlet,dir,0.286,0.008,0.071,0.561,0.145,0.095,0.042,-0.10475308875145842,0.010815086260024408,0.06850719458360688,0.13483112904012529,True,0.8541111223572535,0.7634659783141551,0.5688604223242426,0.56,0.36,0.54,0.56,True
dirichlet,dir,0.221,0.037,0.047,0.082,0.021,0.47,0.332,-0.11838984887003105,-0.06658035184178776,0.06395372528937569,0.10081577417785154,True,0.8060269552312047,0.7104282336592193,0.5192593810227499,0.36,0.6,0.4,0.6,False
dirichlet,dir,0.106,0.106,0.094,0.197,0.349,0.126,0.232,-0.09404721784831808,0.01289241333594491,0.10799121651304572,0.146791308780699,True,0.9350474551886915,0.8582639984857562,0.670123553911003,0.52,0.56,0.42,0.64,False
dirichlet,dir,0.205,0.065,0.128,0.459,0.006,0.028,0.318,0.03188178968779936,0.1315076344907522,0.1586664184925751,0.20889653570826858,True,0.7933140189155389,0.703842588873432,0.5124614837539858,0.52,0.34,0.56,0.46,True
dirichlet,dir,0.048,0.02,0.015,0.035,0.565,0.284,0.243,-0.34086826997337294,-0.22833233878631412,-0.08425888181095659,-0.04762112421232852,True,0.8508768047255556,0.6671355570577194,0.48194412062189584,0.2,0.62,0.38,0.54,False
dirichlet,dir,0.111,0.497,0.018,0.101,0.073,0.336,0.075,0.1597328925223041,0.21781021245214702,0.3859827130349285,0.41856437459156803,True,0.8613766247342285,0.7431940347389175,0.548439473512061,0.3,0.56,0.44,0.62,False
dirichlet,dir,0.077,0.29,0.027,0.073,0.019,0.197,0.528,0.07125638883151159,0.14157772460403117,0.23985515739718005,0.2635896606019586,True,0.8832336402228141,0.766178301596136,0.5702727545678549,0.36,0.62,0.38,0.6,False
dirichlet,dir,0.422,0.134,0.201,0.049,0.146,0.088,0.169,0.3372741339368105,0.4062983108613306,0.5014400656012833,0.5230344930612137,True,0.9910546167992454,0.9800300355512781,0.8855784439855949,0.64,0.22,0.72,0.46,False
dirichlet,dir,0.169,0.196,0.007,0.286,0.182,0.343,0.027,-0.12430389087271958,-0.03896419052314418,0.10095171907377079,0.15351924116047222,True,0.9076595474244594,0.7999384781489032,0.6037921623947251,0.46,0.56,0.42,0.62,False
dirichlet,dir,0.01,0.059,0.086,0.404,0.438,0.209,0.004,-0.3160391279929063,-0.19344088642617155,-0.09023308101856375,-0.029266684438630806,True,0.8721821257457518,0.7233527901264614,0.5303131452571971,0.18,0.7,0.26,0.68,False
dirichlet,dir,0.518,0.024,0.075,0.017,0.265,0.075,0.237,0.18763201066650861,0.2780805910095853,0.38352385870532263,0.4074321649168139,True,0.9800335651056234,0.9605024887458081,0.8298818974901748,0.58,0.18,0.76,0.42,True
dirichlet,dir,0.17,0.135,0.103,0.371,0.036,0.33,0.066,-0.06272155716418251,0.01043452678745886,0.11451877162444196,0.16936030964656687,True,0.8930292257174142,0.8069893411956841,0.6114836701181026,0.44,0.58,0.4,0.6,True
dirichlet,dir,0.229,0.343,0.149,0.087,0.307,0.041,0.055,0.28427707900463084,0.37358389428414635,0.49333653544521183,0.5182717164439123,True,0.9710826145218149,0.9583600367851921,0.825413006540004,0.64,0.44,0.56,0.58,False
dirichlet,dir,0.109,0.267,0.127,0.454,0.051,0.014,0.188,0.11341944331657015,0.21305069953721803,0.26416445641600383,0.31302760030843774,True,0.8290786160624398,0.680256985646945,0.4911439891173259,0.4,0.52,0.46,0.52,False
dirichlet,dir,0.002,0.027,0.09,0.719,0.084,0.176,0.112,-0.31560834015776124,-0.19864563562768994,-0.16037350573328085,-0.0817573974872109,True,0.7396467751582803,0.605981298542814,0.42863277181105613,0.14,0.66,0.3,0.64,False
dirichlet,dir,0.369,0.313,0.139,0.022,0.017,0.262,0.087,0.36077361312744227,0.4054191476827002,0.5453751084631465,0.5683375088388173,True,0.9139078346965206,0.8758510300852042,0.6915102394087661,0.54,0.34,0.66,0.46,False
dirichlet,dir,0.005,0.439,0.031,0.324,0.308,0.077,0.026,0.028891952748305128,0.14103446335054368,0.2605482594340301,0.3063779897601685,True,0.8814850635410183,0.7333471284860326,0.5384940210709236,0.16,0.56,0.44,0.54,False
dirichlet,dir,0.009,0.296,0.091,0.068,0.159,0.187,0.4,0.051725853260410334,0.1284477230183378,0.23479708977279012,0.2593102701455487,True,0.8781400437560782,0.7343221582024794,0.5400288001717611,0.22,0.54,0.46,0.66,False
dirichlet,dir,0.055,0.172,0.278,0.482,0.099,0.065,0.059,0.09544105771690185,0.18624819852490507,0.2287751107564793,0.28068527340812205,True,0.8133938799216093,0.6776295519586603,0.4887105674992494,0.38,0.56,0.4,0.7,False
dirichlet,dir,0.305,0.061,0.007,0.077,0.391,0.319,0.05,-0.12962563045802158,-0.036700770640172437,0.12231004436252055,0.16244168621094288,True,0.9222760475163214,0.8307560652924618,0.6384194626763527,0.44,0.52,0.46,0.54,True
dirichlet,dir,0.102,0.222,0.303,0.155,0.394,0.033,0.001,0.20427457761634538,0.2969216511821403,0.3888891326264951,0.41824168905256,True,0.922798454657051,0.8401514184285304,0.6472633127410149,0.48,0.42,0.54,0.62,False
dirichlet,dir,0.513,0.099,0.082,0.064,0.066,0.192,0.194,0.24486466143517746,0.31034517911567,0.42451821460920414,0.45219257234823185,True,0.9647395917855724,0.9512438566698547,0.8085157595814666,0.72,0.32,0.64,0.58,True
dirichlet,dir,0.164,0.105,0.061,0.1,0.262,0.244,0.275,-0.07954578181881009,0.007666272487962287,0.12530869862750962,0.1594251345826452,True,0.9221983937586107,0.8254868996926386,0.6326229458701024,0.5,0.56,0.42,0.64,False
dirichlet,dir,0.333,0.007,0.074,0.153,0.023,0.511,0.109,-0.08401601022451632,-0.03534460275874399,0.10751560496755604,0.1528302495109693,True,0.8329901468311695,0.7692817285105806,0.5746041024729234,0.44,0.56,0.42,0.58,True
dirichlet,dir,0.189,0.408,0.084,0.133,0.251,0.131,0.013,0.21926889884079007,0.3043318191447673,0.44328428216185944,0.4747268828530032,True,0.9554093414891207,0.9112222699354401,0.7409959626084199,0.5,0.48,0.52,0.66,False
dirichlet,dir,0.047,0.483,0.068,0.206,0.107,0.163,0.136,0.17951123305584796,0.25725305052714936,0.38129819214399546,0.4156319210155987,True,0.9107060019837674,0.804735214493135,0.6087101649342394,0.3,0.6,0.4,0.68,False
dirichlet,dir,0.174,0.045,0.247,0.38,0.063,0.172,0.128,0.04859477189899054,0.12667422940735829,0.18278150117728553,0.23125575033904283,True,0.8901632630279194,0.8293336807302178,0.6364972147533368,0.52,0.56,0.42,0.62,True
dirichlet,dir,0.156,0.18,0.021,0.389,0.113,0.246,0.105,-0.10456998068995173,-0.011311949225127963,0.09306962034624416,0.1488932510433931,True,0.9085446829880504,0.8070126022715838,0.611781819828675,0.46,0.56,0.42,0.56,True
dirichlet,dir,0.098,0.495,0.092,0.071,0.252,0.193,0.008,0.2260733239031699,0.30113181566142955,0.45880150796323355,0.48619356230398675,True,0.9049241074185809,0.8069387420960586,0.6126930425024782,0.34,0.54,0.46,0.74,False
dirichlet,dir,0.279,0.231,0.079,0.053,0.216,0.018,0.332,0.21997004279711518,0.31143971584438074,0.4062695669609677,0.4271590761752305,True,0.981960559980927,0.9775782786603527,0.8715498920622566,0.8,0.26,0.7,0.52,False
dirichlet,dir,0.167,0.031,0.224,0.315,0.063,0.205,0.204,0.01984162022101482,0.09442546353822091,0.1569865516374513,0.2014731686241678,True,0.9033928931594136,0.8443043023598045,0.6540482105146627,0.56,0.52,0.46,0.62,False
dirichlet,dir,0.088,0.251,0.127,0.351,0.032,0.103,0.258,0.088397749880564,0.174573598592908,0.23992202028396287,0.2828277499327923,True,0.8950213751094346,0.7912366881790871,0.5953169109173954,0.48,0.52,0.46,0.62,False
dirichlet,dir,0.113,0.092,0.234,0.001,0.6,0.084,0.086,0.020048543896246034,0.12574332831006949,0.24211520153987365,0.26634734739592064,True,0.8989345223061859,0.7788739883742416,0.5887362310186405,0.16,0.36,0.62,0.42,False
dirichlet,dir,0.07,0.24,0.025,0.224,0.221,0.372,0.056,-0.14371267786351302,-0.062267082096621656,0.08701067574198504,0.13500273121598183,True,0.8782006682161748,0.7416689114171491,0.5461658198823505,0.28,0.66,0.34,0.58,False
dirichlet,dir,0.087,0.016,0.182,0.111,0.264,0.149,0.401,-0.05640272072001767,0.03264032290691851,0.10536656790653935,0.13467794822539939,True,0.9226029051693967,0.8336717075177598,0.6432204697598196,0.46,0.54,0.44,0.72,False
dirichlet,dir,0.254,0.038,0.363,0.073,0.015,0.429,0.037,0.19594022618768334,0.22012631607024266,0.3333614962643933,0.3636324027121079,True,0.7761750285883258,0.7619007027153318,0.5677953024018035,0.38,0.52,0.44,0.64,False
dirichlet,dir,0.272,0.017,0.091,0.419,0.311,0.026,0.073,-0.07071985657278408,0.0533286003018535,0.12017647122638486,0.17504512595686497,True,0.8920326172757211,0.7830467347035188,0.5881504150612988,0.58,0.34,0.54,0.52,True
dirichlet,dir,0.057,0.025,0.117,0.069,0.488,0.276,0.177,-0.22808913637439734,-0.12852890479002055,0.0011274624420321232,0.03735777324305116,True,0.8734139023834158,0.7172745999506142,0.5264250382017421,0.24,0.64,0.36,0.64,False
dirichlet,dir,0.069,0.28,0.019,0.242,0.328,0.175,0.096,-0.07966679629161572,0.026281606886601225,0.15358386080529632,0.19788895135159024,True,0.9150160552307314,0.8042344330659211,0.608750840773797,0.34,0.58,0.42,0.62,False
dirichlet,dir,0.274,0.078,0.04,0.084,0.539,0.012,0.183,-0.032554878538710114,0.09405928676189362,0.20572527389259107,0.2371295639885562,True,0.964571307490074,0.9473640126195011,0.8026156661528372,0.66,0.38,0.56,0.6,True
dirichlet,dir,0.477,0.311,0.043,0.018,0.038,0.291,0.032,0.32820656038926704,0.37859122020838964,0.5407558426761208,0.567318721306713,True,0.9140163331821325,0.8760257871876225,0.6921191189864755,0.52,0.42,0.58,0.48,False
dirichlet,dir,0.055,0.074,0.126,0.072,0.507,0.162,0.214,-0.14757178786466565,-0.03948436707982453,0.07558040470945246,0.10784105827800007,True,0.8997771250988335,0.7755969837979472,0.5813420343287313,0.28,0.6,0.4,0.7,False
dirichlet,dir,0.264,0.03,0.26,0.469,0.078,0.066,0.043,0.11729142200501812,0.20752089714930666,0.24692733523029886,0.2999021520891578,True,0.849176207104002,0.781553659839504,0.5849776995757971,0.54,0.36,0.56,0.54,True
dirichlet,dir,0.128,0.111,0.552,0.108,0.001,0.138,0.173,0.4412032257483439,0.4729665194333818,0.5147275947365089,0.532407034004203,True,0.7492483215819584,0.7286112532293343,0.539485756746738,0.22,0.34,0.6,0.6,False
dirichlet,dir,0.074,0.332,0.211,0.266,0.045,0.033,0.248,0.2594531416817193,0.3375529240471437,0.3998054381681712,0.43161090658701806,True,0.8994596382143939,0.7918360964052653,0.595547127782521,0.44,0.52,0.46,0.58,False
dirichlet,dir,0.107,0.047,0.228,0.443,0.312,0.064,0.008,-0.0571238284465007,0.05508842823686289,0.1133713408854391,0.16816155076184158,True,0.8582160403956614,0.7204308883572418,0.5272888756191534,0.44,0.56,0.38,0.68,False
dirichlet,dir,0.159,0.001,0.053,0.348,0.021,0.038,0.59,-0.08522123780073079,0.01859973369221145,0.040929709765834266,0.08322271951832859,True,0.7905594487004968,0.7088732660534074,0.5173778089392915,0.48,0.34,0.52,0.52,True
dirichlet,dir,0.224,0.009,0.049,0.218,0.152,0.397,0.161,-0.18450643435038674,-0.10868367610437334,0.015986495503594107,0.06455357389922128,True,0.8845961871569524,0.7880452718226592,0.5922771257529224,0.46,0.6,0.38,0.58,True
dirichlet,dir,0.097,0.061,0.648,0.113,0.057,0.01,0.225,0.4998475261399162,0.5399776151936734,0.5478882403990549,0.5607918204188747,True,0.5720778893045959,0.47887881443171454,0.3339834478686699,0.08,0.06,0.66,0.56,False
dirichlet,dir,0.048,0.244,0.558,0.21,0.053,0.087,0.01,0.46880680863894203,0.5112227502646587,0.5588076218286111,0.5832371145237009,True,0.7703843950904684,0.7116922788340485,0.5186874032376291,0.24,0.34,0.6,0.76,False
dirichlet,dir,0.018,0.114,0.059,0.183,0.548,0.076,0.212,-0.20877104243873634,-0.0786938322958184,0.025784565813752148,0.06553697376234789,True,0.8891457200150052,0.7576123011848749,0.561381938585353,0.26,0.62,0.38,0.6,False
dirichlet,dir,0.008,0.229,0.179,0.136,0.106,0.457,0.094,-0.03340832014303466,0.015091275626833139,0.1564016089179483,0.1949021114208435,True,0.8054547196377916,0.6711632786092993,0.48321807114330134,0.18,0.66,0.34,0.64,False
dirichlet,dir,0.319,0.074,0.108,0.072,0.446,0.135,0.056,0.033749128714906824,0.13548155463883746,0.262636454771615,0.2951497324706526,True,0.9751208726180934,0.9514423389704539,0.8093401791749766,0.7,0.4,0.58,0.66,True
dirichlet,dir,0.191,0.223,0.379,0.049,0.179,0.103,0.085,0.3931712357324081,0.44908620867169086,0.5367116588232014,0.5547579603558617,True,0.9291484103363026,0.8553955851809241,0.67609367687784,0.34,0.32,0.66,0.52,False
dirichlet,dir,0.056,0.021,0.081,0.163,0.769,0.116,0.004,-0.30980802429309956,-0.16747661082288962,-0.03701945454563022,0.007762807443988435,True,0.896200461423631,0.7741343345922013,0.5778908780446076,0.24,0.68,0.3,0.62,False
dirichlet,dir,0.201,0.149,0.232,0.028,0.269,0.147,0.184,0.18087325192587456,0.2545243472812845,0.3583297759790271,0.3805728225547245,True,0.9489901386280442,0.8817464200009278,0.7046258913040926,0.46,0.38,0.6,0.58,False
dirichlet,dir,0.116,0.292,0.384,0.21,0.008,0.1,0.101,0.40550113905305896,0.456578049158207,0.5210213361585833,0.5478723295062433,True,0.9057181189547794,0.8518393406200095,0.6616432703710475,0.4,0.5,0.48,0.7,False
dirichlet,dir,0.468,0.596,0.042,0.003,0.037,0.012,0.052,0.6485284552287365,0.7118465051162097,0.8575826371921048,0.8712069799089287,True,0.9274855488274977,0.8940300455828334,0.7162679875271941,0.58,0.22,0.78,0.42,False
dirichlet,dir,0.088,0.38,0.041,0.028,0.107,0.206,0.36,0.14054923816076284,0.2099290556125842,0.33646048955697244,0.35835381536767064,True,0.8780245798838794,0.7531161988267933,0.5586164008339805,0.32,0.52,0.48,0.66,False
dirichlet,dir,0.056,0.209,0.083,0.391,0.198,0.073,0.2,-0.04963883783988701,0.05975203642861062,0.131258091836453,0.1805782693489325,True,0.8703719629067692,0.725288954389661,0.5317523151681464,0.4,0.46,0.52,0.66,False
dirichlet,dir,0.201,0.11,0.039,0.102,0.044,0.311,0.402,-0.0338189313371049,0.03272461798331211,0.1419067961209974,0.17464087060934497,True,0.8836370498540385,0.7895528338158386,0.5939767049047515,0.5,0.56,0.42,0.62,False
dirichlet,dir,0.195,0.171,0.339,0.113,0.187,0.171,0.034,0.2751540396337052,0.33485677051034934,0.43026997040615567,0.457271851945142,True,0.9442350117940543,0.8896937832742088,0.7124348138220696,0.52,0.42,0.56,0.62,False
dirichlet,dir,0.092,0.083,0.275,0.249,0.124,0.349,0.038,-0.0019785470474018257,0.05699642256021869,0.15790964626436418,0.20216575972284218,True,0.8709284442677274,0.777913393267859,0.582471313049648,0.34,0.62,0.36,0.7,False
dirichlet,dir,0.195,0.406,0.115,0.007,0.234,0.068,0.186,0.31437597060984945,0.39343909901387764,0.5189771463937137,0.5364734824003321,True,0.9442055733162141,0.8947448476360648,0.7197350786762992,0.42,0.34,0.66,0.5,False
dirichlet,dir,0.03,0.226,0.376,0.23,0.067,0.008,0.272,0.30961097503813667,0.37846914335784954,0.4130252947958872,0.4388366695174986,True,0.8171721950812583,0.6578150012984838,0.4721035028187937,0.2,0.36,0.54,0.72,False
dirichlet,dir,0.055,0.586,0.347,0.017,0.016,0.075,0.113,0.6179168687662979,0.6561975696389658,0.7608154901245601,0.769546939056263,True,0.813070765215745,0.7242243735004678,0.5363553944550025,0.16,0.34,0.66,0.36,False
dirichlet,dir,0.318,0.232,0.087,0.044,0.399,0.023,0.107,0.19863162750930183,0.3013762524433631,0.4240862458109075,0.44871252067633727,True,0.9761633901329595,0.9687624151692357,0.8493002078241864,0.76,0.28,0.68,0.48,False
dirichlet,dir,0.049,0.064,0.007,0.135,0.087,0.305,0.563,-0.2112017894564184,-0.13140129445994758,-0.039118679005597304,-0.0037823862368501354,True,0.8330518212045062,0.6888418864202885,0.49873485558818936,0.28,0.72,0.28,0.58,False
dirichlet,dir,0.463,0.024,0.352,0.032,0.063,0.255,0.021,0.37474978023432604,0.41162398188006916,0.5134819915867204,0.5367713556691897,True,0.8846246811903073,0.8905267732520499,0.7157140412998153,0.48,0.3,0.64,0.46,False
dirichlet,dir,0.118,0.015,0.206,0.093,0.366,0.08,0.332,-0.014951774349983576,0.0835752949525155,0.1572952987591602,0.18464254909284775,True,0.9380400050147572,0.8744683552553485,0.6905793078230124,0.44,0.44,0.48,0.76,False
dirichlet,dir,0.239,0.025,0.175,0.186,0.306,0.021,0.258,0.05635343153565997,0.1603656242201771,0.2258793893165427,0.25911157000243806,True,0.9537533036568274,0.9090950802696228,0.735331537446094,0.66,0.34,0.56,0.56,False
dirichlet,dir,0.069,0.088,0.127,0.116,0.179,0.063,0.569,-0.0040932925541731805,0.08904496677687239,0.14383819609913354,0.16873685632841118,True,0.9411771068219229,0.8835098489435053,0.7022511770833159,0.54,0.5,0.48,0.68,False
dirichlet,dir,0.119,0.133,0.414,0.024,0.01,0.045,0.465,0.3916802842144909,0.43943589205630557,0.47220665387340677,0.48113132992606494,True,0.8015397542986004,0.6574448645936273,0.4813901743945171,0.1,0.22,0.7,0.36,False
dirichlet,dir,0.657,0.055,0.004,0.097,0.164,0.046,0.187,0.2567151261128578,0.34879581617028727,0.453818389242491,0.4833857696204851,True,0.9709142110856861,0.9540812047233448,0.813318444019142,0.62,0.16,0.76,0.44,True
dirichlet,dir,0.183,0.055,0.441,0.382,0.023,0.036,0.091,0.29281361411795376,0.3607698618014922,0.3783336438235034,0.4181767595420209,True,0.7805202550138999,0.720954990707702,0.5268749884681898,0.38,0.38,0.44,0.64,False
dirichlet,dir,0.001,0.065,0.231,0.167,0.271,0.451,0.023,-0.16949196936750488,-0.10583787642356836,0.02728069515532572,0.0714878861880214,True,0.8226033860721954,0.6761478252915409,0.4884019343248734,0.18,0.74,0.26,0.72,False
dirichlet,dir,0.263,0.296,0.009,0.377,0.032,0.065,0.167,0.13896536239424354,0.23536037512044122,0.32000155864854546,0.3668565723319885,True,0.9244562147116413,0.8439263000036592,0.6553062261710868,0.7,0.4,0.58,0.56,True
dirichlet,dir,0.123,0.156,0.625,0.185,0.03,0.001,0.089,0.5569021701323246,0.5983841712834842,0.6170580607068556,0.635552897676834,True,0.650378493397504,0.5897376143310278,0.41635328098869967,0.18,0.18,0.68,0.66,False
dirichlet,dir,0.034,0.067,0.875,0.013,0.091,0.104,0.026,0.6407776940720545,0.6504782567319057,0.6717141814568898,0.6768151420117737,True,0.3164811119349441,0.43749404437474754,0.3093963705409635,0.08,0.22,0.6,0.4,False
dirichlet,dir,0.095,0.269,0.26,0.047,0.162,0.345,0.031,0.17521156225349996,0.22144490352152213,0.3597466484948724,0.3871659846120709,True,0.8468164604738047,0.7344697963143186,0.5407743841174685,0.3,0.48,0.52,0.7,False
dirichlet,dir,0.009,0.089,0.039,0.226,0.329,0.148,0.369,-0.22660616374970322,-0.11365235028033012,-0.026725574987523502,0.014879563588425182,True,0.8852352546760093,0.7434569058635108,0.5489808395828756,0.24,0.64,0.36,0.64,False
dirichlet,dir,0.043,0.316,0.082,0.105,0.443,0.216,0.003,-0.025148057204105227,0.07207926654152647,0.22642703767161673,0.2619774602203171,True,0.8966851707545646,0.7714005627539654,0.5763112297186909,0.28,0.6,0.4,0.64,False
dirichlet,dir,0.516,0.302,0.025,0.019,0.236,0.08,0.031,0.35615129340200286,0.43978228534275643,0.5859188913239651,0.6095027194498646,True,0.976376503965994,0.9588194486321754,0.8236874283979422,0.66,0.24,0.76,0.42,False
dirichlet,dir,0.108,0.402,0.189,0.067,0.038,0.131,0.274,0.33578720601814943,0.3933575852289137,0.4944810570531768,0.5133436712004611,True,0.9291766976639191,0.8563353293902697,0.6687829285598069,0.4,0.46,0.54,0.68,False
dirichlet,dir,0.272,0.309,0.239,0.044,0.187,0.107,0.051,0.3865389246963613,0.450816231274922,0.5661293286600624,0.5864769182840074,True,0.9681613498550933,0.9405419797707499,0.7938472970275606,0.48,0.26,0.72,0.56,False
dirichlet,dir,0.064,0.187,0.399,0.153,0.034,0.321,0.052,0.23017698050234714,0.2650418265095449,0.35934290148797243,0.3899787860097244,True,0.8136501400238774,0.7524683325703542,0.5578611721015739,0.34,0.54,0.44,0.78,False
dirichlet,dir,0.426,0.031,0.164,0.191,0.077,0.103,0.217,0.2052876013760703,0.2823050137401257,0.35481565860905173,0.38838741882437333,True,0.9752046853387448,0.9794300479864984,0.8782291165207649,0.8,0.3,0.6,0.46,True
dirichlet,dir,0.08,0.083,0.04,0.373,0.321,0.252,0.061,-0.2668539374914712,-0.15630466740810484,-0.046377144489214324,0.012203965892271844,True,0.8937537385526795,0.767547519729716,0.5720780070348236,0.34,0.58,0.4,0.6,False
dirichlet,dir,0.211,0.019,0.371,0.082,0.268,0.244,0.015,0.15693701957725598,0.2167339546876373,0.3159848847756055,0.3450698380327067,True,0.9088655880584021,0.8296924505104376,0.6406989870457934,0.4,0.46,0.5,0.64,False
dirichlet,dir,0.607,0.188,0.087,0.071,0.059,0.159,0.04,0.3881032096655086,0.4508009463877417,0.5789355883845807,0.60630050926997,True,0.9729319532522547,0.9703911330268747,0.8527891045780028,0.76,0.26,0.68,0.48,True
dirichlet,dir,0.163,0.017,0.073,0.045,0.111,0.685,0.115,-0.2488049379223313,-0.21038014893306087,-0.031864658176011904,0.011315699233475444,True,0.7342703914613884,0.6279048114840332,0.44818065775767935,0.26,0.58,0.42,0.6,False
dirichlet,dir,0.032,0.096,0.103,0.118,0.429,0.404,0.028,-0.2520798649991554,-0.16519946495672497,-0.008522631561087167,0.035267733601805934,True,0.8505833405201102,0.686590708522723,0.49769279928611804,0.22,0.68,0.32,0.66,False
dirichlet,dir,0.163,0.079,0.237,0.157,0.022,0.131,0.421,0.15123940556769547,0.21738194365842275,0.2692159352431876,0.2960790130863233,True,0.9424650964611587,0.9052626499743974,0.7325005828805875,0.58,0.46,0.52,0.66,False
dirichlet,dir,0.141,0.084,0.275,0.101,0.255,0.303,0.051,0.05269511431752589,0.11593263929223277,0.23212625121418648,0.2653635706989237,True,0.89580316691854,0.7923096529894498,0.5980392567978973,0.42,0.52,0.46,0.7,False
dirichlet,dir,0.083,0.082,0.25,0.239,0.027,0.516,0.013,-0.06323890112901145,-0.02333093804267469,0.100332230861893,0.14818249569430053,True,0.7866627097075827,0.7114936344977759,0.5193436680717304,0.26,0.7,0.28,0.68,False
dirichlet,dir,0.081,0.015,0.618,0.302,0.103,0.068,0.022,0.33812647709123883,0.3920433630561709,0.4065508767080856,0.4393244228768246,True,0.7129889432720895,0.6432764551206537,0.45930654822309486,0.22,0.26,0.48,0.78,False
dirichlet,dir,0.398,0.239,0.019,0.1,0.288,0.065,0.101,0.1963913818181213,0.29476148322264206,0.4219846813426631,0.45215910653655583,True,0.9869554328105656,0.9798747780986591,0.8767731730677298,0.8,0.32,0.66,0.52,True
dirichlet,dir,0.082,0.208,0.03,0.349,0.169,0.185,0.186,-0.1030408135538703,-0.002929295896399673,0.09373645427745673,0.1441147128568131,True,0.9035799119392321,0.7862784873574149,0.5906245125189332,0.46,0.54,0.44,0.6,False
dirichlet,dir,0.097,0.543,0.085,0.324,0.025,0.116,0.02,0.27849089335929517,0.3559415511014712,0.46995507395416797,0.5108065339684035,True,0.9144653758448513,0.8189044471724701,0.6243284293087455,0.32,0.62,0.38,0.54,False
dirichlet,dir,0.249,0.462,0.116,0.018,0.279,0.02,0.066,0.3935541751529978,0.4774670020404972,0.6119881936614137,0.629970487583873,True,0.9493409593897983,0.9109394456240116,0.7428599224726885,0.52,0.28,0.72,0.5,False
dirichlet,dir,0.316,0.04,0.266,0.088,0.063,0.427,0.011,0.13556162160162988,0.17202906159077155,0.3001606361583185,0.33457987736987993,True,0.8397348911560282,0.799583727097662,0.6051826890336259,0.46,0.44,0.52,0.64,False
dirichlet,dir,0.228,0.049,0.071,0.088,0.185,0.414,0.174,-0.1123078116535122,-0.04597506120115756,0.09510405458561892,0.13368334408998575,True,0.8679343253226703,0.7585591407653727,0.5636170130682666,0.42,0.54,0.44,0.66,True
dirichlet,dir,0.375,0.157,0.234,0.121,0.186,0.015,0.121,0.349269976444047,0.4284067901427686,0.509586961181998,0.5343834681118368,True,0.9847576447377449,0.9644808423431817,0.835603352695592,0.74,0.3,0.62,0.52,False
dirichlet,dir,0.051,0.263,0.188,0.081,0.039,0.586,0.001,0.011555163495012608,0.03853967977921035,0.20838450789795757,0.2458573438667599,True,0.7347724273989767,0.6422301639063305,0.45923148662226154,0.2,0.64,0.36,0.62,False
dirichlet,dir,0.069,0.062,0.446,0.14,0.074,0.337,0.081,0.16685053220101578,0.20231886757059928,0.285316604972142,0.31613438330652305,True,0.7889947244572363,0.7247707158578092,0.5332346769499662,0.3,0.5,0.46,0.78,False
dirichlet,dir,0.528,0.084,0.022,0.423,0.017,0.1,0.037,0.1384836570061955,0.23342264795049522,0.3149074876596756,0.36952572160414743,True,0.9238866390575798,0.8956288043472329,0.7224444250616847,0.72,0.32,0.58,0.5,True
dirichlet,dir,0.063,0.415,0.023,0.232,0.089,0.235,0.155,0.06949855335776665,0.147501317626085,0.27639051247551305,0.3162653822134611,True,0.9024725096559248,0.7842453663212124,0.5867842100584223,0.32,0.58,0.42,0.64,False
dirichlet,dir,0.109,0.024,0.107,0.048,0.004,0.244,0.674,-0.044044261635594904,0.02045795446124685,0.08756246569703836,0.11061635201006159,True,0.8309343648409012,0.730028124100305,0.537128235406599,0.38,0.54,0.44,0.66,False
dirichlet,dir,0.119,0.145,0.234,0.205,0.228,0.234,0.046,0.05382875221295741,0.1287387697615157,0.2329370242868499,0.27189204291522073,True,0.9281383224018369,0.8439279675868724,0.653732029246348,0.42,0.58,0.4,0.72,False
dirichlet,dir,0.052,0.119,0.268,0.235,0.236,0.153,0.147,0.04209008509595547,0.12502838762041263,0.20123449677126543,0.23880382810197204,True,0.9110273919716749,0.8126650758780489,0.6191768551956885,0.38,0.6,0.38,0.7,False
dirichlet,dir,0.347,0.368,0.037,0.061,0.006,0.269,0.123,0.289076287518467,0.34261355904950724,0.4914449764969381,0.5187554850696785,True,0.9179568304234735,0.8654809643829141,0.6793045521715866,0.58,0.46,0.54,0.5,False
dirichlet,dir,0.002,0.201,0.367,0.044,0.065,0.03,0.501,0.3104897313237763,0.36939211644128916,0.406422226483169,0.4171585676425588,True,0.7807711770082976,0.5557261550541996,0.39443193883695615,0.1,0.26,0.7,0.42,False
dirichlet,dir,0.308,0.023,0.019,0.5,0.124,0.081,0.155,-0.0959191450914521,0.019845907689582314,0.07947585103022528,0.1405110996255175,True,0.8678691782929329,0.7829043175602163,0.5890188652027838,0.58,0.36,0.54,0.56,True
dirichlet,dir,0.014,0.194,0.097,0.645,0.113,0.095,0.053,-0.13392924153449018,-0.018561225042931357,0.034100959999039844,0.10347066933240902,True,0.779986758462967,0.6157870290068771,0.43660272033305547,0.2,0.5,0.48,0.62,False
dirichlet,dir,0.086,0.084,0.046,0.098,0.141,0.564,0.19,-0.2469725020822093,-0.1914998235688339,-0.03211414880011225,0.011036279810690556,True,0.7807022504645073,0.6413000681478073,0.4587085714477412,0.24,0.64,0.36,0.62,False
dirichlet,dir,0.04,0.152,0.057,0.141,0.445,0.216,0.159,-0.1820178245851248,-0.07494158661691101,0.05472566211443183,0.09415030628098764,True,0.8962370476882399,0.763213108210468,0.5683530226761515,0.28,0.64,0.36,0.64,False
dirichlet,dir,0.466,0.184,0.082,0.367,0.05,0.007,0.054,0.2678282266949823,0.36231679174865666,0.43672407688251336,0.4820402278432559,True,0.9275902190794365,0.8745655770666009,0.689709180327319,0.64,0.28,0.62,0.48,True
dirichlet,dir,0.23,0.186,0.147,0.46,0.067,0.116,0.004,0.10055852600028195,0.19149012800813486,0.2644995057110963,0.3192056239388263,True,0.9038427220634863,0.8248278704810916,0.6320417426368343,0.6,0.4,0.58,0.62,True
dirichlet,dir,0.314,0.064,0.336,0.27,0.17,0.013,0.043,0.2916373124291302,0.37287486253517754,0.4246835233034289,0.4599969511913763,True,0.9225306639553238,0.862170131399206,0.6722244400572313,0.58,0.38,0.54,0.54,False
dirichlet,dir,0.129,0.034,0.281,0.092,0.09,0.09,0.494,0.14914600376621498,0.21823343649974938,0.2600197976093079,0.2804767749001192,True,0.921716356519807,0.8542643628461744,0.6665243711179734,0.42,0.4,0.52,0.6,False
dirichlet,dir,0.002,0.032,0.003,0.214,0.305,0.247,0.407,-0.3332954903323372,-0.22552955145953385,-0.12860174210664244,-0.08416223071141421,True,0.8606514406749757,0.6979115673945206,0.5072059136799977,0.16,0.72,0.24,0.62,False
dirichlet,dir,0.34,0.027,0.009,0.1,0.139,0.077,0.517,0.033048478921745006,0.12821783268928158,0.20213435294055204,0.22963074272743758,True,0.9818886582850979,0.9763142416280197,0.866488056399358,0.74,0.3,0.62,0.54,True
dirichlet,dir,0.259,0.007,0.144,0.234,0.327,0.121,0.117,-0.029514128190767295,0.07349505087463458,0.1619091351552593,0.2042007476202169,True,0.9625943916056593,0.9252899384103219,0.763078750102738,0.64,0.42,0.52,0.62,True
dirichlet,dir,0.297,0.119,0.11,0.189,0.075,0.171,0.25,0.11527871669873908,0.1915501553829722,0.28084998137686706,0.31611217793794893,True,0.9725617909097998,0.9447915635792726,0.7957829637842453,0.7,0.42,0.54,0.6,True
dirichlet,dir,0.205,0.521,0.081,0.224,0.032,0.138,0.009,0.3463144433552331,0.4156788124266653,0.5446870721338926,0.5791186853706202,True,0.9486685638528023,0.8970485507407221,0.7199627795101119,0.56,0.48,0.52,0.6,False
dirichlet,dir,0.488,0.187,0.013,0.351,0.047,0.119,0.005,0.18654052229275858,0.2764504524687614,0.3795239496408822,0.428877986124841,True,0.9609929129120187,0.9298372774254781,0.7761281465068259,0.82,0.36,0.6,0.52,True
dirichlet,dir,0.341,0.095,0.06,0.021,0.297,0.236,0.161,0.04086479643317651,0.12360259294416404,0.2610491288477867,0.2906116489971259,True,0.9433161565024373,0.8777107924927031,0.6941109771091472,0.54,0.38,0.6,0.6,True
dirichlet,dir,0.015,0.008,0.25,0.03,0.248,0.126,0.531,-0.01201259104080755,0.06874168231681511,0.126205075236077,0.14581220088910046,True,0.8467653138787028,0.6725283131283534,0.4902818290541232,0.12,0.3,0.58,0.5,False
dirichlet,dir,0.121,0.407,0.067,0.404,0.002,0.123,0.086,0.15828250958826304,0.24330676203224935,0.336644499771761,0.3849347416687417,True,0.9041574946465926,0.8001789240248274,0.6046052598473273,0.48,0.52,0.48,0.52,False
dirichlet,dir,0.044,0.217,0.427,0.026,0.245,0.139,0.112,0.31002988847071444,0.36562294421424224,0.45297187675681483,0.4698575374181388,True,0.8514493950281855,0.6998452872803738,0.5173371330997338,0.1,0.36,0.58,0.36,False
dirichlet,dir,0.392,0.025,0.039,0.108,0.621,0.019,0.007,-0.03160226867677243,0.10106446694540556,0.2274216629476168,0.26416319141610467,True,0.9696484217512334,0.9484282454169837,0.802639149111757,0.64,0.32,0.56,0.5,True
dirichlet,dir,0.031,0.163,0.096,0.227,0.011,0.476,0.207,-0.14560113709804443,-0.09152222111979087,0.03483386772732852,0.0812419170761795,True,0.8034405887995048,0.6794031525074385,0.4903216662165767,0.28,0.76,0.24,0.6,False
dirichlet,dir,0.16,0.049,0.015,0.2,0.529,0.167,0.09,-0.23983882865319303,-0.11458695355689578,0.011600078992112857,0.05795990274172644,True,0.9320533695552676,0.8467253876890766,0.6562459638664357,0.5,0.48,0.5,0.64,True
dirichlet,dir,0.092,0.01,0.369,0.186,0.246,0.036,0.271,0.13118495268556354,0.21506275536727004,0.2529631888804598,0.28135810934234623,True,0.8643596539435613,0.7315785078879046,0.5368451818839036,0.3,0.3,0.5,0.78,False
dirichlet,dir,0.019,0.277,0.09,0.169,0.184,0.138,0.333,0.026484809177014283,0.11519580733443478,0.2101711659607464,0.24208650547146418,True,0.9100539551889737,0.799317180450303,0.6038433216980863,0.28,0.6,0.4,0.64,False
dirichlet,dir,0.151,0.083,0.259,0.215,0.111,0.386,0.005,0.021499960365770926,0.07478791004070726,0.18869206044549414,0.23191855577678547,True,0.8694711540569077,0.7894088985041274,0.5939171588303473,0.4,0.52,0.46,0.72,False
dirichlet,dir,0.465,0.284,0.08,0.148,0.098,0.004,0.131,0.3902295833860582,0.4735290750500865,0.5735014384283761,0.6008815107738729,True,0.9828688641653152,0.961562429633566,0.8288792590120049,0.78,0.26,0.7,0.5,False
dirichlet,dir,0.044,0.629,0.198,0.089,0.04,0.204,0.007,0.4348720211437956,0.48113222189141475,0.6247506637211427,0.646964720716157,True,0.8571582161309989,0.7710581976607553,0.5759724041685607,0.32,0.5,0.5,0.68,False
dirichlet,dir,0.035,0.098,0.844,0.027,0.016,0.096,0.094,0.6584679696561118,0.6657952014688919,0.6813242097791046,0.6859762315621105,True,0.2822184528957662,0.4383850699939555,0.30961065254110776,0.08,0.22,0.62,0.4,False
dirichlet,dir,0.29,0.049,0.405,0.245,0.001,0.15,0.07,0.327830650065532,0.3783606555127992,0.4308449378096478,0.46441211436705365,True,0.8975468310567201,0.9042449832981931,0.7312962425588374,0.62,0.4,0.54,0.56,False
dirichlet,dir,0.008,0.131,0.044,0.206,0.033,0.514,0.274,-0.2436570727104108,-0.1857939659303879,-0.0533847312607741,-0.006203568802108013,True,0.7803708219561988,0.6410092755896384,0.45804266182694064,0.18,0.8,0.2,0.58,False
dirichlet,dir,0.421,0.151,0.253,0.05,0.244,0.05,0.041,0.38014426649986954,0.45431036566660393,0.5546494103221545,0.5762088745887739,True,0.9855021784072125,0.9653397165020597,0.844823768780077,0.64,0.18,0.76,0.44,False
dirichlet,dir,0.048,0.022,0.24,0.34,0.268,0.003,0.289,-0.037010811952874555,0.07228440755206361,0.1045875389321547,0.1466910325631564,True,0.797282757911578,0.6045942418286508,0.4294685135454739,0.2,0.5,0.32,0.72,False
dirichlet,dir,0.207,0.045,0.327,0.009,0.371,0.21,0.04,0.13997880326076714,0.2095226379905015,0.3216126965678917,0.34597377780810057,True,0.9107463585393384,0.8077836795585125,0.6200528534311119,0.24,0.4,0.56,0.42,False
dirichlet,dir,0.064,0.01,0.246,0.443,0.095,0.046,0.306,-0.026896359704903894,0.07106019073888398,0.08767649299811947,0.13648076095878164,True,0.748848396542899,0.6221844428947284,0.44228056432904994,0.28,0.52,0.34,0.68,False
dirichlet,dir,0.0,0.16,0.267,0.179,0.267,0.233,0.105,0.014143657219959688,0.08965230628285639,0.18918918332729137,0.22518317449114653,True,0.8862514973416449,0.7566739322431302,0.5625745374276431,0.22,0.6,0.4,0.78,False
dirichlet,dir,0.367,0.03,0.026,0.618,0.01,0.056,0.104,-0.03794705336209956,0.07564570787414042,0.11902223277614155,0.18699548191941054,True,0.8072577061526781,0.7337586241858746,0.5407232248141073,0.54,0.32,0.56,0.52,True
dirichlet,dir,0.06,0.013,0.47,0.102,0.111,0.22,0.234,0.1911601641773762,0.23638776477117893,0.29129327110176617,0.3149026397671122,True,0.8073155649876547,0.702899882016859,0.5160778594276532,0.2,0.38,0.5,0.72,False
dirichlet,dir,0.037,0.334,0.03,0.106,0.272,0.057,0.374,0.052365727985095464,0.1542631505530009,0.2573506110060343,0.28362198088628177,True,0.9105910884588145,0.8122693994197427,0.617217705480084,0.26,0.52,0.48,0.64,False
dirichlet,dir,0.155,0.099,0.26,0.147,0.404,0.0,0.145,0.1219005117164327,0.2243197915453537,0.29889395569978006,0.327985399846259,True,0.9264302150143321,0.8433075655628497,0.6503337096197942,0.52,0.42,0.52,0.62,False
dirichlet,dir,0.201,0.368,0.082,0.216,0.195,0.084,0.064,0.20562909877895663,0.2962161930516167,0.4114174159370467,0.44715574206188374,True,0.961696176939938,0.9179235422379204,0.751892055547262,0.68,0.44,0.54,0.62,False
dirichlet,dir,0.038,0.333,0.194,0.024,0.264,0.144,0.214,0.18447041839987816,0.2588995117256038,0.3751103956254946,0.3952751485912984,True,0.8915036904949517,0.7622995608540115,0.5694303034166028,0.22,0.48,0.52,0.54,False
dirichlet,dir,0.105,0.117,0.121,0.035,0.1,0.691,0.042,-0.16690055264659512,-0.13663456579378852,0.04953727000324479,0.09033325549618096,True,0.7175008732639266,0.613765524055694,0.4364484037458674,0.2,0.62,0.38,0.6,False
dirichlet,dir,0.009,0.037,0.05,0.426,0.058,0.095,0.535,-0.21281815684579317,-0.10420016344432267,-0.07581592770201089,-0.025308324541119392,True,0.7556992263758344,0.6135061631611944,0.434697245952125,0.16,0.62,0.36,0.62,False
dirichlet,dir,0.16,0.099,0.142,0.231,0.195,0.011,0.372,0.05712548762443635,0.15835011317312297,0.21157960111742655,0.24522942634775266,True,0.92015256576183,0.8323039240920029,0.6393072023912362,0.64,0.42,0.54,0.62,False
dirichlet,dir,0.249,0.34,0.384,0.08,0.082,0.053,0.021,0.5614110021754208,0.6103211638886744,0.697280303230442,0.7139941364212825,True,0.925818519349762,0.8932596009678562,0.718874595967305,0.46,0.3,0.68,0.5,False
dirichlet,dir,0.269,0.103,0.045,0.57,0.086,0.044,0.093,-0.032793215734624376,0.082803770592227,0.13546060996700066,0.19921952104897156,True,0.8329179220016458,0.7231493050762227,0.5307115168817315,0.52,0.38,0.56,0.52,True
dirichlet,dir,0.256,0.035,0.143,0.309,0.078,0.187,0.202,0.013329235199917048,0.09566915819997515,0.16829634588500664,0.2138653673003038,True,0.9322367640944775,0.8877570364154085,0.7082712013378577,0.64,0.44,0.5,0.6,True
dirichlet,dir,0.224,0.061,0.051,0.087,0.154,0.205,0.428,-0.030467585474769555,0.05214557189307244,0.1475305780734328,0.1774747526364102,True,0.9405567516517687,0.8760931818140735,0.6923342396637241,0.62,0.48,0.5,0.62,True
dirichlet,dir,0.074,0.051,0.275,0.253,0.314,0.228,0.014,-0.04572406810261524,0.038953201020180565,0.13204913280333574,0.17612660478893466,True,0.9059250433344201,0.8047760430044957,0.6110437839769062,0.38,0.6,0.38,0.7,False
dirichlet,dir,0.153,0.05,0.007,0.011,0.096,0.485,0.408,-0.1932032924048879,-0.13617853791421922,0.005531480003340738,0.03845221909323744,True,0.7726559714694432,0.6382507281712175,0.45669868176732753,0.24,0.58,0.42,0.52,False
dirichlet,dir,0.085,0.014,0.001,0.125,0.386,0.533,0.065,-0.406550598636683,-0.322180889738611,-0.1476615313998869,-0.09711639814181151,True,0.8222085101870013,0.6593307371364315,0.4738433384716284,0.22,0.66,0.34,0.56,False
dirichlet,dir,0.333,0.247,0.035,0.227,0.064,0.289,0.014,0.11497509509609662,0.18487217721438426,0.3222180661119987,0.3660761090193961,True,0.944583266474968,0.8878237006599541,0.7061828953481936,0.66,0.46,0.52,0.6,True
dirichlet,dir,0.05,0.214,0.062,0.145,0.016,0.19,0.532,0.011381714435171568,0.08579480661876145,0.16548093053322324,0.19450794507844188,True,0.8964595686397381,0.7841514096509196,0.586664698571062,0.36,0.62,0.38,0.64,False
dirichlet,dir,0.004,0.836,0.017,0.025,0.236,0.06,0.032,0.4250366871180808,0.5052500408234808,0.6789691565828417,0.6961770489583956,True,0.8224430919029119,0.646641111632466,0.46393520716163156,0.14,0.52,0.48,0.54,False
dirichlet,dir,0.008,0.301,0.002,0.137,0.598,0.152,0.012,-0.15685996124805748,-0.03235103390144987,0.1247378961465456,0.16474152021073776,True,0.885055734160405,0.742571184673425,0.5473588380631926,0.18,0.54,0.46,0.56,False
dirichlet,dir,0.064,0.131,0.354,0.062,0.409,0.013,0.177,0.187604184552124,0.27689957173583546,0.3496416726623146,0.3697956441476073,True,0.8534090581991778,0.6673751748417842,0.4828901483955268,0.16,0.24,0.72,0.5,False
dirichlet,dir,0.584,0.227,0.223,0.05,0.023,0.044,0.059,0.5820467285113964,0.6369150126055966,0.735602076506249,0.7537023632227973,True,0.9597451176104652,0.9592863723389894,0.8253106879332816,0.68,0.22,0.74,0.38,False
dirichlet,dir,0.309,0.047,0.134,0.059,0.03,0.573,0.058,-0.015992516719373084,0.016532157414959666,0.17696625568774602,0.21556454586859444,True,0.7813889358241725,0.7216113349311407,0.5294891450022392,0.38,0.5,0.48,0.58,False
dirichlet,dir,0.243,0.0,0.169,0.481,0.039,0.081,0.197,0.004891947350563976,0.10142913143129044,0.13562890702765623,0.19052701149087603,True,0.8247563963652949,0.7602708640430969,0.5647919996913668,0.54,0.36,0.52,0.52,True
dirichlet,dir,0.431,0.165,0.016,0.066,0.081,0.058,0.392,0.23342332870493687,0.316851548456306,0.4093198109889023,0.4323142045041649,True,0.9831483103579994,0.975041238893167,0.8631715077904717,0.78,0.26,0.7,0.46,True
dirichlet,dir,0.135,0.056,0.011,0.457,0.351,0.095,0.106,-0.24771470508409454,-0.11508906775186387,-0.033929128196965704,0.027372043454969373,True,0.8747130810422343,0.7362003279439182,0.5428907857901261,0.4,0.48,0.46,0.54,True
dirichlet,dir,0.01,0.17,0.183,0.034,0.195,0.382,0.236,-0.039299139773578656,0.01784652658924557,0.1481949942151155,0.17721456366028987,True,0.8089762154503565,0.6410657413577459,0.4584565489779042,0.14,0.6,0.4,0.58,False
dirichlet,dir,0.251,0.014,0.483,0.024,0.049,0.287,0.102,0.33994721314142995,0.3652749725117916,0.44603721054587114,0.465764379937676,True,0.7743298540290735,0.7678550105118811,0.5788197129376007,0.26,0.34,0.52,0.46,False
dirichlet,dir,0.157,0.071,0.21,0.264,0.352,0.151,0.006,-0.0180769601204347,0.08001018050874639,0.17472364082611894,0.2191756589757829,True,0.9404711606107272,0.8727820577361278,0.6886897683070632,0.56,0.54,0.44,0.68,False
dirichlet,dir,0.088,0.063,0.115,0.08,0.042,0.467,0.355,-0.12987481700953402,-0.08050431428791414,0.040877894080751806,0.07567778739183809,True,0.778331660951895,0.6549918851069039,0.47040853639103825,0.28,0.66,0.34,0.64,False
dirichlet,dir,0.16,0.243,0.193,0.019,0.141,0.042,0.411,0.27350563005045864,0.34713737988446397,0.4245979219166054,0.43912841939770836,True,0.9557415246632606,0.904519588166875,0.740058740944384,0.42,0.26,0.74,0.52,False
dirichlet,dir,0.153,0.186,0.127,0.019,0.221,0.097,0.406,0.12440792475901691,0.20760887629808264,0.2999773688417448,0.31943206986627887,True,0.9532528304363207,0.9025283965075139,0.7302940234192195,0.46,0.34,0.66,0.6,False
dirichlet,dir,0.104,0.351,0.072,0.159,0.311,0.186,0.028,0.06534226346618839,0.15666840344968969,0.29785593560158535,0.33445862928613024,True,0.9284256460905227,0.8415709189186353,0.6500435273417123,0.38,0.52,0.48,0.68,False
dirichlet,dir,0.234,0.194,0.06,0.165,0.391,0.059,0.108,0.046232931300462014,0.15762478380688086,0.2714265748805811,0.3072490190076289,True,0.9685872247650705,0.9464233295803482,0.7996022993171491,0.74,0.4,0.58,0.62,True
dirichlet,dir,0.215,0.324,0.163,0.251,0.117,0.137,0.002,0.24424198449981854,0.32008878964513227,0.4275278313032781,0.4656689593664472,True,0.9651303325794415,0.9221416500061695,0.7582890651601789,0.62,0.48,0.5,0.66,False
dirichlet,dir,0.084,0.051,0.47,0.098,0.287,0.095,0.126,0.23292944794117512,0.29964628176021607,0.3588588625605763,0.3813383979753249,True,0.8583495350846151,0.7109148263797528,0.5219041492711057,0.14,0.28,0.64,0.6,False
dirichlet,dir,0.323,0.271,0.093,0.24,0.0,0.149,0.134,0.24651942521117728,0.3178909139037433,0.41782841070324905,0.4549688877937404,True,0.9744012954384244,0.9463041454213336,0.7994391766203661,0.74,0.42,0.56,0.6,True
dirichlet,dir,0.012,0.341,0.008,0.029,0.179,0.398,0.243,-0.062409543642044034,0.002636936824386508,0.1665480706542555,0.19740861355921166,True,0.8005599167994756,0.623713261688378,0.44424516544583237,0.1,0.62,0.38,0.5,False
dirichlet,dir,0.053,0.053,0.27,0.257,0.004,0.068,0.505,0.09104188124493474,0.1666600712905625,0.18510915038554987,0.21627944766917934,True,0.8037742687185011,0.7226004772219288,0.5284777004144743,0.36,0.48,0.44,0.74,False
dirichlet,dir,0.078,0.188,0.123,0.138,0.303,0.226,0.153,-0.03491432749954498,0.05230682337215893,0.172762465346656,0.20845400875711187,True,0.9149785502377842,0.8063727413102426,0.6119407491399366,0.36,0.52,0.48,0.66,False
dirichlet,dir,0.145,0.399,0.083,0.142,0.311,0.113,0.016,0.17091733361669,0.2637434290823775,0.4009533956436571,0.4334158350979368,True,0.9470904918442054,0.8945451317472977,0.7167355500128317,0.42,0.52,0.48,0.66,False
dirichlet,dir,0.064,0.238,0.201,0.32,0.074,0.267,0.045,0.05882620367079162,0.12709163118216185,0.2260820407114611,0.2724545453209648,True,0.8975843687102589,0.7984757910805501,0.6024653752157497,0.38,0.64,0.34,0.66,False
dirichlet,dir,0.092,0.352,0.223,0.157,0.06,0.144,0.181,0.28015656857139426,0.3421314692985625,0.4362787968806022,0.4633396565551677,True,0.938736417913907,0.8705466518536205,0.6852897713263008,0.46,0.52,0.46,0.74,False
dirichlet,dir,0.154,0.185,0.384,0.166,0.085,0.116,0.121,0.33485851677894485,0.3906256868063845,0.45660113516526035,0.4826547324583107,True,0.929865379117421,0.8728171449734474,0.6881307900170588,0.48,0.44,0.54,0.68,False
dirichlet,dir,0.135,0.22,0.179,0.08,0.349,0.24,0.008,0.07035717277272226,0.14931556076382954,0.287836319836874,0.31978678453669823,True,0.9198324508390819,0.8235809982377845,0.6311577769689203,0.42,0.54,0.46,0.7,False
dirichlet,dir,0.101,0.453,0.009,0.201,0.149,0.288,0.009,0.08066620984733179,0.1564233850473086,0.31480530759937203,0.3559075291155591,True,0.8994352877359066,0.7856545111847036,0.5888423236723322,0.32,0.62,0.38,0.64,False
dirichlet,dir,0.061,0.091,0.013,0.182,0.238,0.177,0.449,-0.18651797242159524,-0.08401261266183703,0.004478355544817327,0.04220332488157836,True,0.9038804669652979,0.78364435646604,0.5879629707284917,0.36,0.58,0.42,0.56,False
dirichlet,dir,0.125,0.003,0.036,0.774,0.044,0.015,0.213,-0.24270290900015085,-0.10949754665272285,-0.10125918649810849,-0.023110013494646257,True,0.6575047826607978,0.5229294536087061,0.3645226166054712,0.24,0.48,0.42,0.46,False
dirichlet,dir,0.099,0.098,0.176,0.478,0.048,0.002,0.31,0.021877130058200668,0.12465016613610584,0.14434328237116156,0.19437330759084673,True,0.7411070939065578,0.5978113707222968,0.42273225904387457,0.3,0.42,0.44,0.6,False
dirichlet,dir,0.137,0.079,0.479,0.037,0.128,0.051,0.299,0.37762315057849044,0.429793781078712,0.4697628669851344,0.482110741690013,True,0.817760744260449,0.6560928063635757,0.47884059599749745,0.1,0.22,0.64,0.38,False
dirichlet,dir,0.372,0.231,0.047,0.097,0.16,0.123,0.18,0.21317034717300742,0.2952147479300105,0.41384140457863344,0.4425812601698165,True,0.9870867853553291,0.9737984643610516,0.859720351506348,0.8,0.4,0.58,0.56,True
dirichlet,dir,0.092,0.21,0.255,0.139,0.255,0.156,0.103,0.1453162562483432,0.22161238683932624,0.3210003210139152,0.3512191774609266,True,0.9350102957903773,0.8575810413278743,0.6704300903926182,0.44,0.5,0.48,0.76,False
dirichlet,dir,0.131,0.094,0.095,0.373,0.086,0.126,0.305,-0.059593500675986004,0.03706922849668988,0.09518904726043058,0.14338361009301087,True,0.8859878921869744,0.7918645642003334,0.5968978172589684,0.52,0.46,0.52,0.64,True
dirichlet,dir,0.378,0.1,0.016,0.49,0.108,0.015,0.102,0.03761675906263579,0.15325027005496272,0.21551433847392598,0.27325317189888454,True,0.8719419423585912,0.7790652694512384,0.5843688199980878,0.62,0.32,0.58,0.46,True
dirichlet,dir,0.006,0.141,0.061,0.587,0.222,0.017,0.175,-0.19334958590196694,-0.0614362462938883,-0.01721243361671465,0.047252073539565204,True,0.752415966033679,0.5392959799959063,0.37685242805408464,0.14,0.56,0.4,0.58,False
dirichlet,dir,0.065,0.175,0.26,0.323,0.042,0.22,0.125,0.09016823006950402,0.1565743774760305,0.23017207348747817,0.27362112902734337,True,0.8905546992428255,0.8013541357879463,0.6059261762865726,0.4,0.64,0.34,0.7,False
dirichlet,dir,0.008,0.372,0.222,0.116,0.057,0.318,0.117,0.1836308344458187,0.23012932256508634,0.3564044982924233,0.38580166065962956,True,0.8415866761756369,0.7201124776734792,0.5262220783425057,0.26,0.54,0.46,0.74,False
dirichlet,dir,0.036,0.331,0.051,0.248,0.193,0.301,0.049,-0.04621867706755939,0.0356757970696939,0.1753127746926273,0.221051478519412,True,0.8899075125827913,0.7580750494196591,0.5615853177831416,0.26,0.64,0.36,0.6,False
dirichlet,dir,0.279,0.659,0.001,0.112,0.024,0.101,0.034,0.4768888894551355,0.5438199391142816,0.6971846241450905,0.7218380869806224,True,0.9314709116306819,0.8856030054181309,0.7067745820452651,0.58,0.48,0.52,0.56,False
dirichlet,dir,0.063,0.197,0.064,0.047,0.294,0.276,0.27,-0.0799120184317498,0.003084066270308157,0.13689936130727928,0.16725392271706885,True,0.8708305054613933,0.7195138454271847,0.5269936612784458,0.28,0.52,0.48,0.64,False
dirichlet,dir,0.159,0.566,0.218,0.019,0.026,0.195,0.027,0.5065899985629808,0.546291298607179,0.6887056567869878,0.7053032039044852,True,0.8660162732645951,0.8108609157269397,0.617816940271094,0.38,0.42,0.58,0.58,False
dirichlet,dir,0.054,0.439,0.004,0.207,0.339,0.111,0.057,0.04812978411698827,0.15482495194791074,0.29371001689728016,0.33237580588842247,True,0.9095439895635411,0.7998990493326321,0.6039162866061589,0.32,0.5,0.5,0.64,False
dirichlet,dir,0.002,0.145,0.395,0.231,0.11,0.214,0.112,0.153051896243979,0.2097770011876785,0.27747211513733616,0.3119557327360017,True,0.8576002013932378,0.7506995051528239,0.5566291554353825,0.28,0.56,0.4,0.82,False
dirichlet,dir,0.137,0.052,0.255,0.149,0.213,0.26,0.143,0.0254129906245561,0.09461156066004514,0.19079529338433146,0.2258260485722818,True,0.9136521607487915,0.8228258778005769,0.6301844921894001,0.44,0.54,0.44,0.7,False
dirichlet,dir,0.08,0.424,0.034,0.139,0.15,0.118,0.265,0.15199452650968806,0.23735513637050196,0.35426954945987815,0.3830923569685723,True,0.9233162693496644,0.8350033728661835,0.642376341254359,0.36,0.58,0.42,0.68,False
dirichlet,dir,0.119,0.03,0.093,0.009,0.646,0.207,0.107,-0.20871261148253842,-0.0942821243622381,0.04985694283097228,0.08270891395275039,True,0.8903713829371259,0.7495204293681532,0.556651799717198,0.3,0.48,0.5,0.56,False
dirichlet,dir,0.058,0.29,0.026,0.058,0.506,0.256,0.016,-0.10356606791334544,-0.001776903545862524,0.16943851077952918,0.2048464039010254,True,0.8790679872642355,0.7318825719005616,0.5387716231924412,0.22,0.6,0.4,0.58,False
dirichlet,dir,0.114,0.164,0.293,0.2,0.046,0.31,0.083,0.1407232019296144,0.1895428033338276,0.286880101801108,0.3233895415054276,True,0.8789255540983312,0.8038392374220132,0.608611201035934,0.4,0.56,0.42,0.74,False
dirichlet,dir,0.164,0.347,0.167,0.255,0.165,0.103,0.009,0.23070695792842544,0.31317723654199403,0.4177828985818366,0.45536373244552747,True,0.9540945202514982,0.8998054411611747,0.7249403281240303,0.64,0.5,0.48,0.62,False
dirichlet,dir,0.396,0.099,0.297,0.004,0.197,0.047,0.171,0.39177089669421394,0.45829480088952873,0.5409516722219245,0.5567522647534807,True,0.9628105089110464,0.9100771593521184,0.7517046112144549,0.44,0.2,0.72,0.38,False
dirichlet,dir,0.2,0.033,0.052,0.033,0.526,0.067,0.298,-0.10610188123410474,0.014161533563900075,0.12288440622517306,0.15108013172919316,True,0.9535006038845746,0.9175433792704196,0.7502394423132728,0.58,0.38,0.54,0.62,True
dirichlet,dir,0.148,0.151,0.384,0.034,0.045,0.205,0.243,0.3209732739875722,0.3604107602021729,0.43768187417449106,0.4550717316344093,True,0.8646779663488701,0.7809217980663883,0.5907817644759862,0.26,0.4,0.6,0.54,False
dirichlet,dir,0.28,0.001,0.121,0.014,0.317,0.262,0.214,-0.02909268193916774,0.05128337767906193,0.17501039324435905,0.20430209218627662,True,0.9207135323660388,0.8318569617145205,0.6403685482667061,0.44,0.38,0.58,0.56,True
dirichlet,dir,0.086,0.205,0.409,0.115,0.193,0.029,0.174,0.3453010732299196,0.4120039122773612,0.4704732123355774,0.49018640104123684,True,0.8785394078142104,0.7378729924818215,0.5431667105574352,0.24,0.3,0.68,0.6,False
dirichlet,dir,0.042,0.356,0.013,0.327,0.231,0.203,0.036,-0.05223144977994106,0.04750179846625356,0.175384690810624,0.22546486079551528,True,0.9010889684717434,0.7729984600422717,0.5764458373939283,0.3,0.58,0.42,0.58,False
dirichlet,dir,0.385,0.154,0.158,0.063,0.095,0.227,0.129,0.24707942780179007,0.3058032732143937,0.42418810330978635,0.4513835256650114,True,0.9570624942301428,0.9239925655915928,0.7596695276738283,0.66,0.38,0.6,0.58,True
dirichlet,dir,0.487,0.019,0.205,0.057,0.141,0.206,0.094,0.2494591178769141,0.3107769186555627,0.41862856343268184,0.44619463758679473,True,0.9602187213636596,0.9440324602400691,0.7956969993810562,0.62,0.3,0.62,0.54,True
dirichlet,dir,0.203,0.027,0.339,0.481,0.052,0.062,0.045,0.14988851936530206,0.23319292063899918,0.25921322750922776,0.31085789580992196,True,0.802420855248301,0.7325897643840084,0.537596636569341,0.46,0.44,0.48,0.56,False
dirichlet,dir,0.079,0.128,0.093,0.114,0.525,0.127,0.144,-0.12420903253348513,-0.0087138388273264,0.11182960142685663,0.14722951616124927,True,0.9219401959392445,0.8341997194877503,0.641329252889662,0.36,0.58,0.42,0.66,False
dirichlet,dir,0.025,0.545,0.007,0.354,0.179,0.081,0.018,0.12743677047334984,0.22965025184967505,0.3515976476251833,0.3975001295490026,True,0.8823606155538462,0.7372259302968781,0.5420277870498191,0.2,0.56,0.44,0.56,False
dirichlet,dir,0.27,0.355,0.38,0.017,0.091,0.009,0.087,0.6152035230201554,0.6643587115863285,0.7491464648013941,0.7592006667661237,True,0.9021356522194293,0.8281242216282578,0.6429797694308905,0.3,0.2,0.78,0.36,False
dirichlet,dir,0.041,0.172,0.107,0.067,0.431,0.291,0.101,-0.12766890348006263,-0.03719156386927775,0.10936289164204735,0.1443196047120628,True,0.8717317242505088,0.7159087585101909,0.5242264461728648,0.2,0.58,0.42,0.68,False
dirichlet,dir,0.189,0.057,0.08,0.094,0.126,0.458,0.206,-0.1260418020153654,-0.06763075543946133,0.07223505085894825,0.11122370833337077,True,0.8359627892127947,0.7223893960370242,0.5294992091274907,0.34,0.62,0.38,0.66,False
dirichlet,dir,0.07,0.342,0.062,0.047,0.124,0.438,0.126,0.01709478403625248,0.06953442422299111,0.238260719588856,0.2707693921895044,True,0.811508139279867,0.6684037211142302,0.4812882751263467,0.2,0.56,0.44,0.6,False
dirichlet,dir,0.0,0.051,0.504,0.21,0.118,0.012,0.314,0.259818545398449,0.32549963554140865,0.3341719491297635,0.3579937976903278,True,0.6800000902777816,0.4921594259709572,0.3420234259288768,0.1,0.16,0.52,0.76,False
dirichlet,dir,0.093,0.084,0.341,0.159,0.287,0.105,0.14,0.13234426218544648,0.21226414778065017,0.28271565016831246,0.31252167455448915,True,0.9181575386570112,0.8282654532241198,0.6358589814769775,0.44,0.48,0.46,0.76,False
dirichlet,dir,0.057,0.494,0.159,0.191,0.052,0.004,0.253,0.35530539763084307,0.43222751511831076,0.5155093758350089,0.5400600318277321,True,0.896213577635138,0.779744355666447,0.5837817460250898,0.32,0.6,0.4,0.48,False
dirichlet,dir,0.182,0.029,0.093,0.631,0.028,0.028,0.218,-0.09576152117255923,0.01988689431199335,0.03948042498188128,0.10528507871592988,True,0.7264138852610194,0.6150625015562345,0.43685474280289244,0.34,0.44,0.46,0.48,True
dirichlet,dir,0.141,0.169,0.055,0.28,0.44,0.074,0.052,-0.08941943056708267,0.034069048754253546,0.14210466610370326,0.18864148747446163,True,0.9270878758501682,0.8393285113036818,0.6480302829528815,0.56,0.46,0.52,0.6,False
dirichlet,dir,0.183,0.429,0.043,0.283,0.136,0.001,0.135,0.2373173427301065,0.335949528929573,0.43352806852305437,0.47065185568277124,True,0.9218642492128579,0.8234207771195076,0.6293873296017793,0.5,0.5,0.5,0.5,False
dirichlet,dir,0.073,0.217,0.261,0.045,0.295,0.06,0.259,0.19694582316231832,0.2785064315249538,0.3640295121486619,0.3831504669075444,True,0.9116882625515738,0.806233984218963,0.6155474800269047,0.24,0.42,0.58,0.56,False
dirichlet,dir,0.51,0.122,0.102,0.103,0.055,0.309,0.007,0.22363872643478008,0.27831535622967074,0.41721476052615764,0.45212558982985956,True,0.9339985740667782,0.9109003783345698,0.7398641678561904,0.72,0.38,0.6,0.6,True
dirichlet,dir,0.071,0.71,0.021,0.225,0.007,0.155,0.02,0.35006671940076445,0.4185945819037146,0.5658247360993911,0.5995326089815688,True,0.8910524009788366,0.7874540032427654,0.5909453065113213,0.3,0.58,0.42,0.6,False
dirichlet,dir,0.284,0.238,0.352,0.012,0.002,0.195,0.127,0.46775721258120084,0.5007625603871665,0.5979954581486938,0.61360832560483,True,0.8828950485197502,0.8590808003669855,0.6773105973561543,0.36,0.34,0.64,0.46,False
dirichlet,dir,0.105,0.12,0.18,0.095,0.113,0.334,0.263,0.00625807118598562,0.06441794000851167,0.17453910302447145,0.20618270984486534,True,0.8656165575354408,0.7466074090266182,0.5515727711736615,0.38,0.52,0.48,0.7,False
dirichlet,dir,0.04,0.526,0.069,0.074,0.093,0.016,0.391,0.30842128684543024,0.38853662596514094,0.4887441572443304,0.5057068391172278,True,0.8843337641854933,0.7580669260583669,0.5640246101409481,0.3,0.54,0.46,0.56,False
dirichlet,dir,0.351,0.112,0.079,0.277,0.049,0.244,0.096,0.07192908838427373,0.14699756225315708,0.2516573090138858,0.29763928824107905,True,0.9504776259972928,0.9101676627897907,0.7383956442465912,0.66,0.44,0.52,0.58,True
dirichlet,dir,0.21,0.159,0.085,0.008,0.362,0.239,0.147,0.009803981499450746,0.09498552579887687,0.23800249923902783,0.2662892015366317,True,0.9173823420087822,0.8170244563617655,0.6237732250657104,0.4,0.38,0.62,0.6,False
dirichlet,dir,0.037,0.18,0.21,0.141,0.236,0.091,0.316,0.0790640164443813,0.16563493841863786,0.24077373052798995,0.26848385981140005,True,0.9198198332170064,0.8300649338826868,0.6378072283902264,0.38,0.54,0.44,0.76,False
dirichlet,dir,0.393,0.511,0.186,0.007,0.044,0.012,0.057,0.6578448792784855,0.7129667615327516,0.8346130698097786,0.8462786309181284,True,0.9368103508815255,0.9108468674783181,0.7410072847493279,0.6,0.2,0.8,0.44,False
dirichlet,dir,0.042,0.101,0.011,0.475,0.021,0.011,0.549,-0.14861485509608185,-0.03232023977970416,-0.013176213634239627,0.03812253093819382,True,0.6965386665164351,0.5281951289275514,0.36805764060002316,0.2,0.56,0.44,0.46,False
dirichlet,dir,0.094,0.076,0.12,0.103,0.136,0.623,0.058,-0.20760904324418492,-0.1637532999514697,0.00404150266761735,0.048829412499348565,True,0.7634701317695368,0.644995432548205,0.46181209607213963,0.24,0.7,0.3,0.68,False
dirichlet,dir,0.053,0.394,0.187,0.489,0.069,0.003,0.014,0.21226422304541342,0.3076276355606616,0.3695374514376483,0.4196617428166122,True,0.8167345673495906,0.6465979193544708,0.46235723618992347,0.26,0.54,0.46,0.56,False
dirichlet,dir,0.037,0.094,0.77,0.101,0.111,0.083,0.014,0.5492971739562633,0.5758780665838423,0.6011728270892661,0.6148122908576371,True,0.48520556077281074,0.5028680167652693,0.3542421126611728,0.1,0.14,0.64,0.58,False
dirichlet,dir,0.407,0.269,0.07,0.056,0.003,0.389,0.017,0.23639572872839149,0.2784966076902631,0.44193189410051464,0.47377108487900643,True,0.8764499473285567,0.8293363290770931,0.6366720789295797,0.58,0.46,0.52,0.52,False
dirichlet,dir,0.339,0.022,0.196,0.107,0.304,0.064,0.178,0.14412662116712552,0.23598409465084458,0.3203017977544006,0.3489458263694863,True,0.9864380208957474,0.9776306467172687,0.8713528029427502,0.8,0.3,0.62,0.56,False
dirichlet,dir,0.189,0.361,0.132,0.186,0.044,0.017,0.281,0.3161647398786357,0.3950171264387336,0.47368178198860617,0.5000874332572273,True,0.9556360777185797,0.9067038213109024,0.7339804286310945,0.64,0.42,0.56,0.52,False
dirichlet,dir,0.247,0.246,0.075,0.001,0.502,0.081,0.058,0.11243871830975347,0.2179099448970513,0.36295147700245955,0.38788600840618104,True,0.9520023118273572,0.9122166678003736,0.7425684821789502,0.42,0.34,0.66,0.48,False
dirichlet,dir,0.046,0.099,0.083,0.126,0.482,0.241,0.133,-0.21092215746040285,-0.10474969148314486,0.026815263883527514,0.06657171270444655,True,0.8913597953064147,0.7527947481420899,0.5588118125992784,0.28,0.66,0.34,0.66,False
dirichlet,dir,0.03,0.268,0.05,0.301,0.159,0.348,0.053,-0.1220089866420601,-0.04133621765388514,0.09272176800431672,0.14417725298867104,True,0.8765258383908783,0.7396546133893155,0.5438309428240271,0.26,0.68,0.32,0.6,False
dirichlet,dir,0.065,0.119,0.092,0.005,0.427,0.27,0.233,-0.13643442010254547,-0.045471999091093715,0.09239888999034326,0.12168094125093062,True,0.8609108331558522,0.6933126859715589,0.5045498232907342,0.24,0.58,0.42,0.54,False
dirichlet,dir,0.285,0.097,0.127,0.041,0.111,0.46,0.089,0.02458669985973363,0.07105270822781416,0.22409545299918396,0.25841876607377,True,0.8404570772767826,0.7532011963085634,0.5584914379454424,0.42,0.46,0.52,0.6,False
dirichlet,dir,0.146,0.02,0.186,0.145,0.154,0.163,0.397,0.004608748515688168,0.08435268011495245,0.15124529644524284,0.18199122948987154,True,0.9388977391014643,0.8791979766678727,0.6972002442227727,0.5,0.5,0.48,0.68,False
dirichlet,dir,0.03,0.168,0.043,0.217,0.261,0.271,0.22,-0.17768414085381012,-0.08378567527235177,0.03410125482209148,0.07806976129909105,True,0.886276799968611,0.7457905627687847,0.5505370049498723,0.28,0.66,0.34,0.6,False
dirichlet,dir,0.172,0.222,0.007,0.147,0.316,0.152,0.194,-0.02643493671964153,0.07602184117007993,0.20032725184586064,0.23662836514673435,True,0.9474348894285977,0.8830922370076743,0.7008392641782558,0.52,0.5,0.5,0.6,False
dirichlet,dir,0.173,0.111,0.316,0.061,0.423,0.037,0.089,0.19616827219167093,0.2862820476375727,0.3744964049861957,0.3973828534451121,True,0.9285530508269553,0.8431511364050335,0.6528409348230475,0.3,0.32,0.66,0.54,False
dirichlet,dir,0.694,0.053,0.156,0.024,0.038,0.072,0.172,0.45740615417141933,0.5191390312809714,0.6131417913409668,0.6329085152953481,True,0.9389827888013362,0.9411027864582666,0.7904980400116073,0.56,0.12,0.78,0.34,True
dirichlet,dir,0.23,0.21,0.19,0.125,0.067,0.006,0.382,0.29595351377989504,0.37267865741363776,0.43238825921932206,0.45368691351738294,True,0.970708241241677,0.9396612035185808,0.7851783111391416,0.7,0.34,0.62,0.52,False
dirichlet,dir,0.093,0.046,0.144,0.245,0.162,0.306,0.213,-0.1344902703174161,-0.05610150752330745,0.03991219605040983,0.08495290312505134,True,0.8874542046421094,0.7779722590367091,0.582174421354732,0.36,0.64,0.34,0.66,False
dirichlet,dir,0.333,0.044,0.287,0.109,0.239,0.143,0.055,0.2213745118150024,0.29298021247504324,0.38501444912533767,0.4140891849796939,True,0.9755094030169011,0.951326542089841,0.8106912879899761,0.68,0.28,0.68,0.62,False
dirichlet,dir,0.529,0.1,0.166,0.103,0.124,0.112,0.075,0.3315704657475956,0.4019710324083497,0.5044603547741475,0.5326503591806676,True,0.9908397783567611,0.9917996094728562,0.9238556670250614,0.84,0.28,0.64,0.46,True
dirichlet,dir,0.341,0.277,0.008,0.258,0.213,0.016,0.097,0.17377163721621477,0.28028383380522154,0.3847230462944816,0.4243689158895706,True,0.9602106763329286,0.9086130591535572,0.7390359742157111,0.68,0.38,0.58,0.54,True
dirichlet,dir,0.12,0.278,0.13,0.101,0.506,0.052,0.023,0.0847475635336901,0.19499447643728934,0.32271769520521476,0.35307981378721515,True,0.9431518189302004,0.8996558683922482,0.7230730135513446,0.44,0.56,0.44,0.64,False
dirichlet,dir,0.18,0.086,0.15,0.011,0.48,0.268,0.035,-0.05455580391550995,0.03422785101938398,0.1821884306129079,0.21347878739629006,True,0.9031815835799297,0.7839123707983314,0.590369135340679,0.34,0.46,0.54,0.56,False
dirichlet,dir,0.229,0.193,0.44,0.036,0.022,0.247,0.044,0.4413634489713716,0.467370455998802,0.5623489016339763,0.5808347413115671,True,0.8158827627336268,0.8092717040392854,0.6199626956424015,0.3,0.4,0.58,0.52,False
dirichlet,dir,0.212,0.14,0.484,0.012,0.152,0.091,0.119,0.45848956101690663,0.5038317136162451,0.5721199857430345,0.584896565548346,True,0.8648489323936167,0.7633390347634265,0.5832315738446803,0.14,0.28,0.66,0.36,False
dirichlet,dir,0.219,0.186,0.276,0.009,0.474,0.04,0.007,0.24487731849142907,0.3360555534473093,0.44952075521563034,0.47002619248609884,True,0.9357148737289441,0.8649808388337659,0.6868656456052481,0.34,0.28,0.7,0.44,False
dirichlet,dir,0.113,0.189,0.004,0.562,0.03,0.276,0.036,-0.17693413641597555,-0.08055058537385489,0.013428402820108619,0.08307905704687459,True,0.8581319606394079,0.7435494697598358,0.5483933462713255,0.38,0.58,0.4,0.54,False
dirichlet,dir,0.333,0.376,0.109,0.013,0.048,0.214,0.118,0.3707185766373453,0.4226662883861141,0.5636194736730772,0.5845188562948773,True,0.9274647288396148,0.8818656078240659,0.6994944454415384,0.54,0.34,0.66,0.46,False
dirichlet,dir,0.183,0.085,0.184,0.169,0.106,0.034,0.448,0.13261257823980033,0.21798008243877476,0.2646102462029591,0.2916167697890287,True,0.9530006041883943,0.9143976586024307,0.7440630047787822,0.66,0.4,0.56,0.56,False
dirichlet,dir,0.024,0.174,0.221,0.101,0.461,0.03,0.199,0.04566659874075652,0.1513652164197893,0.24077290828096087,0.26749353638029744,True,0.8904476411869635,0.7681022757283377,0.5715622206156896,0.28,0.44,0.52,0.74,False
dirichlet,dir,0.433,0.048,0.054,0.013,0.207,0.015,0.44,0.17599289234721846,0.2697315437971747,0.3516316691979334,0.37102834083967856,True,0.9713344991898654,0.9401955662284499,0.7884290235953416,0.56,0.14,0.8,0.36,True
dirichlet,dir,0.086,0.087,0.482,0.018,0.105,0.194,0.238,0.3099484230798845,0.3482371096468178,0.4120533367405823,0.427215847540959,True,0.797273018002301,0.6819585242904747,0.5016614193435842,0.1,0.3,0.58,0.38,False
dirichlet,dir,0.084,0.423,0.318,0.092,0.094,0.137,0.062,0.4203067870259808,0.47089451814107275,0.5758176030026623,0.5962193413806056,True,0.9031627410226883,0.8311594779363678,0.6412084833866453,0.3,0.4,0.6,0.66,False
dirichlet,dir,0.039,0.082,0.289,0.101,0.204,0.489,0.007,-0.0597713428500548,-0.01463112602599009,0.12331164741606078,0.16135028083885636,True,0.7888205598446424,0.6657513042121084,0.47948008728951297,0.2,0.6,0.4,0.7,False
dirichlet,dir,0.333,0.055,0.157,0.012,0.183,0.039,0.431,0.20318465076630077,0.28549860981282726,0.3573915677772231,0.3747310774303034,True,0.9789413387127316,0.9519687163343408,0.8181265798579952,0.58,0.18,0.76,0.44,False
dirichlet,dir,0.134,0.627,0.08,0.063,0.091,0.186,0.029,0.38869751206780795,0.4478611859084878,0.6072390714907698,0.6302002950724813,True,0.891282525663304,0.8071272421034926,0.6136088779003551,0.4,0.54,0.46,0.62,False
dirichlet,dir,0.017,0.361,0.096,0.104,0.127,0.465,0.04,-0.001372703887470645,0.04940176927224076,0.21933051450140023,0.2567249107115777,True,0.8059026346962948,0.6638865622610839,0.47706008450510506,0.16,0.62,0.38,0.6,False
dirichlet,dir,0.177,0.155,0.354,0.006,0.335,0.18,0.003,0.24990623989436211,0.31359229086138846,0.4273910568963105,0.44855139984532666,True,0.9069544414910782,0.8057658924710751,0.6197148665580859,0.2,0.4,0.6,0.4,False
dirichlet,dir,0.082,0.435,0.078,0.036,0.011,0.059,0.509,0.29344572386792755,0.362936592824111,0.45258997177494525,0.46662484399760434,True,0.9048074907685542,0.8169472988824212,0.6256837315092666,0.38,0.5,0.5,0.58,False
dirichlet,dir,0.16,0.098,0.384,0.073,0.354,0.085,0.056,0.2346000761304141,0.3106533261008008,0.39414895659958965,0.4173712989917307,True,0.9195037270834951,0.8232424059701693,0.6334020768999811,0.3,0.36,0.58,0.58,False
dirichlet,dir,0.036,0.341,0.05,0.163,0.292,0.126,0.202,0.023754198307784056,0.12255502710124896,0.2415961415667926,0.2755498532853492,True,0.9121592964261848,0.8062668758321936,0.6108747905403932,0.34,0.5,0.5,0.7,False
dirichlet,dir,0.11,0.075,0.604,0.205,0.068,0.016,0.131,0.4481321824967648,0.49698336434957896,0.5106133980601965,0.5326380129808675,True,0.6917557765519,0.5958673469146804,0.421126192389173,0.18,0.16,0.58,0.74,False
dirichlet,dir,0.443,0.016,0.02,0.064,0.127,0.514,0.025,-0.059235161350543325,-0.00554956210048648,0.1668524830966529,0.20875156642909196,True,0.8510045097007166,0.7794535773576463,0.584286210303316,0.44,0.44,0.54,0.54,True
dirichlet,dir,0.215,0.069,0.014,0.276,0.429,0.138,0.069,-0.1717204737970646,-0.049152491337625975,0.06452828076415423,0.11449223971081182,True,0.942582860029638,0.8705075800858059,0.6860412260117381,0.62,0.42,0.54,0.62,True
dirichlet,dir,0.039,0.121,0.092,0.028,0.386,0.062,0.482,-0.06366300620598252,0.04306266014392199,0.12947185443316228,0.15161237243938028,True,0.9051783954070483,0.8013714902971327,0.6062184552574151,0.3,0.54,0.46,0.62,False
dirichlet,dir,0.02,0.026,0.399,0.154,0.074,0.192,0.344,0.12161865581767368,0.17626945332206526,0.2202750529826079,0.24703151246327157,True,0.8215607021076693,0.7125054691111069,0.5225973158977955,0.26,0.46,0.42,0.78,False
dirichlet,dir,0.014,0.02,0.423,0.075,0.206,0.214,0.259,0.10937144378659963,0.16584538120906997,0.23053086855647711,0.25388111179715944,True,0.8202011436719245,0.6661750897885265,0.48392759197352464,0.12,0.3,0.54,0.56,False
dirichlet,dir,0.317,0.265,0.024,0.114,0.327,0.084,0.079,0.1452456665408944,0.24617958562101824,0.3782071863100027,0.4102665883444644,True,0.9792770908974431,0.9666354425009409,0.8414711570557066,0.78,0.38,0.6,0.56,False
dirichlet,dir,0.236,0.375,0.058,0.057,0.126,0.162,0.196,0.24909164636980008,0.3205503437470562,0.45222803637048725,0.47645109362621424,True,0.9477009773307716,0.8955412814702793,0.7186561205816394,0.54,0.48,0.52,0.58,False
dirichlet,dir,0.305,0.01,0.023,0.54,0.026,0.083,0.223,-0.08723433917694477,0.023256527387763088,0.06750534369890701,0.12974477448621907,True,0.8242497643988612,0.7529687980687171,0.5591351226229794,0.56,0.34,0.54,0.54,True
dirichlet,dir,0.027,0.309,0.045,0.128,0.245,0.454,0.002,-0.11532945979282251,-0.047134375354727275,0.12995244108322243,0.1725650114355105,True,0.8322556325848799,0.6770118463222405,0.4885235425049943,0.2,0.64,0.36,0.6,False
dirichlet,dir,0.013,0.241,0.452,0.43,0.008,0.051,0.016,0.3168747159235577,0.3817180487735303,0.4108373828897934,0.45273771191191287,True,0.7477023284593024,0.6412782861563348,0.45799024450792303,0.22,0.46,0.42,0.76,False
dirichlet,dir,0.068,0.477,0.308,0.059,0.051,0.071,0.176,0.4905026215370924,0.5409789491670356,0.6342471478437438,0.6481704361806847,True,0.8873218274662251,0.7918892180502007,0.6012505514301961,0.22,0.36,0.64,0.52,False
dirichlet,dir,0.34,0.006,0.072,0.552,0.02,0.218,0.003,-0.08094558054254673,0.013585167414544227,0.08589881000001894,0.15386271944002297,True,0.8729209248229568,0.8217301030086018,0.6297789918094795,0.56,0.42,0.52,0.62,True
dirichlet,dir,0.034,0.314,0.066,0.224,0.312,0.094,0.167,0.005447750606976206,0.1111548506048829,0.21980005976339811,0.25796902967029167,True,0.9090442126321272,0.7993985956408886,0.6036659414905305,0.32,0.54,0.46,0.66,False
dirichlet,dir,0.015,0.009,0.194,0.193,0.028,0.088,0.683,-0.027018998479774195,0.0545187469915958,0.07418936999293216,0.1020684752945566,True,0.8080078040584983,0.7187677423973472,0.5257406776846474,0.34,0.54,0.34,0.78,False
dirichlet,dir,0.138,0.402,0.001,0.034,0.213,0.313,0.109,0.07853127908040518,0.14933630470265724,0.3210415414033611,0.3509404209377852,True,0.8689120903390665,0.7396944908571248,0.5455129097566662,0.28,0.56,0.44,0.6,False
dirichlet,dir,0.04,0.147,0.092,0.342,0.307,0.261,0.021,-0.1906142624763896,-0.0895811073726158,0.025217210868027435,0.07991011020308435,True,0.8932462314777008,0.7637715466529773,0.568256574809159,0.3,0.62,0.38,0.7,False
dirichlet,dir,0.121,0.313,0.044,0.012,0.452,0.048,0.219,0.08026712662664902,0.18874793212010335,0.3193672072438524,0.3419834682349459,True,0.9265430363082914,0.8549395186784872,0.666457696288183,0.34,0.52,0.48,0.48,False
dirichlet,dir,0.282,0.02,0.154,0.049,0.544,0.122,0.04,-0.006997270103118624,0.10013128924036836,0.22422572845825456,0.25557161894502267,True,0.962358757046821,0.9249936305323802,0.7629487551515741,0.56,0.32,0.62,0.66,False
dirichlet,dir,0.111,0.07,0.04,0.029,0.024,0.106,0.83,-0.011151798642106057,0.06980542779251445,0.12034836624016679,0.13770355579516871,True,0.925771045931903,0.8633961161042435,0.6761305786704285,0.62,0.48,0.5,0.6,False
dirichlet,dir,0.041,0.113,0.069,0.026,0.492,0.188,0.281,-0.16910076249809386,-0.06243411305646082,0.06375820687530907,0.09326359536330002,True,0.87484271744109,0.7156083569923058,0.5246516554647361,0.2,0.56,0.44,0.58,False
dirichlet,dir,0.469,0.011,0.201,0.27,0.065,0.023,0.172,0.26192052197970955,0.3452993986673044,0.3972806046298681,0.43407335404118336,True,0.9226202232040026,0.9100292228487366,0.7366197454782724,0.7,0.28,0.6,0.48,True
dirichlet,dir,0.256,0.016,0.035,0.374,0.501,0.016,0.013,-0.16948088970311176,-0.027238796265512077,0.06291551828981673,0.11839395585239441,True,0.905225500660829,0.7876552967401631,0.59318918710383,0.56,0.38,0.52,0.58,True
dirichlet,dir,0.106,0.268,0.293,0.006,0.365,0.107,0.065,0.255481775880447,0.3310074211869693,0.4458428722088279,0.46473969000919935,True,0.9040191512161089,0.7925523172884523,0.6052678147597106,0.16,0.4,0.6,0.44,False
dirichlet,dir,0.027,0.088,0.218,0.418,0.136,0.235,0.088,-0.0963696286280788,-0.0113502508290513,0.060024793899415806,0.11471841716184725,True,0.8601459390254312,0.7450592074279889,0.5502355005308825,0.32,0.7,0.28,0.72,False
dirichlet,dir,0.096,0.076,0.055,0.472,0.374,0.099,0.037,-0.23282374828645183,-0.10179152285908012,-0.0193836899018033,0.042897844394315036,True,0.867478762043349,0.7199015414250062,0.5273521957405267,0.32,0.58,0.4,0.62,False
dirichlet,dir,0.022,0.029,0.085,0.258,0.01,0.114,0.692,-0.12543299390357185,-0.03442466914432055,-0.005545017957262826,0.030015011900478172,True,0.8121589303237382,0.7105283468708574,0.5178755638006833,0.3,0.7,0.28,0.68,False
dirichlet,dir,0.332,0.032,0.277,0.098,0.304,0.066,0.101,0.21764030586537775,0.3012135054689327,0.38408351125351375,0.4108397581201724,True,0.9775312253702788,0.9536824723862305,0.8129724897136253,0.68,0.26,0.66,0.54,False
dirichlet,dir,0.013,0.234,0.026,0.056,0.207,0.164,0.51,-0.04952029749643265,0.040073328720854964,0.14131151834755576,0.16614958715897946,True,0.8730180760858539,0.7220662826546055,0.5290857413150792,0.2,0.58,0.42,0.6,False
dirichlet,dir,0.195,0.314,0.076,0.162,0.018,0.071,0.374,0.23012244329150303,0.30785808043475116,0.3905418442969632,0.41738395762076047,True,0.9700977281943458,0.938061275491733,0.7855171366892718,0.66,0.46,0.52,0.58,False
dirichlet,dir,0.06,0.052,0.61,0.129,0.164,0.123,0.072,0.35465875357516596,0.3991458491145186,0.44079948531247387,0.4621013377452859,True,0.7525105406905617,0.6453265487829728,0.4647998832561471,0.12,0.26,0.62,0.66,False
dirichlet,dir,0.258,0.23,0.028,0.024,0.487,0.052,0.132,0.0761430647868656,0.18874521355161497,0.3253864741641321,0.3516140009037888,True,0.9602341217549532,0.9361709941943839,0.7816923497551902,0.58,0.38,0.62,0.48,False
dirichlet,dir,0.154,0.385,0.164,0.042,0.224,0.131,0.11,0.28313945922296063,0.3552218213097836,0.4831194654522166,0.5048383225468658,True,0.9390582225068671,0.8769392551547415,0.6951358405305806,0.4,0.44,0.56,0.64,False
dirichlet,dir,0.204,0.283,0.066,0.157,0.212,0.231,0.057,0.08578353936072051,0.16642384905909385,0.30388551269317843,0.34108737715522897,True,0.9449062694186748,0.8743388317547123,0.6895263487185853,0.52,0.54,0.44,0.62,False
dirichlet,dir,0.152,0.02,0.262,0.084,0.313,0.354,0.023,-0.030777477825978002,0.03473881447323463,0.16139726548322225,0.19689663081287032,True,0.8774132057253994,0.7626194339300842,0.5685224354512167,0.34,0.52,0.44,0.7,False
dirichlet,dir,0.188,0.056,0.212,0.041,0.382,0.215,0.117,0.022998859053110724,0.10539127292456181,0.22294003925642078,0.2518104653272026,True,0.9268315047452909,0.8339043133912583,0.6444814207861088,0.46,0.42,0.54,0.68,False
dirichlet,dir,0.004,0.497,0.349,0.119,0.09,0.151,0.001,0.43887638895028147,0.4860370305574989,0.5950478483742084,0.6167940859492267,True,0.8551317796281154,0.7693347687305544,0.5754285220664334,0.22,0.4,0.6,0.68,False
dirichlet,dir,0.233,0.097,0.192,0.032,0.059,0.425,0.172,0.07973925336987236,0.1197166264231118,0.2517460057785368,0.28137467391650905,True,0.8241489897634109,0.7400475812462745,0.5461620458353811,0.38,0.46,0.52,0.62,False
dirichlet,dir,0.344,0.147,0.174,0.283,0.022,0.139,0.101,0.22342718935134617,0.295572018566904,0.37569442412067383,0.415956318472372,True,0.9647442806963663,0.945227545393561,0.7981769675784205,0.78,0.38,0.58,0.58,True
dirichlet,dir,0.381,0.044,0.121,0.084,0.014,0.442,0.124,0.06451754553589267,0.10781148214374586,0.24499246617542036,0.28123367651016096,True,0.8497172247056087,0.8008528393478505,0.6066143108506367,0.5,0.46,0.52,0.56,True
dirichlet,dir,0.048,0.203,0.043,0.102,0.276,0.207,0.331,-0.08607902644965693,0.006420063362755824,0.12250987542868153,0.15462911647324454,True,0.8959107607817169,0.7654991359915901,0.5701763067008624,0.3,0.58,0.42,0.64,False
dirichlet,dir,0.236,0.007,0.178,0.135,0.111,0.007,0.535,0.12286152265986824,0.21078751047956712,0.24658728485342948,0.2705471682666826,True,0.9363410797023037,0.9010291003693094,0.7232424263264098,0.62,0.3,0.58,0.5,False
dirichlet,dir,0.055,0.041,0.001,0.041,0.696,0.33,0.045,-0.39196000352174926,-0.2724491554963566,-0.09792573392428397,-0.05583354614091904,True,0.8508961116925395,0.6664702076406545,0.48139856116555996,0.2,0.64,0.36,0.48,False
dirichlet,dir,0.038,0.144,0.165,0.04,0.236,0.148,0.439,0.021912401566938768,0.10360022214611538,0.1894113020099947,0.21141688905851966,True,0.8958669734534276,0.7649881467240677,0.5717194725727426,0.28,0.52,0.48,0.64,False
dirichlet,dir,0.06,0.137,0.096,0.118,0.626,0.068,0.106,-0.13489976378043336,-0.006895684859647992,0.11337708622666681,0.1488125157841069,True,0.9140500521506099,0.825043156858137,0.6298896971872447,0.32,0.62,0.38,0.66,False
dirichlet,dir,0.111,0.094,0.178,0.219,0.207,0.076,0.325,0.027989961307159136,0.12204131669273198,0.18386364065505445,0.21831511283102145,True,0.9326040568621552,0.8613038292482076,0.6741223663442233,0.6,0.5,0.48,0.62,False
dirichlet,dir,0.121,0.068,0.006,0.233,0.466,0.304,0.012,-0.3038090396553158,-0.1916556799795768,-0.046146116521978475,0.006663601083718915,True,0.9034701899292615,0.778972659956935,0.5837519729878878,0.34,0.62,0.38,0.6,False
dirichlet,dir,0.082,0.055,0.191,0.407,0.261,0.183,0.031,-0.12184789577466683,-0.02145695307337216,0.056223509179528224,0.1117410263926569,True,0.8871433345114295,0.7759670683908282,0.5806857694946299,0.42,0.62,0.36,0.7,False
dirichlet,dir,0.474,0.325,0.049,0.052,0.066,0.221,0.024,0.35093646385318156,0.4100408023014205,0.5617971482145426,0.5889998044852802,True,0.9507531678929325,0.9242422845492666,0.761088988672827,0.7,0.38,0.6,0.56,False
dirichlet,dir,0.252,0.301,0.018,0.01,0.066,0.035,0.528,0.2519541019904499,0.33237445757078454,0.42269773609697353,0.43759553891512915,True,0.9531832004419791,0.9268977137678422,0.7661067937877509,0.62,0.24,0.76,0.46,False
dirichlet,dir,0.003,0.02,0.287,0.032,0.035,0.744,0.089,-0.1607075560869631,-0.15000934433122778,0.008930841867837989,0.04705141353927942,True,0.6164279129308989,0.5594112664234351,0.39379789894611833,0.14,0.62,0.38,0.54,False
dirichlet,dir,0.038,0.026,0.197,0.33,0.115,0.236,0.269,-0.12116769022887115,-0.038959652634446854,0.024288692565804484,0.07156910698930248,True,0.8608429738864138,0.7530811441594584,0.5582209645793113,0.3,0.72,0.26,0.68,False
dirichlet,dir,0.07,0.114,0.064,0.121,0.282,0.284,0.274,-0.15713134706617293,-0.06917221748723464,0.0513105259898394,0.08831686218835746,True,0.8854524135396012,0.7482465138594812,0.5535667259890938,0.32,0.62,0.38,0.66,False
dirichlet,dir,0.039,0.298,0.292,0.266,0.254,0.026,0.035,0.22268476435295975,0.31139524042545674,0.38738041088980846,0.4221744474359496,True,0.8833384976492403,0.7524291594284624,0.5569923026215369,0.34,0.52,0.46,0.68,False
dirichlet,dir,0.509,0.028,0.102,0.328,0.074,0.133,0.036,0.15188399920689793,0.2378504304588922,0.3227907882335308,0.37068557293674903,True,0.9537452346460605,0.9438609316373773,0.7979060748737372,0.76,0.3,0.6,0.5,True
dirichlet,dir,0.011,0.13,0.757,0.041,0.152,0.068,0.051,0.5598786405524302,0.5880114823157906,0.6202606062930853,0.6289161224403857,True,0.49027840029420133,0.44781907759491046,0.3156818360990109,0.08,0.2,0.68,0.36,False
dirichlet,dir,0.445,0.241,0.255,0.019,0.019,0.018,0.212,0.5513982887183261,0.6060336134093476,0.6873983831572511,0.7000939903660517,True,0.9544228541416169,0.9246984915097621,0.7631781333395955,0.56,0.2,0.74,0.42,False
dirichlet,dir,0.007,0.102,0.005,0.53,0.134,0.307,0.124,-0.34203866477479183,-0.23718009036028737,-0.14564840941648402,-0.07593431693268057,True,0.8334411361085562,0.6902292032872038,0.49943137692329626,0.22,0.74,0.26,0.62,False
dirichlet,dir,0.228,0.086,0.223,0.163,0.324,0.146,0.04,0.08880113105665201,0.17648287674718321,0.2774197945543509,0.3129269471737645,True,0.9683364780093956,0.9330761816337498,0.7760413434265327,0.62,0.46,0.52,0.68,False
dirichlet,dir,0.04,0.071,0.145,0.025,0.085,0.553,0.291,-0.1593878996427729,-0.11891022881580944,0.02296106941014936,0.056458404506292414,True,0.7254998668836746,0.5910755551012404,0.41818579046155757,0.2,0.62,0.38,0.58,False
dirichlet,dir,0.232,0.084,0.197,0.151,0.329,0.147,0.07,0.06983319707166812,0.15941516482579707,0.2624325455554869,0.2974023837630595,True,0.9699501751280457,0.9361398369328351,0.7812709145102881,0.64,0.46,0.52,0.68,False
dirichlet,dir,0.202,0.04,0.147,0.046,0.015,0.135,0.625,0.10230560347119934,0.1701795932317366,0.22565407059013837,0.2448321285591483,True,0.9397326344284997,0.9057265686930044,0.7332025556168721,0.6,0.34,0.64,0.56,False
dirichlet,dir,0.21,0.089,0.016,0.378,0.068,0.133,0.317,-0.0802557266394243,0.020504406799325484,0.08739719828543391,0.1376858376904426,True,0.9009206182040197,0.8213574457940596,0.629460294509852,0.56,0.44,0.52,0.56,True
dirichlet,dir,0.123,0.123,0.334,0.231,0.195,0.076,0.13,0.1901973232850148,0.2684480692972726,0.3280830627823694,0.3611513385014777,True,0.9212646429585347,0.8418962299607673,0.6502150368095382,0.52,0.46,0.5,0.64,False
dirichlet,dir,0.251,0.173,0.135,0.031,0.346,0.128,0.145,0.13150356801982785,0.21974640689218053,0.34138199780382916,0.3666244191997643,True,0.9649270793154114,0.9274558460524959,0.7671765264342637,0.6,0.38,0.6,0.62,False
dirichlet,dir,0.05,0.307,0.392,0.108,0.175,0.17,0.006,0.3357799426112564,0.3882367520187187,0.4869114768273224,0.5107485507102042,True,0.8807409812604592,0.7870064619338059,0.5946216475979449,0.26,0.4,0.6,0.7,False
dirichlet,dir,0.159,0.043,0.38,0.124,0.071,0.173,0.259,0.22396939880835484,0.2763877881919879,0.33313657277912817,0.35797720437582164,True,0.8977397165902653,0.8338417407510322,0.6439949880656247,0.4,0.42,0.52,0.68,False
dirichlet,dir,0.104,0.062,0.222,0.208,0.229,0.205,0.181,-0.016746767307584558,0.0648444543264412,0.149530120087003,0.18787900687430703,True,0.9226257404568462,0.8356671845728488,0.6446118350758249,0.42,0.58,0.4,0.7,False
dirichlet,dir,0.137,0.23,0.273,0.059,0.465,0.035,0.012,0.2128598822174031,0.307134542012849,0.41628678348315984,0.43983956746340624,True,0.9287298937165752,0.8560031904579846,0.6676834228760922,0.36,0.34,0.64,0.54,False
dirichlet,dir,0.151,0.338,0.129,0.27,0.04,0.223,0.061,0.16756558412121852,0.23574288515312497,0.34802443868301,0.38914406461599693,True,0.9343013649870383,0.8594594235884627,0.6700795233630281,0.52,0.5,0.48,0.62,False
dirichlet,dir,0.26,0.437,0.095,0.27,0.079,0.043,0.026,0.341076317544585,0.4245077066847403,0.5305550710096419,0.5668291900753463,True,0.957135697792348,0.9058436419098901,0.7339473008854753,0.66,0.4,0.58,0.52,False
dirichlet,dir,0.142,0.13,0.055,0.087,0.165,0.317,0.313,-0.07548390197676773,-0.002158192175913846,0.1207963301368837,0.15430422142649092,True,0.882547503365777,0.7612620948841494,0.5657288020168507,0.42,0.62,0.38,0.64,False
dirichlet,dir,0.203,0.261,0.048,0.074,0.228,0.043,0.352,0.1479742577919217,0.24295352081646976,0.342439672972103,0.3659652048755618,True,0.9725363264989724,0.9626981368551994,0.8349831509769751,0.74,0.42,0.58,0.54,False
dirichlet,dir,0.175,0.125,0.186,0.036,0.13,0.419,0.14,0.03845688214796928,0.08545411459497278,0.2239160261093196,0.2546707188188483,True,0.8338409465642772,0.7241323091462819,0.5310721480365731,0.34,0.52,0.48,0.64,False
dirichlet,dir,0.053,0.093,0.491,0.094,0.283,0.128,0.067,0.2521518518393734,0.31306496387793475,0.38154227439592003,0.40419164447364353,True,0.8465998826649254,0.7000831120867848,0.5137509498018207,0.12,0.32,0.58,0.6,False
dirichlet,dir,0.023,0.208,0.147,0.171,0.235,0.069,0.358,0.03754374182598905,0.1327213685142218,0.20773964873204592,0.23776549752158435,True,0.9111348576881447,0.8120399320713886,0.6173116373157637,0.32,0.62,0.38,0.68,False
dirichlet,dir,0.092,0.304,0.022,0.323,0.113,0.176,0.181,-0.004659955724013545,0.0879887568447557,0.1916324621383363,0.23808263749589387,True,0.9132719286359342,0.8034152718964301,0.6077762979786204,0.42,0.58,0.42,0.6,False
dirichlet,dir,0.12,0.022,0.368,0.02,0.042,0.422,0.216,0.11298243867796011,0.1398420403655343,0.24103809761783773,0.2658399287718374,True,0.7359193598489304,0.6649433821300643,0.4804340824956347,0.18,0.48,0.48,0.54,False
dirichlet,dir,0.124,0.029,0.217,0.031,0.144,0.615,0.05,-0.11882094986136107,-0.08577155705041709,0.07547736561017131,0.1130646671249651,True,0.7372026130513286,0.6362558654674637,0.45504229448636896,0.24,0.56,0.44,0.64,False
dirichlet,dir,0.043,0.102,0.089,0.156,0.22,0.535,0.065,-0.25331803267286845,-0.1898371506692189,-0.030767397567073303,0.016901524641704673,True,0.8087522932401168,0.6612879033399721,0.4751898345625544,0.22,0.72,0.28,0.64,False
dirichlet,dir,0.353,0.145,0.034,0.112,0.007,0.558,0.0,-0.005092713272682972,0.03514885602473039,0.21087757453066042,0.25451093270603714,True,0.8192725318694674,0.7545557135724548,0.5601406964710145,0.44,0.54,0.44,0.56,False
dirichlet,dir,0.041,0.148,0.095,0.096,0.525,0.12,0.185,-0.12369154142881608,-0.008649283926626746,0.11002456630266856,0.1431667630888481,True,0.9058704152938547,0.7975852324334968,0.6019952966987991,0.3,0.6,0.4,0.66,False
dirichlet,dir,0.107,0.003,0.324,0.051,0.248,0.448,0.028,-0.02659762912717998,0.0202502078824481,0.14987810560469003,0.18348634898595456,True,0.8034997263888769,0.6845995180847364,0.496767319101542,0.24,0.5,0.48,0.62,False
dirichlet,dir,0.398,0.082,0.014,0.203,0.136,0.155,0.222,0.05410940385870243,0.14486243481460281,0.24594411541376593,0.285519482596317,True,0.9752962229946276,0.9518003234069193,0.8102262415356514,0.72,0.34,0.62,0.56,True
dirichlet,dir,0.053,0.109,0.036,0.158,0.168,0.665,0.022,-0.3240733870387315,-0.27059498279841016,-0.08712168637937526,-0.03459534601759802,True,0.7680683614613004,0.631607674309143,0.45057130684343744,0.22,0.74,0.26,0.62,False
dirichlet,dir,0.091,0.053,0.018,0.305,0.142,0.415,0.186,-0.29316308222546716,-0.21043527735240117,-0.08997472114271073,-0.034409264729516366,True,0.8539441899498346,0.7253921173732352,0.531338847355735,0.32,0.68,0.32,0.56,False
dirichlet,dir,0.037,0.035,0.608,0.202,0.203,0.042,0.083,0.325719766836095,0.3850188059035053,0.4082200673691012,0.43337326284695377,True,0.728212703481454,0.5638190039704601,0.3959574924896465,0.14,0.16,0.58,0.78,False
dirichlet,dir,0.008,0.259,0.174,0.243,0.009,0.003,0.514,0.16098616693522966,0.24472649471035832,0.28069466965191214,0.3086560746970456,True,0.8173835003204644,0.6492339441904519,0.4645843432403464,0.2,0.52,0.48,0.56,False
dirichlet,dir,0.026,0.759,0.075,0.111,0.179,0.016,0.044,0.44128468521308556,0.5221666042463343,0.6659747895024176,0.6871438737864741,True,0.8638261045497441,0.721821123901905,0.52947362947581,0.22,0.52,0.48,0.56,False
dirichlet,dir,0.184,0.199,0.042,0.259,0.454,0.016,0.056,-0.026120783585409573,0.1013164464237953,0.20873202389175713,0.25208950574521355,True,0.9295217716806323,0.8452645078477459,0.6546151562371578,0.6,0.46,0.5,0.64,False
dirichlet,dir,0.142,0.062,0.228,0.512,0.021,0.04,0.205,0.050802057859919494,0.1457002906435571,0.16583528308784296,0.21941037657769522,True,0.7589442429012256,0.6589659146316926,0.4729484700013587,0.4,0.42,0.5,0.6,False
dirichlet,dir,0.212,0.051,0.19,0.092,0.014,0.459,0.193,0.012566612933261714,0.05177508962185364,0.17499956744000966,0.20997693353369354,True,0.8076458445158785,0.734700753332345,0.5413794896482086,0.38,0.56,0.42,0.64,False
dirichlet,dir,0.025,0.005,0.37,0.501,0.128,0.063,0.117,0.01825017727209471,0.10992106686076347,0.1241308248723175,0.17719046062564034,True,0.7273746484320592,0.5970422407133243,0.42200764202577423,0.24,0.46,0.34,0.72,False
dirichlet,dir,0.146,0.195,0.223,0.384,0.055,0.078,0.131,0.15910839549971867,0.24258370743727417,0.29841555358578203,0.34301606358838144,True,0.8902386881614014,0.799758995955964,0.603851289130577,0.58,0.5,0.48,0.58,False
dirichlet,dir,0.097,0.202,0.21,0.184,0.066,0.31,0.142,0.08569296439181957,0.14196295209844248,0.24937075541851583,0.2858495583249958,True,0.8895249429047285,0.7923664782487627,0.5961350404326232,0.36,0.58,0.4,0.68,False
dirichlet,dir,0.108,0.524,0.008,0.211,0.119,0.073,0.167,0.22783116529881467,0.3170599787173379,0.4375595154119385,0.4704486855816047,True,0.9213861866921087,0.8293649124956065,0.63634122081194,0.38,0.6,0.4,0.58,False
dirichlet,dir,0.303,0.126,0.045,0.196,0.377,0.101,0.062,0.005789001999615152,0.1164171273938031,0.23350167963765298,0.274293770220444,True,0.9752641193691023,0.9505021086540875,0.8077274031034407,0.78,0.36,0.6,0.56,True
dirichlet,dir,0.084,0.069,0.285,0.259,0.137,0.206,0.169,0.04188473321426317,0.11371267951737825,0.18290269790327066,0.22257291391988507,True,0.9019904420351754,0.8149993247427936,0.6214299612363443,0.4,0.62,0.36,0.7,False
dirichlet,dir,0.481,0.029,0.062,0.345,0.012,0.042,0.239,0.14971297849998022,0.24365480109545354,0.3000877767444091,0.3448405919837876,True,0.902949968335502,0.8837914685726274,0.7029418276786927,0.68,0.28,0.6,0.46,True
dirichlet,dir,0.016,0.477,0.25,0.11,0.097,0.115,0.145,0.36139442848368053,0.42096407296732824,0.5253998901802098,0.5467127831878841,True,0.8951244197102612,0.7924405912487935,0.5985282055496941,0.26,0.5,0.5,0.72,False
dirichlet,dir,0.009,0.255,0.405,0.203,0.128,0.077,0.134,0.30445989241976984,0.3676523497920845,0.4262570828235369,0.45308253644734986,True,0.8640208284080221,0.7371383646718197,0.5423636772300844,0.26,0.4,0.54,0.76,False
dirichlet,dir,0.123,0.125,0.12,0.205,0.417,0.098,0.122,-0.05840243178176735,0.05295607065091603,0.15439571467128432,0.19401478239989578,True,0.9399494805750641,0.8749550705204492,0.6903268660146232,0.54,0.58,0.4,0.66,False
dirichlet,dir,0.029,0.486,0.085,0.372,0.008,0.082,0.147,0.19808682440511655,0.2828768305551248,0.3716607453711535,0.4144138819644429,True,0.8756855461452059,0.7407217705642933,0.5449409319715454,0.24,0.58,0.42,0.52,False
dirichlet,dir,0.301,0.013,0.128,0.04,0.128,0.589,0.011,-0.0818630650026124,-0.04253007978893719,0.12854226758785825,0.16845271980176701,True,0.7911835828421694,0.7104447450129288,0.519063969257452,0.36,0.48,0.52,0.58,True
dirichlet,dir,0.128,0.156,0.018,0.001,0.23,0.255,0.422,-0.06753381643954004,0.014081687997571464,0.13810278015368002,0.16365614538062345,True,0.8697511182617672,0.7303083057646055,0.5366069975862873,0.32,0.48,0.52,0.56,False
dirichlet,dir,0.042,0.145,0.056,0.183,0.215,0.458,0.112,-0.22599654891749518,-0.15343526294136017,-0.004228574078497692,0.042957217969997026,True,0.8371759972732638,0.6867514536106278,0.4969375705537114,0.26,0.74,0.26,0.6,False
dirichlet,dir,0.267,0.237,0.133,0.24,0.138,0.173,0.021,0.1706019729968167,0.24886298165120882,0.35973321167586697,0.3998479878573063,True,0.9715275191635208,0.9326889933205638,0.7751615711441401,0.66,0.44,0.54,0.66,True
dirichlet,dir,0.622,0.043,0.295,0.158,0.063,0.025,0.004,0.4956324691362467,0.5595440020766673,0.6303587029874578,0.6576956917825505,True,0.9351634717952896,0.9415506343322064,0.7911014681881388,0.72,0.18,0.68,0.48,False
dirichlet,dir,0.279,0.093,0.052,0.259,0.185,0.085,0.257,0.016758006434348792,0.11864759919852695,0.19890517763688914,0.23992676142831415,True,0.9605756789529373,0.9185518962236909,0.7555943956241183,0.76,0.34,0.62,0.54,True
dirichlet,dir,0.545,0.117,0.028,0.094,0.352,0.056,0.018,0.1926735787842696,0.2962130235458091,0.4251206572620317,0.4574808303181851,True,0.9895307572495988,0.9779570598462556,0.871180035459268,0.78,0.26,0.66,0.48,True
dirichlet,dir,0.157,0.083,0.106,0.108,0.387,0.203,0.166,-0.08400685331938147,0.013070940560160222,0.1322566478386193,0.16761019537322855,True,0.9356675029586589,0.8534694793432281,0.6655112491759997,0.5,0.52,0.46,0.7,False
dirichlet,dir,0.137,0.028,0.093,0.099,0.071,0.048,0.733,0.00802087561024612,0.09696197311794595,0.13406687607655873,0.15586630031838733,True,0.9681052240931086,0.9559296274835692,0.8180578083354441,0.72,0.38,0.56,0.56,True
dirichlet,dir,0.344,0.044,0.247,0.043,0.109,0.138,0.284,0.2539530817955751,0.3160492946114229,0.3944523609653288,0.4154908400016718,True,0.9652450930010891,0.9381691680442006,0.7902468562188747,0.56,0.26,0.68,0.5,False
dirichlet,dir,0.441,0.016,0.309,0.151,0.23,0.024,0.04,0.3254315586629931,0.40503651266915763,0.4751056711021554,0.5037545054642905,True,0.9640268968761673,0.9358575870745103,0.7782852240190413,0.7,0.26,0.62,0.52,False
dirichlet,dir,0.019,0.02,0.489,0.048,0.136,0.319,0.178,0.1570011330999722,0.19191821827007088,0.26844814009476603,0.2911613086796041,True,0.7422859231677916,0.6350040788206004,0.45686432049542336,0.08,0.32,0.56,0.44,False
dirichlet,dir,0.133,0.285,0.235,0.042,0.13,0.221,0.165,0.24923539349247623,0.30395237884037024,0.41900364764760745,0.4410989993008832,True,0.9081938091663979,0.8131335087965258,0.6195949357321735,0.36,0.44,0.56,0.64,False
dirichlet,dir,0.225,0.022,0.079,0.018,0.751,0.037,0.079,-0.12561428971743063,0.01047277902941398,0.14150547354752768,0.1720951418421665,True,0.9393601009921918,0.8864879998904345,0.7059493237746508,0.48,0.26,0.66,0.56,False
dirichlet,dir,0.235,0.012,0.276,0.166,0.206,0.202,0.114,0.0957112456393214,0.16732281442224914,0.2525190280692303,0.28729076269040443,True,0.9481687792173948,0.900238299513937,0.7257588769778103,0.58,0.42,0.54,0.66,False
dirichlet,dir,0.333,0.471,0.055,0.053,0.17,0.089,0.039,0.39656572921954314,0.47214424657741755,0.6179486728174093,0.6406728148604919,True,0.9632809382934433,0.9405861760185215,0.7902678231464817,0.68,0.4,0.6,0.54,False
dirichlet,dir,0.101,0.118,0.147,0.012,0.488,0.217,0.128,-0.06641219539890411,0.02814705175119482,0.16382160185606243,0.19261246557262066,True,0.8925951336846845,0.7567265584171742,0.563977224884556,0.26,0.56,0.44,0.56,False
dirichlet,dir,0.401,0.208,0.272,0.056,0.056,0.036,0.181,0.48468564259084984,0.5430318400398809,0.622184406873964,0.6389609871559054,True,0.974022345443678,0.9525138735513663,0.8133222180661113,0.64,0.22,0.72,0.46,False
dirichlet,dir,0.158,0.157,0.065,0.2,0.26,0.105,0.265,-0.014877055365419627,0.08711373632316892,0.18021676434960418,0.2172140108411955,True,0.9538199428741295,0.8996458974985779,0.7244480246638163,0.62,0.48,0.5,0.62,False
dirichlet,dir,0.271,0.273,0.149,0.044,0.013,0.187,0.274,0.30071142705536974,0.3549813362496226,0.46248079834989386,0.48337844155628695,True,0.946652278175012,0.9021649069293961,0.7269221221214506,0.58,0.38,0.6,0.52,False
dirichlet,dir,0.365,0.018,0.032,0.324,0.005,0.44,0.025,-0.10702123577222424,-0.041729921687479694,0.0862768795650536,0.1438107702208872,True,0.8792160117932297,0.8238301626914701,0.6302675212227241,0.54,0.5,0.46,0.56,True
dirichlet,dir,0.18,0.561,0.172,0.05,0.154,0.084,0.01,0.4732752793933699,0.5374865244183514,0.6749936256031366,0.6936345714782499,True,0.930097315976446,0.882292826683989,0.7033217484069328,0.44,0.42,0.58,0.54,False
dirichlet,dir,0.475,0.069,0.043,0.432,0.092,0.025,0.073,0.11658915065374674,0.22342620735007235,0.29069169488423846,0.3441580022635648,True,0.9014947143660899,0.8438716935745495,0.6535814867061291,0.62,0.28,0.58,0.48,True
dirichlet,dir,0.465,0.1,0.247,0.154,0.083,0.017,0.143,0.39550137853589656,0.46720122868260205,0.5344237522945605,0.5606298788475249,True,0.967020041537328,0.9524894033147874,0.8110594672387563,0.76,0.22,0.68,0.5,False
dirichlet,dir,0.176,0.008,0.029,0.298,0.066,0.531,0.102,-0.2840301874873036,-0.21828836570716068,-0.08226075996200259,-0.023753152447657685,True,0.8276837558673504,0.726432653471274,0.5328878839673452,0.4,0.64,0.34,0.56,True
dirichlet,dir,0.615,0.013,0.281,0.057,0.16,0.042,0.041,0.45093519093360196,0.5174719385012998,0.6018373379316535,0.6236417601257476,True,0.9544982943575648,0.9383996560544482,0.7859436039967996,0.58,0.16,0.76,0.42,False
dirichlet,dir,0.126,0.08,0.009,0.762,0.027,0.119,0.086,-0.24022427752739917,-0.11748150043383676,-0.07660062856177827,0.004330297443275606,True,0.7509309659692258,0.6287953990369478,0.44775125508028657,0.34,0.54,0.42,0.54,False
dirichlet,dir,0.23,0.453,0.217,0.163,0.024,0.115,0.008,0.4575992166703952,0.5138475167957809,0.6257137198322887,0.6524281207769095,True,0.9590004251953309,0.9405254468394258,0.7897901965355927,0.64,0.44,0.54,0.64,False
dirichlet,dir,0.425,0.302,0.369,0.021,0.017,0.012,0.063,0.6842370255100673,0.7271911238142358,0.8101373220047736,0.8207674047647112,True,0.9020726580760701,0.8828154324436553,0.7047927880478448,0.42,0.2,0.76,0.4,False
dirichlet,dir,0.212,0.733,0.074,0.052,0.094,0.007,0.038,0.5842462809533604,0.6532894514577284,0.7992975104854013,0.8150273328026602,True,0.9032066744013313,0.8303840366786231,0.6387029355376004,0.36,0.5,0.5,0.48,False
dirichlet,dir,0.042,0.06,0.525,0.227,0.124,0.134,0.098,0.25650664535372303,0.3103429554179607,0.34950964761566083,0.37964377061872445,True,0.8094238654263829,0.7123532866721619,0.520021738510543,0.28,0.4,0.46,0.8,False
dirichlet,dir,0.017,0.119,0.004,0.353,0.286,0.146,0.284,-0.2530952206883172,-0.13410371065485943,-0.049311385620052814,0.0025450757845167575,True,0.8693906950690405,0.7151563417888324,0.5224115489191968,0.2,0.68,0.32,0.62,False
dirichlet,dir,0.05,0.362,0.133,0.257,0.014,0.272,0.122,0.11635979667226896,0.1788569603948602,0.2924273821835443,0.332746753307023,True,0.8928324215639072,0.7853111404932179,0.5877847518438316,0.32,0.66,0.34,0.64,False
dirichlet,dir,0.234,0.004,0.007,0.026,0.079,0.108,0.752,-0.02757317031675426,0.0597473921612411,0.12083143220838345,0.1410801278090843,True,0.9460721361142419,0.9176154371044203,0.7489663304689714,0.62,0.32,0.64,0.52,True
dirichlet,dir,0.044,0.376,0.099,0.075,0.448,0.097,0.07,0.08897701275192785,0.1912059557196953,0.3303132843630788,0.358433105375385,True,0.908914737474598,0.8099735766228674,0.6153550036314719,0.28,0.54,0.46,0.64,False
dirichlet,dir,0.673,0.005,0.055,0.178,0.117,0.076,0.107,0.25171829454047195,0.33889940901780613,0.43440841641294353,0.4705324310480619,True,0.9660479056444402,0.9656643077475313,0.8397984155712146,0.7,0.18,0.68,0.46,True
dirichlet,dir,0.166,0.056,0.151,0.122,0.152,0.173,0.39,0.017446724834330577,0.09661079450580398,0.174510634072471,0.20420949515914516,True,0.9483779759495647,0.890193094980866,0.711391918842894,0.62,0.44,0.54,0.68,False
dirichlet,dir,0.169,0.107,0.121,0.299,0.007,0.167,0.34,0.024818081511276825,0.10441255957132313,0.16759128312465196,0.2092515345835723,True,0.9157649480583744,0.8543359630718907,0.6655779240057903,0.58,0.48,0.5,0.6,True
dirichlet,dir,0.607,0.005,0.176,0.136,0.073,0.024,0.19,0.35922092055285454,0.4352862809730716,0.5046082725354413,0.5319083324469422,True,0.9453379493419247,0.9454625125909454,0.7992077017395841,0.7,0.14,0.7,0.46,True
dirichlet,dir,0.125,0.385,0.252,0.104,0.184,0.061,0.1,0.3616114724370226,0.43234758412579927,0.5330519148424971,0.5549313527116986,True,0.9441433141989285,0.8908670583446163,0.7134001311690991,0.4,0.46,0.54,0.68,False
dirichlet,dir,0.076,0.365,0.048,0.233,0.191,0.219,0.079,0.03845996375745548,0.12450984280791107,0.255936547806254,0.29748976530027105,True,0.9158434951537974,0.8079015780173838,0.612063195997162,0.38,0.6,0.4,0.7,False
dirichlet,dir,0.01,0.331,0.642,0.077,0.088,0.034,0.029,0.6311666830662599,0.6634665698643301,0.7137941430220376,0.7238021481347904,True,0.5927721726463616,0.5231366972351714,0.36916217834636356,0.1,0.28,0.68,0.42,False
dirichlet,dir,0.286,0.1,0.338,0.065,0.048,0.111,0.262,0.35890308428887496,0.41091096112682024,0.475053929494068,0.4935659803221632,True,0.9470508513259916,0.9122619730561219,0.7493219295611874,0.5,0.28,0.62,0.5,False
dirichlet,dir,0.094,0.032,0.101,0.213,0.138,0.086,0.547,-0.07689352743645048,0.020272344330967203,0.06730386237415574,0.10115364180654796,True,0.9127212164809555,0.8315277785083406,0.6395504187514781,0.54,0.54,0.44,0.62,False
dirichlet,dir,0.525,0.078,0.003,0.004,0.236,0.102,0.262,0.1724568358321953,0.2625127949737715,0.38151670362076934,0.405600029953357,True,0.971470102385855,0.9473741028007401,0.8007605123981637,0.54,0.2,0.74,0.42,True
dirichlet,dir,0.149,0.113,0.135,0.26,0.17,0.015,0.369,0.051930750901258135,0.15298422022162037,0.20429708730796067,0.23996187838675284,True,0.9068698341740378,0.8066740963144278,0.6117306605253139,0.62,0.4,0.56,0.58,False
dirichlet,dir,0.164,0.572,0.148,0.013,0.02,0.189,0.104,0.46100142434234376,0.5066086415873343,0.6509544386134745,0.6676108796849973,True,0.8768192750355587,0.8051597324870825,0.6117512081143687,0.38,0.42,0.58,0.58,False
dirichlet,dir,0.232,0.051,0.015,0.039,0.053,0.187,0.633,-0.013214812503845179,0.0641499115481308,0.14479633056565366,0.16828359840486487,True,0.9144634086138631,0.8533005889092915,0.6637332537149202,0.54,0.42,0.56,0.54,True
dirichlet,dir,0.125,0.075,0.281,0.322,0.236,0.092,0.079,0.06632321307903143,0.1577096525678926,0.21887821644261085,0.2621451647392614,True,0.9054038790322864,0.8135862800307674,0.6188887696103674,0.52,0.5,0.44,0.66,False
dirichlet,dir,0.035,0.054,0.143,0.348,0.11,0.298,0.22,-0.17659236642142515,-0.09479772013907811,-0.013563883725311063,0.03823849240961461,True,0.8585089086809422,0.7402292729055459,0.5454902654748506,0.3,0.74,0.24,0.7,False
dirichlet,dir,0.172,0.024,0.068,0.625,0.238,0.06,0.023,-0.20097997576270343,-0.06970944938617597,-0.017448217137585063,0.05399967070206991,True,0.8102224868803162,0.6653628265346557,0.47890307744176647,0.38,0.48,0.44,0.56,True
dirichlet,dir,0.166,0.018,0.181,0.512,0.063,0.129,0.141,-0.0542682647208134,0.04179646859896295,0.08329236201351091,0.14226309871869397,True,0.8271099802348082,0.7441352877528015,0.5490747714185552,0.46,0.5,0.44,0.6,True
dirichlet,dir,0.09,0.079,0.264,0.351,0.101,0.266,0.059,-0.005098394833846308,0.0656737734862249,0.14347748989518402,0.1927904078497693,True,0.8830028351997758,0.7957621059660867,0.6006232209561925,0.36,0.64,0.34,0.72,False
dirichlet,dir,0.334,0.078,0.113,0.1,0.383,0.013,0.189,0.1093671113426903,0.2169462963107071,0.3117103743541184,0.3405213709225355,True,0.9801475294117851,0.9693359905121028,0.8494746526618773,0.84,0.3,0.64,0.58,False
dirichlet,dir,0.288,0.048,0.401,0.34,0.026,0.084,0.022,0.3127092170777047,0.3761645477628853,0.4157031048738219,0.4554514606681539,True,0.8729442437258785,0.8545017487720422,0.6639622125643895,0.56,0.4,0.54,0.54,False
dirichlet,dir,0.099,0.444,0.009,0.027,0.013,0.157,0.461,0.21493130660807083,0.28180911166409817,0.39799617403029364,0.41621684607342063,True,0.8714175075485028,0.7594223414395845,0.5661301090112499,0.32,0.52,0.48,0.62,False
dirichlet,dir,0.213,0.328,0.066,0.193,0.002,0.188,0.221,0.19274107764524892,0.26147876514189927,0.3700428848964159,0.40391321189967405,True,0.9520968783462186,0.8953296579951308,0.7160952200437118,0.62,0.48,0.5,0.58,False
dirichlet,dir,0.309,0.351,0.17,0.065,0.097,0.168,0.051,0.37817785527061326,0.4361354964946185,0.56435052965547,0.5879989415572405,True,0.9626708955152299,0.9365510541593083,0.7813543628821642,0.6,0.42,0.56,0.56,False
dirichlet,dir,0.288,0.492,0.074,0.026,0.016,0.046,0.268,0.470961436260928,0.5354269080789481,0.6513690600031347,0.665965883452949,True,0.9448137183078869,0.9116140396240895,0.7441523238903883,0.6,0.34,0.66,0.44,False
dirichlet,dir,0.019,0.144,0.246,0.126,0.236,0.305,0.135,-0.00793787807305288,0.05852638767881961,0.1704314582297354,0.20454722573032708,True,0.8666477112260291,0.7261147744925104,0.533189388386335,0.24,0.6,0.4,0.76,False
dirichlet,dir,0.212,0.133,0.213,0.058,0.482,0.054,0.057,0.12508602105732053,0.22609488902740252,0.33621588037720673,0.3626249276026987,True,0.9590173092021401,0.9281829860230307,0.768073072258742,0.5,0.36,0.6,0.6,False
dirichlet,dir,0.242,0.077,0.032,0.094,0.338,0.391,0.036,-0.15461561182185696,-0.07215861783877049,0.09047326213776824,0.13266390709078565,True,0.8935736616134401,0.780519490766336,0.5852133678421007,0.42,0.56,0.44,0.58,True
dirichlet,dir,0.196,0.407,0.224,0.096,0.08,0.138,0.069,0.40154930443123205,0.45802405438915256,0.5730321865501826,0.5958575627673756,True,0.952098448007745,0.9163360225609678,0.7495773067394416,0.54,0.44,0.56,0.62,False
dirichlet,dir,0.429,0.085,0.078,0.124,0.188,0.072,0.233,0.17275641850671689,0.26308991876270393,0.3562981290899746,0.3864935906884868,True,0.9945115080083118,0.9927638792877549,0.9271600548159356,0.84,0.28,0.68,0.48,True
dirichlet,dir,0.024,0.075,0.323,0.282,0.161,0.233,0.113,0.016186810541559085,0.0864690803072359,0.1574211221261575,0.19948753794007343,True,0.8729529337219154,0.764911873519806,0.5702417235149964,0.34,0.62,0.34,0.72,False
dirichlet,dir,0.097,0.008,0.107,0.175,0.101,0.703,0.018,-0.30932378937041355,-0.2674781342894973,-0.09824187040830867,-0.04462727387311483,True,0.7445815246129133,0.6427406894586967,0.460179191750101,0.24,0.68,0.32,0.66,False
dirichlet,dir,0.02,0.21,0.579,0.045,0.141,0.153,0.062,0.44011813031006264,0.4743898242303708,0.5423108781388509,0.5566688843555798,True,0.7280465508049718,0.6308097638332499,0.4576962881828719,0.1,0.3,0.64,0.38,False
dirichlet,dir,0.198,0.124,0.243,0.16,0.063,0.295,0.126,0.13390812400269153,0.18708523330946078,0.2884060844055859,0.32293002594799675,True,0.9090489576410137,0.8438547270553048,0.6526270721614554,0.54,0.48,0.5,0.68,False
dirichlet,dir,0.083,0.091,0.125,0.138,0.5,0.164,0.11,-0.13578933634380888,-0.025756266708585423,0.09231700680531592,0.13029396258196138,True,0.9202697393780267,0.8244595837513623,0.631646306382165,0.38,0.58,0.4,0.7,False
dirichlet,dir,0.339,0.024,0.111,0.223,0.181,0.28,0.052,-0.010609443880555888,0.06847698110918135,0.1831023697511279,0.22842126538353782,True,0.9475440608743082,0.898519452773449,0.7221324371788914,0.64,0.44,0.52,0.6,True
dirichlet,dir,0.416,0.104,0.304,0.031,0.19,0.057,0.109,0.4045394513968311,0.46998692309087514,0.5557526095927244,0.5741186357981095,True,0.9710814749818347,0.9347348276431425,0.788243256616743,0.54,0.22,0.72,0.44,False
dirichlet,dir,0.011,0.218,0.059,0.021,0.195,0.073,0.633,0.0160030371558095,0.10767672635657194,0.18524946385498298,0.20286766635538564,True,0.8859448014732987,0.7534276883888216,0.559483592959809,0.22,0.46,0.54,0.64,False
dirichlet,dir,0.068,0.036,0.019,0.219,0.647,0.111,0.11,-0.3227313486147656,-0.18093887048210147,-0.0629820953269227,-0.015366568519611677,True,0.8984502426627708,0.7734016284112926,0.5771348106350966,0.26,0.62,0.36,0.56,False
dirichlet,dir,0.055,0.135,0.181,0.41,0.024,0.195,0.21,-0.023025644415450974,0.05768072999684174,0.11745301520227489,0.16803908936021306,True,0.8583216444584046,0.7570804878905529,0.5611580117985095,0.38,0.64,0.34,0.7,False
dirichlet,dir,0.072,0.092,0.097,0.265,0.167,0.086,0.431,-0.0737231995638129,0.027441117429631116,0.08421097342693687,0.12287309045765163,True,0.8995865634586182,0.7926509127388065,0.5976790449816078,0.46,0.56,0.42,0.62,False
dirichlet,dir,0.005,0.39,0.068,0.401,0.148,0.088,0.11,0.04469926087696914,0.14626756849008055,0.2373295441608992,0.2862046325367895,True,0.8673170825658455,0.7124219002302876,0.5193969240678524,0.18,0.56,0.44,0.54,False
dirichlet,dir,0.338,0.022,0.14,0.037,0.477,0.109,0.088,0.04557107748385889,0.1481803504030969,0.2674780351859179,0.2965439106179348,True,0.973120028998265,0.9468583049821117,0.8017950206062965,0.6,0.28,0.64,0.6,True
dirichlet,dir,0.637,0.033,0.11,0.058,0.084,0.106,0.182,0.3294921463759246,0.39991618475332785,0.4991922819230404,0.5243729076349936,True,0.9652747253808475,0.9660781574430125,0.8422683196433274,0.66,0.2,0.7,0.4,True
dirichlet,dir,0.037,0.119,0.137,0.406,0.03,0.012,0.469,-0.01309529838603511,0.08788308755730849,0.10759529518963018,0.15140590428289613,True,0.7342441561086872,0.5752683758591208,0.40477995628814933,0.26,0.54,0.42,0.64,False
dirichlet,dir,0.065,0.381,0.319,0.137,0.004,0.282,0.023,0.3349214944828632,0.37102148414188274,0.48562724786063766,0.513291005638389,True,0.8442619077370619,0.7832949004800506,0.5868726904929241,0.34,0.58,0.42,0.72,False
dirichlet,dir,0.204,0.132,0.138,0.215,0.028,0.478,0.015,-0.024995402273274923,0.02294508209428515,0.16233281365486932,0.20932921600659501,True,0.8439568889521218,0.76679550036217,0.5708979883490977,0.42,0.6,0.38,0.64,False
dirichlet,dir,0.03,0.223,0.089,0.601,0.001,0.159,0.107,-0.08816289878555172,0.010580725165657048,0.06970435498858782,0.1355137965068205,True,0.8038413911172477,0.6722466788427381,0.4836436997737249,0.26,0.54,0.46,0.64,False
dirichlet,dir,0.083,0.257,0.349,0.365,0.011,0.082,0.063,0.290685544179278,0.35717890616422593,0.40772302525664905,0.44741198077419264,True,0.8603150407037776,0.7709833257800823,0.5741340239559728,0.44,0.52,0.46,0.66,False
dirichlet,dir,0.079,0.458,0.143,0.114,0.171,0.225,0.02,0.22952235815847297,0.2951340948621106,0.4388593313984235,0.468507172158819,True,0.9043835727814051,0.8072433992895607,0.61219990036516,0.34,0.52,0.48,0.76,False
dirichlet,dir,0.112,0.324,0.093,0.063,0.524,0.089,0.006,0.07263389666476468,0.18126768372128915,0.3273324449691972,0.35657739654263376,True,0.9307109316714813,0.8654477531767093,0.6784906160418802,0.34,0.6,0.4,0.62,False
dirichlet,dir,0.31,0.114,0.139,0.163,0.114,0.073,0.298,0.17989172833793882,0.26280420963953793,0.33660668352007617,0.3664760261480267,True,0.9895148078131426,0.9838165698526586,0.8907769840164919,0.86,0.34,0.6,0.5,True
dirichlet,dir,0.28,0.238,0.025,0.001,0.055,0.274,0.337,0.13975116303070625,0.2000254721480033,0.33217610740614517,0.35566713293207336,True,0.8900887506548936,0.804626896902368,0.6095534547625957,0.4,0.4,0.6,0.5,False
dirichlet,dir,0.022,0.036,0.248,0.108,0.334,0.125,0.338,-0.036650160213446706,0.054044656279981,0.12516388183788799,0.1532325011066641,True,0.8872127734250336,0.7574524566570452,0.5647173574290857,0.28,0.46,0.42,0.78,False
dirichlet,dir,0.045,0.348,0.148,0.002,0.025,0.361,0.281,0.1521167165584147,0.19325822498348888,0.3296102372567267,0.35165957450054186,True,0.7893466277928223,0.6500926896978907,0.4658712932568684,0.18,0.5,0.5,0.54,False
dirichlet,dir,0.094,0.077,0.094,0.207,0.141,0.536,0.061,-0.2265602384704846,-0.16707359038557795,-0.017952123954809444,0.03278727856056148,True,0.8172020289584212,0.6937670576134203,0.5033639338652782,0.32,0.68,0.32,0.62,False
dirichlet,dir,0.186,0.112,0.407,0.34,0.099,0.036,0.03,0.29836208024845884,0.3708656005085343,0.4093328018396313,0.44759447183107426,True,0.8616056395011128,0.777381711881975,0.5804131994357381,0.52,0.4,0.52,0.56,False
dirichlet,dir,0.042,0.029,0.28,0.099,0.567,0.082,0.111,-0.05027855040828162,0.057797615044326574,0.14936280162265705,0.1799685646078642,True,0.8820312517157661,0.7466759240605404,0.55305681030969,0.22,0.4,0.44,0.7,False
dirichlet,dir,0.18,0.121,0.084,0.587,0.015,0.007,0.216,-0.0119173207351186,0.10001995682239694,0.12844408181316405,0.18917659657129812,True,0.7526904135282296,0.6250812364627948,0.44497187915669345,0.38,0.4,0.5,0.52,False
dirichlet,dir,0.428,0.077,0.133,0.096,0.416,0.02,0.04,0.17372798493551078,0.2791808385784476,0.38777304055347533,0.4179147313489484,True,0.9848800478463561,0.9727616139638988,0.8575087599823543,0.78,0.28,0.64,0.5,False
dirichlet,dir,0.23,0.019,0.132,0.552,0.005,0.207,0.065,-0.08105685021121432,0.009627649710202447,0.06731766565343629,0.1326529665848743,True,0.8452120302826401,0.7835872747180982,0.5885060141535148,0.48,0.5,0.44,0.58,True
dirichlet,dir,0.184,0.333,0.258,0.047,0.047,0.062,0.28,0.4222767756470835,0.4793277338732995,0.5616512221002475,0.5762635831990798,True,0.9540312585300025,0.9032606772429983,0.7354577583502886,0.46,0.34,0.66,0.52,False
dirichlet,dir,0.258,0.231,0.134,0.294,0.104,0.008,0.181,0.22014160644165964,0.3127379936032099,0.3815129827778749,0.4191005703771096,True,0.9344913697695906,0.8614141698421451,0.6730878581360905,0.66,0.4,0.58,0.5,False
dirichlet,dir,0.167,0.01,0.387,0.007,0.184,0.168,0.286,0.213250833170489,0.26853393437090495,0.33677635247937737,0.35408405836207474,True,0.8773454221938116,0.7602352613857704,0.5754444569314147,0.14,0.3,0.56,0.38,False
dirichlet,dir,0.161,0.097,0.197,0.002,0.224,0.446,0.083,-0.009886532770521634,0.04025864780258323,0.19130761530960322,0.2221294535865789,True,0.8208749720431845,0.6939789147782087,0.5044361825431039,0.28,0.5,0.48,0.6,False
dirichlet,dir,0.094,0.183,0.297,0.048,0.147,0.034,0.406,0.26923628535669875,0.33930845144912997,0.39610273008330754,0.4110033897204192,True,0.9060819734627593,0.7814225005113894,0.5900667922445851,0.24,0.3,0.68,0.52,False
dirichlet,dir,0.051,0.16,0.182,0.105,0.305,0.27,0.138,-0.031198324212207418,0.0468495837797593,0.16856728882260458,0.2021715834625189,True,0.8895021273655436,0.7564903022626482,0.5619799153607067,0.28,0.58,0.42,0.72,False
dirichlet,dir,0.044,0.226,0.089,0.083,0.054,0.561,0.154,-0.10147182829010996,-0.06066273927981731,0.10308761867908228,0.14154466963495235,True,0.7569435968725519,0.6281881365589755,0.44774202963213944,0.18,0.64,0.36,0.64,False
dirichlet,dir,0.291,0.038,0.159,0.282,0.075,0.284,0.081,0.022868754843026688,0.09315827543025712,0.18951341431545385,0.23650514440494746,True,0.9280205728307539,0.8806512729954066,0.6981014027713247,0.6,0.4,0.56,0.64,True
dirichlet,dir,0.003,0.005,0.097,0.208,0.136,0.063,0.698,-0.1475619673742132,-0.04568691776544128,-0.015979204533704897,0.015840371771065877,True,0.8299093139066541,0.6821632934123575,0.4929894980853002,0.22,0.6,0.26,0.74,False
dirichlet,dir,0.128,0.068,0.363,0.118,0.009,0.293,0.231,0.18055335962686153,0.21968351910828848,0.2952030594445384,0.32264977472861794,True,0.8341158640024245,0.7710559279399511,0.5767779535272243,0.38,0.52,0.44,0.72,False
dirichlet,dir,0.047,0.508,0.038,0.057,0.081,0.136,0.344,0.23336762892240112,0.3051414693381789,0.4283172982963864,0.4486969754069556,True,0.8789703970907289,0.7556273792475555,0.561669604832122,0.24,0.46,0.54,0.66,False
dirichlet,dir,0.186,0.305,0.006,0.047,0.064,0.324,0.277,0.07761138016804286,0.138698839082881,0.2834437339788578,0.3121755961528662,True,0.8686528503104535,0.7561554938129975,0.560931149641801,0.38,0.56,0.44,0.54,False
dirichlet,dir,0.04,0.024,0.356,0.406,0.252,0.111,0.021,0.003453866022231339,0.09558209151132271,0.14246021257421945,0.19221326869963654,True,0.8377397721458234,0.7087450982783815,0.5163718157527044,0.28,0.56,0.32,0.78,False
dirichlet,dir,0.087,0.371,0.113,0.362,0.085,0.107,0.086,0.1430104594631247,0.23087498553250668,0.3220075124436953,0.36708334445502205,True,0.9084789461145374,0.801525007698323,0.6062809367016843,0.42,0.58,0.42,0.54,False
dirichlet,dir,0.07,0.555,0.445,0.031,0.03,0.042,0.037,0.6923489144451329,0.7268611811816629,0.8190634788463689,0.8269317330140498,True,0.7566422465990558,0.6960156303193399,0.5113577846847497,0.12,0.24,0.76,0.38,False
dirichlet,dir,0.133,0.228,0.127,0.301,0.157,0.183,0.082,0.04573780132409539,0.1317690215856669,0.2316652289453837,0.2766506053299898,True,0.934946423066251,0.8525751083794737,0.6634665543957583,0.5,0.5,0.48,0.64,False
dirichlet,dir,0.371,0.112,0.001,0.484,0.023,0.135,0.084,0.008562342121122257,0.10878955072888094,0.18718578790957763,0.24722575503763664,True,0.902436175235945,0.8429120153132342,0.6550508489928327,0.64,0.36,0.58,0.52,True
dirichlet,dir,0.048,0.141,0.09,0.446,0.217,0.232,0.036,-0.18318852562708493,-0.08067841103575607,0.014136132873922052,0.07465698495485001,True,0.8783342115162417,0.7490203221396212,0.5538883586585863,0.28,0.64,0.34,0.68,False
dirichlet,dir,0.047,0.274,0.049,0.043,0.389,0.139,0.267,-0.01745082915907368,0.08294028293352469,0.210872913929348,0.23758303537095476,True,0.8973814775339182,0.7741684182668693,0.579221019932,0.26,0.54,0.46,0.64,False
dirichlet,dir,0.205,0.028,0.596,0.062,0.007,0.066,0.246,0.5059095164750668,0.5385330383755589,0.5603172852006303,0.5717982738246469,True,0.6609678293605828,0.6462036511408753,0.4680153712739673,0.14,0.18,0.66,0.46,False
dirichlet,dir,0.138,0.119,0.598,0.17,0.122,0.047,0.015,0.47597517971867753,0.5229661864049525,0.5602180430344327,0.5818250147989649,True,0.7743311596931927,0.6883243660565976,0.4977292817401544,0.22,0.24,0.62,0.66,False
dirichlet,dir,0.005,0.393,0.114,0.057,0.032,0.174,0.435,0.1869534127959129,0.2494252919593896,0.3505029190464337,0.37013066422336766,True,0.8649741205500919,0.72366567775508,0.5302133426817874,0.22,0.54,0.46,0.66,False
dirichlet,dir,0.004,0.096,0.374,0.008,0.038,0.403,0.288,0.11110615598601292,0.1381450212090443,0.23484717584099168,0.25646013889605107,True,0.7029389633437049,0.5971309902573242,0.4237118339016769,0.08,0.42,0.48,0.46,False
dirichlet,dir,0.389,0.203,0.134,0.035,0.137,0.156,0.155,0.29002570393083016,0.35671126095750644,0.4749775614374758,0.4982370494612065,True,0.9765230613725286,0.9529753450427529,0.8115672862253994,0.68,0.32,0.66,0.52,True
dirichlet,dir,0.016,0.16,0.203,0.449,0.187,0.112,0.085,-0.03843404638883715,0.06155738576681615,0.12299126397582695,0.17656001161831264,True,0.8461177588375762,0.7015462811909103,0.509807909396035,0.32,0.6,0.34,0.74,False
dirichlet,dir,0.182,0.191,0.067,0.055,0.016,0.327,0.372,0.05414354746587929,0.10993787237311828,0.2290792201434346,0.2569524922677911,True,0.8622618077153561,0.7593663133306455,0.5642154091821725,0.42,0.6,0.4,0.6,False
dirichlet,dir,0.044,0.28,0.032,0.047,0.217,0.463,0.127,-0.1086596616202422,-0.046019221656393466,0.12882271071389262,0.16468573472278009,True,0.806883487277929,0.6433113098897081,0.46002571384001734,0.18,0.6,0.4,0.62,False
dirichlet,dir,0.093,0.221,0.034,0.161,0.052,0.17,0.479,0.011941303959504204,0.09304081159935332,0.1788268739570469,0.21000514665468736,True,0.9218502723242306,0.8282932179146445,0.6336587120938916,0.46,0.54,0.46,0.64,False
dirichlet,dir,0.562,0.078,0.079,0.051,0.29,0.016,0.133,0.26563694173356095,0.36157162167886703,0.4691735011296736,0.4945253481621371,True,0.9809139642323769,0.9545768722558463,0.8160965619270787,0.64,0.16,0.74,0.44,True
dirichlet,dir,0.107,0.243,0.718,0.022,0.013,0.035,0.072,0.7308005496967858,0.748044988385269,0.7836851300708969,0.7874701408558448,True,0.43969131368017844,0.512784244566321,0.36503462897763583,0.08,0.24,0.68,0.34,False
dirichlet,dir,0.551,0.053,0.245,0.052,0.055,0.047,0.206,0.4395844973548258,0.5009585924684132,0.5743656762488657,0.5933829969157618,True,0.9506223807778811,0.9447270192336018,0.7974619953470194,0.58,0.16,0.76,0.42,False
dirichlet,dir,0.137,0.334,0.126,0.251,0.239,0.104,0.019,0.1485126605180935,0.2409100047727665,0.3522155596941811,0.39145329796371287,True,0.9460560470293422,0.8817081783605967,0.6998131427411658,0.58,0.5,0.48,0.62,False
dirichlet,dir,0.367,0.047,0.163,0.011,0.236,0.035,0.351,0.21057156168755667,0.29602406992590446,0.3755414466245466,0.39405723207507926,True,0.9775940549085961,0.9469366691793867,0.8066740246604616,0.54,0.14,0.8,0.42,False
dirichlet,dir,0.059,0.039,0.01,0.507,0.202,0.323,0.071,-0.3706879433811267,-0.2629419727531968,-0.16378036172185034,-0.09338910900634805,True,0.8518737049424351,0.7183034821010266,0.524882711006966,0.22,0.72,0.28,0.58,False
dirichlet,dir,0.036,0.472,0.019,0.015,0.052,0.522,0.094,0.05259938377978785,0.09138404465855103,0.28701427557605624,0.318288099076337,True,0.7487078026782898,0.610555751255927,0.4337118003545927,0.1,0.56,0.44,0.48,False
dirichlet,dir,0.01,0.29,0.115,0.064,0.074,0.149,0.508,0.11017134711299957,0.1813383060175766,0.2673122280524511,0.28779891774737437,True,0.8852218433256007,0.7527901749091228,0.5573445470053358,0.22,0.5,0.5,0.72,False
dirichlet,dir,0.008,0.159,0.597,0.13,0.077,0.095,0.145,0.42714362777641773,0.4663195983816549,0.5024856137501303,0.5202205196203931,True,0.7014748695301591,0.5954754131547333,0.42345226333790137,0.1,0.26,0.64,0.62,False
dirichlet,dir,0.127,0.122,0.085,0.531,0.167,0.137,0.041,-0.12462125511066721,-0.013922579470085449,0.05737579858894924,0.12127491231663522,True,0.8616199559079841,0.7394177563185729,0.5451061513610891,0.44,0.52,0.46,0.62,True
dirichlet,dir,0.003,0.155,0.111,0.208,0.07,0.483,0.18,-0.1708108769552716,-0.11443426776929125,0.01699002362434725,0.06292903310415689,True,0.8014701482842944,0.664169639804143,0.4772806565835314,0.18,0.74,0.26,0.6,False
dirichlet,dir,0.009,0.121,0.355,0.036,0.437,0.137,0.114,0.09574924982525998,0.17692250647939312,0.2731326717402772,0.2960393091744882,True,0.8518755586751544,0.6767641206476261,0.4945116970295734,0.1,0.34,0.6,0.44,False
dirichlet,dir,0.496,0.114,0.145,0.08,0.057,0.072,0.245,0.34554869766606094,0.4150947450315373,0.5009727730301663,0.5240968009975793,True,0.9850095029300998,0.9854943714913882,0.8977019408665547,0.8,0.24,0.68,0.4,True
dirichlet,dir,0.016,0.172,0.292,0.03,0.109,0.33,0.262,0.10600766875843633,0.1504394334896522,0.2559359757038618,0.2792204381786908,True,0.8032627916997738,0.655423255825618,0.4711184765598136,0.1,0.44,0.54,0.54,False
dirichlet,dir,0.214,0.024,0.009,0.296,0.102,0.313,0.252,-0.18838965255949106,-0.10170029213036758,-6.151043918120385e-05,0.05126355611944086,True,0.8975010430773022,0.8099351957458517,0.6146706431143771,0.48,0.52,0.44,0.56,True
dirichlet,dir,0.677,0.113,0.03,0.014,0.037,0.113,0.225,0.3700324632925786,0.43788050929144856,0.5525142734907734,0.5744295230804377,True,0.9483730927028251,0.9409052425803498,0.7907005805322916,0.6,0.14,0.78,0.38,True
dirichlet,dir,0.255,0.013,0.037,0.682,0.118,0.008,0.098,-0.14409384949083118,-0.01297308692698378,0.019026293117945965,0.09189688480945984,True,0.7559439866946175,0.626300051699965,0.4459158102375637,0.38,0.36,0.52,0.52,False
dirichlet,dir,0.029,0.159,0.227,0.126,0.477,0.109,0.084,-0.00026570377505160276,0.10135864925437152,0.20692148869190372,0.23912160528553922,True,0.9044375418592682,0.7982205568031036,0.6034516594903863,0.3,0.52,0.48,0.74,False
dirichlet,dir,0.267,0.067,0.016,0.075,0.577,0.013,0.195,-0.07468482068763174,0.056844504469756835,0.17247513966625289,0.20427609312772652,True,0.959673196708906,0.9363416222370006,0.7816357390506511,0.62,0.36,0.56,0.54,True
dirichlet,dir,0.049,0.239,0.114,0.061,0.631,0.083,0.032,-0.04128514651983172,0.07793194457034719,0.21720115593947698,0.2478899685635108,True,0.9051229275226965,0.8034665810217207,0.6074953411486858,0.28,0.54,0.46,0.6,False
dirichlet,dir,0.033,0.126,0.059,0.344,0.38,0.026,0.242,-0.16803775046694233,-0.03833438240138435,0.033793735813015334,0.08168101467787281,True,0.8480148861985627,0.6628234144512141,0.47681267475934164,0.26,0.58,0.42,0.64,False
dirichlet,dir,0.335,0.016,0.418,0.086,0.074,0.028,0.252,0.4155111002857834,0.4716037308658302,0.5104632106143461,0.5277585751857867,True,0.8828822177900267,0.8302185758640681,0.6359818476727549,0.4,0.16,0.68,0.48,False
dirichlet,dir,0.127,0.31,0.118,0.166,0.26,0.068,0.16,0.14959373561771278,0.24361855504164745,0.34797837776214907,0.37919072991647046,True,0.9522501242296059,0.9059623749746177,0.7327043814169282,0.58,0.54,0.44,0.66,False
dirichlet,dir,0.19,0.005,0.059,0.027,0.055,0.066,0.808,0.014693478897589814,0.09971797909445385,0.14298645399269885,0.15994374036447187,True,0.9681036344663034,0.9633723974200599,0.8348384791764861,0.68,0.32,0.6,0.58,True
dirichlet,dir,0.009,0.209,0.096,0.05,0.34,0.169,0.338,-0.05001540119678758,0.04328451855431691,0.15588119915734572,0.1823638479647311,True,0.8791795378333132,0.7290201592082731,0.536395650956008,0.22,0.54,0.46,0.62,False
dirichlet,dir,0.229,0.403,0.174,0.096,0.125,0.046,0.136,0.39989413634082427,0.47141682955139563,0.5771375814277482,0.5984951110599581,True,0.9724609378238254,0.9530043388430728,0.8145496220082291,0.62,0.44,0.56,0.54,False
dirichlet,dir,0.106,0.007,0.112,0.065,0.667,0.022,0.23,-0.1656940764582101,-0.03210483798586367,0.06939010136665026,0.10005126609290992,True,0.9164858419698716,0.8312546050904834,0.6378898380849982,0.3,0.44,0.44,0.72,False
dirichlet,dir,0.16,0.394,0.024,0.08,0.273,0.152,0.127,0.13947937910432398,0.2281182776095973,0.372906340519117,0.4017027031940781,True,0.9337283602963697,0.8614816674711723,0.6744553211546236,0.46,0.52,0.48,0.6,False
dirichlet,dir,0.656,0.181,0.059,0.028,0.003,0.051,0.233,0.46110162238591507,0.5278309191865396,0.6318203914615232,0.6510101471108566,True,0.9499638983274261,0.9404500033555226,0.7886718206170316,0.62,0.16,0.8,0.38,True
dirichlet,dir,0.116,0.311,0.321,0.112,0.218,0.056,0.077,0.3496734266163965,0.41997346056398094,0.509337360070655,0.5316401484053963,True,0.9324325200708559,0.8613819312571064,0.6745345761409783,0.36,0.38,0.62,0.58,False
dirichlet,dir,0.065,0.046,0.38,0.136,0.001,0.31,0.272,0.1288665700276043,0.16755184843879245,0.23537184452766344,0.26408791623294225,True,0.7948768424425712,0.7218331414119847,0.5303336928462521,0.34,0.52,0.44,0.76,False
dirichlet,dir,0.027,0.126,0.3,0.228,0.121,0.059,0.349,0.1323544896875251,0.21132907860394212,0.25082063554469713,0.2809384642532256,True,0.8629703382365598,0.7364569936721893,0.5417216699067559,0.3,0.46,0.48,0.78,False
dirichlet,dir,0.003,0.016,0.169,0.103,0.342,0.479,0.098,-0.271664754407868,-0.20128188873442762,-0.056758774654522774,-0.014338465164996093,True,0.8061100526740475,0.6370952000783112,0.45547630988783533,0.16,0.72,0.28,0.66,False
dirichlet,dir,0.008,0.075,0.076,0.314,0.17,0.073,0.494,-0.1548757752577776,-0.04585056482957938,-0.00044787826482674893,0.04169241356657765,True,0.8348344871889968,0.6739059905011918,0.4857458439356097,0.18,0.64,0.34,0.68,False
dirichlet,dir,0.055,0.047,0.03,0.154,0.34,0.192,0.392,-0.23620274628500762,-0.12878281015114876,-0.03115192621286915,0.006904360357859917,True,0.8981118263069369,0.769664132293024,0.5747286460229093,0.32,0.62,0.38,0.62,False
dirichlet,dir,0.097,0.254,0.059,0.023,0.637,0.138,0.002,-0.05949727953359176,0.057168460200488165,0.21825990351419075,0.24911906983014953,True,0.9044554078539674,0.7934995098461587,0.5983252456904576,0.3,0.52,0.48,0.58,False
dirichlet,dir,0.163,0.028,0.081,0.424,0.265,0.204,0.044,-0.19903180894717185,-0.08984465936573338,4.446525382184678e-05,0.060236091218862704,True,0.9019437688560663,0.8021037384626325,0.6079071316068886,0.44,0.54,0.42,0.58,True
dirichlet,dir,0.064,0.051,0.129,0.264,0.084,0.337,0.282,-0.15636625256197342,-0.0835790831972036,0.007113418241817632,0.053088491652577875,True,0.8581428476841513,0.7431174199569421,0.5481673227917213,0.3,0.7,0.28,0.64,False
dirichlet,dir,0.184,0.69,0.051,0.012,0.111,0.06,0.103,0.5013605050097385,0.5690863224459584,0.7210158938647359,0.7358861618706177,True,0.8934869212667934,0.812530140874466,0.6201111414898595,0.36,0.48,0.52,0.52,False
dirichlet,dir,0.362,0.089,0.403,0.059,0.095,0.022,0.18,0.4772110386106924,0.5324081063729882,0.5873116525847724,0.6028339213434877,True,0.916347493982096,0.8547107959614064,0.6665658856346354,0.4,0.16,0.72,0.48,False
dirichlet,dir,0.042,0.039,0.018,0.251,0.684,0.156,0.02,-0.37655178504567594,-0.23340201597549337,-0.10379954613696964,-0.05114927426275305,True,0.8877632826720173,0.7458271119912896,0.5508645083590947,0.24,0.64,0.34,0.58,False
dirichlet,dir,0.027,0.099,0.02,0.1,0.453,0.279,0.232,-0.2754117839186476,-0.16981598555261043,-0.032907903076402435,0.006095258287413969,True,0.8656427627232101,0.6986024260306742,0.5087792719276323,0.22,0.66,0.34,0.54,False
dirichlet,dir,0.212,0.479,0.035,0.089,0.036,0.22,0.14,0.2855640828708746,0.3464391555832979,0.492295686858136,0.5192748962750605,True,0.9173546792471649,0.8449149586301754,0.6547246035992667,0.5,0.5,0.5,0.58,False
dirichlet,dir,0.051,0.372,0.146,0.002,0.037,0.435,0.167,0.13904588574509386,0.17423260434829246,0.3318890910369343,0.35703797976971585,True,0.7660724720517564,0.6389095908687181,0.4565712028474765,0.18,0.5,0.5,0.54,False
dirichlet,dir,0.318,0.029,0.312,0.078,0.404,0.056,0.013,0.21674885027761262,0.3046922046496738,0.3957701346291431,0.4220952130873358,True,0.9637912168529174,0.9227596943704295,0.7584295435751464,0.58,0.26,0.62,0.58,False
dirichlet,dir,0.245,0.025,0.215,0.199,0.022,0.107,0.396,0.14156779867200414,0.21407168274176025,0.26024107082476616,0.2910433760776613,True,0.9396903911540967,0.9310119668474687,0.772663990727586,0.7,0.38,0.56,0.56,True
dirichlet,dir,0.326,0.045,0.165,0.424,0.047,0.138,0.065,0.07983200587487628,0.16623138774433865,0.22955355619600615,0.28262891775728155,True,0.9075304153659034,0.867231226909204,0.6817522313004359,0.62,0.38,0.54,0.6,True
dirichlet,dir,0.033,0.024,0.146,0.057,0.565,0.233,0.153,-0.22224190648353784,-0.11614296829862411,0.010967954765130052,0.04558173957899228,True,0.8690913202730607,0.7044633137474272,0.5155381707110472,0.18,0.62,0.34,0.64,False
dirichlet,dir,0.117,0.055,0.53,0.046,0.025,0.275,0.163,0.3308002215943233,0.3538474127132303,0.4200724988556396,0.43863601695772475,True,0.714744072254517,0.6968783334870365,0.5120681441920771,0.12,0.34,0.56,0.5,False
