scenario_group,valve_context,thickness_mm,pore_index_0_1,degradation_half_life_months,material_risk_index_0_1,morphology_index_0_1,target_gradient_mmHg,predicted_gradient_mmHg,effective_orifice_area_cm2,residual_Mw_12m_percent,integration_12m_index_0_1,region_specificity_hinge_belly_ratio,regurgitation_fraction_percent,failure_risk_0_1,objective_score,feasible,result_type,gradient_closeness,safety_score,pareto_efficient
full_data_informed,aortic_high_pressure,0.6137904474109088,0.8270815225255372,58.27607493068469,0.03589574604535989,0.6129831932956393,32.75,31.78198398343062,2.2950462603275175,85.6708528610173,0.9212759029289507,5.889103344149537,13.469644828245901,0.04477218558166726,0.6423135891039966,1,scenario_model_generated_from_literature_calibrated_priors,0.9704422590360495,0.9552278144183327,1
full_data_informed,pulmonary_reference,0.4858263739321249,0.9611083294876347,59.04020471368508,0.20713562439208086,0.8740551033478153,23.37,21.08153826406438,2.681095074035557,90.05637247846919,0.8976560564907607,3.6826747585041995,13.55310506563322,0.03933488703204109,0.638556569717729,1,scenario_model_generated_from_literature_calibrated_priors,0.9020769475423355,0.9606651129679589,1
biology_only,pulmonary_reference,0.5602973254114835,0.9181782785329949,56.083048361237466,0.06728977090017607,0.9451993851232116,23.37,24.75882428674904,2.3382519559857657,85.53225486916327,0.9127741648549054,5.1067266291103595,9.29231350980672,0.055505958211541216,0.6328403522714154,1,scenario_model_generated_from_literature_calibrated_priors,0.9405723454536141,0.9444940417884587,0
biology_only,pulmonary_reference,0.55946693340311,0.7575257732063029,64.09754547714917,0.013245492180154712,0.6751658736053233,23.37,24.67706186721157,2.290871790767376,90.55282664649788,0.8855903670482835,2.5536353038043913,9.283462542919372,0.06404132386862169,0.6314688946296116,1,scenario_model_generated_from_literature_calibrated_priors,0.9440709513388289,0.9359586761313783,1
biology_only,aortic_high_pressure,0.42725559009355607,0.9183443703585806,55.098658774964434,0.04398833887926963,0.5789779689489071,32.75,29.234591054507067,2.6739875501533388,86.83422483167033,0.8595974452595325,3.586870780945995,12.355053393159219,0.033273651589312656,0.6293081701098349,1,scenario_model_generated_from_literature_calibrated_priors,0.8926592688399104,0.9667263484106874,0
biology_only,pulmonary_reference,0.6639330416343139,0.8975564638541064,62.16590543242794,0.1022725853162674,0.5570939667179262,23.37,22.88269756003669,2.1810647927494413,86.89507765982786,0.9043085462277246,4.287822142984478,7.247870579725972,0.07171458740192119,0.6231156332175222,1,scenario_model_generated_from_literature_calibrated_priors,0.9791483765527038,0.9282854125980788,1
full_data_informed,aortic_high_pressure,0.5948274427913672,0.8297115097904523,65.33185699642864,0.0694906773753926,0.6120307699475607,32.75,31.45399855329256,2.4220733022666074,87.40829404390311,0.8790452356601701,2.756772175912105,6.896751666167595,0.09025438269675286,0.6228889303571264,1,scenario_model_generated_from_literature_calibrated_priors,0.9604274367417576,0.9097456173032471,1
biology_only,aortic_high_pressure,0.7841821610425027,0.8406025964135085,66.68053047223202,0.0119600135762218,0.7279908317842051,32.75,37.81281283611892,2.0145832736550964,93.40124108491972,0.906606002037748,6.091067998897463,10.070945088296773,0.048062498214779474,0.6224283531006426,1,scenario_model_generated_from_literature_calibrated_priors,0.8454102950803383,0.9519375017852205,1
full_data_informed,aortic_high_pressure,0.5754716728814844,0.8052016916029412,64.86846144095776,0.011095748347793734,0.46193180748596957,32.75,34.17071987865584,2.470548807910625,90.07870734911246,0.8233931088023442,2.2920151248726617,8.652495661224597,0.02558966882617193,0.6213065212824737,1,scenario_model_generated_from_literature_calibrated_priors,0.9566192403463867,0.974410331173828,1
biology_only,aortic_high_pressure,0.6008254587370254,0.7596676588182124,82.72961262086721,0.14094055077521325,0.4508000121055159,32.75,31.573198238573706,2.3752245066979456,89.44636448708785,0.8585934127199841,5.641567088000456,14.985985681643532,0.02803338664922571,0.6203013834427767,1,scenario_model_generated_from_literature_calibrated_priors,0.9640671217885101,0.9719666133507743,1
biology_only,aortic_high_pressure,0.6226228771342398,0.778780637372036,54.103582550514126,0.21748940991197444,0.9401192886013942,32.75,30.97879508750821,2.212611844825574,83.64434592441593,0.9315518590737148,6.5987761568637735,8.45589248353955,0.05461850886746327,0.6198141703746944,1,scenario_model_generated_from_literature_calibrated_priors,0.9459174072521591,0.9453814911325368,1
biology_only,pulmonary_reference,0.5903791305221322,0.6620079394958467,78.9935310680594,0.06630953030578463,0.86581243259576,23.37,24.95568770262921,2.2306513838175257,89.9755357551853,0.8630566551537315,5.050721743687276,7.105165833762885,0.03431237037707041,0.6170354165415147,1,scenario_model_generated_from_literature_calibrated_priors,0.9321485792627638,0.9656876296229295,1
biology_only,pulmonary_reference,0.5931634617777978,0.8806476276324049,52.7040365318164,0.11802460701605594,0.8549709681166515,23.37,21.870078532746707,2.3253512971530714,86.73093739713453,0.8839070269770668,4.299732692859314,9.263778261603651,0.0711820182334798,0.6150913329882621,1,scenario_model_generated_from_literature_calibrated_priors,0.9358185080336631,0.9288179817665202,0
biology_only,pulmonary_reference,0.6184315377129408,0.9392162653060809,67.466580462053,0.41597861761615845,0.8750169604170268,23.37,22.954380055083888,2.4330146729136928,86.22937674038431,0.9074114065417722,4.590376534274395,7.448030170529244,0.04722307924990864,0.6150083000519643,1,scenario_model_generated_from_literature_calibrated_priors,0.9822156634610135,0.9527769207500913,1
biology_only,aortic_high_pressure,0.6084299029273156,0.5527294560856942,64.56223644027882,0.08141530417690458,0.8836100543045143,32.75,35.80980921282603,2.2316141115564316,90.29420649814367,0.8629248562310499,4.527358751738199,12.663451767827228,0.027742735923805644,0.6143751401366095,1,scenario_model_generated_from_literature_calibrated_priors,0.9065707110587471,0.9722572640761944,1
full_data_informed,pulmonary_reference,0.5307204211356743,0.5279201121886161,54.37411893700973,0.11001069703743775,0.9142928926008312,23.37,21.95058095317016,2.347197957046151,86.00642563075155,0.8728671117357604,2.8385533294796748,3.2796696753491785,0.0525983018544069,0.6142706506986749,1,scenario_model_generated_from_literature_calibrated_priors,0.9392631986807941,0.947401698145593,0
biology_only,aortic_high_pressure,0.5992327463236974,0.9093039633761988,78.48339003352314,0.039586085197789486,0.9518854012946338,32.75,31.22665372837936,2.305782893707378,89.2805090204185,0.8513747058403424,5.464218637454934,6.04446909085258,0.07457213462263619,0.6128912822228431,1,scenario_model_generated_from_literature_calibrated_priors,0.9534856100268507,0.9254278653773638,0
hydrodynamic_only,aortic_high_pressure,0.5231192931121716,0.9525301446714877,42.796245879902955,0.08533230937009649,0.8023423743379211,32.75,33.730358543779644,2.393305396842386,83.93234787898976,0.8601273561877438,3.8161609601799333,9.28950619397013,0.058566568102427954,0.6122075965343005,1,scenario_model_generated_from_literature_calibrated_priors,0.970065387976194,0.941433431897572,0
biology_only,aortic_high_pressure,0.41615210849489537,0.8821336011818981,77.34054864552992,0.07241957655601765,0.8279615494139324,32.75,21.99556995915627,2.708180859430088,91.33179556783357,0.8656501077701627,3.7405324185002398,11.293991615854289,0.044429242541425024,0.6110715301381394,1,scenario_model_generated_from_literature_calibrated_priors,0.6716204567681304,0.955570757458575,1
biology_only,pulmonary_reference,0.5592689161660114,0.8753320110604974,46.847503261940155,0.02039616174770739,0.9385089817699949,23.37,19.737959871357276,2.2283728519153785,79.76348320277752,0.9156149967583452,4.995351446172136,11.590656766040425,0.06489699223523186,0.6088862425437057,1,scenario_model_generated_from_literature_calibrated_priors,0.844585360349049,0.9351030077647682,0
full_data_informed,aortic_high_pressure,0.5834849705098121,0.8922740964405826,66.75460981889395,0.08557724016246875,0.4676468629573694,32.75,34.75082582773164,2.3853992079600337,90.1371323573899,0.8314891451731221,1.7808469724781046,6.421340272089882,0.049833661122432246,0.6085914044129458,1,scenario_model_generated_from_literature_calibrated_priors,0.9389060815959805,0.9501663388775677,1
biology_only,pulmonary_reference,0.6350108234328546,0.853818874605649,63.476516838757306,0.11224809666822254,0.8347257957004272,23.37,22.969707143515983,2.224479617210797,85.78026654209593,0.8644327879114149,5.315417675322812,13.748215870811212,0.05688915841307503,0.6085526994475465,1,scenario_model_generated_from_literature_calibrated_priors,0.9828715080665803,0.9431108415869249,1
biology_only,aortic_high_pressure,0.45606729749902486,0.8901280567824136,59.02303761830607,0.10404782326717124,0.9243328163493918,32.75,24.889488221360637,2.698326462819221,90.83054932433214,0.8473888887230682,8.100577213771146,10.84393642579854,0.05562587095083125,0.6082888047554988,1,scenario_model_generated_from_literature_calibrated_priors,0.7599843731713172,0.9443741290491687,0
biology_only,pulmonary_reference,0.6628976108965912,0.7055617052704011,40.13342853855182,0.06860118992375952,0.7357075472362653,23.37,27.245223290535204,2.246143456264866,83.25238020310779,0.8970642803475247,7.371049665759817,9.823330043517538,0.042845510877042546,0.6066866272047667,1,scenario_model_generated_from_literature_calibrated_priors,0.834179576784972,0.9571544891229574,0
biology_only,pulmonary_reference,0.5058483828648456,0.9733931983612932,61.579586091566945,0.18438096196213608,0.6423482018134918,23.37,21.653016044529323,2.5104280194857593,86.75565025295406,0.8563403384959191,9.508526225174778,8.58816220059597,0.07236206184778066,0.6061997578083272,1,scenario_model_generated_from_literature_calibrated_priors,0.926530425525431,0.9276379381522193,0
biology_only,aortic_high_pressure,0.5594205573170734,0.8713925117682463,66.25772737692816,0.10987036262944518,0.8156752460106919,32.75,31.237668571536158,2.2329251815499633,86.61416310366315,0.8595348131631189,8.171301852734741,10.940710482030235,0.05032074168249174,0.6061740594469203,1,scenario_model_generated_from_literature_calibrated_priors,0.9538219411156079,0.9496792583175082,1
full_data_informed,pulmonary_reference,0.6474164351898782,0.6304285637745257,59.224604642765534,0.07731529465277173,0.43156018596170276,23.37,23.39297815973032,2.1949241026900568,88.19033399210697,0.8357112707452755,4.97906396529848,8.528368175840281,0.04666336768243674,0.6057181896486886,1,scenario_model_generated_from_literature_calibrated_priors,0.999016766806576,0.9533366323175633,1
full_data_informed,pulmonary_reference,0.6069934522370285,0.6783455988678532,63.38619964580743,0.2078519196865109,0.6952856998687218,23.37,24.758606468092673,2.3325298652971034,89.02878307797866,0.8579440613087528,3.6585785738652086,10.329800608057926,0.05402735569237173,0.6048120779762906,1,scenario_model_generated_from_literature_calibrated_priors,0.940581665892483,0.9459726443076283,0
biology_only,pulmonary_reference,0.5974871276119742,0.795240279504762,66.00275712246692,0.13664337100811721,0.8242125723908403,23.37,18.966352631428794,2.482947797221368,87.5807548578181,0.8644859273431753,8.755806104285677,10.436460764901383,0.05231596226619531,0.6029630179450265,1,scenario_model_generated_from_literature_calibrated_priors,0.8115683624916044,0.9476840377338047,0
biology_only,aortic_high_pressure,0.5539373540967614,0.693121917409999,81.16887771310968,0.08611514037078564,0.4639136775520099,32.75,31.1015706203597,2.3519202563079356,91.89153894385414,0.8093380328158729,4.76941162185874,9.197614270984358,0.046095486915901686,0.6026182209789055,1,scenario_model_generated_from_literature_calibrated_priors,0.9496662784842655,0.9539045130840983,1
biology_only,aortic_high_pressure,0.7184040161650352,0.7308175129296072,52.939208453855954,0.12417738528172334,0.8440212133692434,32.75,33.63641580478042,2.153437475024862,84.60949959524137,0.8721523595047723,2.63067206433185,8.740023895112406,0.06779807788948597,0.602243144956585,1,scenario_model_generated_from_literature_calibrated_priors,0.972933868556323,0.932201922110514,0
biology_only,aortic_high_pressure,0.5937325097940837,0.5899168541208234,54.171128586946686,0.16210683110250887,0.6973826748095854,32.75,33.24627994092701,2.3022615115127993,85.28128697432925,0.8411950103158156,6.515803492606566,7.157752940941693,0.031241286522998086,0.6021357138122942,1,scenario_model_generated_from_literature_calibrated_priors,0.9848464140174958,0.9687587134770019,1
full_data_informed,pulmonary_reference,0.6595199658696093,0.8505260469085856,64.5457419424535,0.09312578134648217,0.8671827229678353,23.37,24.261352769894643,2.1961067338432025,87.37765783278344,0.8478870238046005,4.831977699097416,9.983690904551016,0.057312934298921196,0.6020006311175892,1,scenario_model_generated_from_literature_calibrated_priors,0.9618591027002721,0.9426870657010789,0
full_data_informed,aortic_high_pressure,0.5493363885264934,0.7212703602734986,53.27866727710713,0.027352393733719883,0.8904402214056883,32.75,31.23169660301578,2.266941265617523,86.69069176702185,0.8275187801060954,3.8172002551112656,8.721583052693424,0.0456682138824985,0.6018898412979916,1,scenario_model_generated_from_literature_calibrated_priors,0.9536395909317795,0.9543317861175015,0
full_data_informed,pulmonary_reference,0.6262128031204423,0.9318097490816745,69.63825344410587,0.0556825566795193,0.8307004888897145,23.37,19.339201010505672,2.3714346229114454,89.0318080743597,0.846399697341443,4.084858909268559,7.685982614582759,0.04682666747955634,0.6016726881842677,1,scenario_model_generated_from_literature_calibrated_priors,0.8275225079377694,0.9531733325204437,0
biology_only,pulmonary_reference,0.6343026929996008,0.9526786823948479,59.94313569078922,0.22087235556436305,0.8836631274300042,23.37,25.07631955220928,2.1824505001544,85.86343221332685,0.883495541917394,4.140295873318747,11.461376202346354,0.04415805666488064,0.6012481636004554,1,scenario_model_generated_from_literature_calibrated_priors,0.9269867542914301,0.9558419433351194,1
biology_only,aortic_high_pressure,0.6222938224951621,0.9211854920720679,58.87657981841761,0.06696241457343124,0.9018351497173812,32.75,32.23456642055379,2.2975408758197178,85.5044312275154,0.8311328692603484,6.38748444438972,11.448352110531266,0.0617683561226293,0.6007322833555541,1,scenario_model_generated_from_literature_calibrated_priors,0.9842615700932456,0.9382316438773707,0
biology_only,pulmonary_reference,0.5967521142905293,0.8607156546297429,74.12666849964278,0.28024815469632014,0.7570582711695535,23.37,23.674297212122397,2.260339789576225,89.52765377793085,0.853705520840349,4.738543878147133,13.028160219992072,0.05097842406464811,0.6005841830749319,1,scenario_model_generated_from_literature_calibrated_priors,0.9869791522412326,0.9490215759353519,1
full_data_informed,aortic_high_pressure,0.5941687811345792,0.6436030652452608,43.0824923049169,0.04642028685286414,0.9375112804085393,32.75,33.41988459794282,2.341475734280294,79.4503220039162,0.8394624816401516,7.1108043302946555,11.275587795924283,0.03777685008901423,0.6004461506626275,1,scenario_model_generated_from_literature_calibrated_priors,0.9795455084597613,0.9622231499109858,0
biology_only,pulmonary_reference,0.6339153545145182,0.5966645979746491,72.35149868231905,0.18207880091417458,0.8502687383213681,23.37,22.485927011608837,2.185961840952038,89.2449219914702,0.866581443244991,3.5350823241985925,8.226817833749637,0.08973621413220952,0.6004395319209793,1,scenario_model_generated_from_literature_calibrated_priors,0.9621706038343533,0.9102637858677904,1
full_data_informed,aortic_high_pressure,0.5656356574396365,0.6970627645320847,50.879511090665744,0.028562745678342605,0.8064530800488325,32.75,32.47505686785847,2.374862046317261,82.69022581673373,0.8130832232415863,7.712600157656004,9.990036008686273,0.03469167532183886,0.6002373496246812,1,scenario_model_generated_from_literature_calibrated_priors,0.9916047898582739,0.9653083246781612,1
biology_only,aortic_high_pressure,0.5600226513113885,0.9244459455300807,61.11626760403703,0.09247960015101335,0.6974524734993528,32.75,32.65285296409938,2.12638648530029,88.7835874227084,0.8368061015923142,5.911290248169458,8.044830834206273,0.06147191226649892,0.5999985117151139,1,scenario_model_generated_from_literature_calibrated_priors,0.9970336782931108,0.938528087733501,1
full_data_informed,pulmonary_reference,0.6048462868950925,0.5852194193336896,60.65497728899081,0.018225508042841333,0.7622100093837691,23.37,25.305870728537688,2.2605196195066695,89.48741156403705,0.8241036499015841,6.1563577314371605,11.520673167509113,0.058892180892238806,0.5994057790088427,1,scenario_model_generated_from_literature_calibrated_priors,0.9171642820480237,0.9411078191077612,0
biology_only,pulmonary_reference,0.6015409606939958,0.9460825388226836,58.2329836501403,0.16554855961310244,0.4473132332459188,23.37,21.97115109816212,2.404076693351083,86.09081713467307,0.8412555338343536,4.826494695721478,10.131194945582124,0.05529871173794141,0.5992201582525417,1,scenario_model_generated_from_literature_calibrated_priors,0.9401433931605528,0.9447012882620586,0
full_data_informed,pulmonary_reference,0.6111559181918811,0.768688011707814,67.54499061762095,0.09882332682170489,0.573987705143999,23.37,24.909709692238565,2.2922338329588663,90.475590214638,0.840126599173677,4.63690590175951,10.908072453929284,0.100617256579178,0.5984102153451157,1,scenario_model_generated_from_literature_calibrated_priors,0.9341159738023721,0.899382743420822,0
biology_only,aortic_high_pressure,0.6936738049642227,0.756815271576153,70.1615297490359,0.1686623501373797,0.7849797056991494,32.75,33.21853492583759,2.050087846405753,92.9810637935923,0.8400865114706142,3.648779548543743,13.938132689774351,0.05965460975912459,0.5979521472000526,1,scenario_model_generated_from_literature_calibrated_priors,0.9856935900507606,0.9403453902408754,1
biology_only,aortic_high_pressure,0.6925852636002895,0.5761755664216807,59.53265759062598,0.031968123954344514,0.9731920614359815,32.75,33.68131150929837,1.9729125405522054,86.16191590859997,0.8476687346416998,3.8729738088646224,10.693771843049525,0.03675696369100267,0.5979069409876563,1,scenario_model_generated_from_literature_calibrated_priors,0.9715630073496682,0.9632430363089973,1
biology_only,pulmonary_reference,0.5775762276618526,0.9489707408281913,55.280223966414525,0.4167997261353996,0.912959900831339,23.37,20.39050946642889,2.523581832870129,86.43827280006418,0.8844286782002063,4.3095122442454326,6.60652956680172,0.04583187479141661,0.5972518966662903,1,scenario_model_generated_from_literature_calibrated_priors,0.8725078933003376,0.9541681252085834,0
biology_only,aortic_high_pressure,0.6352956277760042,0.6710555144573994,65.70239511851416,0.09485494384670284,0.8683486637145631,32.75,36.33246171415179,2.1374357489193736,92.33807423691194,0.8539058732776645,4.123270870169742,10.38826879662669,0.08700090270224792,0.5970856706357054,1,scenario_model_generated_from_literature_calibrated_priors,0.8906118560564339,0.9129990972977521,1
biology_only,aortic_high_pressure,0.4857289372099735,0.8395759724797301,60.25877369849201,0.2289763135989811,0.598369751710661,32.75,28.433965140101982,2.4504548625116924,86.38095419871527,0.8580094736994206,5.609825665586954,7.546491137073326,0.044772664319997164,0.5970762293819485,1,scenario_model_generated_from_literature_calibrated_priors,0.8682126760336484,0.9552273356800028,0
biology_only,pulmonary_reference,0.6127711734255529,0.9609468119807894,50.98200351519223,0.08316802694111831,0.6249103926530294,23.37,26.104511182699298,2.3205812569327393,83.89586075964971,0.8567777593232926,3.5732830588864037,5.03866702187897,0.05798918712648953,0.5969154233079493,1,scenario_model_generated_from_literature_calibrated_priors,0.8829905356140652,0.9420108128735105,0
hydrodynamic_only,pulmonary_reference,0.5884071945649232,0.8749251167047568,41.608253863683515,0.14733660561688672,0.372864782619673,23.37,20.39088323704409,2.4250276395244605,83.97129229809147,0.8678117366242863,5.520671288293898,7.543703658575781,0.08111255300215578,0.5968185669942733,1,scenario_model_generated_from_literature_calibrated_priors,0.8725238869081766,0.9188874469978442,0
full_data_informed,pulmonary_reference,0.6829490566516747,0.7801684492017023,62.823011912278595,0.1181674840590589,0.6087286772169465,23.37,21.936261300740043,2.191909290874308,87.78591102876243,0.839470143961279,2.540471777787935,7.096302953135769,0.04526319516954435,0.5961301103668855,1,scenario_model_generated_from_literature_calibrated_priors,0.9386504621626034,0.9547368048304556,0
biology_only,aortic_high_pressure,0.6487336731809341,0.8168712647160009,72.98761328175888,0.05073257434183709,0.36952350834197284,32.75,37.9094876543289,2.1937367298015857,93.20224457792034,0.8234757468894073,3.003624196752667,8.37705439570309,0.026910629046397714,0.5960413908972241,1,scenario_model_generated_from_literature_calibrated_priors,0.8424583922342321,0.9730893709536023,1
full_data_informed,aortic_high_pressure,0.5748557332673205,0.5241148652937606,65.23479868230679,0.045099522344262365,0.6958436801487969,32.75,34.19151342163282,2.2307591849850734,87.99569202617913,0.8151481218219194,3.749800313404571,12.149532703746985,0.046632329861504236,0.59594140025663,1,scenario_model_generated_from_literature_calibrated_priors,0.955984323003578,0.9533676701384958,0
full_data_informed,aortic_high_pressure,0.5364497315745912,0.7827692397041615,70.83592483432203,0.1663361738047505,0.6974837207333507,32.75,27.67429126096379,2.434484315483435,86.87798358562652,0.8466858295672303,6.196171925261713,11.802123678659685,0.03805609067866481,0.5957187494798494,1,scenario_model_generated_from_literature_calibrated_priors,0.8450165270523295,0.9619439093213352,0
baseline,pulmonary_reference,0.637372125097633,0.824311301703605,37.82752831409157,0.11979650683531973,0.691246949326899,23.37,22.824264815833047,2.13871644400466,79.08854979411007,0.8784194752018323,3.916610217799971,12.446186608280538,0.06551926978224447,0.5953623531238951,1,scenario_model_generated_from_literature_calibrated_priors,0.9766480451789921,0.9344807302177556,0
biology_only,pulmonary_reference,0.5544391035601779,0.63888611042401,56.85612316102744,0.11150560901964854,0.4790328867413961,23.37,22.702848103729657,2.265055031073329,83.39419505193175,0.8436404235663932,8.085958023233745,9.30346796806524,0.06263875025862321,0.5953229481041804,1,scenario_model_generated_from_literature_calibrated_priors,0.9714526360175292,0.9373612497413768,0
full_data_informed,aortic_high_pressure,0.617561935742247,0.6825837250110084,65.47987073926016,0.01926775584240871,0.8039765207343906,32.75,35.502758380246775,2.312543582942537,88.95978029379745,0.8075921174373665,5.509098271781212,8.795252465186282,0.05363982386696743,0.5947332377935605,1,scenario_model_generated_from_literature_calibrated_priors,0.9159463090000985,0.9463601761330326,0
full_data_informed,pulmonary_reference,0.5656124170031538,0.6795708284255492,64.48000073857648,0.0558780067393535,0.5016008272342211,23.37,23.04416534188702,2.3211902917808658,89.96355613500515,0.7974860660032831,3.872938365616534,9.683124303704057,0.07538921612730624,0.5947324562795471,1,scenario_model_generated_from_literature_calibrated_priors,0.9860575670469414,0.9246107838726938,0
full_data_informed,aortic_high_pressure,0.5786156574782628,0.7489626435739863,65.60726166865732,0.046893301898091835,0.6679857665057474,32.75,30.74951950549511,2.4648010277303416,87.52823509694363,0.7920046635231057,2.9318560078033777,6.146077012987268,0.0491012043211405,0.5944951715321287,1,scenario_model_generated_from_literature_calibrated_priors,0.938916626121988,0.9508987956788595,0
biology_only,aortic_high_pressure,0.5654108019580338,0.8409252763966183,55.66211836508952,0.12752195046374862,0.5375916059362572,32.75,29.060267713373996,2.28250405139006,83.44231488171687,0.8683789997879134,2.376048602649936,10.023095216917914,0.0713535333719272,0.593902598138386,1,scenario_model_generated_from_literature_calibrated_priors,0.887336418728977,0.9286464666280728,0
full_data_informed,pulmonary_reference,0.6044834473208226,0.6378330402872422,54.19554579420045,0.01890935084560634,0.8131098058278645,23.37,20.951778863039124,2.3397319072839524,88.56574418072458,0.8054426484808034,3.252400789447983,8.683168573035836,0.04321059234360281,0.5938473510739702,1,scenario_model_generated_from_literature_calibrated_priors,0.8965245555429663,0.9567894076563972,0
biology_only,aortic_high_pressure,0.48274993493468543,0.5366939961840586,70.12405533067363,0.025958190849942157,0.7214933756322813,32.75,29.13685161050828,2.339669910632582,87.71688816369308,0.8144487230866986,4.347049806495504,7.729676938032819,0.04930332948524628,0.5937381529373909,1,scenario_model_generated_from_literature_calibrated_priors,0.8896748583361307,0.9506966705147537,0
hydrodynamic_only,aortic_high_pressure,0.5542670388723027,0.8387000361264997,46.00773778073067,0.2381530233921748,0.614157398723009,32.75,28.632279010987137,2.5003988169367255,85.03503631198647,0.8457245155874386,2.8304506600613695,10.391288861414452,0.033907354671215584,0.59372205150487,1,scenario_model_generated_from_literature_calibrated_priors,0.8742680614041873,0.9660926453287844,0
biology_only,pulmonary_reference,0.43972766947411324,0.7208758413654875,50.807133600278036,0.13494079131785103,0.8449220699387867,23.37,17.005433633567183,2.585243781747638,89.06536664163187,0.8458507066071267,4.349889494871799,8.586415464606576,0.049112494902990744,0.5935031831146572,1,scenario_model_generated_from_literature_calibrated_priors,0.7276608315604272,0.9508875050970093,0
biology_only,pulmonary_reference,0.6011110217491974,0.8148641385440182,57.8107675482008,0.3133135789321038,0.6194587230350673,23.37,22.508758232579147,2.307436129318141,83.30858036748516,0.8835937776422463,5.5854518870993575,6.678084049596778,0.08476255913831686,0.5933872479043485,1,scenario_model_generated_from_literature_calibrated_priors,0.9631475495326978,0.9152374408616831,0
baseline,pulmonary_reference,0.6022781677592042,0.9172219209999383,38.658962533140794,0.20056210556380644,0.6179253302597408,23.37,22.334855203127834,2.4548730909230514,79.38650695316761,0.8602598360662086,3.7020073152148227,8.25131971299609,0.07822268292377482,0.5930726512188476,1,scenario_model_generated_from_literature_calibrated_priors,0.9557062560174512,0.9217773170762251,0
full_data_informed,aortic_high_pressure,0.6109061842782372,0.8507592548934999,68.05775616436935,0.07916727446675345,0.6845019488343121,32.75,35.20476487791558,2.286131736670356,85.96921845176041,0.8226031947242097,6.6547858049886885,11.803420836417086,0.03892334158117208,0.5929888468892331,1,scenario_model_generated_from_literature_calibrated_priors,0.9250453472392189,0.961076658418828,0
biology_only,aortic_high_pressure,0.4705787491932176,0.6167955970502017,54.098163013092275,0.268723946074657,0.5334162500435765,32.75,32.23602082883553,2.4148217570657673,87.45668402770276,0.8340712217784801,5.914881613038826,10.343017880293463,0.07727700540630854,0.5927275132399045,1,scenario_model_generated_from_literature_calibrated_priors,0.9843059795064283,0.9227229945936914,0
biology_only,aortic_high_pressure,0.7221518992073181,0.8248337218563087,59.52919555636645,0.08816827145708876,0.6506304803989227,32.75,37.17760278663745,2.0155031362817297,88.12262714177548,0.8663041968093607,3.677421169112142,6.241403264055159,0.046298051317905084,0.5925592210156294,1,scenario_model_generated_from_literature_calibrated_priors,0.8648060217820626,0.9537019486820949,0
biology_only,aortic_high_pressure,0.5595442188722632,0.9492614916130759,57.18846459038695,0.40659306980964355,0.7615686075780703,32.75,29.496435696811773,2.4974061731466874,85.11611646761597,0.8842592523952045,6.529695189915431,10.60298111645263,0.07861501487726803,0.5924408993511133,1,scenario_model_generated_from_literature_calibrated_priors,0.9006545250934892,0.9213849851227319,0
full_data_informed,aortic_high_pressure,0.45916348291965503,0.6855741348946649,69.24009272710009,0.007470529257284058,0.5324784555325753,32.75,27.159748052729025,2.4780145301043275,88.23675095409396,0.8083941184946606,3.383699170449785,10.872835393238715,0.05507675203414924,0.5923591194106317,1,scenario_model_generated_from_literature_calibrated_priors,0.8293052840527947,0.9449232479658508,0
biology_only,aortic_high_pressure,0.6196310337003309,0.7462147502463556,63.553507042071836,0.23771515288955716,0.7716681753859702,32.75,32.78681624762882,2.1871081769186715,85.53701663863673,0.8505134404057507,5.226029546041575,11.34514858429071,0.057661390585804155,0.5921597498130486,1,scenario_model_generated_from_literature_calibrated_priors,0.998875839767059,0.9423386094141959,1
biology_only,pulmonary_reference,0.5857799089053346,0.7283687405318907,50.30634154768633,0.1470662460860558,0.6828994739374312,23.37,27.844613483878145,2.18374206132875,86.95030885608794,0.8772347331699462,2.3583573541687515,9.497416787273636,0.045952623012841816,0.5920423350980591,1,scenario_model_generated_from_literature_calibrated_priors,0.8085317294018766,0.9540473769871581,0
full_data_informed,pulmonary_reference,0.5900773857259877,0.5432481083844695,58.99086671340897,0.14531665370953203,0.8891453867714868,23.37,26.746789160951586,2.1574361965476934,86.54309172280253,0.8663832415506854,5.872879447937292,5.2045637400736275,0.04252081624115453,0.5917625763806389,1,scenario_model_generated_from_literature_calibrated_priors,0.8555075241355762,0.9574791837588454,0
full_data_informed,pulmonary_reference,0.6853929023376302,0.7366388776078922,65.64606516868473,0.08648358872800577,0.5595304099374634,23.37,23.001784229189575,2.0400336140881206,89.14240684744277,0.8202597988673117,2.8260165265559323,11.137896194057937,0.04068385380538317,0.5916483148556477,1,scenario_model_generated_from_literature_calibrated_priors,0.9842440834056301,0.9593161461946168,1
biology_only,aortic_high_pressure,0.6476020649325933,0.9549099720733335,53.126450802604325,0.08010858714692073,0.8326344160517986,32.75,33.69213476342111,2.3157005406227653,86.5953576721863,0.8005463149223101,4.634640296999809,6.946534678163299,0.042114726422057575,0.5912869830660913,1,scenario_model_generated_from_literature_calibrated_priors,0.9712325263077524,0.9578852735779424,0
full_data_informed,pulmonary_reference,0.5765938825798483,0.7166325373314498,62.04377912082683,0.05557057184831291,0.668791270458699,23.37,20.912974780955256,2.2539422581443955,88.62498235944985,0.8227065213940415,4.5910610178593005,3.652960367370504,0.06096342929393755,0.5909427216275802,1,scenario_model_generated_from_literature_calibrated_priors,0.8948641326895702,0.9390365707060625,0
biology_only,pulmonary_reference,0.6644551564131029,0.48907038917265233,59.895625729954915,0.19469492407956984,0.7120338346577657,23.37,22.020452823430787,2.172777129289998,85.57693045921697,0.8660124553658101,5.88085943512842,8.567550748686042,0.08192865619180957,0.5907887447235973,1,scenario_model_generated_from_literature_calibrated_priors,0.9422530091326824,0.9180713438081904,0
full_data_informed,aortic_high_pressure,0.5972718386048191,0.7698330236376529,67.80365867889418,0.2822845782385919,0.635962431334421,32.75,33.0275804247097,2.400802491695142,86.33896145128698,0.8334913744088208,6.023930454174043,9.072648482635628,0.07005276200798868,0.5907083356893238,1,scenario_model_generated_from_literature_calibrated_priors,0.9915242618409252,0.9299472379920113,0
full_data_informed,pulmonary_reference,0.5612868992926883,0.8408811180664957,68.55835357272674,0.11026688677030169,0.7839006947197856,23.37,24.607173791265442,2.4278774143885755,86.7748389815376,0.7978820235198415,6.029553090234365,9.780088115309637,0.04342700480319482,0.5905767336820431,1,scenario_model_generated_from_literature_calibrated_priors,0.9470614552304047,0.9565729951968052,0
full_data_informed,aortic_high_pressure,0.5515110160435915,0.8885145069417257,69.02099185676174,0.20116535211903652,0.4302958972895448,32.75,31.026115756940104,2.440506927009756,88.12259370139347,0.8054404964938227,2.599365291916849,12.86270542624078,0.03791871642754413,0.5904542783251527,1,scenario_model_generated_from_literature_calibrated_priors,0.9473623131890108,0.9620812835724559,0
full_data_informed,aortic_high_pressure,0.5626867389909902,0.9454306008270223,67.2308748541723,0.09224118748162326,0.6332029981808126,32.75,30.50722812778947,2.3258476067468217,89.44208079226557,0.8051353840073255,4.137578432375764,9.665389269092246,0.06115299500264795,0.5900634227814273,1,scenario_model_generated_from_literature_calibrated_priors,0.9315184161157091,0.9388470049973521,0
full_data_informed,aortic_high_pressure,0.50590975505138,0.7950991127405388,58.629274100988496,0.11095705420151238,0.1561380076499949,32.75,30.391123530902505,2.3594922534247837,84.23493504846157,0.8191026174872982,3.9952974700397923,13.985293301622594,0.0390053949134697,0.5898599560910364,1,scenario_model_generated_from_literature_calibrated_priors,0.9279732375848093,0.9609946050865303,0
full_data_informed,aortic_high_pressure,0.5260626579878129,0.7727108891660327,63.45725631263644,0.18587726098227525,0.82027123955253,32.75,26.73058225618753,2.285880710736434,90.39226166479288,0.8639389835011163,5.651824177600775,8.945218422284212,0.0816895561908883,0.5898580879254043,1,scenario_model_generated_from_literature_calibrated_priors,0.8162009849217566,0.9183104438091116,0
biology_only,pulmonary_reference,0.6531962158024154,0.5621115706087838,57.57599749590151,0.015427863235416998,0.6224313519940726,23.37,25.341879316970456,2.127067208292693,88.23090163464038,0.8200981784522023,4.230214836058434,9.862677762370573,0.055994767445204305,0.5892916438279863,1,scenario_model_generated_from_literature_calibrated_priors,0.9156234780928346,0.9440052325547957,0
biology_only,aortic_high_pressure,0.6767963131343746,0.9767265206333378,62.50118327369083,0.02740942952845239,0.5419361693731602,32.75,35.5979504398344,2.325681714233389,89.33507417881351,0.7967376972016277,4.589469822149714,8.088440963361453,0.06260239680566182,0.589072675954207,1,scenario_model_generated_from_literature_calibrated_priors,0.9130396812264305,0.9373976031943382,0
full_data_informed,aortic_high_pressure,0.5328260105891998,0.7683221789416025,59.91123785160118,0.16532080875827482,0.6443543464540509,32.75,36.19121379411428,2.4405515079402558,88.76908891664672,0.8110628357887166,5.55336656641876,7.8176749064332025,0.04777703370032053,0.5889793087429686,1,scenario_model_generated_from_literature_calibrated_priors,0.8949247696453654,0.9522229662996795,0
biology_only,pulmonary_reference,0.6719546902749219,0.8030258336359558,56.85456330025038,0.30255669900143495,0.7829633731827186,23.37,22.369321933427386,2.1659100784525043,86.0827512664285,0.8658264474201548,5.753178108578943,8.958864698812269,0.05580566921558591,0.5886198512058367,1,scenario_model_generated_from_literature_calibrated_priors,0.9571810840148646,0.9441943307844141,0
full_data_informed,aortic_high_pressure,0.5542014152835264,0.8670105241780948,77.7935930139981,0.0983508030903962,0.5386034166082263,32.75,30.175598571187628,2.2915108734096377,90.83939260983492,0.797744309365676,4.310830617365899,9.932773365372356,0.045514226649440576,0.5885557985247489,1,scenario_model_generated_from_literature_calibrated_priors,0.921392322784355,0.9544857733505594,1
biology_only,aortic_high_pressure,0.5736583985798065,0.7586494529800342,29.467169355019227,0.06293078241606752,0.7505283105627251,32.75,29.064912100919226,2.295113496885347,74.70604218419305,0.8670920472488909,3.79397446588949,11.425003004522047,0.04108425040101422,0.5882946558135977,1,scenario_model_generated_from_literature_calibrated_priors,0.8874782320891367,0.9589157495989857,0
full_data_informed,aortic_high_pressure,0.6017637928721593,0.8003194706012597,67.53649005581997,0.3003981142166153,0.8633930144747423,32.75,33.1252840847372,2.348537845338462,85.37631036023889,0.8334986247041954,6.5051861803847615,5.39565248124754,0.047261146758775886,0.5882049539496805,1,scenario_model_generated_from_literature_calibrated_priors,0.98854094397749,0.9527388532412241,0
full_data_informed,aortic_high_pressure,0.5929236521842294,0.8769230542933606,60.272769773720405,0.08443980515230019,0.2692571965051072,32.75,34.08087713189937,2.4426410566713663,88.30266496831402,0.7758482733142761,4.2355720598266045,2.838461262952406,0.04478397531107588,0.5881360077454154,1,scenario_model_generated_from_literature_calibrated_priors,0.9593625303236833,0.9552160246889241,0
biology_only,aortic_high_pressure,0.6796451902537363,0.4859537561276249,68.46321921685562,0.08183338185029337,0.8737786067845066,32.75,33.036243731896235,1.948447931442142,92.14233369644931,0.8126086753968546,3.1042698542388587,17.786360212230115,0.05628338348622417,0.5879733969918411,1,scenario_model_generated_from_literature_calibrated_priors,0.9912597333772142,0.9437166165137758,1
biology_only,pulmonary_reference,0.6123470136586336,0.4907514264378874,64.96755033920603,0.11125241263523554,0.8631231670463163,23.37,23.21063608401304,2.0394042498410543,87.88607994794704,0.8224804155347488,2.2219201882105826,8.545352296934972,0.049549600463487393,0.5879605018842552,1,scenario_model_generated_from_literature_calibrated_priors,0.9931808337190003,0.9504503995365126,0
full_data_informed,pulmonary_reference,0.6353036750259515,0.7726100651329499,66.84189387687906,0.15512610524320417,0.8308982259566423,23.37,22.235253420119324,2.1551576261711243,86.51090828356789,0.8301386820242517,3.891318916962479,14.374978503397267,0.04018804767596493,0.5874689032845538,1,scenario_model_generated_from_literature_calibrated_priors,0.9514443055250031,0.959811952324035,0
biology_only,pulmonary_reference,0.6655385459596183,0.6674063529376337,44.70203805287338,0.07346528425275299,0.4359466050857309,23.37,21.38960084302707,2.061279449424245,85.4672279228343,0.8546842685911448,1.6281170172193433,11.26781703454795,0.07765044390509118,0.5874021515728747,1,scenario_model_generated_from_literature_calibrated_priors,0.9152589149776238,0.9223495560949089,0
full_data_informed,pulmonary_reference,0.5787226473891502,0.8016907769019919,64.03633341550214,0.16286898845953135,0.2162715820089199,23.37,20.286949486879163,2.169228433592351,86.02433630648532,0.8644652317634488,5.395681716475852,5.228872627132713,0.06414214180039558,0.5872575512432071,1,scenario_model_generated_from_literature_calibrated_priors,0.8680765719674438,0.9358578581996044,0
biology_only,aortic_high_pressure,0.5955337283273379,0.533810696345853,50.53148411736548,0.14401084214486867,0.7253864798178412,32.75,30.786933807208744,2.377367035279984,84.78817861496297,0.8156236558493942,5.201918051953837,14.208175516656858,0.05232860618871208,0.5869626500716977,1,scenario_model_generated_from_literature_calibrated_priors,0.9400590475483586,0.947671393811288,0
biology_only,pulmonary_reference,0.6437279110063532,0.7619858777049802,76.63249283286324,0.13149781988622133,0.8708174296408263,23.37,25.446318541299625,2.199946901234946,92.35118445038975,0.8151687828856684,3.6584462118705905,8.698616013091636,0.06626424109128226,0.58681680579441,1,scenario_model_generated_from_literature_calibrated_priors,0.911154533962361,0.9337357589087177,0
full_data_informed,pulmonary_reference,0.5555866901943151,0.5988524768234846,65.85187036616749,0.01840882184258036,0.929242003218048,23.37,20.458699873503278,2.2904401999541415,89.27542463398196,0.7940289217165428,5.49779341995114,10.73691944689574,0.037313241612037855,0.5863181875474466,1,scenario_model_generated_from_literature_calibrated_priors,0.8754257541079707,0.9626867583879621,0
biology_only,aortic_high_pressure,0.4984131563391972,0.8823775143988039,60.68597862799478,0.2405404184078937,0.9298656275295312,32.75,29.99013566460195,2.4724084384601546,86.7252622560539,0.8315571149617959,6.005837129022346,9.624892068575523,0.08491407707034145,0.5860379164564075,1,scenario_model_generated_from_literature_calibrated_priors,0.9157293332702886,0.9150859229296585,0
biology_only,pulmonary_reference,0.5443685891428177,0.8159917813456388,54.75038360785423,0.05622594303935847,0.8884871904120434,23.37,13.947498258787,2.310941966742696,85.91272683835527,0.9166670320151626,4.849382080078589,4.469677827814555,0.1024685235412497,0.5859145702218799,1,scenario_model_generated_from_literature_calibrated_priors,0.5968120778257167,0.8975314764587503,1
biology_only,aortic_high_pressure,0.587237206929015,0.6975328039259638,57.03581973522495,0.08779801140423382,0.46211987226958584,32.75,32.63144072590435,2.3057127005615543,87.8035931568379,0.7713084952932341,5.025408096446343,8.392335465768326,0.0266958706852823,0.5855520748507519,1,scenario_model_generated_from_literature_calibrated_priors,0.9963798694932625,0.9733041293147177,1
biology_only,aortic_high_pressure,0.5619851568741391,0.9263183301485834,40.484632148287034,0.008116996216371656,0.5134032885811622,32.75,24.080204600270264,2.506193551861544,82.5180772395531,0.8335380266167052,7.724545125156775,2.1372055610794547,0.03983539373430307,0.5851379758575725,1,scenario_model_generated_from_literature_calibrated_priors,0.7352734229090157,0.9601646062656969,0
biology_only,aortic_high_pressure,0.7400551044145526,0.5789071369926717,59.27738731010031,0.08778049974755417,0.5671894392207167,32.75,38.03637758409632,2.0068823194490584,87.6599746477286,0.8637829269321142,3.731054268504126,10.159686255223258,0.06158177054488099,0.5846754432503005,1,scenario_model_generated_from_literature_calibrated_priors,0.8385838905619444,0.938418229455119,0
full_data_informed,aortic_high_pressure,0.7139284595123613,0.8469795983311107,53.49827729693272,0.007444290505396906,0.5234664293230793,32.75,37.4284665552531,2.111180210627778,83.15791103398638,0.836579786153096,4.456782685872029,10.441469840518334,0.02665361030616329,0.5846041668132369,1,scenario_model_generated_from_literature_calibrated_priors,0.8571460593815847,0.9733463896938367,1
biology_only,pulmonary_reference,0.6026409724946923,0.3913644664909097,51.834852080268156,0.07133468167345884,0.5702523549770747,23.37,22.34017513873454,2.1663226757299197,86.73113454285969,0.8043712840983949,5.085162052404783,13.390656730709347,0.04202009622660486,0.5845501928194548,1,scenario_model_generated_from_literature_calibrated_priors,0.9559338955384912,0.9579799037733951,0
biology_only,aortic_high_pressure,0.4539507635138259,0.4120663232654713,53.30539236300462,0.07937507001466614,0.594133424846251,32.75,31.73304283942136,2.5457337676988616,83.6831209373986,0.7755029249672096,4.624786391939521,10.34487493767119,0.05755147322305513,0.584343037996758,1,scenario_model_generated_from_literature_calibrated_priors,0.9689478729594307,0.9424485267769449,0
biology_only,pulmonary_reference,0.6417127430705348,0.9609989669038473,82.5207331745922,0.38272179462720696,0.8524216476130151,23.37,20.727855585148514,2.2821317028972223,84.43105702344961,0.8898564235566335,2.5396152249875352,7.852433982271311,0.07193343076752884,0.5841282412502552,1,scenario_model_generated_from_literature_calibrated_priors,0.8869429005198337,0.9280665692324712,0
biology_only,pulmonary_reference,0.4579106118113115,0.8312252883522048,50.77595418006011,0.1097526318312327,0.49369566055047326,23.37,23.067330868990428,2.6111692688668455,87.03432669706693,0.7441038785413709,8.005301544487228,13.079620850370965,0.03307826295507959,0.5841170059867455,1,scenario_model_generated_from_literature_calibrated_priors,0.9870488176718197,0.9669217370449205,0
hydrodynamic_only,aortic_high_pressure,0.6641135301560931,0.9360562086419896,43.21049139430759,0.3397474775553295,0.8993069751614786,32.75,33.04536814912508,2.157987965660127,81.53249680974073,0.8698204025112356,6.039579872233599,12.32012796480387,0.048098664139973,0.5840246121545432,1,scenario_model_generated_from_literature_calibrated_priors,0.9909811252175548,0.951901335860027,1
full_data_informed,pulmonary_reference,0.6983176676124526,0.9077191396288732,47.29715613292113,0.09949828879156647,0.35429393577274726,23.37,25.94599702613975,2.0637798886456533,85.45305476609839,0.8510660404865094,3.5066848813821387,11.67343556867719,0.05963106949738082,0.583724196685423,1,scenario_model_generated_from_literature_calibrated_priors,0.8897733407727964,0.9403689305026192,0
full_data_informed,aortic_high_pressure,0.5236095060664585,0.7792086776455764,63.385415817487235,0.22432768510349027,0.7455116154551422,32.75,30.867450367854364,2.4053277915087605,86.405595109233,0.8130976463889511,2.2035605768024236,10.187423505722146,0.05844374440810566,0.5831023665599331,1,scenario_model_generated_from_literature_calibrated_priors,0.9425175684841027,0.9415562555918944,0
biology_only,aortic_high_pressure,0.5857449012412563,0.8566272720701502,56.044654071136385,0.13817128582946062,0.6496882118721692,32.75,29.054085751468385,2.394897549042677,82.06345181453486,0.8343397104906931,10.247392595574608,7.5315311606869555,0.06431175403952345,0.5829959043957134,1,scenario_model_generated_from_literature_calibrated_priors,0.8871476565333858,0.9356882459604765,0
hydrodynamic_only,pulmonary_reference,0.6158942838249474,0.5194778500124567,44.45709004912024,0.11047198566269523,0.6577634137490401,23.37,27.196289253648622,2.36934875145475,79.82249511386901,0.8437306472805416,3.104029966495616,5.996344422095994,0.03426957230962015,0.5825467253418645,1,scenario_model_generated_from_literature_calibrated_priors,0.8362734594074188,0.9657304276903799,0
full_data_informed,pulmonary_reference,0.6444190703941746,0.6424520868110766,62.106980467252704,0.12491185989860899,0.5754379331074329,23.37,20.81095865813919,2.0883381064472175,89.59136788711508,0.8238435264995736,4.0191540911759915,9.136847064156061,0.03867955137615341,0.5823738363770399,1,scenario_model_generated_from_literature_calibrated_priors,0.8904988728343683,0.9613204486238466,0
full_data_informed,aortic_high_pressure,0.5434047626710274,0.9553062625579207,61.095318489559375,0.17636435358209665,0.3259258872775733,32.75,28.575467475991545,2.404160093579967,87.55278573933242,0.8107641932505786,3.832460017265804,6.847255389503352,0.04230718884640186,0.5821496846385129,1,scenario_model_generated_from_literature_calibrated_priors,0.8725333580455433,0.9576928111535982,0
biology_only,aortic_high_pressure,0.414250409132397,0.8555456676092303,59.784272858388015,0.04263791296288163,0.8644206054533455,32.75,23.684567586810164,2.6068098178195855,84.3847845248009,0.8208729412902662,6.234740464466891,12.059152509839606,0.051974188185793246,0.5820559836404614,1,scenario_model_generated_from_literature_calibrated_priors,0.7231929034140508,0.9480258118142068,0
biology_only,pulmonary_reference,0.6168527645308971,0.832776203135042,60.004452290292825,0.1718428225394275,0.5771286670020183,23.37,17.544302194131657,2.1654915605729776,88.25522918696095,0.8760678891132666,1.9438777984629867,11.426142353525954,0.058838799635819186,0.5820071459558583,1,scenario_model_generated_from_literature_calibrated_priors,0.7507189642332758,0.9411612003641808,0
biology_only,aortic_high_pressure,0.3592394478199661,0.956610856078461,79.87300706359308,0.02254551743571682,0.926415883069286,32.75,21.94549025779012,2.8095567269647006,85.41901697090373,0.7977483128213205,5.388790890050977,9.036343591591612,0.03871122863312244,0.5816998769744247,1,scenario_model_generated_from_literature_calibrated_priors,0.6700913055813777,0.9612887713668775,0
biology_only,pulmonary_reference,0.7391309066855483,0.9414448503376245,61.608250873681285,0.18097287234395099,0.3695167294015636,23.37,26.033172490276954,2.1074423573358816,88.79635445931373,0.8355596368014296,6.3632899278195545,8.093100736573483,0.03979995183422762,0.581619954618194,1,scenario_model_generated_from_literature_calibrated_priors,0.8860431112418934,0.9602000481657724,0
full_data_informed,pulmonary_reference,0.5857965218588721,0.9318289657684253,60.2440288903577,0.3066520148871593,0.828438917437503,23.37,23.641174775945107,2.4117003951599254,88.71634235913297,0.8062773002020567,5.745699155228679,12.384140282514217,0.07236901484616477,0.581407273485995,1,scenario_model_generated_from_literature_calibrated_priors,0.9883964580254555,0.9276309851538352,0
biology_only,pulmonary_reference,0.5406941404841127,0.49530219035558853,68.37613928237464,0.17822571703354861,0.7354492676340479,23.37,23.34548962941825,2.239365083397294,88.29747665648607,0.8001059769538666,3.2699269177040255,8.880393481112721,0.07014529586564155,0.5813410622095816,1,scenario_model_generated_from_literature_calibrated_priors,0.9989512036550384,0.9298547041343584,1
biology_only,aortic_high_pressure,0.46303463077856366,0.7263871909404013,70.30422189276791,0.06579290178098397,0.8270718485548774,32.75,27.228983694054396,2.4687281673842376,90.59386680508199,0.7843140426912362,3.6916493687375342,6.277557746004332,0.05716036810795583,0.5812784974413401,1,scenario_model_generated_from_literature_calibrated_priors,0.8314193494367754,0.9428396318920442,0
biology_only,pulmonary_reference,0.5966227332666139,0.8507911261735631,57.28764803056483,0.09509173254308524,0.8548771852902826,23.37,19.795869026496163,2.308140453651819,86.23278189102729,0.8269720131880018,4.021355423341467,10.305904438719894,0.06780452547311723,0.5811458074340404,1,scenario_model_generated_from_literature_calibrated_priors,0.8470632873982098,0.9321954745268828,0
full_data_informed,pulmonary_reference,0.6272325426030234,0.6014189761371427,72.56567483057373,0.030901963358853306,0.8264292687609514,23.37,24.68993258297438,2.0747259456491025,90.11326691249587,0.8011822812321638,6.239829359563185,11.542846798525098,0.07620469789319798,0.5809942528722004,1,scenario_model_generated_from_literature_calibrated_priors,0.9435202146780326,0.923795302106802,0
full_data_informed,pulmonary_reference,0.7046196980120242,0.60712132550675,63.909285159884554,0.041569890225731376,0.45604133020664794,23.37,26.826250330119137,2.1197082215266168,87.57818713900261,0.8230050660549585,4.053077542332509,9.708986875017924,0.04514395035469923,0.5809925390180727,1,scenario_model_generated_from_literature_calibrated_priors,0.8521073885272086,0.9548560496453008,0
full_data_informed,pulmonary_reference,0.5847162520540167,0.6594757395061464,66.9845744256518,0.03682830955823456,0.761799471888752,23.37,20.352227567443148,2.283993041694896,86.69454162876507,0.8099446325339967,4.715382468103239,9.464493475854091,0.06978388140241504,0.5808192646449937,1,scenario_model_generated_from_literature_calibrated_priors,0.8708698146103186,0.930216118597585,0
full_data_informed,pulmonary_reference,0.5918726941528053,0.4084338347564183,64.97646832235168,0.03944130943784666,0.671464048015915,23.37,20.623721261693117,2.141938881907712,89.61767723533968,0.796645787724184,5.033607543544256,14.967338441917072,0.03170024971453972,0.5806710896219291,1,scenario_model_generated_from_literature_calibrated_priors,0.8824870030677414,0.9682997502854602,0
biology_only,aortic_high_pressure,0.6669191707771984,0.49847006962876506,56.901642031172216,0.08408389053962248,0.6568000604629398,32.75,38.15905793231574,1.9264406913934293,83.88153202124761,0.877293268565517,5.57705511926849,12.15935405479357,0.05383222170274365,0.5806126493775235,1,scenario_model_generated_from_literature_calibrated_priors,0.8348379257308172,0.9461677782972564,0
full_data_informed,pulmonary_reference,0.7578041209487965,0.8477835394938648,65.82790510416572,0.01857602128414657,0.7074788241127326,23.37,30.429928363916826,2.150092336121109,85.82520590871017,0.8725233108252081,7.359912600237116,8.253948444146083,0.06329126813252055,0.5805858565991908,1,scenario_model_generated_from_literature_calibrated_priors,0.6979063601233708,0.9367087318674795,0
full_data_informed,pulmonary_reference,0.5934978424545098,0.845813052442712,52.06364958606658,0.13997142934895812,0.5752850068747029,23.37,19.828390318770328,2.341445740753116,85.8578741226089,0.8237169800729042,4.739144609073179,11.746597325986498,0.048261925845782004,0.5804725540410075,1,scenario_model_generated_from_literature_calibrated_priors,0.8484548702939806,0.951738074154218,0
full_data_informed,aortic_high_pressure,0.5202080247303458,0.8951929349549071,63.607128246299276,0.1958715963349392,0.3938773382812645,32.75,29.176752246459912,2.4632196926697754,87.4011725279658,0.8110218080574032,5.523481758706025,9.4822865339663,0.07432857218022015,0.5804571391161287,1,scenario_model_generated_from_literature_calibrated_priors,0.8908931983651882,0.9256714278197798,0
full_data_informed,aortic_high_pressure,0.6269866776139629,0.5114509617753704,70.43106681453617,0.15237471426325092,0.5644937449825874,32.75,33.956747190177154,2.073454769816539,89.4946679172043,0.8078875310737974,5.159610487612768,7.769729864567744,0.04396283474969418,0.5804302039979996,1,scenario_model_generated_from_literature_calibrated_priors,0.9631527575518426,0.9560371652503058,1
full_data_informed,pulmonary_reference,0.7037288918265137,0.9150521091524364,54.409842228693186,0.3218091460946749,0.335579082765745,23.37,23.526979829321895,2.1202399495521234,85.53701519826602,0.857297375483819,3.0164301871885963,6.719687346106359,0.08184351396033901,0.5803977704427925,1,scenario_model_generated_from_literature_calibrated_priors,0.9932828485527645,0.9181564860396609,1
biology_only,pulmonary_reference,0.34037002500043634,0.8137569570201775,74.78969590554829,0.10634331647517631,0.8682315858003506,23.37,10.95747695344962,2.8062221688907583,91.02962350607731,0.8505942290581612,3.5639623971923036,18.216433353528178,0.056300402685864254,0.5801628004647821,1,scenario_model_generated_from_literature_calibrated_priors,0.4688693604385802,0.9436995973141358,0
biology_only,aortic_high_pressure,0.5331476761847123,0.6495636720205674,71.98272158046869,0.1106541548245459,0.24345938284772248,32.75,32.14911810722278,2.3963451861648664,90.43955944887216,0.7520975658754437,2.2956191372591923,8.000191523717099,0.04689297414448456,0.5799325310895278,1,scenario_model_generated_from_literature_calibrated_priors,0.9816524612892453,0.9531070258555154,1
biology_only,aortic_high_pressure,0.7033992407740578,0.464998271789862,51.59027035937772,0.04652199706256045,0.6092472204899051,32.75,36.808218390333536,1.9731604856703848,87.39593098172043,0.829925642682677,6.178391415715836,15.33768896274741,0.03862167013194567,0.5797684351487806,1,scenario_model_generated_from_literature_calibrated_priors,0.8760849346463042,0.9613783298680543,0
full_data_informed,pulmonary_reference,0.5897297035011828,0.5965284131221203,64.46210801097558,0.12316086863784582,0.4703579186671087,23.37,19.472614957847643,2.279352877208685,89.353891009761,0.8149723397504253,4.8170086300701955,10.996900001565464,0.047077877102163435,0.5796954538595323,1,scenario_model_generated_from_literature_calibrated_priors,0.8332312776143621,0.9529221228978366,0
full_data_informed,pulmonary_reference,0.5355025157943716,0.8910465966470256,60.514882433942624,0.16516916686908778,0.16304301691769205,23.37,21.327320044508536,2.4164264075563615,85.11624010884779,0.809788192941661,2.9920843216799393,3.1275259711245056,0.06769868549395607,0.5796075416693006,1,scenario_model_generated_from_literature_calibrated_priors,0.912593925738491,0.9323013145060439,0
full_data_informed,aortic_high_pressure,0.619220444073417,0.6157837039277062,71.76159346165431,0.03733077706402298,0.5666828211406807,32.75,33.385071475032326,2.283051651091148,88.40871029189627,0.7579917981924104,8.445997582770126,11.040265425872157,0.04291339485731042,0.5794652315279913,1,scenario_model_generated_from_literature_calibrated_priors,0.9806085045791656,0.9570866051426896,0
full_data_informed,aortic_high_pressure,0.6394100042588993,0.5196155805620398,58.515138964787,0.08438786178756512,0.745519357822712,32.75,35.58483594243666,2.3005494292391324,86.59716746374278,0.7866060435665962,2.596550904676756,13.581328505006656,0.03073608977675592,0.5792209227547854,1,scenario_model_generated_from_literature_calibrated_priors,0.9134401238950638,0.9692639102232441,0
full_data_informed,aortic_high_pressure,0.6189824912093299,0.7715918577267105,59.23429417832148,0.11174995677710099,0.18297789713259308,32.75,33.98583236597975,2.2712901046081053,86.95765383292108,0.7849920098822338,4.883719035118449,6.533202639583491,0.045400264496467196,0.5790526466882912,1,scenario_model_generated_from_literature_calibrated_priors,0.9622646605807709,0.9545997355035328,0
biology_only,aortic_high_pressure,0.4765129743314195,0.7111196360864004,63.322349169818324,0.02936335107598398,0.6926940998902017,32.75,28.934759742593844,2.3988754438919786,86.81279480774081,0.7828605596108419,5.512598819041662,6.795213549643391,0.06064121246041363,0.578977069518662,1,scenario_model_generated_from_literature_calibrated_priors,0.8835041142776746,0.9393587875395863,0
biology_only,aortic_high_pressure,0.5137420212782358,0.8400295636274829,43.88286808090103,0.030932851935598946,0.8218592349078484,32.75,27.67594226729042,2.61314836531566,87.24221857804508,0.7594039602719083,5.753900229062113,13.82372432732658,0.041952204955798954,0.5788641268077998,1,scenario_model_generated_from_literature_calibrated_priors,0.8450669394592495,0.958047795044201,0
biology_only,pulmonary_reference,0.48410542065824075,0.8274776032222109,54.441639363893614,0.21229841549146397,0.5387135313381078,23.37,16.879386041151953,2.5931113482344945,81.52010433719003,0.8723427462827348,8.430369481390475,11.549216545682794,0.08661731631099302,0.5786051369066805,1,scenario_model_generated_from_literature_calibrated_priors,0.7222672674861768,0.913382683689007,0
biology_only,pulmonary_reference,0.41333241001882465,0.9933896672003991,68.36335980348228,0.2150051337482567,0.8992552690602169,23.37,13.246181741345739,2.620158816808876,89.50562294193617,0.8699701456451527,8.137743504279463,9.686867564048654,0.06142617180262743,0.5784932626864979,1,scenario_model_generated_from_literature_calibrated_priors,0.5668028130657141,0.9385738281973726,0
full_data_informed,pulmonary_reference,0.6464945150296135,0.5268267784467014,60.50808341641578,0.10952783613435468,0.7832220578993168,23.37,20.608888954574677,2.12237017735155,91.26725575793503,0.8003461861087852,3.6513554301159106,12.434682043198809,0.0321617909524076,0.5784591335671236,1,scenario_model_generated_from_literature_calibrated_priors,0.8818523301058911,0.9678382090475924,1
full_data_informed,pulmonary_reference,0.6595803765486856,0.8140980663007404,61.11190064271819,0.10198337122491534,0.8093440806123319,23.37,26.680085581283755,2.233645186787665,85.28076527036954,0.8265239507216738,4.845095400650572,10.488393509468741,0.0548334540916764,0.5783990854258673,1,scenario_model_generated_from_literature_calibrated_priors,0.8583617637448115,0.9451665459083236,0
biology_only,pulmonary_reference,0.5994486705554973,0.866184664748361,53.226700685678956,0.14366264068301024,0.48130182042858194,23.37,17.11666472357968,2.233073421978461,83.81636006561405,0.8705540542326058,2.442447820394039,9.127847640689913,0.03847705431353844,0.5783969299245227,1,scenario_model_generated_from_literature_calibrated_priors,0.732420398955057,0.9615229456864616,1
full_data_informed,pulmonary_reference,0.5967938878832183,0.8314229238251739,67.65049060779059,0.2666590451316531,0.3599376048664884,23.37,25.601371752674748,2.3288365503993687,89.57836585440745,0.814873451165437,3.75371622131975,9.901586780423036,0.05481217974753571,0.5783694418541422,1,scenario_model_generated_from_literature_calibrated_priors,0.9045198223074563,0.9451878202524643,0
full_data_informed,aortic_high_pressure,0.6061044061326795,0.6776309530678435,71.50161677594798,0.017317194873843693,0.23698932582358498,32.75,33.51833801990954,2.2273123602551173,92.31418592198916,0.7370946536376083,1.9511968359175733,9.705716962567092,0.030142857554976216,0.578087390053668,1,scenario_model_generated_from_literature_calibrated_priors,0.9765392971019987,0.9698571424450237,1
full_data_informed,aortic_high_pressure,0.6016330961742544,0.7467182885700759,53.79769351931888,0.06392798968734341,0.6359606919866425,32.75,35.35075182759933,2.2744205113191915,83.5802481736866,0.801884602958651,4.029637707719293,11.307925514318365,0.051460585456854877,0.5780796003277425,1,scenario_model_generated_from_literature_calibrated_priors,0.9205877304549822,0.9485394145431452,0
biology_only,aortic_high_pressure,0.4886138910048661,0.784335024858814,40.18496739260086,0.25421060741536916,0.9095705036239686,32.75,27.863315631220505,2.5540087085090333,81.38968741800178,0.8256533635901255,4.996539692824422,12.098536342758463,0.03137790347396205,0.5777135639624902,1,scenario_model_generated_from_literature_calibrated_priors,0.8507882635487177,0.9686220965260379,0
full_data_informed,aortic_high_pressure,0.6118946407748105,0.510071801984516,64.67690397656649,0.06293472638494306,0.6847630232607538,32.75,38.71694175602453,2.4291564355014046,85.62657502506136,0.7988079564574099,2.6183979901127916,8.55941285217044,0.04053073547273388,0.5777016993650067,1,scenario_model_generated_from_literature_calibrated_priors,0.8178033051595562,0.9594692645272661,0
full_data_informed,pulmonary_reference,0.6107430786858913,0.6011856865033494,48.66565014826224,0.0498339180506758,0.3551133787189846,23.37,21.314131521570285,2.207570144441376,86.5474474985037,0.800798377897372,5.5776706769953535,4.941943324641257,0.06492172398618364,0.5775685929712203,1,scenario_model_generated_from_literature_calibrated_priors,0.9120295901399351,0.9350782760138163,0
full_data_informed,pulmonary_reference,0.47668801563511304,0.2995772899940207,56.12429252383078,0.05643474505815286,0.8409830546034068,23.37,19.99201953212575,2.2094989485119294,83.25435086348904,0.8189247456598638,3.886140105796848,5.36193923244055,0.0305629853111269,0.577531100690139,1,scenario_model_generated_from_literature_calibrated_priors,0.8554565482295998,0.9694370146888731,0
full_data_informed,pulmonary_reference,0.5630567297332219,0.6888848088207349,49.888514714398454,0.11008626936138703,0.8176985057611352,23.37,19.690683502232105,2.395002745533836,83.2027061522867,0.818320109968618,4.14385808295158,12.466095846766414,0.05007106498789384,0.5774986716906899,1,scenario_model_generated_from_literature_calibrated_priors,0.8425624091669707,0.9499289350121062,0
full_data_informed,pulmonary_reference,0.6239108856545025,0.7999210060892183,57.26338105269848,0.19126430961586183,0.9552710898500327,23.37,26.05310224104547,2.240733567097979,86.33082687894395,0.8281065193625076,6.318058103568917,13.133641410306481,0.05437993896403139,0.577457808165889,1,scenario_model_generated_from_literature_calibrated_priors,0.8851903191679303,0.9456200610359686,0
hydrodynamic_only,pulmonary_reference,0.5617246516258324,0.7017040071490622,45.03150198886852,0.07088442763770787,0.7731482901486226,23.37,19.12967461757329,2.318008476472577,85.78907657272455,0.8103297753234121,3.5127062474078303,12.384915527421418,0.03600571740542281,0.5774544255990944,1,scenario_model_generated_from_literature_calibrated_priors,0.8185568942051044,0.9639942825945772,0
biology_only,pulmonary_reference,0.6352459895022726,0.6006609075815971,56.866143542118316,0.24852601582936085,0.6928673014534308,23.37,25.506052509014253,2.230845716750626,88.40830193863468,0.8249058018596542,4.084096690143742,9.42929623564489,0.057204411286674244,0.5771347018394329,1,scenario_model_generated_from_literature_calibrated_priors,0.9085985233626764,0.9427955887133258,0
biology_only,aortic_high_pressure,0.6058779503999862,0.7720511842808644,59.554064242353434,0.26716295651132366,0.6450084081000471,32.75,36.41007300603682,2.4044016619032424,80.89951823887185,0.8368514194594017,5.570484192479801,11.719867775831018,0.03374101200563697,0.5771342591303358,1,scenario_model_generated_from_literature_calibrated_priors,0.8882420456171964,0.966258987994363,0
biology_only,aortic_high_pressure,0.5229951525369979,0.7977930086694304,53.98847759410511,0.08717702367225343,0.7216653311225852,32.75,26.232076291084574,2.4743058937643627,85.95978199581386,0.8086531706721173,5.804214824073792,4.94461793263249,0.06363742100521493,0.5770386161566065,1,scenario_model_generated_from_literature_calibrated_priors,0.8009794287354068,0.936362578994785,0
biology_only,pulmonary_reference,0.43422005489238386,0.5667101257816066,62.7557311835478,0.08763263317957025,0.8760527998737717,23.37,14.48263434470036,2.4395340052728316,86.99458932365592,0.8510873719495213,4.498857221858247,13.243606822986532,0.04056889493321937,0.5768872832144104,1,scenario_model_generated_from_literature_calibrated_priors,0.6197104982755823,0.9594311050667806,0
biology_only,aortic_high_pressure,0.5825712612769395,0.5621887977903046,81.99644244724777,0.12896933097670596,0.382446267940554,32.75,32.47214402934145,2.092830809156098,88.67459929001369,0.7943518092275684,4.232620098606511,11.349129957538967,0.06066707601056226,0.5768412022024819,1,scenario_model_generated_from_literature_calibrated_priors,0.9915158482241664,0.9393329239894377,1
biology_only,aortic_high_pressure,0.6198720426184626,0.6564682587321423,58.663445797350654,0.019903486292631476,0.4753440203194109,32.75,40.76553435195794,2.1810881082718923,84.75430602143616,0.8350364614111375,5.945569009084756,6.485877443833283,0.0293373476668497,0.576671318652615,1,scenario_model_generated_from_literature_calibrated_priors,0.7552508594822003,0.9706626523331503,0
full_data_informed,pulmonary_reference,0.4862761820073367,0.9354986470390287,62.36687769636713,0.04291507685071144,0.5933145732561705,23.37,16.872115478801625,2.5847951497163204,82.13391634316746,0.8372680013715577,4.666670784439226,14.655125180061965,0.0958005780925819,0.5766068081373519,1,scenario_model_generated_from_literature_calibrated_priors,0.7219561608387516,0.9041994219074181,0
full_data_informed,pulmonary_reference,0.7022648674649258,0.771756316351639,63.597515040982145,0.011714518006384048,0.7446218381825497,23.37,26.132137084114373,2.0524335554120996,87.67708716788488,0.8088369497277959,6.311094315635447,10.969571327948302,0.05471957614335206,0.5762766710563889,1,scenario_model_generated_from_literature_calibrated_priors,0.8818084260113662,0.9452804238566479,0
hydrodynamic_only,pulmonary_reference,0.6561132207722273,0.7029976217901681,32.61635222930495,0.16666232017103896,0.942916122910016,23.37,27.102198990603675,2.038519034116559,77.27179426596241,0.8926683780714253,5.477301027281091,10.900672428233744,0.045497723805314985,0.5761592274523917,1,scenario_model_generated_from_literature_calibrated_priors,0.840299572503052,0.954502276194685,0
full_data_informed,aortic_high_pressure,0.5716641532437006,0.36858039462152326,76.87056079694739,0.15224076438679232,0.9068539318952265,32.75,34.87270917923097,2.210269773059317,92.82246430576622,0.7865703085072976,11.285434177758862,6.288009517710932,0.07403401721808962,0.5761508843756802,1,scenario_model_generated_from_literature_calibrated_priors,0.9351844525425659,0.9259659827819103,0
biology_only,pulmonary_reference,0.5916749939922469,0.8783580973277795,61.2756757652173,0.11480769851066082,0.7230360601112277,23.37,17.60256390252195,2.3402771928393755,91.45979779303156,0.808075636136156,4.602818756687184,10.499531758775273,0.03814060156786767,0.5761315879550635,1,scenario_model_generated_from_literature_calibrated_priors,0.7532119770013671,0.9618593984321323,0
full_data_informed,pulmonary_reference,0.5364629131875707,0.9388489938070136,50.95078534801807,0.23018224702604276,0.35835312665002306,23.37,23.366788892490842,2.5257276226370187,86.159866298755,0.7624332814120347,6.557693116708296,5.2624652061618935,0.044065498195502005,0.576114570832386,1,scenario_model_generated_from_literature_calibrated_priors,0.9998625970257099,0.955934501804498,1
full_data_informed,pulmonary_reference,0.46421056911919456,0.8625063902099273,55.884562170725914,0.20057601999568866,0.7385282322120521,23.37,18.27863686579099,2.593137891780452,83.43220597998652,0.8209157945980385,3.95607627936554,13.996085606243582,0.039661876340491814,0.5760844459775682,1,scenario_model_generated_from_literature_calibrated_priors,0.7821410725627296,0.9603381236595082,0
full_data_informed,pulmonary_reference,0.4965840033732426,0.8358288000578522,53.69884097686927,0.13641042908169765,0.5790816980737602,23.37,20.723854361045696,2.540900002385207,85.87682925028118,0.7908944069527224,3.3890018045029158,12.961459624395355,0.08337977812923522,0.5759579474868077,1,scenario_model_generated_from_literature_calibrated_priors,0.8867716885342617,0.9166202218707648,0
biology_only,pulmonary_reference,0.7117429918753451,0.8817304136336601,47.44877488365688,0.10552449894605638,0.847277297573433,23.37,21.769215534657548,2.2018805204122027,84.90005395314533,0.8031776046599279,3.7688514149805044,8.383130800534545,0.048211485171435725,0.5758732303829718,1,scenario_model_generated_from_literature_calibrated_priors,0.9315025902720389,0.9517885148285643,0
full_data_informed,pulmonary_reference,0.5206161314545622,0.5130083002543732,61.01789736854307,0.04682967417358348,0.4486554993817493,23.37,20.621822254064003,2.336015735791748,87.00481858549469,0.775757074688771,6.136839351907802,9.094846181797424,0.035269051709747874,0.5757266987714976,1,scenario_model_generated_from_literature_calibrated_priors,0.8824057447181858,0.9647309482902521,0
full_data_informed,pulmonary_reference,0.5789019281101947,0.9348288091294008,67.70831261716762,0.15989111966101918,0.45292576853931243,23.37,19.23763436705455,2.4549483334696376,88.81332967101945,0.788483732654438,2.8354499617869986,5.709388032962397,0.0265996785729554,0.5755085174028692,1,scenario_model_generated_from_literature_calibrated_priors,0.8231764812603573,0.9734003214270446,0
biology_only,pulmonary_reference,0.48440564959955806,0.8220963078109375,74.06145752784501,0.10113877952121308,0.544926935326813,23.37,17.17829404371605,2.4277519762493167,85.02790636788524,0.8294599362283048,4.025326823184447,9.718895816507965,0.04755701985197217,0.5753176793323347,1,scenario_model_generated_from_literature_calibrated_priors,0.7350575114983333,0.9524429801480279,0
biology_only,aortic_high_pressure,0.39966812339265423,0.9178736214491857,62.85705042586993,0.08197951758448889,0.673215693330805,32.75,17.710041592807087,2.728583788843712,84.6844367215474,0.8448540754047004,5.542735678854607,7.204582453953552,0.04226363978322609,0.57527109889343,1,scenario_model_generated_from_literature_calibrated_priors,0.5407646287880027,0.9577363602167739,0
biology_only,pulmonary_reference,0.4792769827732902,0.8509145656363005,49.89697471550873,0.06901785015765459,0.8879536997283155,23.37,15.107071340546417,2.3164223737451923,88.15696080727915,0.8531307125439616,3.77733237341075,4.64399473234634,0.06031214051998594,0.5752187884177471,1,scenario_model_generated_from_literature_calibrated_priors,0.6464300958727607,0.9396878594800141,0
biology_only,pulmonary_reference,0.7426351630362078,0.8898672672600833,54.69414633528726,0.03250230948720788,0.6701078907519659,23.37,28.32816036304358,2.0585726518139573,86.39515747344628,0.8366283589708393,2.5926214250869224,8.902359803014178,0.041032659262746574,0.575199313293419,1,scenario_model_generated_from_literature_calibrated_priors,0.7878408060315114,0.9589673407372534,0
full_data_informed,aortic_high_pressure,0.5774165183082062,0.4485659749116984,55.597502596793134,0.12834714428976657,0.8099415315870071,32.75,32.98860528375868,2.2527214552813293,81.08172197224104,0.7926455335245314,5.048516792185753,8.167859696407511,0.032933557225472,0.5750828767928247,1,scenario_model_generated_from_literature_calibrated_priors,0.9927143424806509,0.967066442774528,1
biology_only,aortic_high_pressure,0.6357694960036906,0.7095047233569794,51.743001470598536,0.03308490335143026,0.8653476007227271,32.75,34.36488384474285,2.0709367374414134,82.24735658580143,0.8108603553925834,6.518651616850115,13.77645025038478,0.05392258183544198,0.5749618909847538,1,scenario_model_generated_from_literature_calibrated_priors,0.9506905696261726,0.946077418164558,0
hydrodynamic_only,aortic_high_pressure,0.6105394940959612,0.6185391081648554,25.312392680310552,0.11478721494704064,0.8149006776533185,32.75,33.87640122318794,2.163544167870026,72.81071805419039,0.8609389373244599,7.421591256307012,9.053674461311095,0.07868361960903444,0.5749312265766259,1,scenario_model_generated_from_literature_calibrated_priors,0.9656060695209789,0.9213163803909655,0
full_data_informed,pulmonary_reference,0.7184381196284829,0.7776121903760017,49.663086802491264,0.05839383522927609,0.6425826151164703,23.37,26.622056230029003,1.9156109022772496,84.72384682753408,0.8440312290360522,3.987826753260539,9.89728052657835,0.04062559495842411,0.5749063636637488,1,scenario_model_generated_from_literature_calibrated_priors,0.8608448339739408,0.9593744050415759,0
biology_only,aortic_high_pressure,0.47606355172877823,0.6039390456132102,66.4398881509837,0.09681106301090524,0.4317742913814112,32.75,28.543066004694026,2.3806560993682186,87.24294086829173,0.7852096857745928,4.503989827358272,12.121254519842275,0.04948327643936682,0.5747812373026934,1,scenario_model_generated_from_literature_calibrated_priors,0.871544000143329,0.9505167235606332,0
full_data_informed,pulmonary_reference,0.530294828416594,0.6253082761352833,46.13506635694722,0.05221388588580194,0.18826886492496736,23.37,18.979653512858008,2.441407239850115,86.20356077981175,0.795512986844636,2.2955110135205405,10.381847519179564,0.0619601428764597,0.574717992847688,1,scenario_model_generated_from_literature_calibrated_priors,0.8121375058989305,0.9380398571235403,0
full_data_informed,aortic_high_pressure,0.5562900835216275,0.7381608939588505,65.97614722414126,0.19771644496970828,0.8257494594178074,32.75,30.833832546565716,2.2997989599574136,87.78586164112858,0.7886348555104764,2.5659212965326166,11.011940531833362,0.04175809506545744,0.5747114558731495,1,scenario_model_generated_from_literature_calibrated_priors,0.941491070124144,0.9582419049345425,0
full_data_informed,pulmonary_reference,0.5552252870158388,0.6589909602049895,56.6438836371573,0.09260108704873384,0.3975769308422328,23.37,21.43643579573072,2.2079886335664107,88.54158578189806,0.7820627592684324,5.220388000549904,9.835836705347074,0.040243347914325135,0.5744651797076241,1,scenario_model_generated_from_literature_calibrated_priors,0.9172629779944681,0.9597566520856748,0
biology_only,aortic_high_pressure,0.6877607465450668,0.8207491256010252,59.054875270050516,0.16808608482579745,0.6412293001514746,32.75,35.30218260313046,2.1801308252341705,87.4110610958784,0.8163038374291433,2.923678221799047,10.255987271932119,0.0745804514440679,0.5744627951625859,1,scenario_model_generated_from_literature_calibrated_priors,0.9220707602097569,0.9254195485559321,0
biology_only,aortic_high_pressure,0.5261478152400313,0.46200429223454353,44.39981825491033,0.1188348941304013,0.9761067477106286,32.75,30.07144261671164,2.2031143077020823,78.49609914331701,0.8294257894526825,8.182559680097489,11.373589076405597,0.038323453948409164,0.5743544198466084,1,scenario_model_generated_from_literature_calibrated_priors,0.9182119882965386,0.9616765460515908,0
biology_only,pulmonary_reference,0.5923700618059384,0.8835199222249527,48.513725776269105,0.06607086304174514,0.6488138434927586,23.37,14.728184382599029,2.363827940631872,82.98356749872613,0.8647494957347797,3.7958097223563985,10.630969506501696,0.04234004906534091,0.5743226370718367,1,scenario_model_generated_from_literature_calibrated_priors,0.6302175602310238,0.957659950934659,0
biology_only,aortic_high_pressure,0.6235048274065303,0.31106486685179785,62.64354430968704,0.3656324883068777,0.7620707568533258,32.75,30.42790406360164,2.0272345179349136,80.86718895006096,0.889630789293918,4.959664784871597,10.94284321859239,0.05307606904703836,0.5743163842724902,1,scenario_model_generated_from_literature_calibrated_priors,0.9290963072855463,0.9469239309529617,0
biology_only,aortic_high_pressure,0.643924590017628,0.830751870325389,45.87429399253048,0.06323856787603305,0.6801796347041843,32.75,37.51957597329282,2.1260172558972745,83.30728211785669,0.8260437942323386,5.6238171757805215,10.849853721579752,0.04052289405977738,0.5741733067951658,1,scenario_model_generated_from_literature_calibrated_priors,0.8543640924185399,0.9594771059402226,0
biology_only,pulmonary_reference,0.5229805576435902,0.9556885560148661,63.641117816347936,0.3021164513595353,0.7493248534606177,23.37,21.614286761600294,2.4998297583835836,85.85102985250326,0.8114519851718435,3.7160945784821307,12.641284590000247,0.08165510515957965,0.5740838268900247,1,scenario_model_generated_from_literature_calibrated_priors,0.9248732033205089,0.9183448948404204,0
biology_only,aortic_high_pressure,0.5635614562138226,0.5387411212502302,62.703245300554215,0.1251483002794819,0.5951196869847014,32.75,31.452455211522885,2.1333551276134384,87.43497731220974,0.7973855155391738,4.670770327755916,14.810201673447484,0.06396329240898548,0.5739522786775733,1,scenario_model_generated_from_literature_calibrated_priors,0.9603803118022255,0.9360367075910145,0
biology_only,aortic_high_pressure,0.5279056487821292,0.7266380441589456,58.08892351018115,0.0389542564408648,0.830540652044551,32.75,25.647062524078233,2.3912841749468345,91.99013079499973,0.7638363161006356,3.961266947277545,9.332801797690328,0.018798555487491864,0.5738075571012148,1,scenario_model_generated_from_literature_calibrated_priors,0.7831164129489536,0.9812014445125081,1
full_data_informed,pulmonary_reference,0.5173929135745441,0.7074385707297374,61.04509735166627,0.18115917555003788,0.8663561183680901,23.37,20.006247292217463,2.3632182057563407,82.34667564432024,0.8220412259514226,6.661625233229787,12.157460064603377,0.04143912795979014,0.5732470891516623,1,scenario_model_generated_from_literature_calibrated_priors,0.856065352683674,0.9585608720402099,0
full_data_informed,aortic_high_pressure,0.5121160271638673,0.5276874931215563,60.8972891665672,0.14291469009841387,0.8102126416347681,32.75,31.436207073140242,2.2235053582112427,90.6396983537138,0.7713040757673216,5.929008587935618,9.478338255236665,0.05490171757674041,0.573243089002098,1,scenario_model_generated_from_literature_calibrated_priors,0.9598841854393967,0.9450982824232596,1
full_data_informed,pulmonary_reference,0.6891824244381489,0.7981456554445743,57.057631638750436,0.16270268006386868,0.23051350936319118,23.37,24.193279817059803,2.144130013281098,86.48074691609212,0.7911193620177577,6.40019248229618,14.245566384383224,0.029754091594893613,0.573137740618493,1,scenario_model_generated_from_literature_calibrated_priors,0.9647719376525544,0.9702459084051064,1
full_data_informed,pulmonary_reference,0.5522763042800899,0.9012230063936831,59.182611174289356,0.4829182549848082,0.7896975403185658,23.37,20.336063702581043,2.4433046982568545,85.85825461961824,0.857961824772025,5.7965328288685605,10.228936036600468,0.06158098903903773,0.5729890207182151,1,scenario_model_generated_from_literature_calibrated_priors,0.8701781644236646,0.9384190109609623,0
full_data_informed,pulmonary_reference,0.524219333034561,0.817418744690487,50.02698402268182,0.03795788495992261,0.6130949314740919,23.37,19.651859325918196,2.3648176240286456,85.68471746562379,0.7916790087347687,4.385533332107603,11.937885048974037,0.06180744826793675,0.572960868966508,1,scenario_model_generated_from_literature_calibrated_priors,0.8409011264834486,0.9381925517320633,0
biology_only,aortic_high_pressure,0.5881733758825097,0.6898048661287827,35.222133196523686,0.16160236361241784,0.8145238353054173,32.75,35.78926725461145,2.2425394922333988,76.266248848255,0.8484559545112843,5.510406882724204,9.780080330754622,0.05465577958105015,0.5729483631821961,1,scenario_model_generated_from_literature_calibrated_priors,0.9071979464240778,0.9453442204189498,0
full_data_informed,aortic_high_pressure,0.6057041758687606,0.6637805931511065,61.79321954539831,0.09231156033014389,0.6295972498527523,32.75,37.025447387214406,2.254935884814565,87.08933306341086,0.7900563207989553,5.2693271535857695,10.893337102198217,0.03403178123922748,0.5728354772469402,1,scenario_model_generated_from_literature_calibrated_priors,0.8694519881766594,0.9659682187607725,0
biology_only,pulmonary_reference,0.5418769724995827,0.5454110453208104,58.53463425207866,0.07013054353295205,0.45660053748807927,23.37,17.641193099192414,2.34202926562285,91.85643165869813,0.8161549571220642,4.617494430885015,10.893513319690285,0.10861355289995576,0.5728233002944532,1,scenario_model_generated_from_literature_calibrated_priors,0.7548649165251353,0.8913864471000442,0
full_data_informed,pulmonary_reference,0.6450210665906639,0.9013309952997363,57.966460927892534,0.18339912836214797,0.7831117502969401,23.37,22.286437839731168,2.3555456852147585,84.07576957593247,0.7977226953824077,4.9445383307336375,10.857634271442825,0.06937207577890184,0.5728218769807661,1,scenario_model_generated_from_literature_calibrated_priors,0.9536344818027884,0.9306279242210982,0
hydrodynamic_only,aortic_high_pressure,0.4295599855613065,0.5385529288109893,44.044915197455346,0.14218514457256293,0.4953163001247636,32.75,28.82448193457989,2.485431268965616,84.43277981450942,0.7887830263770986,5.002268857054037,7.811302056417362,0.05602328873742536,0.5728173227846987,1,scenario_model_generated_from_literature_calibrated_priors,0.8801368529642715,0.9439767112625747,0
full_data_informed,pulmonary_reference,0.5306428271361422,0.8119857486300014,50.18362486819752,0.10234735140323599,0.827812808579368,23.37,16.46002568903237,2.4771465994310717,84.55550500400304,0.8285629128204296,6.057193530455182,9.902479242118176,0.048813616828449195,0.5725744410734576,1,scenario_model_generated_from_literature_calibrated_priors,0.7043228792910727,0.9511863831715508,0
biology_only,aortic_high_pressure,0.497115489460315,0.8940620012815508,39.5376987221777,0.04105580795931988,0.6881350312678147,32.75,29.228198345204277,2.5069467110826995,83.23270783765531,0.7590784445703832,4.129465411372527,8.006606589336865,0.03301862570553926,0.5725074002249585,1,scenario_model_generated_from_literature_calibrated_priors,0.8924640716092909,0.9669813742944607,0
biology_only,pulmonary_reference,0.4861248333352369,0.6595343152698785,62.419889195306446,0.237748530861795,0.7513575231090337,23.37,19.98639097091273,2.4038741972294293,85.5022144645325,0.8082260933307609,7.9881990219923305,10.323361095709732,0.02979935890674937,0.5723907595204348,1,scenario_model_generated_from_literature_calibrated_priors,0.8552157026492395,0.9702006410932507,0
full_data_informed,pulmonary_reference,0.6625076778078142,0.8986208094334888,45.05650461770797,0.07675853176993463,0.3977146244180031,23.37,23.50223903758304,2.1455236714438124,81.33323969266938,0.801352008694364,3.8816627476707795,17.732885209146147,0.06895986016762891,0.5723905790537763,1,scenario_model_generated_from_literature_calibrated_priors,0.9943415045963613,0.9310401398323711,0
full_data_informed,pulmonary_reference,0.5360202485924243,0.8926267749947085,47.36013418471102,0.15655232675136746,0.4970515350793634,23.37,21.790137850523546,2.4007643726586467,80.4331205933719,0.802828761629843,6.244585136891256,7.257864393277149,0.057321852449571525,0.5721979755465554,1,scenario_model_generated_from_literature_calibrated_priors,0.932397854108838,0.9426781475504284,0
full_data_informed,pulmonary_reference,0.6496846570472063,0.6767461253060473,53.36256467065915,0.045484716283074475,0.48237479860264276,23.37,25.93014012865801,2.1760483904342895,84.94041415510644,0.79567444395764,3.3121256672302715,11.021750424776796,0.043474338943490946,0.572137982632165,1,scenario_model_generated_from_literature_calibrated_priors,0.8904518558554553,0.956525661056509,0
biology_only,pulmonary_reference,0.6200304769479544,0.6085258426001485,62.92579649541427,0.057937787007796525,0.7684648450510423,23.37,28.94261895927552,2.155844680114898,85.8254806827221,0.8405978026675659,4.656774588466479,11.212790973249623,0.06307242481863157,0.571988347404031,1,scenario_model_generated_from_literature_calibrated_priors,0.7615481831717792,0.9369275751813684,0
full_data_informed,aortic_high_pressure,0.6124290835705071,0.5368705196509062,59.63846817600081,0.15712101353955008,0.5456358853732907,32.75,33.51829722402202,2.278138491004231,87.11158066251114,0.7704139329176561,4.6391066167997055,8.935152161289281,0.04420007861203806,0.5718247930404116,1,scenario_model_generated_from_literature_calibrated_priors,0.9765405427779535,0.955799921387962,0
full_data_informed,aortic_high_pressure,0.7363107160867691,0.865935589109587,67.23590654239213,0.28524288475702064,0.7231449388728854,32.75,39.63686593865352,2.041982354952621,91.46397141265862,0.8611145443619592,4.059429616072968,10.531618166574106,0.05467386616929993,0.5716008076116319,1,scenario_model_generated_from_literature_calibrated_priors,0.7897140171403505,0.9453261338307001,0
biology_only,pulmonary_reference,0.6537444140969129,0.7329264310650507,60.91981309610607,0.10871351539120966,0.4723369463726332,23.37,22.19441266015614,2.2120631383206417,85.73704440580492,0.7818813409054053,7.4708121388976725,7.9917325396986065,0.04388339223382133,0.5715651840491143,1,scenario_model_generated_from_literature_calibrated_priors,0.9496967334255942,0.9561166077661787,0
full_data_informed,aortic_high_pressure,0.5672342359744651,0.5930043159059885,51.2952440282492,0.11122476519299136,0.5950075702455881,32.75,31.295841880576674,2.3170904474516525,81.97135383315444,0.7807861669682634,7.942819578851146,13.133902487613916,0.0348111872224264,0.5715371652712381,1,scenario_model_generated_from_literature_calibrated_priors,0.9555982253611198,0.9651888127775736,0
full_data_informed,pulmonary_reference,0.5117234902103523,0.6495069054866044,51.83266022754482,0.19260012973857898,0.44219172299560355,23.37,22.08510563908159,2.2232346922491257,83.76953829842867,0.8111646715825538,3.1181832698413166,8.329764981241489,0.05830210426164082,0.5713020581635266,1,scenario_model_generated_from_literature_calibrated_priors,0.9450194967514587,0.9416978957383592,0
full_data_informed,pulmonary_reference,0.5856466865365875,0.8369462462670779,61.099982438707926,0.14630696798557377,0.5357961671288847,23.37,21.46794944509005,2.365932740700257,83.29722873150308,0.7929537084401775,5.3408487494062395,12.179296759780659,0.05328206083910767,0.5712758923973796,1,scenario_model_generated_from_literature_calibrated_priors,0.9186114439490821,0.9467179391608923,0
full_data_informed,pulmonary_reference,0.6196425841247606,0.21955219426787903,71.03873544435258,0.028544598470075365,0.7452254360272422,23.37,25.44196456016919,2.1545841620192574,91.40252126683423,0.7577923508584664,4.67202301812052,10.843953949414,0.040997888405152845,0.5710442045657611,1,scenario_model_generated_from_literature_calibrated_priors,0.9113408403864275,0.9590021115948472,1
biology_only,aortic_high_pressure,0.46438364328140813,0.928103073702229,56.148631864171016,0.24244385092215384,0.7671083397728335,32.75,26.592827529428217,2.510838268646162,84.80356334730742,0.8193247072748453,4.6006111194297485,10.034636938197195,0.059108106269743006,0.5708912674827251,1,scenario_model_generated_from_literature_calibrated_priors,0.811994733722999,0.940891893730257,0
full_data_informed,pulmonary_reference,0.5864541892036352,0.5292468304791499,64.94007729174751,0.12397946915880752,0.5514095683423601,23.37,21.789652269284282,2.2904022478868544,85.88920109377533,0.7823692427368568,6.365361257473722,7.214237657711507,0.05589816488769079,0.5707389415341307,1,scenario_model_generated_from_literature_calibrated_priors,0.9323770761353993,0.9441018351123092,0
full_data_informed,pulmonary_reference,0.5997490214782997,0.8233271707390806,75.30167535057939,0.04391750452325998,0.3397632930635437,23.37,22.484840070984674,2.264752240546324,85.86941816721742,0.7687172565683265,3.956775078043234,9.311979710682156,0.07450079679180135,0.5706851758886979,1,scenario_model_generated_from_literature_calibrated_priors,0.9621240937520186,0.9254992032081987,0
full_data_informed,aortic_high_pressure,0.6626781717320989,0.49364823728332285,72.15895871839767,0.018267445332304837,0.7372832433387593,32.75,34.98676257385401,2.1843924125321124,88.76798006290477,0.756023772531536,4.704116687808398,7.635883229555397,0.03929196466981962,0.5705880879663472,1,scenario_model_generated_from_literature_calibrated_priors,0.9317019061418623,0.9607080353301803,0
full_data_informed,pulmonary_reference,0.6323428278348623,0.8450221857863139,66.5860298686727,0.07321190626922397,0.3933398590575887,23.37,25.51254932724069,2.2292350605463125,87.38647661341386,0.7863086992105951,3.190689407476672,7.8259933239671895,0.07453932309104319,0.5702222834218251,1,scenario_model_generated_from_literature_calibrated_priors,0.908320525150163,0.9254606769089568,0
full_data_informed,pulmonary_reference,0.5605091196228533,0.8069825191770225,47.44247794498949,0.15635401999707713,0.9693542981962116,23.37,18.679701795571937,2.425890878022395,86.54282750524334,0.8154761301792629,6.2058107142161365,9.23470516227049,0.0818786914413474,0.5698790080278511,1,scenario_model_generated_from_literature_calibrated_priors,0.7993026014365399,0.9181213085586526,0
full_data_informed,pulmonary_reference,0.6337076363848525,0.5941278933133125,59.74783355959361,0.06288060864138242,0.6860998205362974,23.37,22.399915387327173,2.1424688428000604,89.77923042576356,0.7686161089482452,8.763409222704391,13.913504303619971,0.07413156178811182,0.5696721450747911,1,scenario_model_generated_from_literature_calibrated_priors,0.9584901748963275,0.9258684382118881,0
biology_only,pulmonary_reference,0.7070905678495201,0.7063598140579742,68.09415940675896,0.021135847442117987,0.44893842952929386,23.37,30.30069681367922,2.063091167665615,87.6728757516246,0.8422782547585178,8.072635065105588,12.36150699961529,0.05037203305948264,0.5693845485026341,1,scenario_model_generated_from_literature_calibrated_priors,0.7034361654394857,0.9496279669405173,0
full_data_informed,pulmonary_reference,0.6098321114963712,0.5056079169435572,71.8090750845277,0.0677932706547554,0.5671489583363492,23.37,24.49665222655703,2.3082284609550894,88.54963689477519,0.748942717616579,6.771045987666934,8.636966474730352,0.054805182451204235,0.5693792994655922,1,scenario_model_generated_from_literature_calibrated_priors,0.951790662107102,0.9451948175487958,0
biology_only,pulmonary_reference,0.6765552870248673,0.7354723994733643,44.356593268879415,0.15064138505898828,0.5454514145962042,23.37,26.893328115543838,2.214202885436909,84.0565670422139,0.8190320845179111,8.475486755599613,10.559317381232178,0.04093955716421617,0.5693122568972151,1,scenario_model_generated_from_literature_calibrated_priors,0.8492371366904649,0.9590604428357838,0
biology_only,pulmonary_reference,0.7491923717057501,0.7217797774613482,57.34072431159969,0.10242425314795746,0.7427280641502793,23.37,24.133334111439808,1.9074222450401646,85.78069542874755,0.815547693502047,4.9490989010470035,13.407779873998876,0.06828540359750679,0.5692672314867403,1,scenario_model_generated_from_literature_calibrated_priors,0.9673370084963712,0.9317145964024932,0
full_data_informed,pulmonary_reference,0.6343452354957574,0.37875793336781477,62.146904448203756,0.203388613735575,0.7994530732038548,23.37,26.053318896156078,2.043756358575408,88.91113736791297,0.8325109386430866,5.249584651044679,8.107938298391126,0.07882478807623697,0.5692211300521145,1,scenario_model_generated_from_literature_calibrated_priors,0.8851810485170699,0.9211752119237631,0
full_data_informed,aortic_high_pressure,0.6416369582024981,0.5928264544075391,64.8905801852446,0.09454155059908928,0.7987266690995757,32.75,35.650937899637405,2.075384274745465,85.08426282426439,0.802286186322269,5.862540038074512,7.878343069063953,0.041132746486277266,0.5691071308132732,1,scenario_model_generated_from_literature_calibrated_priors,0.911421743522522,0.9588672535137227,0
biology_only,pulmonary_reference,0.7560447986987249,0.7788369025459639,44.695705972147486,0.10847772784116542,0.8590431910476322,23.37,29.763947529859944,1.917860506687474,84.90773388690876,0.8915757620886792,5.057441062226162,11.967545533791347,0.07900612211685772,0.5690380023783418,1,scenario_model_generated_from_literature_calibrated_priors,0.7264036144689798,0.9209938778831422,0
full_data_informed,aortic_high_pressure,0.5552720433346648,0.7716992875569656,65.89734458405741,0.039155797221783833,0.7641262989636844,32.75,30.076032962760657,2.2648173076016627,87.20627076597506,0.7580419869771649,3.3723433859322016,7.6285540916523935,0.04150885146766932,0.5690181654608389,1,scenario_model_generated_from_literature_calibrated_priors,0.9183521515346765,0.9584911485323306,0
hydrodynamic_only,aortic_high_pressure,0.5213202171430107,0.6157847583810017,33.95943661845706,0.18471227419980368,0.4868844972952835,32.75,30.286075907249106,2.4382519222729853,78.54011293624612,0.7983598835596777,4.926275191572895,11.02607837464453,0.036550328196062916,0.5689427972334694,1,scenario_model_generated_from_literature_calibrated_priors,0.9247656765572246,0.963449671803937,0
full_data_informed,aortic_high_pressure,0.5097661039085344,0.546993665316551,76.66978503790486,0.0159183329755332,0.38285475920882484,32.75,25.859508076325046,2.37881450998638,89.19378356997325,0.7655506715475122,3.08271704656064,12.011688541320984,0.03495787320495704,0.5689064876292453,1,scenario_model_generated_from_literature_calibrated_priors,0.7896033000404594,0.965042126795043,0
biology_only,pulmonary_reference,0.48998154846286557,0.3986538834301312,86.95725209566545,0.16140656314733576,0.3865580751530275,23.37,22.012216427563192,2.3951156914282663,89.53429029330566,0.7521736232967138,2.255702349830856,10.64491358943968,0.050618612078311434,0.5688469948473596,1,scenario_model_generated_from_literature_calibrated_priors,0.9419005745641075,0.9493813879216886,0
full_data_informed,pulmonary_reference,0.5679720001200658,0.9644676412278347,71.48100167416003,0.2280705604415442,0.36424557775984967,23.37,19.607202391637234,2.513765488221674,90.94394620478009,0.764623153401824,5.752261235692341,10.505081441771733,0.025907010658714497,0.5688171667470031,1,scenario_model_generated_from_literature_calibrated_priors,0.8389902606605577,0.9740929893412855,1
full_data_informed,pulmonary_reference,0.542168498299705,0.20656324941964266,54.129840397158624,0.05286582323137435,0.8815905693357249,23.37,21.12240266176233,2.158536242578491,89.55672594795952,0.7636055765417655,5.12718577557078,9.277466043847843,0.03307965414627402,0.5687803141926501,1,scenario_model_generated_from_literature_calibrated_priors,0.9038255310980885,0.966920345853726,0
full_data_informed,aortic_high_pressure,0.5727512634100338,0.5947139538555117,59.49982165775122,0.18461495760737762,0.7527516694627202,32.75,34.01884347810306,2.2853252930139845,88.25869300388672,0.7782733083475073,1.7161876730257186,10.21250696081167,0.07416946002392866,0.5687211938742106,1,scenario_model_generated_from_literature_calibrated_priors,0.9612566876915096,0.9258305399760713,0
biology_only,pulmonary_reference,0.6332390977841583,0.8673537606809547,66.57654620978785,0.365891714680897,0.8511632109605856,23.37,23.178770712139567,2.236938987114931,83.88949523548837,0.8261656664545974,12.0,7.67080709094537,0.06800818998504518,0.5687030512295922,1,scenario_model_generated_from_literature_calibrated_priors,0.9918173175926216,0.9319918100149548,0
full_data_informed,aortic_high_pressure,0.5700428267180288,0.8125906690634771,55.92546287550565,0.20597463895095652,0.6042485632935735,32.75,32.27762949533887,2.290935990191934,83.33087812073784,0.7835202652869744,4.628976751083839,6.8835059225884905,0.041961613899903376,0.5686982389842071,1,scenario_model_generated_from_literature_calibrated_priors,0.9855764731401182,0.9580383861000966,1
full_data_informed,pulmonary_reference,0.5292548536887443,0.6842063082778048,55.6336343526982,0.02662638198765435,0.7746216169675013,23.37,17.005553739604547,2.4279609237196,82.35827497271563,0.8169150655910301,6.957083399174968,8.830863215451911,0.057876285417478204,0.5686768689656053,1,scenario_model_generated_from_literature_calibrated_priors,0.7276659708859455,0.9421237145825218,0
full_data_informed,pulmonary_reference,0.6083244930160399,0.7873838160442933,61.491555084561156,0.1137154957333553,0.5764937719696148,23.37,23.000111138684158,2.2410914699298403,84.63289414451211,0.7692092541298592,2.01800457816838,11.946748933688363,0.0488298586919156,0.5686523516850873,1,scenario_model_generated_from_literature_calibrated_priors,0.9841724920275634,0.9511701413080844,0
baseline,aortic_high_pressure,0.48617026756548454,0.663196525420722,26.5492710179219,0.06271391741886913,0.9267987495517848,32.75,27.16094770814118,2.4395460802406777,72.13770051400185,0.8281570493698455,4.295089230706328,15.545757756833202,0.03460906220154772,0.5686175920971035,1,scenario_model_generated_from_literature_calibrated_priors,0.8293419147524024,0.9653909377984523,0
full_data_informed,pulmonary_reference,0.6445648617937906,0.8033430132623494,41.29243939009247,0.15502569116266893,0.8371360497069307,23.37,23.238087437366747,2.087209334001253,81.5331688619224,0.809486956448266,2.6123610695642725,10.179798281466955,0.05918180989778471,0.5685562044144155,1,scenario_model_generated_from_literature_calibrated_priors,0.9943554744273319,0.9408181901022152,0
full_data_informed,aortic_high_pressure,0.48775161147833557,0.7643379217131359,60.77970214243497,0.11019457336196281,0.544391105599611,32.75,25.947475260395688,2.5731787036076943,88.91402409328458,0.7638124084153185,5.7987751892489525,7.83776679152585,0.04683602617177218,0.5682707785376636,1,scenario_model_generated_from_literature_calibrated_priors,0.7922893209281126,0.9531639738282278,0
hydrodynamic_only,aortic_high_pressure,0.5936779063144458,0.7001037635101529,39.313821867549166,0.42461968591911425,0.5804637718086176,32.75,33.18264998365053,2.169358801944407,83.74265466351918,0.8389954582898758,5.409099791200922,5.638364546290955,0.04871293018708924,0.5682338848869977,1,scenario_model_generated_from_literature_calibrated_priors,0.9867893134763197,0.9512870698129108,1
biology_only,aortic_high_pressure,0.5831115861095428,0.5796024321924637,73.05225689635978,0.4101474207083668,0.9802459237728883,32.75,36.07436131000449,2.1797788236714455,92.10495681574017,0.8253683289556956,6.283002403845574,4.57243693646734,0.05194617083226809,0.5681285147547458,1,scenario_model_generated_from_literature_calibrated_priors,0.8984927844273438,0.948053829167732,1
full_data_informed,pulmonary_reference,0.6570247894836834,0.5689949931179646,62.6171468591301,0.07612416733754444,0.5089216842939228,23.37,24.268842332084688,2.1443682143236713,85.52207162115519,0.7708276434305709,2.387687920160049,9.536560295928703,0.03796274035940107,0.5681264130391459,1,scenario_model_generated_from_literature_calibrated_priors,0.9615386250712585,0.9620372596405989,0
full_data_informed,pulmonary_reference,0.5865599381987031,0.7878541785044719,57.93012915000425,0.18752550661087292,0.5149500840380358,23.37,23.15540344874407,2.2414021969274556,83.78309585206746,0.7852013110265024,2.9954475147765294,2.9225102482988197,0.05302856414070941,0.5680757143828409,1,scenario_model_generated_from_literature_calibrated_priors,0.990817434691659,0.9469714358592906,0
full_data_informed,pulmonary_reference,0.6247770276965293,0.4815874068262006,72.90739410987825,0.17656376888118097,0.6903201407941535,23.37,24.247399145975688,2.1160254924647677,89.01593456903502,0.786700698931471,6.226479349522963,10.519561499124169,0.06181486554984962,0.567923511627588,1,scenario_model_generated_from_literature_calibrated_priors,0.9624561768944935,0.9381851344501504,0
full_data_informed,pulmonary_reference,0.6158895401841704,0.4082411331575073,64.13918345935421,0.05785671717845078,0.48067789719165394,23.37,23.58154786036484,2.1665696831582024,89.38637210065401,0.754108952230854,2.4689946717405635,9.765914437338925,0.07695856201002764,0.5679215531251471,1,scenario_model_generated_from_literature_calibrated_priors,0.9909478878748464,0.9230414379899724,0
full_data_informed,aortic_high_pressure,0.5817724179970349,0.7602701212517431,67.69078024204516,0.07569968464884533,0.4523595159853312,32.75,35.10920687353919,2.1380095610387375,91.24615883952988,0.7601879837322245,5.10992817324129,9.663701833501117,0.04899609189828948,0.567882745522939,1,scenario_model_generated_from_literature_calibrated_priors,0.9279631488995667,0.9510039081017105,0
full_data_informed,aortic_high_pressure,0.5964497031564684,0.5150457772423604,59.29188091313855,0.08558153576935881,0.6292965459752837,32.75,32.00673441686316,2.2106945524946022,85.74910399248401,0.7617436188051478,11.098906394715565,7.484001359301932,0.04613144491760338,0.5678644647838554,1,scenario_model_generated_from_literature_calibrated_priors,0.9773048676904782,0.9538685550823967,0
full_data_informed,pulmonary_reference,0.5091975507629932,0.6284170230511724,58.68130694892423,0.1843757102534372,0.5977279915440654,23.37,17.39716790782818,2.4506620906319116,85.95263080558796,0.8167302187102108,5.11013477678546,5.62969758613321,0.044906443041555326,0.5676702164453583,1,scenario_model_generated_from_literature_calibrated_priors,0.7444231026028318,0.9550935569584447,0
full_data_informed,pulmonary_reference,0.58806383073227,0.6667117716148907,45.153096628560775,0.06995149421556379,0.43418867872470024,23.37,20.078330704603292,2.3279140069461306,82.32192268695854,0.7954658117717389,1.8674868650327365,5.215545143264636,0.053153517361509514,0.5676680951895293,1,scenario_model_generated_from_literature_calibrated_priors,0.8591497948054467,0.9468464826384905,0
biology_only,aortic_high_pressure,0.677601539317856,0.7455284720084905,48.76319623396873,0.14384002376071411,0.7856241763734998,32.75,35.487187807134475,2.0561501841107446,84.62354738039004,0.815230788185434,6.911154467807864,13.913640664471501,0.05219649450308795,0.5676387940684151,1,scenario_model_generated_from_literature_calibrated_priors,0.9164217463470389,0.9478035054969121,0
biology_only,aortic_high_pressure,0.49673009782022565,0.835879821549658,64.23816289319271,0.09670722362003585,0.5210305547009854,32.75,25.192554483035376,2.3536088568867175,94.8202322483831,0.7633874217534464,4.679764945680155,9.41482232849391,0.03787934013225134,0.5674909022961707,1,scenario_model_generated_from_literature_calibrated_priors,0.7692383048255077,0.9621206598677486,1
biology_only,pulmonary_reference,0.4985015642021438,0.8347455793678411,53.43627902551748,0.08067757524250938,0.8816379058414695,23.37,16.65507995556049,2.575432964974922,89.09605238563502,0.7724904213484315,3.830092852049278,7.425699228473816,0.03426576741923763,0.5671740985618555,1,scenario_model_generated_from_literature_calibrated_priors,0.7126692321591993,0.9657342325807624,0
full_data_informed,aortic_high_pressure,0.5960045259209392,0.8839523026672094,45.447083168285126,0.19796078791103627,0.4923853132239722,32.75,33.07893235507241,2.3276626248150154,84.3791177143183,0.76514433573981,3.6739330717003678,9.360300872689335,0.0347596951471097,0.567022501556894,1,scenario_model_generated_from_literature_calibrated_priors,0.9899562639672547,0.9652403048528903,0
full_data_informed,pulmonary_reference,0.5607776891583225,0.37683086991423653,72.92468553938218,0.3121741360999751,0.4693822099047694,23.37,22.754268095440192,2.15646818041476,94.70971904183558,0.787210140548379,3.9929882832705226,6.798362266336802,0.08610496378924089,0.5670167843203526,1,scenario_model_generated_from_literature_calibrated_priors,0.9736528924022333,0.9138950362107591,1
full_data_informed,pulmonary_reference,0.677897359175522,0.8429166152340974,57.839565664695506,0.0951302458459645,0.5536468452159725,23.37,23.464432896412873,2.1927961627804495,86.78484039006909,0.7519547804324056,7.466039073527295,8.754103263932972,0.041302602602033285,0.5669697996175076,1,scenario_model_generated_from_literature_calibrated_priors,0.9959592256562741,0.9586973973979667,0
biology_only,aortic_high_pressure,0.5034659525224432,0.8958392953076703,50.67719443404486,0.3962904256275974,0.8542984700123105,32.75,26.562560088663673,2.5167846009933434,88.32279786912521,0.8171731971389006,9.593917765519631,11.46412227885927,0.04430733412756264,0.5665690659488248,1,scenario_model_generated_from_literature_calibrated_priors,0.8110705370584328,0.9556926658724374,0
full_data_informed,pulmonary_reference,0.6745763103477987,0.7403309747128358,59.63484206630145,0.12880217089292847,0.6133632734484589,23.37,27.046297398346113,2.115205756064568,87.2471134179206,0.8075285836514355,8.783154580609793,11.947949969800913,0.039128893938610444,0.5665252919235682,1,scenario_model_generated_from_literature_calibrated_priors,0.8426915961340988,0.9608711060613896,0
full_data_informed,pulmonary_reference,0.59881230203285,0.21758969047943846,71.41742858934762,0.370596131643227,0.44279548736011637,23.37,23.826060727257783,2.1936405164369583,87.5614844194265,0.8119942409825283,4.455740223452299,12.511736932352978,0.06145498145947965,0.5665080161882623,1,scenario_model_generated_from_literature_calibrated_priors,0.9804852063646649,0.9385450185405203,0
biology_only,pulmonary_reference,0.46789772700397253,0.71838900729252,61.613441331697075,0.2237509685730908,0.6567674592384874,23.37,16.097878776835422,2.399371168527395,86.74201325662712,0.8559494264027983,3.6641359513931753,7.369674346599903,0.0866487828166705,0.5664982564680988,1,scenario_model_generated_from_literature_calibrated_priors,0.688826648559496,0.9133512171833295,0
biology_only,pulmonary_reference,0.5372143297073149,0.6851262632513665,42.59967112848136,0.2225328085681272,0.2945329186427079,23.37,23.00961255584844,2.4195269084387143,82.48336693967158,0.7900777030255295,4.2306157865190634,13.11386234079265,0.09466970537482426,0.5664787504465958,1,scenario_model_generated_from_literature_calibrated_priors,0.9845790567329243,0.9053302946251758,0
full_data_informed,aortic_high_pressure,0.5963758047611251,0.8279588784824972,47.10935530752854,0.0560583783140592,0.3932105992243803,32.75,35.53725604101069,2.238171242042566,83.92755312998476,0.7712999778975214,4.098138544696333,9.12250214589124,0.036408830142886976,0.5664012188025913,1,scenario_model_generated_from_literature_calibrated_priors,0.9148929453126506,0.963591169857113,0
full_data_informed,aortic_high_pressure,0.5000677776829764,0.31731541533909235,69.46113121383483,0.03557433905074926,0.4061088274910567,32.75,29.710590750249764,2.240657225018263,90.36413528101336,0.7473688943774184,3.910001505383545,7.91629701656724,0.051252385695199285,0.566400144843319,1,scenario_model_generated_from_literature_calibrated_priors,0.9071936106946493,0.9487476143048007,0
full_data_informed,pulmonary_reference,0.6637249525271262,0.7370770322586553,74.94071048018496,0.253613698543802,0.6255415085644228,23.37,24.07421808146863,2.2182686291196436,92.74328635506355,0.7734762870094639,4.060866850494612,10.642664818230323,0.07851293533969318,0.5662442112133158,1,scenario_model_generated_from_literature_calibrated_priors,0.969866577600829,0.9214870646603068,0
full_data_informed,aortic_high_pressure,0.5139528527482111,0.4558258778890662,59.73925024044926,0.11797628743378358,0.7265122427249913,32.75,30.622809333568203,2.3941311528594196,86.59901922780625,0.7507066987383878,3.9433487916317604,5.326564791895356,0.04677862838222007,0.566164635775934,1,scenario_model_generated_from_literature_calibrated_priors,0.9350476132387238,0.95322137161778,0
biology_only,aortic_high_pressure,0.5130263997802571,0.8672892762469638,77.3463611113157,0.07420211658422611,0.05940491238899327,32.75,28.263559841361037,2.2873417254647093,87.06694950472482,0.789335604502333,4.186461928365872,11.929316562176298,0.08830339341575767,0.5661049722960507,1,scenario_model_generated_from_literature_calibrated_priors,0.8630094608049171,0.9116966065842423,0
full_data_informed,aortic_high_pressure,0.6213790710494315,0.8250311493659835,55.679666143837096,0.2613841954987965,0.49320989691538714,32.75,34.164417002535714,2.207311409500195,88.73931391300887,0.7837539140374459,3.990833234914717,11.855353406125579,0.04536364724626712,0.5659214635643338,1,scenario_model_generated_from_literature_calibrated_priors,0.9568116945790621,0.9546363527537329,0
full_data_informed,aortic_high_pressure,0.5234442726901748,0.6594414977176033,57.34933652499194,0.49686471195597764,0.6759928098710644,32.75,29.101782611631773,2.390686471626628,85.20147285634555,0.8463354741036094,3.9619367603310223,8.40666273935767,0.0593787176353319,0.5657405879733538,1,scenario_model_generated_from_literature_calibrated_priors,0.8886040492101305,0.9406212823646681,0
hydrodynamic_only,pulmonary_reference,0.549041463005831,0.4191459341858306,32.871382904256855,0.23121033805650287,0.7334996723460112,23.37,20.629973352956423,2.2614602135888355,79.75601036041347,0.8325430850027965,4.503040474472825,12.084285054005832,0.0506621278607564,0.5656297010596297,1,scenario_model_generated_from_literature_calibrated_priors,0.8827545294375876,0.9493378721392436,0
full_data_informed,aortic_high_pressure,0.6034252436628781,0.6168004074419351,56.409462731729825,0.08438713289032367,0.5052579609134159,32.75,34.66427207820766,2.2204162213890237,92.69914930713594,0.7378315120321866,5.813468359504619,11.229275276095489,0.05239724114486467,0.5656198589626339,1,scenario_model_generated_from_literature_calibrated_priors,0.9415489441768654,0.9476027588551353,1
biology_only,aortic_high_pressure,0.6406809022949413,0.6322880522345323,73.47576836340953,0.08727118781254321,0.447545288785838,32.75,37.49863486270784,2.320981093848732,87.47695677262479,0.7768412862309343,4.001118807103452,11.17993352896098,0.06132293877251111,0.5655879737486494,1,scenario_model_generated_from_literature_calibrated_priors,0.8550035156425088,0.9386770612274888,0
full_data_informed,pulmonary_reference,0.4891998734906674,0.7294008574150319,64.08478508929961,0.034656250898049315,0.36445533174358147,23.37,20.66612185486863,2.489616935356916,87.03070197008697,0.7319906216283494,4.119878425306407,7.5878206629869736,0.03968921422674483,0.565565555483001,1,scenario_model_generated_from_literature_calibrated_priors,0.8843013202767921,0.9603107857732551,0
biology_only,aortic_high_pressure,0.4905376824115101,0.7222700110618712,48.98389584336308,0.199107774265227,0.8944327382790571,32.75,21.471469502250702,2.459836839655922,80.19481998450719,0.8726357161073717,5.233893263726404,13.688064389687025,0.06912112030860104,0.565535604255215,1,scenario_model_generated_from_literature_calibrated_priors,0.6556173893817008,0.9308788796913989,0
hydrodynamic_only,pulmonary_reference,0.6470653399745374,0.7774006547312545,34.97196608335502,0.24543737564685797,0.8190616757958757,23.37,24.76848572155892,2.2213153459917114,76.27666578863274,0.8427711977976209,5.638163519202639,9.602442268006055,0.0625967323476854,0.5654962735998206,1,scenario_model_generated_from_literature_calibrated_priors,0.9401589336089465,0.9374032676523146,0
full_data_informed,pulmonary_reference,0.6470112698135848,0.8420702783952118,55.210388148632816,0.12024587939149496,0.406895622080018,23.37,27.14554360233663,2.1156736198287582,87.1980280933417,0.8050570078243173,4.407910161088487,13.276459234535785,0.03998447772058283,0.5654602713589936,1,scenario_model_generated_from_literature_calibrated_priors,0.8384448608328358,0.9600155222794172,0
full_data_informed,pulmonary_reference,0.6417525179459609,0.7200654834693353,65.06226118964746,0.10050693528448464,0.16981544236304355,23.37,20.347376901225726,2.1759847564343175,90.38839493687209,0.7782165239703136,4.542970467651861,7.301700755897054,0.05923984920477128,0.5653098286897266,1,scenario_model_generated_from_literature_calibrated_priors,0.8706622550802621,0.9407601507952287,0
full_data_informed,pulmonary_reference,0.5695759635631518,0.5034793180627767,51.282150767133935,0.07443995415023634,0.5853553629605833,23.37,23.295913962277897,2.2885401614914094,83.8248251168699,0.7584196372403099,4.8398054640059,12.240899882834327,0.07743465929476895,0.5651227829951461,1,scenario_model_generated_from_literature_calibrated_priors,0.99682986573718,0.922565340705231,0
full_data_informed,pulmonary_reference,0.590452534864348,0.6968997117896163,74.38940395147962,0.3341662834378724,0.6049047886381883,23.37,23.57463129098946,2.3245854347228265,92.30648893092531,0.762251418897199,9.76453866566098,9.605581078679734,0.06149947673586373,0.564902590459588,1,scenario_model_generated_from_literature_calibrated_priors,0.9912438471977125,0.9385005232641362,1
biology_only,aortic_high_pressure,0.6366265723874616,0.6975167116673424,70.66557755875375,0.1048749282472423,0.8438305216269475,32.75,23.96450463726187,2.164244928233767,89.75797368469333,0.8190972961711472,5.2347175893725,9.362135258086262,0.05208697591384726,0.5648824249833492,1,scenario_model_generated_from_literature_calibrated_priors,0.7317405996110495,0.9479130240861527,0
full_data_informed,aortic_high_pressure,0.4779157817456228,0.6296136286778227,61.011358209215956,0.09145455193158633,0.33725561495346135,32.75,27.686121871122722,2.355949992410119,87.76372333352228,0.7639649260507568,6.798494621559312,6.035052911091036,0.036890417899966124,0.5648639715905044,1,scenario_model_generated_from_literature_calibrated_priors,0.8453777670571824,0.9631095821000338,0
full_data_informed,pulmonary_reference,0.6713582378651936,0.4268616886423062,68.81299907866197,0.015230815724044394,0.7782168777480254,23.37,28.09221885358382,2.069919049238151,91.03860694511592,0.7819357072031995,9.265047584366636,13.45247582475997,0.035723957591739006,0.5645965499159412,1,scenario_model_generated_from_literature_calibrated_priors,0.7979367200006924,0.964276042408261,0
biology_only,pulmonary_reference,0.44662957237727224,0.6735892889653808,71.24735627526601,0.33961904563994083,0.9825880146764705,23.37,9.05739603834174,2.6329258536524187,91.51949636178327,0.9002265332861541,5.808462750798342,12.212292550862355,0.05784442912216494,0.5645597080129875,1,scenario_model_generated_from_literature_calibrated_priors,0.38756508508094734,0.9421555708778351,0
biology_only,pulmonary_reference,0.7246018103323324,0.8804023941769387,37.86708584952471,0.13016490344319037,0.6434983606066467,23.37,25.112985930893366,2.1944277146322038,77.22030541819531,0.8404407521918379,3.145743242152457,10.100400005633185,0.11164004117370542,0.5644775889684205,1,scenario_model_generated_from_literature_calibrated_priors,0.9254178035561247,0.8883599588262946,0
baseline,pulmonary_reference,0.7636196763686727,0.8171440861372397,25.200245201190544,0.12464260058135573,0.9046154935882939,23.37,26.238787878389267,2.037154503846273,77.76173310789596,0.8394134328165158,4.409044028421625,14.969989464766954,0.03264763845516329,0.564456838252597,1,scenario_model_generated_from_literature_calibrated_priors,0.8772448490205705,0.9673523615448367,0
hydrodynamic_only,pulmonary_reference,0.6035443804744492,0.7420515787927349,25.67440707958417,0.22262127696952588,0.8676290376771368,23.37,24.07782695861857,2.278391861079879,70.53950080195754,0.8676744649211895,6.506071061328977,12.742956340552574,0.12152316398804919,0.564426019861098,1,scenario_model_generated_from_literature_calibrated_priors,0.969712154102757,0.8784768360119508,0
full_data_informed,pulmonary_reference,0.6906083146312888,0.6399816175575527,67.62220185044283,0.21373841538665822,0.5933211544537116,23.37,26.20325863752271,2.041734148104903,91.87943974108207,0.8091098833247522,3.4818348957205165,12.080382917136438,0.07024680464556048,0.5644091049702358,1,scenario_model_generated_from_literature_calibrated_priors,0.8787651417405773,0.9297531953544396,0
biology_only,aortic_high_pressure,0.39443823900543384,0.9792086261698442,52.4898627898807,0.1885919343319636,0.5643160555065333,32.75,22.90131871818766,2.7614981861771213,88.46143266992878,0.7784292715652503,6.7010949525636265,7.913364650466923,0.05429257072519349,0.5643848450006143,1,scenario_model_generated_from_literature_calibrated_priors,0.6992769074255774,0.9457074292748066,0
biology_only,pulmonary_reference,0.7234617835760053,0.9287723329290405,70.79189794454295,0.20290342066303818,0.8427310934900812,23.37,22.050266968008618,2.0974090208727008,85.03765522830433,0.803764012907318,7.3463953699545925,8.555270338502943,0.05089229984466429,0.5643675246608618,1,scenario_model_generated_from_literature_calibrated_priors,0.9435287534449558,0.9491077001553357,0
full_data_informed,aortic_high_pressure,0.6259133648406574,0.6411076617303928,53.404137767695524,0.016535547440220965,0.6051671626793608,32.75,30.797441242726986,2.1176583450081976,85.71618358316363,0.7626403253207946,3.1461971911891413,15.131110799027937,0.0477817226123771,0.564358651154533,1,scenario_model_generated_from_literature_calibrated_priors,0.9403798852741064,0.9522182773876229,0
biology_only,pulmonary_reference,0.6606376482510933,0.9628212261792121,56.14152196886336,0.06173533226828172,0.5526921455894358,23.37,16.835865595855843,2.2223155475769465,83.89964836345543,0.8279064994218311,3.2832586412072864,6.664388339231033,0.04434797813417806,0.564269974937117,1,scenario_model_generated_from_literature_calibrated_priors,0.7204050319150981,0.955652021865822,0
hydrodynamic_only,aortic_high_pressure,0.5615302963983275,0.8525988009100296,26.621770111145437,0.18156837461066222,0.5906245051885747,32.75,30.156174960161863,2.4422729513384693,71.14859805985355,0.8305359568223464,4.495590798053631,10.16976931087329,0.0679316325411933,0.5641076030155762,1,scenario_model_generated_from_literature_calibrated_priors,0.9207992354247897,0.9320683674588067,0
biology_only,aortic_high_pressure,0.5194164159202357,0.7241888857857237,47.10996610499626,0.09870105444676751,0.4410396596684836,32.75,29.0317453437919,2.3406231527177916,85.87737080641335,0.7632880065274339,3.2785979564727756,12.160456657919442,0.04147940512248286,0.5640344594552975,1,scenario_model_generated_from_literature_calibrated_priors,0.8864655066806687,0.9585205948775172,0
full_data_informed,aortic_high_pressure,0.6478139266234977,0.7676155058968891,56.3573681051453,0.1450777023406735,0.5024840667823826,32.75,35.95809691349095,2.1905877166364096,85.33364711382849,0.8043094835072849,2.892091029651506,10.879525370943771,0.08564405896035157,0.5638758091691998,1,scenario_model_generated_from_literature_calibrated_priors,0.9020428423361543,0.9143559410396485,0
full_data_informed,pulmonary_reference,0.5416570411968499,0.3839603135573192,62.03781464093187,0.03497426117354892,0.5572511299053768,23.37,21.55995414876585,2.2639771895663854,89.98619015189264,0.7432034050285246,4.715637320747789,6.227292410963747,0.07214718796778218,0.5636837388347249,1,scenario_model_generated_from_literature_calibrated_priors,0.9225483161645636,0.9278528120322178,0
full_data_informed,aortic_high_pressure,0.5726832193785942,0.7649629546133238,57.72040621929205,0.3092404911559068,0.6859321483973208,32.75,30.137738117313106,2.3971531135424056,86.20254165339601,0.7954566759871567,9.575906573158237,11.462337829016274,0.06951324415898684,0.5636810296168772,1,scenario_model_generated_from_literature_calibrated_priors,0.9202362783912399,0.9304867558410131,0
full_data_informed,pulmonary_reference,0.6412513593203142,0.5252789905004405,50.54353772572284,0.36817611343277507,0.9018419560065043,23.37,24.796305489243082,2.074736843968481,89.16955502602927,0.8226358003663617,5.134228910261598,9.06182548013464,0.058232658089163405,0.5636539864487813,1,scenario_model_generated_from_literature_calibrated_priors,0.9389685284876731,0.9417673419108366,0
full_data_informed,pulmonary_reference,0.6608276285735959,0.8756051452347298,50.5962255674966,0.24328120150996824,0.8191874262494502,23.37,23.156034586251817,2.197106504681694,85.78359618947829,0.7803833682062813,4.558689449548257,9.116487632239757,0.04893202928948232,0.5636365251350893,1,scenario_model_generated_from_literature_calibrated_priors,0.9908444410035009,0.9510679707105176,0
full_data_informed,aortic_high_pressure,0.5206913155389391,0.5120122090318452,57.48709749882096,0.07682000923125638,0.6601847586725044,32.75,31.75184882629877,2.3587948331725603,82.98370094118538,0.7395466528243896,4.918243635196377,9.38222495516148,0.028041033021993587,0.5636304837049507,1,scenario_model_generated_from_literature_calibrated_priors,0.9695221015663746,0.9719589669780064,0
full_data_informed,pulmonary_reference,0.676564863710975,0.7126992091599444,47.78280268507212,0.13124717518897788,0.8293291186478676,23.37,23.954670916597085,2.0647560552094912,86.45304431688483,0.7744194272405613,6.212430242702919,10.116409196977571,0.04382030674248642,0.5635962575604153,1,scenario_model_generated_from_literature_calibrated_priors,0.974981989020236,0.9561796932575136,0
full_data_informed,pulmonary_reference,0.5360049321480007,0.6597387971988038,54.00785032537812,0.08614231366655545,0.9888380735160001,23.37,21.928117113465454,2.369266837680323,84.05649087177518,0.7532187453657158,3.367895606982029,9.616088244632461,0.05170173867989098,0.563549472007583,1,scenario_model_generated_from_literature_calibrated_priors,0.9383019731906485,0.948298261320109,0
biology_only,pulmonary_reference,0.6531094238101091,0.8980397452125384,63.51289852562639,0.2768946393546956,0.480237735930134,23.37,20.35777813660081,2.2357441079089813,82.97449528856905,0.8309301405817165,5.4863455681488835,10.361573315692212,0.05631626221411222,0.5635026616067573,1,scenario_model_generated_from_literature_calibrated_priors,0.871107322918306,0.9436837377858878,0
full_data_informed,pulmonary_reference,0.5493281576495918,0.5732603288542508,65.05912006994033,0.16850063009582872,0.6998783986116955,23.37,20.959321792222006,2.3292439705754147,85.09508323859872,0.7846259461870462,6.287980769540833,10.251474106564519,0.06176364122021344,0.5634356907627496,1,scenario_model_generated_from_literature_calibrated_priors,0.8968473167403511,0.9382363587797866,0
full_data_informed,pulmonary_reference,0.5183706076016537,0.7118835112841215,49.806475436650615,0.23208206687822674,0.3665796026625604,23.37,23.228272634114298,2.363326711963266,79.0772121374312,0.7842955673072732,3.179680727725234,8.373856237955122,0.04497336817894087,0.5634194114511576,1,scenario_model_generated_from_literature_calibrated_priors,0.9939354999621008,0.9550266318210592,1
biology_only,aortic_high_pressure,0.4781055624974509,0.8467765687125827,54.23009960156503,0.1834073504101153,0.8624114716836754,32.75,24.07380481543854,2.442485916727302,82.30253973161174,0.8284032937613233,2.9909937472047,7.395842335548982,0.052003774900130334,0.5634144198719973,1,scenario_model_generated_from_literature_calibrated_priors,0.7350780096317111,0.9479962250998697,0
biology_only,pulmonary_reference,0.586305682573706,0.9221394146635946,78.0691538864227,0.516370834629583,0.7514198125684705,23.37,16.713723471679625,2.341097071249308,91.21122767228462,0.8865025529146309,3.7671989453911507,10.363239668588088,0.09208544379420491,0.563344227712375,1,scenario_model_generated_from_literature_calibrated_priors,0.7151785824424315,0.9079145562057951,0
full_data_informed,pulmonary_reference,0.6051605841053515,0.35067879902993915,58.450216016812966,0.032486900424045055,0.513019157901187,23.37,24.123055517915997,2.0862285183057248,78.9959800421726,0.7818117027392446,2.7457398413507583,11.482192469165316,0.03168400736602772,0.5633299313493919,1,scenario_model_generated_from_literature_calibrated_priors,0.967776828501669,0.9683159926339723,0
hydrodynamic_only,pulmonary_reference,0.5492214850845932,0.6450190282938285,27.867991932686618,0.2213198403871645,0.5359084275891934,23.37,23.52849455649234,2.405375290393824,71.05082972065159,0.803634368528204,2.739208554822635,13.117551545446418,0.024530096791699662,0.5632424541042105,1,scenario_model_generated_from_literature_calibrated_priors,0.9932180335262157,0.9754699032083003,1
full_data_informed,aortic_high_pressure,0.679492575370723,0.9497216645474528,48.95384557511662,0.09893207668714597,0.7569198963147443,32.75,36.40858586721392,2.0815309738057723,82.0380457033768,0.8054531354844431,4.486698955508551,13.885169533503163,0.03422794075963717,0.5632388057356652,1,scenario_model_generated_from_literature_calibrated_priors,0.8882874544362162,0.9657720592403628,0
full_data_informed,pulmonary_reference,0.6174991729486422,0.8192229324629497,63.469102284138394,0.15223136254299285,0.7078261585652652,23.37,21.467392009479287,2.377303897738362,87.87079192508898,0.766436901464941,6.463055344319661,7.8351449821872805,0.08613974102626301,0.563205762359811,1,scenario_model_generated_from_literature_calibrated_priors,0.9185875913341586,0.913860258973737,0
full_data_informed,pulmonary_reference,0.7008148680295214,0.7885919172379298,83.68755468411136,0.21395577119989037,0.6409060164645906,23.37,25.129539403462495,2.029952715226911,90.18640746346942,0.8070093228253895,6.314846971254443,14.92487988338708,0.08403552644513006,0.5631800767063256,1,scenario_model_generated_from_literature_calibrated_priors,0.924709482094031,0.91596447355487,0
biology_only,aortic_high_pressure,0.44268590896455895,0.639859260298206,66.00339882999795,0.3133246927809393,0.8613166682505808,32.75,30.92919173287541,2.5875223184398437,83.53988505606435,0.7770061523489822,2.761815754897341,9.958415362399657,0.07097256610952894,0.5629972431299403,1,scenario_model_generated_from_literature_calibrated_priors,0.9444028010038293,0.929027433890471,0
biology_only,aortic_high_pressure,0.5862681404650187,0.40549867858683825,64.18081283881625,0.0581734109919196,0.5664786731043855,32.75,35.342626174865046,2.19856215446651,89.08517796207784,0.7511849946423201,4.964874831176806,4.126385874725598,0.05451686110331001,0.5629028561876193,1,scenario_model_generated_from_literature_calibrated_priors,0.9208358419888536,0.94548313889669,0
full_data_informed,aortic_high_pressure,0.6844272549904663,0.8061255262122624,60.28083444295211,0.28582406335400395,0.6354945672071085,32.75,35.41558893480457,2.1711132046202475,85.8355331476724,0.8144757101700064,9.771265947985798,9.882729917722882,0.06026941704108523,0.5628633429480933,1,scenario_model_generated_from_literature_calibrated_priors,0.9186079714563491,0.9397305829589148,0
biology_only,aortic_high_pressure,0.5357684717730041,0.6966427994748641,68.73629472104604,0.17453791832871715,0.5526711239276876,32.75,27.92372579322693,2.4077607561308385,86.75484428466225,0.7780412925267356,7.3203034086163745,13.463969060309246,0.05580151078283965,0.5627487670263893,1,scenario_model_generated_from_literature_calibrated_priors,0.8526328486481505,0.9441984892171603,0
full_data_informed,pulmonary_reference,0.5139405029773426,0.6756163486920381,57.02264756207515,0.25328853782211824,0.37251151891730305,23.37,21.338144896893645,2.2644836561903467,86.74934434677299,0.7949705730889903,9.903024904284173,9.627748915507457,0.06139805248032005,0.5627407263212683,1,scenario_model_generated_from_literature_calibrated_priors,0.9130571201067028,0.93860194751968,0
biology_only,aortic_high_pressure,0.4988927226422879,0.5190936135459645,66.0704220816915,0.23487963590956434,0.33860986893570744,32.75,29.500286741085148,2.328062844295354,82.5087831316786,0.7996858879946271,2.7070820056474916,12.396196527052048,0.04599385725771621,0.5627302904833257,1,scenario_model_generated_from_literature_calibrated_priors,0.9007721142316075,0.9540061427422838,0
full_data_informed,aortic_high_pressure,0.5157246166385381,0.8825097817819159,53.54230557524051,0.013481364314716908,0.3783188863791063,32.75,29.299614933891633,2.465879400607107,85.88424405891878,0.734825508136851,6.057176232326542,12.850120205245409,0.06290671677567493,0.5627261066213033,1,scenario_model_generated_from_literature_calibrated_priors,0.8946447308058514,0.9370932832243251,0
full_data_informed,aortic_high_pressure,0.5147103862212553,0.7859990319897957,54.803742068583205,0.06945653871922756,0.5302908746528238,32.75,27.66703734749869,2.4617084502872273,90.07154427036993,0.7294782509263614,9.3358606285436,8.044217766534052,0.03000612757618252,0.5626129681017409,1,scenario_model_generated_from_literature_calibrated_priors,0.8447950335114105,0.9699938724238175,0
full_data_informed,pulmonary_reference,0.5799810120808992,0.6780429054287803,59.76289634518269,0.2955026079362484,0.4091663258927308,23.37,21.24164580162887,2.173701295053089,86.03081771195217,0.8069081173336284,6.725708536111915,8.694241980561229,0.03297748614446475,0.5625966914943723,1,scenario_model_generated_from_literature_calibrated_priors,0.9089279333174527,0.9670225138555353,0
full_data_informed,pulmonary_reference,0.6468329336832283,0.9538423815828253,64.16537451325412,0.03970552041640798,0.37761032116625703,23.37,21.194275770551698,2.20744332452055,85.13399372004527,0.7583357552921841,3.4964414738263203,8.511933455925869,0.03285862448844814,0.5625086675153219,1,scenario_model_generated_from_literature_calibrated_priors,0.9069009743496661,0.9671413755115519,0
full_data_informed,aortic_high_pressure,0.64188060037845,0.7503606859198204,67.20191482173443,0.32677547873054535,0.7361959549018536,32.75,36.15197663087505,2.3029444782861455,91.22216342820734,0.790677471420229,5.700016966269437,4.90791436688849,0.06513322686348097,0.5624030436008538,1,scenario_model_generated_from_literature_calibrated_priors,0.8961228509656474,0.934866773136519,0
full_data_informed,pulmonary_reference,0.7119164419946908,0.5605438375148957,56.95596730044464,0.02418870931990786,0.9717103589825754,23.37,26.69902213490844,1.9299394953088385,86.52810420321546,0.8127876000190304,7.162917279618902,15.871668805037178,0.0764517367349113,0.5623571561735102,1,scenario_model_generated_from_literature_calibrated_priors,0.8575514704788858,0.9235482632650887,0
biology_only,aortic_high_pressure,0.6556534453442935,0.8845965586222695,51.76190778659857,0.33472668739828493,0.5680859429924536,32.75,31.114899959616764,2.127871170313767,82.79823041307401,0.8255634715331477,4.343672490949515,11.718205950567684,0.044552996126354896,0.5622692106762247,1,scenario_model_generated_from_literature_calibrated_priors,0.9500732812096722,0.9554470038736451,0
full_data_informed,pulmonary_reference,0.6753161227717479,0.8729010698668174,47.26620237768933,0.18636070035922728,0.8660713480171911,23.37,27.62893521503118,2.1235582994102384,82.43975992592088,0.8395706078648503,5.0556036816424,8.022164878353287,0.051016753538813436,0.5622488713013957,1,scenario_model_generated_from_literature_calibrated_priors,0.8177605812994788,0.9489832464611866,0
biology_only,pulmonary_reference,0.6297468480008603,0.734820956872082,56.13001821805718,0.3216599835977789,0.2808305403324057,23.37,26.64036856462654,2.1770439375658817,87.17823139842757,0.8217406879689906,9.146695240091105,10.36178509184817,0.038566812521587605,0.5622079637686138,1,scenario_model_generated_from_literature_calibrated_priors,0.8600612509787531,0.9614331874784124,0
biology_only,pulmonary_reference,0.3754897577991215,0.9394718738876618,71.26947228136795,0.16588574197145922,0.7869692380869268,23.37,11.263340636623179,2.784528810362946,88.42484676345094,0.8320257972357995,4.103176032147913,12.162064142431023,0.06422979164899932,0.5621292419905733,1,scenario_model_generated_from_literature_calibrated_priors,0.48195723733945994,0.9357702083510007,0
full_data_informed,aortic_high_pressure,0.4907171701132311,0.476169079535452,62.93751678883495,0.1893670792090252,0.5265428306840925,32.75,31.488782936747228,2.3984431438378095,87.6111938507279,0.7579331431540681,3.2069249953067125,10.657498655551606,0.08808293337009444,0.5620903372104353,1,scenario_model_generated_from_literature_calibrated_priors,0.961489555320526,0.9119170666299056,0
biology_only,aortic_high_pressure,0.5818907852547017,0.5430372340217846,46.86062466218392,0.1979424859318446,0.6696465158408114,32.75,35.746390222810454,2.1594355647742414,86.61556508735137,0.796398426609776,4.581217718378449,14.815767815708032,0.05996323292392799,0.5619584786819719,1,scenario_model_generated_from_literature_calibrated_priors,0.9085071687691464,0.940036767076072,0
biology_only,aortic_high_pressure,0.4667372985668995,0.7462987513018998,67.73438098512516,0.18785787337247517,0.8360699075760746,32.75,27.779670470632592,2.603594863939308,86.30159551580996,0.7683356006447226,4.688310087809476,12.739520164949386,0.08173181675871018,0.5619059523862644,1,scenario_model_generated_from_literature_calibrated_priors,0.8482342128437432,0.9182681832412898,0
biology_only,pulmonary_reference,0.7143753284452923,0.6875870297098488,58.768361352377156,0.10276437294056796,0.6746015470905512,23.37,22.1058442857626,1.9252198574617851,84.53454553543229,0.7969492548530496,6.4399177524792535,10.322036531849157,0.04134777443836692,0.5618138962979929,1,scenario_model_generated_from_literature_calibrated_priors,0.9459069014019084,0.9586522255616331,0
full_data_informed,pulmonary_reference,0.596700184899673,0.8885996887554128,60.50085388563624,0.4072797129411357,0.7420713112240309,23.37,24.926297225851094,2.3472237460325673,82.4926481846241,0.8242688135745703,5.3761315547850215,8.712241481212244,0.06227421143406882,0.5615033482551194,1,scenario_model_generated_from_literature_calibrated_priors,0.9334061948715835,0.9377257885659311,0
biology_only,aortic_high_pressure,0.5770503577474191,0.6448370937289997,56.535044436294356,0.1731127914236935,0.5927543240159122,32.75,36.27007973543551,2.2454015147546693,82.93886023229207,0.7959862640265797,5.09006766487271,13.4881882846203,0.048349379122126224,0.5613913289895485,1,scenario_model_generated_from_literature_calibrated_priors,0.8925166492996791,0.9516506208778738,0
biology_only,pulmonary_reference,0.4494601054574154,0.941019694964907,65.05196447696652,0.2834225539834624,0.29344023144389214,23.37,13.520678291286396,2.6209145008854358,87.4736347700064,0.8329766882737765,4.524524827718846,10.151184099682675,0.0243487679645207,0.5612046887229823,1,scenario_model_generated_from_literature_calibrated_priors,0.5785484934226099,0.9756512320354793,1
full_data_informed,pulmonary_reference,0.5607180541127519,0.6890499745590667,58.62477570127345,0.1488947576258919,0.5081121850205531,23.37,20.075349461375048,2.329988653940901,89.7174641284573,0.7707908376001013,3.401324360035464,9.197397345825115,0.07312259942608768,0.5611944907261991,1,scenario_model_generated_from_literature_calibrated_priors,0.8590222277011146,0.9268774005739123,0
biology_only,aortic_high_pressure,0.5973435074463214,0.9175958205441492,57.93452451540028,0.4039079526926903,0.5840290586531268,32.75,29.88225239234942,2.404375985013184,84.34448288328305,0.8246643679057689,8.45174239960047,6.313620836316768,0.09042096422785238,0.5611101349754385,1,scenario_model_generated_from_literature_calibrated_priors,0.9124351875526541,0.9095790357721476,0
full_data_informed,pulmonary_reference,0.5696951679007023,0.7179864371816593,40.76421069333102,0.26516127168615095,0.3747774541451358,23.37,22.946227264900475,2.37467628859735,78.72951394001126,0.7912605727137938,3.2871906487261544,7.513248235206284,0.05223669882179746,0.5610296232798739,1,scenario_model_generated_from_literature_calibrated_priors,0.9818668063714366,0.9477633011782025,0
hydrodynamic_only,aortic_high_pressure,0.6259258696222368,0.613397030679861,45.96040978224204,0.1470849217213287,0.6142040326663054,32.75,27.11003155594738,2.2656853467020053,82.7261028211657,0.8028035315088397,3.920830966119195,10.651984179251025,0.03719812542677106,0.5609847086108051,1,scenario_model_generated_from_literature_calibrated_priors,0.8277872230823627,0.962801874573229,0
full_data_informed,aortic_high_pressure,0.6116912054875805,0.21424847343089226,75.46018541283978,0.13161915916181705,0.7143674119263499,32.75,35.311342056522975,1.997474005850081,89.33156101947667,0.7900272755950467,5.297351492115999,10.158892445721554,0.07267214658128306,0.5609398195607599,1,scenario_model_generated_from_literature_calibrated_priors,0.9217910822435733,0.9273278534187169,0
full_data_informed,aortic_high_pressure,0.5563028455074798,0.7172175308593097,61.44167496706487,0.2826717087437031,0.6703527376004362,32.75,29.968264664158877,2.2667526003439473,88.83989426926573,0.7886626544492173,3.40161397832712,9.650639511791576,0.06753148762632298,0.5608763618263829,1,scenario_model_generated_from_literature_calibrated_priors,0.9150615164628665,0.932468512373677,0
biology_only,pulmonary_reference,0.8407216495931802,0.7551335466521,59.20037348146107,0.18818407878202592,0.9251823492478007,23.37,29.584152540762204,1.8674671273014984,87.48959997113259,0.8864206710269162,3.7609559137022397,12.490849282075018,0.09605242101291972,0.5608198474027046,1,scenario_model_generated_from_literature_calibrated_priors,0.7340970243576292,0.9039475789870803,0
full_data_informed,pulmonary_reference,0.6065448983733187,0.8429277789711702,59.266648325571026,0.25290813374325677,0.3672129784180467,23.37,23.590612650316405,2.101860115361201,86.06921984781583,0.7871999540457743,5.952888334867185,13.792936611950598,0.05307459127300272,0.5607841976588063,1,scenario_model_generated_from_literature_calibrated_priors,0.9905600064049463,0.9469254087269973,0
full_data_informed,pulmonary_reference,0.4878695317465058,0.6714975802775205,55.33488461955886,0.17744299698210678,0.8056538740713034,23.37,17.001507383638263,2.5545843283161114,85.31810989731046,0.7954373475142624,2.3481186233438183,12.242690573457605,0.048435868754832995,0.5607394607530981,1,scenario_model_generated_from_literature_calibrated_priors,0.7274928277123776,0.951564131245167,0
full_data_informed,aortic_high_pressure,0.5358141032120024,0.9372022837382273,61.82163138565952,0.38602115699227973,0.6104706232722102,32.75,29.522677750973067,2.4345877837943477,89.62619966040035,0.7928458209421267,4.958250780227112,12.887365523541563,0.08016768941535649,0.5605179676110938,1,scenario_model_generated_from_literature_calibrated_priors,0.9014558091900173,0.9198323105846435,0
biology_only,pulmonary_reference,0.527229325776681,0.9229605424970765,46.38090039867271,0.3359124004352758,0.6415242685788773,23.37,21.119880248882737,2.3986381943698505,81.91497971820928,0.8148259613071753,4.178013038911944,10.108373300500778,0.06710134405827309,0.5604426815520434,1,scenario_model_generated_from_literature_calibrated_priors,0.9037175972992185,0.9328986559417269,0
biology_only,pulmonary_reference,0.6742265442622526,0.8820501703643927,57.617926122878366,0.055441044683952306,0.42910141348885517,23.37,25.597407647571355,2.0882005720556833,82.27506698955763,0.7892399576254194,4.360816628160883,12.699361724684982,0.04831736771051004,0.5603826024952298,1,scenario_model_generated_from_literature_calibrated_priors,0.904689445974696,0.95168263228949,0
full_data_informed,pulmonary_reference,0.6816030415017551,0.4017564097107558,57.920094161868604,0.10488398249480839,0.4551079529660546,23.37,26.76377089633568,1.9301267509433477,89.95024222398672,0.7921858204803334,4.846565044357737,10.850714141418903,0.030970543256352075,0.5603625179134559,1,scenario_model_generated_from_literature_calibrated_priors,0.8547808773497785,0.9690294567436479,0
biology_only,pulmonary_reference,0.6062601837148222,0.8778403796566207,52.45316428166262,0.24943621104414695,0.8086873311959557,23.37,19.104690980271407,2.2476186123376714,85.78733726939234,0.8160166191416939,3.290767786414862,11.095867381207915,0.045725329406436754,0.5603527097715914,1,scenario_model_generated_from_literature_calibrated_priors,0.8174878468237657,0.9542746705935632,0
full_data_informed,aortic_high_pressure,0.6532425815098216,0.9382303516290754,63.43163728193045,0.10659115222184534,0.4030833083376368,32.75,36.76263728799156,2.265721811214059,85.51908344982095,0.7689245472084199,3.018720518248526,8.788981691104729,0.04120178162684932,0.5603463802435685,1,scenario_model_generated_from_literature_calibrated_priors,0.8774767240307921,0.9587982183731507,0
full_data_informed,pulmonary_reference,0.6500703643474007,0.624303866675554,39.91782783891811,0.18126125050882816,0.8027581470971116,23.37,23.43052456654532,2.2297034022055433,81.5096611757466,0.7769760832394577,5.460249600934542,6.1054429984872165,0.05914882342570067,0.560257022568874,1,scenario_model_generated_from_literature_calibrated_priors,0.9974101597541584,0.9408511765742993,0
biology_only,aortic_high_pressure,0.6747960437452611,0.5675737368479561,55.50475172926584,0.09538865495632248,0.5970224953100002,32.75,33.90979846960107,2.0704913901903934,87.87055004165768,0.760334926150192,7.169104074486008,11.47349148242739,0.056160278302114876,0.5601658483953468,1,scenario_model_generated_from_literature_calibrated_priors,0.964586306271723,0.9438397216978851,0
full_data_informed,aortic_high_pressure,0.6094539654160415,0.8132697256490332,58.37964489380231,0.29307152968824357,0.4902250013165045,32.75,35.13064830092737,2.2704224391459658,84.07149231637936,0.7960841571840562,4.192280881277671,9.819204984516295,0.04304761090324824,0.5601488278837029,1,scenario_model_generated_from_literature_calibrated_priors,0.9273084488266452,0.9569523890967517,0
full_data_informed,pulmonary_reference,0.6572581272007105,0.7480600041549013,67.41223939858075,0.07885196393551128,0.4914132374928902,23.37,22.306770533996026,2.1373530527657594,84.76518597290783,0.7574176698309898,6.213613792507624,11.197751419150157,0.03535595688014428,0.5601358403975902,1,scenario_model_generated_from_literature_calibrated_priors,0.9545045157893036,0.9646440431198557,0
biology_only,aortic_high_pressure,0.6231223503506943,0.9450050600709323,51.331755068037154,0.13452783625509906,0.40244383841276016,32.75,29.002848291807695,2.337330251907269,85.05486555419388,0.7697111670841572,6.0833124486636745,10.504220069608714,0.054597004285216716,0.5600161916560149,1,scenario_model_generated_from_literature_calibrated_priors,0.8855831539483265,0.9454029957147833,0
biology_only,pulmonary_reference,0.5548967109925791,0.5300085682400348,55.85570931155771,0.25880178512216145,0.8104527252445798,23.37,21.81811532625972,2.233116077595066,84.69800458637859,0.7974799600579431,4.705644252853699,11.024581592979018,0.06513518468995842,0.5599594239044607,1,scenario_model_generated_from_literature_calibrated_priors,0.933595007542136,0.9348648153100416,0
full_data_informed,aortic_high_pressure,0.4331966765274646,0.9610838346413141,61.56690864629534,0.06370648564608011,0.7971882010333042,32.75,22.72281847550609,2.5720071684926906,86.71452715425623,0.7682799903946272,6.491928193444513,7.233986881596606,0.03508979758781984,0.5599123990026292,1,scenario_model_generated_from_literature_calibrated_priors,0.6938265183360639,0.9649102024121802,0
hydrodynamic_only,aortic_high_pressure,0.6239452511534282,0.8685842242914164,38.18093554259512,0.23612383806279763,0.5326097506107667,32.75,33.415502361213605,2.2502449129292907,78.3444970237825,0.8135573547911719,3.680357620094836,7.049960574769818,0.0881135600521781,0.5597998707139751,1,scenario_model_generated_from_literature_calibrated_priors,0.9796793172148518,0.9118864399478219,0
full_data_informed,pulmonary_reference,0.6520825382098546,0.6143001205189506,59.97126276382324,0.10136062098874024,0.26531980124593907,23.37,24.982904664566323,2.0056372568036145,86.25981790575595,0.7739211409722977,4.242876887737763,10.248776307295941,0.028220365712875974,0.5596903822625566,1,scenario_model_generated_from_literature_calibrated_priors,0.9309839681400803,0.971779634287124,0
biology_only,aortic_high_pressure,0.5058152237371918,0.6368618139802406,61.82874204094382,0.08785072977520167,0.5225687297137253,32.75,26.488203951915512,2.47148189358629,87.52040855154702,0.7625417278432257,5.138103624535232,9.466799288815766,0.07356411033453768,0.5596360542110128,1,scenario_model_generated_from_literature_calibrated_priors,0.808800120669176,0.9264358896654623,0
full_data_informed,aortic_high_pressure,0.6469129891152698,0.4174673711174429,50.22280713503252,0.10925950597931844,0.5055628509417713,32.75,36.357179167493314,2.04306483587296,87.80558387100129,0.7840113226029849,3.3438295345101565,16.087211747882282,0.049519519255022335,0.5596070196543581,1,scenario_model_generated_from_literature_calibrated_priors,0.8898571246566928,0.9504804807449777,0
full_data_informed,pulmonary_reference,0.5984318179224561,0.36848035286093417,61.24033207274346,0.04295227072276597,0.5208028413904321,23.37,22.592159429957157,2.2076877117971803,86.63711400240669,0.7290117114454282,4.8194699892752455,12.275674515368259,0.034361717276191944,0.55958800660651,1,scenario_model_generated_from_literature_calibrated_priors,0.966716278560426,0.965638282723808,0
biology_only,aortic_high_pressure,0.5659954617176453,0.1666640702106392,49.98934970445015,0.06704711946234937,0.5400092839376648,32.75,29.973313364316702,2.0687763520808327,84.22083217216812,0.7801074719023016,6.9174624954332,13.345473962022062,0.04753540758475394,0.5595378999719196,1,scenario_model_generated_from_literature_calibrated_priors,0.9152156752463115,0.9524645924152461,0
biology_only,pulmonary_reference,0.4983314453812889,0.3388365965499142,52.935481240037554,0.24603828785052753,0.8377400789988151,23.37,22.238428307007602,2.2286412225258703,84.3010433878144,0.7829544515733049,3.3857189703095285,8.126046797960937,0.043925873619943365,0.5594932251126132,1,scenario_model_generated_from_literature_calibrated_priors,0.9515801586224905,0.9560741263800566,0
full_data_informed,pulmonary_reference,0.6076457941947063,0.6256448141520232,62.886996219747864,0.10720995983789607,0.8672662201837895,23.37,22.25442004395183,2.2065979290270055,84.83590772131251,0.7535327007450378,4.166384805751978,8.860220077775853,0.03575642148239378,0.5594921736551113,1,scenario_model_generated_from_literature_calibrated_priors,0.9522644434724787,0.9642435785176062,0
biology_only,pulmonary_reference,0.49841045931291006,0.7352430394766146,48.165203741721314,0.03812053524838227,0.8169933798308178,23.37,15.719992451816788,2.389387502955828,84.87103689485356,0.7967829143626927,5.538626455454118,5.278876848106072,0.03225869986977558,0.5593938623801002,1,scenario_model_generated_from_literature_calibrated_priors,0.6726569299023015,0.9677413001302244,0
biology_only,aortic_high_pressure,0.6393867835386589,0.4111971501563131,59.02291671047834,0.11402452871942324,0.43856788490201803,32.75,37.68310518140727,1.993725732143483,86.55429524568156,0.8126208894863681,5.092874652031909,7.586731930415015,0.0640502230062246,0.559339293753786,1,scenario_model_generated_from_literature_calibrated_priors,0.8493708341555032,0.9359497769937755,0
biology_only,aortic_high_pressure,0.6857105063125247,0.5556107934044897,57.47095306229009,0.1793045639512818,0.9520541893686861,32.75,39.122619313747855,2.130408048398842,86.12370552034851,0.8140142135565627,2.1698292366124297,12.51523888982398,0.041014524682721466,0.5591722974842321,1,scenario_model_generated_from_literature_calibrated_priors,0.8054162041603709,0.9589854753172785,0
full_data_informed,pulmonary_reference,0.6980927929447113,0.8768408038869508,48.34580137963461,0.049713314065549824,0.5030184118942667,23.37,27.7863425694587,2.0257196732555776,89.21984323018182,0.7888922691960788,2.6769750442701206,9.503251838406406,0.04657977503863513,0.5591096417394396,1,scenario_model_generated_from_literature_calibrated_priors,0.8110251360950492,0.9534202249613649,0
full_data_informed,pulmonary_reference,0.451716910216276,0.33564292589880046,47.39328342095802,0.03309942711166436,0.6906511157215562,23.37,18.847710379742377,2.2420771232472183,86.03222165535087,0.765425060465186,5.435228426499835,14.88888242602389,0.02247843809553641,0.5589748769393512,1,scenario_model_generated_from_literature_calibrated_priors,0.8064916722183302,0.9775215619044636,1
biology_only,aortic_high_pressure,0.5332973783576145,0.5077018545271964,45.95917447906007,0.3006778108135797,0.511091520328039,32.75,31.757924914522174,2.443838815411919,82.82162997235429,0.7789307905115881,10.976586676246514,8.727307989449137,0.07390293922167838,0.558908027312479,1,scenario_model_generated_from_literature_calibrated_priors,0.9697076309777763,0.9260970607783217,0
hydrodynamic_only,aortic_high_pressure,0.45757426970133075,0.7168263553154478,37.83143719196478,0.11948424876623767,0.6184473088179944,32.75,29.933751856508344,2.337279359835323,81.18128821763918,0.7761597080890356,5.053553265167109,10.264725473647623,0.06499098399546978,0.5587009896733451,1,scenario_model_generated_from_literature_calibrated_priors,0.9140076902750639,0.9350090160045302,0
full_data_informed,pulmonary_reference,0.5460656392468461,0.7029851974682654,66.45997287098041,0.15125184159771374,0.5736397181464017,23.37,22.133228860923424,2.237525641661522,89.45382081030405,0.7548369825894563,4.0547861352781736,4.974345490772068,0.08039407925122219,0.5586109343825351,1,scenario_model_generated_from_literature_calibrated_priors,0.9470786846779385,0.9196059207487778,0
full_data_informed,aortic_high_pressure,0.5704334360442034,0.4569730662817428,46.65895734407581,0.14345355110984603,0.7392216080320796,32.75,36.29743101546272,2.3857609695124804,82.78767534127813,0.7766011032460068,4.888794935691094,7.676090532826329,0.07142000868160839,0.5585766214607298,1,scenario_model_generated_from_literature_calibrated_priors,0.8916814957110619,0.9285799913183916,0
biology_only,aortic_high_pressure,0.5371133573040248,0.7824841094051977,67.13221751282387,0.14356988083312736,0.6986433581589807,32.75,30.078848822488677,2.331796967840114,83.0213655717053,0.7600042095924661,7.311457193797944,10.034259039470776,0.03426500708889442,0.5584746586871641,1,scenario_model_generated_from_literature_calibrated_priors,0.9184381319843871,0.9657349929111055,0
full_data_informed,aortic_high_pressure,0.6393587419362343,0.7696233000954383,69.29127935797356,0.23570849386153284,0.5025042622188299,32.75,35.12618712271599,2.2710667271504823,87.87038538131037,0.7674645598333403,3.7638073775010263,7.571838668239486,0.05112617327304351,0.5583116381023167,1,scenario_model_generated_from_literature_calibrated_priors,0.9274446680086721,0.9488738267269565,0
full_data_informed,pulmonary_reference,0.39211367719100654,0.8224452003301569,41.11169460138079,0.052695720394307366,0.26454894124601686,23.37,13.783191417054304,2.6126685715455555,86.28497489402707,0.8044420719087024,2.451363034703756,11.035206554461732,0.07573974952744955,0.5582518045408678,1,scenario_model_generated_from_literature_calibrated_priors,0.5897814042385239,0.9242602504725504,0
baseline,pulmonary_reference,0.5192964794730666,0.8797077558492804,37.248642025001985,0.23663558771544324,0.7871709569726502,23.37,20.09073499769343,2.4626851184805347,76.49817081755367,0.8109063534921993,4.9439410381189175,6.702081005633631,0.046443573235140624,0.558211481921807,1,scenario_model_generated_from_literature_calibrated_priors,0.8596805732859834,0.9535564267648594,0
full_data_informed,aortic_high_pressure,0.5503732347273079,0.6689657346296491,53.684888828996996,0.05212933893640725,0.38224902813013456,32.75,31.32296066424062,2.4124631187064867,85.86504059134644,0.7265701075358982,2.9539724769735103,8.748312838624717,0.07964099033755803,0.5581979221748002,1,scenario_model_generated_from_literature_calibrated_priors,0.9564262798241411,0.920359009662442,0
full_data_informed,aortic_high_pressure,0.6089269488921213,0.5750858034742362,64.0677176479218,0.3847068083995948,0.47719273329240597,32.75,33.096664357865485,2.242978007298935,88.13341978790642,0.7706199597834738,5.048677598327371,16.206193970840076,0.02655477366300545,0.5581539100862848,1,scenario_model_generated_from_literature_calibrated_priors,0.9894148287674661,0.9734452263369946,1
full_data_informed,pulmonary_reference,0.7020089048934249,0.9597042290467966,56.289738934894125,0.1888728380980418,0.7596256346488982,23.37,21.86225560723698,2.0166579077322178,81.3562162911382,0.828322643988916,3.208093320277923,11.904838861937655,0.08992239190380258,0.5579302373320736,1,scenario_model_generated_from_literature_calibrated_priors,0.9354837658210089,0.9100776080961974,0
full_data_informed,pulmonary_reference,0.5288994962662196,0.692956769045343,57.65321248510855,0.13438995009342883,0.7069888991711712,23.37,20.73611074447703,2.2440524879160955,83.46306713415265,0.7776447397743437,6.498614615287592,12.43043553732431,0.04281036103529561,0.5579216187263889,1,scenario_model_generated_from_literature_calibrated_priors,0.8872961379750548,0.9571896389647044,0
biology_only,pulmonary_reference,0.4719529465120312,0.771801526128532,58.33239996061025,0.09299093324225849,0.12250547724760502,23.37,15.106562170760654,2.6800167506887895,89.56208182252175,0.764406121060307,2.818904113550751,6.415325767660433,0.05343066983475374,0.5578439708530949,1,scenario_model_generated_from_literature_calibrated_priors,0.6464083085477387,0.9465693301652462,0
hydrodynamic_only,pulmonary_reference,0.4885591545048309,0.6190151118729835,37.85492885011514,0.3198989832257302,0.7831943535495391,23.37,22.834653082825916,2.3515477555501363,82.57614746276424,0.7861950496260818,4.087255162290773,8.602627618273786,0.06422148322279439,0.5578001250518797,1,scenario_model_generated_from_literature_calibrated_priors,0.9770925581012373,0.9357785167772056,0
full_data_informed,pulmonary_reference,0.586348917328184,0.48029528559365425,44.72046892112803,0.015772426545374012,0.4832555296297599,23.37,21.751987547358333,2.252539743647451,85.26781005626738,0.7274185580346056,3.295371484856914,13.101631524282038,0.028324730877095857,0.5575229373611462,1,scenario_model_generated_from_literature_calibrated_priors,0.9307654063910283,0.9716752691229041,0
biology_only,pulmonary_reference,0.4742660298019913,0.47954796408547695,79.50193351506076,0.3383765024841449,0.7668639591245328,23.37,16.5809946964096,2.5039805327307016,90.3883539344512,0.8251907544851229,9.45764592802617,9.952777791006003,0.09447523363009272,0.5574319187681163,1,scenario_model_generated_from_literature_calibrated_priors,0.709499131211365,0.9055247663699073,0
full_data_informed,pulmonary_reference,0.5243851206067692,0.4050173482067181,54.53444118762708,0.12061942660790871,0.7330638160661267,23.37,21.81633103225343,2.2982068862827676,88.35155959484862,0.7374885891765152,4.320689165182692,11.285414507802322,0.055020242261950875,0.5572578050817228,1,scenario_model_generated_from_literature_calibrated_priors,0.9335186577772113,0.9449797577380491,0
biology_only,pulmonary_reference,0.4960254038720698,0.517901700278575,56.618732360311895,0.07752549714495635,0.9810034891357673,23.37,22.107579084563397,2.366205516239694,84.52009021543715,0.726229171300161,4.969403927958853,10.133706699052924,0.03497617128666805,0.5571821989609992,1,scenario_model_generated_from_literature_calibrated_priors,0.9459811332718612,0.9650238287133319,0
full_data_informed,pulmonary_reference,0.5330430289332119,0.8242866568754534,68.10175453784865,0.25043398157312696,0.7383455709328698,23.37,22.42604421551159,2.3851085879323577,88.82011524647882,0.7613310501708687,7.198839056172194,8.652795903568922,0.1054192834277988,0.5571418610236856,1,scenario_model_generated_from_literature_calibrated_priors,0.9596082248828237,0.8945807165722012,0
biology_only,aortic_high_pressure,0.425337367361967,0.763889816878704,65.47603282548704,0.5291156344044433,0.40212535147527056,32.75,25.28919387182571,2.6091689526844055,89.44543619874572,0.8147320882258458,4.565305286251247,10.065865467824926,0.04408873785321319,0.5569269561408211,1,scenario_model_generated_from_literature_calibrated_priors,0.7721891258572735,0.9559112621467868,0
full_data_informed,aortic_high_pressure,0.6368896220367904,0.6536271688298647,44.29606445434898,0.11970893718119335,0.1667495558022873,32.75,35.405432951199266,2.115643949108186,86.70302735458145,0.7643346209927514,2.607024778101242,13.708583206937828,0.04151386550565792,0.556919423394328,1,scenario_model_generated_from_literature_calibrated_priors,0.9189180778259766,0.9584861344943421,0
biology_only,pulmonary_reference,0.570878371544788,0.625021674615901,44.24809269096255,0.2852293830801846,0.8631255756052517,23.37,26.433578107878553,2.3457257748399094,83.523403358875,0.8051764784551123,9.656392581609442,10.701223112908826,0.06463081323577924,0.5569124302875401,1,scenario_model_generated_from_literature_calibrated_priors,0.86890979427135,0.9353691867642208,0
full_data_informed,pulmonary_reference,0.6498291581443985,0.7138486525199427,48.21924926134337,0.36579886871437345,0.41295470583954597,23.37,23.276821844743104,2.119255974003251,90.57394525302277,0.8041111440624094,3.763272553365552,9.097714570304486,0.12546930941131762,0.556905131567677,1,scenario_model_generated_from_literature_calibrated_priors,0.9960129159068508,0.8745306905886824,1
full_data_informed,aortic_high_pressure,0.5293488488415049,0.5078490902604832,58.80000893347398,0.23806600017555107,0.17152939630640737,32.75,29.064637013002482,2.37444534400463,91.84751225319815,0.7434584946803133,3.1814306862055792,10.396805662238162,0.04289258882862656,0.5568886426900663,1,scenario_model_generated_from_literature_calibrated_priors,0.8874698324580911,0.9571074111713734,1
full_data_informed,pulmonary_reference,0.680473798155317,0.9350649888647845,55.032962819361614,0.34293736520300333,0.5622619869849802,23.37,25.373299780563045,2.005907496192475,90.12883183568698,0.8101905002269263,4.589596557347884,10.709594307384716,0.051487177784666986,0.5568478244931434,1,scenario_model_generated_from_literature_calibrated_priors,0.9142789995480084,0.9485128222153331,0
biology_only,aortic_high_pressure,0.573406274965049,0.7270422053744116,69.98759576727366,0.06577046711824283,0.5978400190456313,32.75,28.84763380074765,2.4038513839282474,87.538572768662,0.7299574027143758,6.047039341934799,8.453333655273497,0.0498695346960813,0.5568046000202693,1,scenario_model_generated_from_literature_calibrated_priors,0.8808437801755008,0.9501304653039186,0
biology_only,pulmonary_reference,0.661930850265261,0.5757782409265203,78.86385739316344,0.11052763919869135,0.7892688028788412,23.37,28.339816215607144,2.1776433970851685,85.78885774381745,0.7973547967172353,5.354025719001872,6.49178401899494,0.04416139655281696,0.5567641402197163,1,scenario_model_generated_from_literature_calibrated_priors,0.7873420532474479,0.9558386034471831,0
full_data_informed,pulmonary_reference,0.4809387880372576,0.8878287480976835,58.722236612634674,0.3703301789964678,0.6170531029354819,23.37,16.969540204260365,2.502150784009189,85.94766949705932,0.824137417322886,3.344928709703028,5.046807415766457,0.042258226366040624,0.5566983236628429,1,scenario_model_generated_from_literature_calibrated_priors,0.7261249552529039,0.9577417736339594,0
full_data_informed,pulmonary_reference,0.5213568548855394,0.8764224301321432,51.473877862795234,0.135155694367942,0.6376886048645156,23.37,17.448213773412366,2.398885565221576,85.02395813890294,0.7886640824908991,2.4122919823164053,6.480015622430059,0.0396987345718054,0.5566549464964468,1,scenario_model_generated_from_literature_calibrated_priors,0.7466073501674098,0.9603012654281946,0
biology_only,aortic_high_pressure,0.7715709801916352,0.8657990163995224,57.1165181657237,0.19804131183677218,0.6970605367298183,32.75,36.96966535985986,2.0519430812915367,84.57392628344549,0.8196432488190432,4.540432490406585,11.66710608873462,0.06955140117118783,0.5566474874869433,1,scenario_model_generated_from_literature_calibrated_priors,0.8711552561874851,0.9304485988288121,0
biology_only,aortic_high_pressure,0.6285009023030323,0.8270897573097314,56.230057866834,0.29783056263807384,0.6682288700560872,32.75,34.441011685930015,2.161239659764603,81.88830615897615,0.8110737379189004,3.947472253649033,9.508746361850646,0.05903125168996205,0.5566443853658595,1,scenario_model_generated_from_literature_calibrated_priors,0.9483660553914499,0.940968748310038,0
full_data_informed,pulmonary_reference,0.6275940280644757,0.5434025748443431,59.266717169982705,0.09656640766358567,0.6673793582695134,23.37,22.305454768843067,1.9999180741457496,86.84371528480523,0.7642159649020686,4.590883546542594,16.29255132510888,0.04658026592901069,0.5566409270364253,1,scenario_model_generated_from_literature_calibrated_priors,0.9544482143279018,0.9534197340709893,0
full_data_informed,aortic_high_pressure,0.5915095407257247,0.5074782124202586,59.7445870959844,0.010427110145520849,0.7058686985766714,32.75,34.779362392082206,2.2485334179070993,90.49373420155497,0.7013662503929247,6.904090449566915,10.062268374056275,0.0322209634485501,0.5564638629941278,1,scenario_model_generated_from_literature_calibrated_priors,0.9380347361196273,0.9677790365514499,0
full_data_informed,pulmonary_reference,0.47291911592917485,0.5454192611413549,61.68235099955571,0.2019902576045353,0.6203242864767167,23.37,17.076024396824675,2.340291647846695,93.45341531980168,0.7847232665109898,3.8662568604915286,9.158865288060461,0.0623500579733577,0.5563610404232414,1,scenario_model_generated_from_literature_calibrated_priors,0.7306814033729001,0.9376499420266423,1
biology_only,aortic_high_pressure,0.6895594656196743,0.9018256808885963,64.46649185941334,0.27785255473163517,0.6115799415007728,32.75,37.675818230826934,2.1099039404927553,87.56757756418794,0.8190584149332026,4.885313928354645,9.630112621968415,0.06620432793321705,0.5562516744398717,1,scenario_model_generated_from_literature_calibrated_priors,0.8495933364632997,0.9337956720667829,0
full_data_informed,pulmonary_reference,0.4845605965664789,0.7886719411166353,44.89605612181745,0.010198655482373933,0.32714054455840175,23.37,17.050569187358324,2.609317838533677,83.38173253036844,0.7535092462700046,3.524959755513547,15.115807726427777,0.047042304171363604,0.5562352941045474,1,scenario_model_generated_from_literature_calibrated_priors,0.7295921774650544,0.9529576958286364,0
full_data_informed,aortic_high_pressure,0.5170859474327122,0.8511657081284669,48.31453041143703,0.13612506065815744,0.7592680945319769,32.75,28.153952254801954,2.363912280943479,83.46412418117168,0.7919137298417929,6.768674551608102,9.180709054162445,0.1071061050914899,0.5561673421517964,1,scenario_model_generated_from_literature_calibrated_priors,0.8596626642687619,0.8928938949085101,0
biology_only,pulmonary_reference,0.4900876646949823,0.9263713790633531,68.7134775597735,0.08580615736731358,0.6518159816533262,23.37,13.300418003601344,2.525383688948868,88.18703078788822,0.8038962750739991,12.0,10.78184269049394,0.050555261714003624,0.555983770219881,1,scenario_model_generated_from_literature_calibrated_priors,0.5691235773898735,0.9494447382859964,0
full_data_informed,aortic_high_pressure,0.6307729991333805,0.39292898309545954,51.588856009797325,0.04856197941882916,0.6524188832969263,32.75,33.096463229674654,1.9127427195386308,86.09461712086339,0.7483401875870913,7.744256616230633,11.468389161398667,0.02363903830158227,0.5559736375096569,1,scenario_model_generated_from_literature_calibrated_priors,0.9894209700862701,0.9763609616984177,1
biology_only,aortic_high_pressure,0.6210401597461305,0.9016242793863655,58.3971623312572,0.12072056565296743,0.8669537435766494,32.75,39.17917935109832,2.1938841792217234,85.83502877692716,0.7941559586557985,4.799917364450068,12.901510831589757,0.05361409977234344,0.5559495637934743,1,scenario_model_generated_from_literature_calibrated_priors,0.8036891801191353,0.9463859002276566,0
full_data_informed,aortic_high_pressure,0.48133314552152506,0.5754847140658743,43.56516496535552,0.05469208316059594,0.27655590790866497,32.75,29.760228469907027,2.4661926753946863,83.91895263084717,0.7348066050253019,2.8361067644037683,11.477915038619523,0.07338739747476548,0.5559102843178803,1,scenario_model_generated_from_literature_calibrated_priors,0.9087092662567031,0.9266126025252345,0
biology_only,aortic_high_pressure,0.5649381830829755,0.840889426222583,30.892059498600563,0.345142252816552,0.45606450039413204,32.75,32.78403351225032,2.5044482150758105,73.7361730841293,0.8089205058205017,3.510892027410278,9.729424491130708,0.08807994648118857,0.5558652601418695,1,scenario_model_generated_from_literature_calibrated_priors,0.9989608087862498,0.9119200535188114,0
hydrodynamic_only,aortic_high_pressure,0.3430306080296488,0.7100865636624974,28.318277980305584,0.1553188000500554,0.6882447840801733,32.75,24.500000327948722,2.7013259559894367,76.02051714274687,0.800099765886644,3.7566462646532894,10.30746237664039,0.05955327711566802,0.5557620955543516,1,scenario_model_generated_from_literature_calibrated_priors,0.7480916130671366,0.940446722884332,0
biology_only,pulmonary_reference,0.4994079097205086,0.810990440385375,68.11290906790708,0.1969537760192957,0.5565475630019914,23.37,14.652017911433905,2.3612460655260152,88.52013291982392,0.8250495185193424,5.163003895375125,7.445525828233858,0.04776125219979962,0.5557562464077072,1,scenario_model_generated_from_literature_calibrated_priors,0.6269584044259267,0.9522387478002003,0
full_data_informed,pulmonary_reference,0.590156381636606,0.7260426132037122,55.83656930879147,0.08639564421340963,0.4804516744488281,23.37,19.9572469706033,2.0769038927503587,86.36257748640044,0.7793716248293029,8.298169207190934,12.402100776202746,0.041628662139132994,0.5555379151113228,1,scenario_model_generated_from_literature_calibrated_priors,0.8539686337442576,0.958371337860867,0
biology_only,pulmonary_reference,0.6681172930796511,0.2881643481335396,73.42698090752069,0.13621991915306345,0.7999553256485017,23.37,25.61028719672693,2.029335625589464,88.67254004714432,0.7710406936983211,10.246562705635531,14.000179494600609,0.04469631258099019,0.5553620409324914,1,scenario_model_generated_from_literature_calibrated_priors,0.9041383313338927,0.9553036874190098,0
full_data_informed,aortic_high_pressure,0.5905566812320042,0.75975938557948,55.608750668884824,0.31388508254698444,0.44958022343225823,32.75,33.679061790878976,2.3754596874731746,82.58183207228109,0.7768805684261173,3.5696376929653244,9.753406517929033,0.061496078257810595,0.555355745842749,1,scenario_model_generated_from_literature_calibrated_priors,0.9716317010418634,0.9385039217421894,0
biology_only,pulmonary_reference,0.5003865977323144,0.2505283483479894,72.77546592864434,0.02945454961346725,0.5929621795816805,23.37,18.23280608082536,2.3594502205674983,88.44520239435465,0.7404761882434449,3.376633273297812,6.863448661912779,0.02620943432345261,0.5552455982737785,1,scenario_model_generated_from_literature_calibrated_priors,0.7801799777845682,0.9737905656765474,0
full_data_informed,pulmonary_reference,0.6198186837664834,0.6256291265870194,54.95786967263803,0.1048918164592917,0.37764003283869146,23.37,19.86838800020651,2.183888775889633,89.5032072576518,0.7582923417143745,6.726180934550409,6.764812122030284,0.04505394389330604,0.5552029830961629,1,scenario_model_generated_from_literature_calibrated_priors,0.8501663671461921,0.9549460561066939,0
biology_only,pulmonary_reference,0.5899516902082934,0.6043881538392991,70.51289951299678,0.5137637885007954,0.9813881818115012,23.37,20.84212838303213,2.207700525885167,87.00742713672322,0.8365075983324586,9.568329709838766,7.082349440813921,0.056869998830293124,0.5551511982224718,1,scenario_model_generated_from_literature_calibrated_priors,0.8918326222949136,0.9431300011697069,0
full_data_informed,aortic_high_pressure,0.5987690232098232,0.6200028359273286,62.57528915772982,0.28487202709891973,0.6430080063763609,32.75,33.95644972792958,2.050564220412455,85.8913157238815,0.7977941233690086,7.504047815757447,12.923228515727018,0.0618391570458346,0.5551015046875734,1,scenario_model_generated_from_literature_calibrated_priors,0.9631618403685624,0.9381608429541654,0
full_data_informed,aortic_high_pressure,0.5582404282204323,0.6505706823414765,58.29070058417212,0.17702510712150926,0.7800079043767622,32.75,31.91997487010134,2.193416385110725,86.14266482782314,0.7521677272562837,5.458991137783802,11.421361169587968,0.05298495744801707,0.5549571461787898,1,scenario_model_generated_from_literature_calibrated_priors,0.9746557212244683,0.947015042551983,0
biology_only,aortic_high_pressure,0.47610565930659676,0.710456136521034,72.74546638567121,0.4220419416157514,0.876170514069746,32.75,29.88984771740603,2.459980820306981,87.6885121545473,0.7746531820617376,4.150691571997754,7.901055189462619,0.04374474083254847,0.5549502382019953,1,scenario_model_generated_from_literature_calibrated_priors,0.9126671058749933,0.9562552591674516,0
biology_only,aortic_high_pressure,0.4778752832806413,0.9309252083526818,62.840420495403386,0.16636072610468872,0.605301722099961,32.75,30.39756497290727,2.5771731996981706,89.06526204685555,0.7119354421377116,3.295274454075299,8.956298215060132,0.07083745850183203,0.5549265566588427,1,scenario_model_generated_from_literature_calibrated_priors,0.9281699228368632,0.929162541498168,0
full_data_informed,pulmonary_reference,0.5376486929653287,0.6992048058813092,60.522349813391955,0.16494669023552025,0.9393677836045046,23.37,18.01890784242131,2.2522384541234883,88.08177219682894,0.7913276350786418,8.165338822092306,11.54511917875676,0.05031201276290159,0.5547943373183222,1,scenario_model_generated_from_literature_calibrated_priors,0.7710272932144334,0.9496879872370985,0
full_data_informed,pulmonary_reference,0.6109863516778865,0.5641865648415436,49.99569411752359,0.41172024123131307,0.7913555538063036,23.37,21.995609617719165,2.1857989147816355,85.66892739205349,0.8135946590111929,3.7139777303800705,9.306985746079036,0.06512956669679183,0.5547882183561197,1,scenario_model_generated_from_literature_calibrated_priors,0.9411899708052701,0.9348704333032082,0
biology_only,aortic_high_pressure,0.6261210058548133,0.4814797776024271,63.95100388471891,0.22157873734994643,0.4832342501983412,32.75,36.54490802650359,2.107993571857951,88.08565246455723,0.7872547497745627,3.33522214160126,11.033626928975657,0.05133446473525162,0.5547560280794548,1,scenario_model_generated_from_literature_calibrated_priors,0.8841249457556155,0.9486655352647484,0
biology_only,pulmonary_reference,0.7162177048867165,0.7918924102523539,61.3537627216547,0.264468198295347,0.6365013276621824,23.37,28.78371277402643,2.1098543965081133,89.2075467565023,0.8204091479620391,5.498282319050438,10.610427971446972,0.04397092698162127,0.5546470735344254,1,scenario_model_generated_from_literature_calibrated_priors,0.7683477631995538,0.9560290730183787,0
biology_only,pulmonary_reference,0.7409720035132477,0.5713932909430769,65.8204295299928,0.036401945176600635,0.801165369680772,23.37,22.551002257290783,1.9970404487024134,91.51136074704765,0.721498106196099,2.8208338981320784,14.139898605663934,0.03658227440788572,0.5546309769258888,1,scenario_model_generated_from_literature_calibrated_priors,0.964955167192588,0.9634177255921142,0
full_data_informed,pulmonary_reference,0.7014034985648966,0.4807519119664752,61.791713223159555,0.12506013019938816,0.6481030589517919,23.37,24.60888055235604,1.8930238847185448,87.98179159176127,0.7791693509025772,4.825667997773505,10.007245073846962,0.058040318952435194,0.5546168958027966,1,scenario_model_generated_from_literature_calibrated_priors,0.9469884230913119,0.9419596810475648,0
biology_only,pulmonary_reference,0.5734341892877346,0.4013115100887618,60.56163772372167,0.12621202530117234,0.8765287184460626,23.37,21.54401923859201,2.1842600979157734,86.40560176697072,0.7555614483595391,4.785127768765096,11.025188813695674,0.050252196984803495,0.5545655583968585,1,scenario_model_generated_from_literature_calibrated_priors,0.9218664629264873,0.9497478030151965,0
biology_only,aortic_high_pressure,0.6490730525363481,0.2654966134892382,62.1106386340859,0.21765771988571167,0.8084277285450483,32.75,33.43280856926376,2.0669709518375656,88.3334987634777,0.7667324182782744,3.5436786122505635,5.645600077118053,0.06225246250178611,0.5545015554576218,1,scenario_model_generated_from_literature_calibrated_priors,0.9791508833812591,0.9377475374982139,0
full_data_informed,pulmonary_reference,0.707363165237494,0.5692965427947773,72.45583255794767,0.1359864427545154,0.9652243346141537,23.37,25.808998348339898,1.9651691790059276,84.45379425750713,0.8011219642453847,1.7845136370203758,7.193749609365222,0.05617807257206581,0.5543553666505252,1,scenario_model_generated_from_literature_calibrated_priors,0.8956355007128842,0.9438219274279342,0
full_data_informed,aortic_high_pressure,0.46705260876562205,0.4592019405728658,56.8321151391791,0.08435236937114214,0.15847394307700996,32.75,32.29388392011673,2.322844646138328,85.58588096921672,0.7160101471707327,3.242259210639209,9.54821304290034,0.05118321167111579,0.5543123114206179,1,scenario_model_generated_from_literature_calibrated_priors,0.9860727914539459,0.9488167883288842,0
full_data_informed,pulmonary_reference,0.5419973270806901,0.25511578231713156,68.2993357811444,0.2779420796457849,0.886701994160146,23.37,21.017697161347616,2.3090125749294126,94.9835500486612,0.7523788018210273,5.549989924662952,8.956924741314744,0.08632080141151162,0.554294844166202,1,scenario_model_generated_from_literature_calibrated_priors,0.8993451930401205,0.9136791985884883,1
full_data_informed,aortic_high_pressure,0.5716409554524445,0.3412211678161008,60.69957160942248,0.12318931921947049,0.7400442032847567,32.75,34.425968279706886,2.1112182786234204,90.7651481453202,0.7404909598828215,5.851131478375059,8.284714356359503,0.06070381249854088,0.5542356757309463,1,scenario_model_generated_from_literature_calibrated_priors,0.9488253960394843,0.9392961875014592,0
biology_only,aortic_high_pressure,0.5539985876010909,0.5644596786557934,83.76856453835157,0.04929075435266824,0.8739494596349918,32.75,35.03660657075999,2.2108644093970065,90.2698516592597,0.7091363026202623,6.235278082321745,11.072954515825089,0.026944612260716275,0.5542333964916435,1,scenario_model_generated_from_literature_calibrated_priors,0.9301799520378629,0.9730553877392837,1
full_data_informed,pulmonary_reference,0.5675826872887326,0.36709915738338555,75.78376300921056,0.23812634509005598,0.7943848587091706,23.37,22.907246323756535,2.2148912660531086,92.08909858721778,0.7334715858266458,11.2414520599866,11.040524923191144,0.05565543140785026,0.55423188806273,1,scenario_model_generated_from_literature_calibrated_priors,0.9801988157362659,0.9443445685921498,1
full_data_informed,aortic_high_pressure,0.6296441047395075,0.41935919449832,70.72257731410176,0.1526664800608162,0.8534679608420206,32.75,35.49484107506257,2.1458700191819724,88.53473795045274,0.7486566479999097,5.226750449021055,16.946379689541587,0.02943792730318093,0.5541110017097072,1,scenario_model_generated_from_literature_calibrated_priors,0.9161880587767155,0.970562072696819,0
biology_only,aortic_high_pressure,0.7464427965497623,0.6913095407196495,55.326580645403936,0.12086293193453607,0.7432569848033814,32.75,40.64490529248606,2.0361130649797055,81.52386979162817,0.8422567935335826,8.671575734809604,15.009503789464812,0.059982740821133994,0.5541023018169656,1,scenario_model_generated_from_literature_calibrated_priors,0.7589341895424104,0.940017259178866,0
full_data_informed,aortic_high_pressure,0.6060547015921594,0.7149498387983348,52.70260978813518,0.31767372310849445,0.9159480032195052,32.75,32.17993258297559,2.2940436673318993,84.56657590968229,0.7658685453392171,5.323160894816726,10.965073215965862,0.043756447770031175,0.5540830829120776,1,scenario_model_generated_from_literature_calibrated_priors,0.9825933613122317,0.9562435522299688,0
biology_only,pulmonary_reference,0.5582326841938455,0.5638408463013382,56.11159627103076,0.08696443775127612,0.2580188674220392,23.37,19.562311179927054,2.3292706487637806,85.17027856710797,0.7552815805521984,5.43903704176334,8.51980142849409,0.041065170961841854,0.5539090397324533,1,scenario_model_generated_from_literature_calibrated_priors,0.8370693701295273,0.9589348290381582,0
hydrodynamic_only,pulmonary_reference,0.6312831066338187,0.6194496921438762,41.508498909049564,0.4124465974227461,0.7323393954187227,23.37,23.447523921510104,2.1536947459595353,80.2432070202925,0.8290514354057955,4.702540599407272,11.744583961684159,0.08155445638562733,0.5538816030728058,1,scenario_model_generated_from_literature_calibrated_priors,0.9966827590282369,0.9184455436143727,0
full_data_informed,pulmonary_reference,0.5827352889074229,0.8563614357017638,62.817864724623846,0.07249287884640336,0.7551167864328121,23.37,21.285066274508047,2.3736452022702546,85.90485443170797,0.7238995670743413,3.3096430502964633,10.458871042129115,0.04352776525110395,0.5538792504433594,1,scenario_model_generated_from_literature_calibrated_priors,0.9107858910786498,0.9564722347488961,0
full_data_informed,aortic_high_pressure,0.4763707692229249,0.5545613235794425,59.3124836036647,0.10264155772138701,0.28262001816447596,32.75,32.755935108928625,2.3452167352951174,84.01177173881351,0.7170411741651483,3.0671718767101073,11.720207502596654,0.047277928299363524,0.55384177893436,1,scenario_model_generated_from_literature_calibrated_priors,0.9998187752998893,0.9527220717006365,0
full_data_informed,pulmonary_reference,0.6034572212353991,0.8359901300698172,57.075681067940934,0.2587627804351571,0.19710097913213445,23.37,20.44391529906926,2.2469451132774974,87.53378232154765,0.7900167005885194,4.678884314145575,9.538661218212932,0.07647231528826103,0.5537536600436631,1,scenario_model_generated_from_literature_calibrated_priors,0.8747931236229893,0.923527684711739,0
full_data_informed,pulmonary_reference,0.6623238233151834,0.5883435838632652,54.35895121463504,0.40205792649555616,0.9784366049173334,23.37,25.531940142000085,2.148214990402432,88.58458662084439,0.8145184300396467,4.138310596502228,11.025522045786328,0.0749707257765037,0.5536996911018068,1,scenario_model_generated_from_literature_calibrated_priors,0.90749079409499,0.9250292742234963,0
full_data_informed,pulmonary_reference,0.6245627546780509,0.5333888538111047,69.88678931165683,0.13290653459216098,0.8905680167690603,23.37,26.768774870488432,2.0362110915304132,87.39899051569202,0.7879083802726309,3.3656112777264604,13.13473084978134,0.05171187029945789,0.5536918461385759,1,scenario_model_generated_from_literature_calibrated_priors,0.8545667577882572,0.9482881297005421,0
biology_only,pulmonary_reference,0.6183545671033065,0.4650148976445925,54.95772384111249,0.35261088005184044,0.8378757064564658,23.37,20.90628391587705,2.0987837138806733,89.66895680583772,0.8096397349217792,5.886269924869425,11.789017393318913,0.07456826741029796,0.553601543169658,1,scenario_model_generated_from_literature_calibrated_priors,0.8945778312313671,0.925431732589702,0
full_data_informed,pulmonary_reference,0.5448250570875435,0.647963160647014,70.0581165714876,0.32877520977161695,0.7585226788537356,23.37,20.67384585383954,2.2176188590718833,85.65367947565345,0.8052948253545754,4.535410626367666,9.098085465753359,0.0597310966345121,0.553578219947351,1,scenario_model_generated_from_literature_calibrated_priors,0.8846318294325862,0.9402689033654879,0
full_data_informed,aortic_high_pressure,0.6399708900163606,0.47851829541568336,62.272362344120396,0.007763202310182321,0.45066545495292554,32.75,36.48231221271158,2.2579594050823824,85.94956913103205,0.7363370241204359,3.468127300596843,4.203174244284837,0.05628213984847493,0.5535668984576874,1,scenario_model_generated_from_literature_calibrated_priors,0.8860362683141503,0.943717860151525,0
biology_only,pulmonary_reference,0.5356822062468037,0.8498323239147306,50.12811405076583,0.2375717598313969,0.4685293901859963,23.37,18.365120235224794,2.3850762713433125,84.87066873458147,0.7911328342211162,3.109749216438447,11.17884539781475,0.03772368504021092,0.5535562797608621,1,scenario_model_generated_from_literature_calibrated_priors,0.7858416874293878,0.962276314959789,0
full_data_informed,pulmonary_reference,0.5315915229939783,0.7815580003961107,70.45938799160467,0.283888944902332,0.7729286402348001,23.37,19.93177732841794,2.3667943466914156,83.60544947023025,0.7902416718333023,5.566927250449881,7.097425436261656,0.042884079522179715,0.5535039150666512,1,scenario_model_generated_from_literature_calibrated_priors,0.852878790261786,0.9571159204778202,0
biology_only,aortic_high_pressure,0.7658389476241374,0.45438201707475406,64.26967788168918,0.21539639791621903,0.6950989638270495,32.75,34.26976171951616,1.7985417188599058,85.03473833194533,0.8167977540936137,3.4535662234984406,9.423778322329643,0.0611513552889483,0.5534601504202261,1,scenario_model_generated_from_literature_calibrated_priors,0.9535950619995065,0.9388486447110517,0
biology_only,pulmonary_reference,0.6801599685077235,0.596237808486717,53.985694904181294,0.0642160784210153,0.3332386087665176,23.37,25.384803461986216,1.8493632328073888,85.05456378576297,0.7847914938184294,5.255726580712919,12.205099927041651,0.03934116035725029,0.5534013429058897,1,scenario_model_generated_from_literature_calibrated_priors,0.9137867581520661,0.9606588396427497,0
biology_only,pulmonary_reference,0.7015504279831105,0.6624144789818869,41.74610822709972,0.1510516901752322,0.7490624261789287,23.37,24.468257126301427,1.958320200466658,79.45491066524531,0.8012186371856435,8.109582008655153,10.570450795801392,0.041029916462368275,0.5531584372690455,1,scenario_model_generated_from_literature_calibrated_priors,0.953005685652485,0.9589700835376317,0
full_data_informed,aortic_high_pressure,0.7202764012827952,0.6832604572132263,54.97159360231949,0.07631565805264677,0.939044576616595,32.75,38.08113779405752,1.9495366378731238,87.1475192276189,0.8120727579434217,6.756286379734946,11.888300230913254,0.10402508761824526,0.553129718167716,1,scenario_model_generated_from_literature_calibrated_priors,0.8372171665936635,0.8959749123817548,0
full_data_informed,aortic_high_pressure,0.5302772890907294,0.547230714817746,58.24442347505185,0.24269948933580418,0.2255956150833534,32.75,31.404829198733044,2.2075351668255574,86.10976778918062,0.7789645902640955,3.9646761462127413,10.083782709185947,0.09489041522435233,0.5530121725784499,1,scenario_model_generated_from_literature_calibrated_priors,0.9589260824040624,0.9051095847756476,0
full_data_informed,aortic_high_pressure,0.7096972859275832,0.5363070535482714,67.36658048608201,0.06876939664010735,0.7404473663059569,32.75,38.611104167688204,1.9524129258053087,92.04346943491468,0.7726883383831459,6.3810058503832705,18.988880202808936,0.05024855865237199,0.5528108707479844,1,scenario_model_generated_from_literature_calibrated_priors,0.8210349872461618,0.949751441347628,0
full_data_informed,aortic_high_pressure,0.5639094448336849,0.8552842670706517,56.94909118745709,0.3153411506667392,0.45439051845519235,32.75,28.91519073993152,2.423310254972787,87.04213376878123,0.7712253757944328,2.9224216361221185,14.107713468449372,0.0604824785382706,0.5528003132441038,1,scenario_model_generated_from_literature_calibrated_priors,0.8829065874788251,0.9395175214617294,0
full_data_informed,aortic_high_pressure,0.6072445383049386,0.49168878587198506,45.528800634692374,0.22541312535780664,0.6782839332932373,32.75,33.950418423539205,2.160317721916233,82.04480181585508,0.7834174814981897,3.9633461655543254,11.772939643944214,0.059414874532027775,0.5527939619200031,1,scenario_model_generated_from_literature_calibrated_priors,0.9633460023346808,0.9405851254679722,0
full_data_informed,pulmonary_reference,0.636534227205648,0.5155498196583538,70.33716901559701,0.23540462594944164,0.7124926924807287,23.37,24.73623396562441,2.0718156586955576,88.68162275366072,0.7626304432586366,2.680542992697142,13.570762686477575,0.030836727348068624,0.5527409215769007,1,scenario_model_generated_from_literature_calibrated_priors,0.9415389830712705,0.9691632726519314,0
full_data_informed,pulmonary_reference,0.5584062290277064,0.4188535715685821,64.9221706273909,0.11204688617254777,0.5709892649012684,23.37,22.476352100338264,2.292130188322695,88.2268519361163,0.7255136140176909,3.8137263054503534,10.314885607371789,0.07401291733466364,0.5527360504400344,1,scenario_model_generated_from_literature_calibrated_priors,0.9617608943234174,0.9259870826653364,0
full_data_informed,pulmonary_reference,0.47710845186000383,0.8355565978114079,61.80032781096803,0.1445876454010508,0.7421849846523084,23.37,17.232450455501056,2.4216082392434726,85.44370596406559,0.7812144594638064,6.426855839206283,10.720179210597111,0.044880499213787686,0.5527262472494461,1,scenario_model_generated_from_literature_calibrated_priors,0.7373748590287144,0.9551195007862123,0
full_data_informed,pulmonary_reference,0.634617008557666,0.7365960357139592,46.20280026081338,0.18241789572588252,0.3654300328585553,23.37,21.09352560250202,2.2449107093158247,80.24549474347447,0.7832234660938597,2.6140575397454953,9.231396679864956,0.04159271959115434,0.5527038011197303,1,scenario_model_generated_from_literature_calibrated_priors,0.9025898845743269,0.9584072804088457,0
full_data_informed,aortic_high_pressure,0.549161500975485,0.6922460196198544,73.20534580584612,0.5574824904786699,0.8761701069759985,32.75,35.47781797708815,2.403721608629065,87.3931817257283,0.829993236485228,4.3698005171558245,8.59344069885124,0.11762802256991275,0.5526768257754214,1,scenario_model_generated_from_literature_calibrated_priors,0.9167078480278428,0.8823719774300872,0
biology_only,aortic_high_pressure,0.4688613456210171,0.9934514992855189,70.90735461140416,0.1455694128617148,0.34169011853777376,32.75,26.632379696530435,2.679012205926813,88.38648961753083,0.7167490153403615,4.982970482468269,8.715387113868347,0.046532495090179773,0.5525744178253035,1,scenario_model_generated_from_literature_calibrated_priors,0.8132024334818453,0.9534675049098202,0
biology_only,pulmonary_reference,0.7683531271619146,0.7128270374164606,81.07871055091077,0.021832587845677154,0.37871287739799253,23.37,27.23404291473432,2.0083800114086774,90.46986408479833,0.7517762997206487,5.27314885813241,12.148850598559243,0.031683537449299574,0.5523537868620199,1,scenario_model_generated_from_literature_calibrated_priors,0.8346579839651553,0.9683164625507005,0
full_data_informed,aortic_high_pressure,0.5397088514705185,0.873679109169148,61.00172763687442,0.4122616501339575,0.8077452147302016,32.75,30.61375303368596,2.3761961946059107,86.47961862259855,0.7772437780492949,4.950423699972065,10.0058637800824,0.04869593371458983,0.5523157588263912,1,scenario_model_generated_from_literature_calibrated_priors,0.9347710849980446,0.9513040662854102,0
full_data_informed,aortic_high_pressure,0.6027311238558942,0.830466027718161,65.13402119596199,0.05613742455035419,0.5736354468031493,32.75,35.082690479711424,2.262949762909753,85.2912394168736,0.7355941506925745,6.36791424662062,5.2122094323964685,0.06523683020536307,0.5521451127634315,1,scenario_model_generated_from_literature_calibrated_priors,0.9287728097798038,0.9347631697946369,0
full_data_informed,aortic_high_pressure,0.6904218327450451,0.49386593667323725,46.29196337129102,0.16484437080496572,0.34828120158750697,32.75,34.17196422614003,2.010432079342277,86.71915321774786,0.7574816686579628,3.0402883632826136,10.179716252907586,0.026981845974216843,0.5520434849755355,1,scenario_model_generated_from_literature_calibrated_priors,0.956581245003358,0.9730181540257832,0
full_data_informed,pulmonary_reference,0.5889653554775645,0.5523799594126191,53.80655384713818,0.29928511828066423,0.9046580839985053,23.37,26.29080620280278,2.311283182492339,83.22408061867405,0.7951775398305437,4.7857930477557105,7.297062770145125,0.052524281773067845,0.5519976552255217,1,scenario_model_generated_from_literature_calibrated_priors,0.875018990038392,0.9474757182269321,0
biology_only,pulmonary_reference,0.6320052470408279,0.7207387015210572,50.90733863278668,0.28980012293877255,0.7648485449431104,23.37,19.424678929864058,2.249391841820022,84.35490008747495,0.8176237246763707,8.144957534024998,7.14978020076005,0.07679741849232288,0.5519803917820165,1,scenario_model_generated_from_literature_calibrated_priors,0.8311800996946537,0.9232025815076771,0
biology_only,pulmonary_reference,0.5376610776234858,0.8085279265119283,61.15656443702425,0.07870313025840964,0.6724734487715803,23.37,18.670730801651906,2.34592925256947,86.62302201920981,0.7518051146746308,4.693183532911438,5.989817718077826,0.041147581706038466,0.551966434951509,1,scenario_model_generated_from_literature_calibrated_priors,0.798918733489598,0.9588524182939615,0
full_data_informed,pulmonary_reference,0.6214404268784987,0.6316097544644604,54.09955872362794,0.10799230133834817,0.37991552369704146,23.37,22.643813098461735,2.116652996436014,83.41590801041264,0.7532200949818478,2.5145408069818225,14.31261659993844,0.05002109675474464,0.5519621486193506,1,scenario_model_generated_from_literature_calibrated_priors,0.9689265339521494,0.9499789032452554,0
biology_only,pulmonary_reference,0.7384504545362142,0.5179179630574626,87.53460357522553,0.121766288949893,0.48947915145695325,23.37,23.830601396846117,1.9515342232440698,87.96223511807449,0.755253157203038,3.1054601643488087,10.845562992653228,0.057254922845368976,0.551847879015946,1,scenario_model_generated_from_literature_calibrated_priors,0.9802909115598581,0.9427450771546311,0
biology_only,aortic_high_pressure,0.618826865395385,0.24552459210300062,55.055574708257005,0.10183455891636907,0.6198619841346564,32.75,34.32462141432042,2.076419415679969,86.2095776134835,0.7551225128617818,5.357287713429586,10.85213020874518,0.06556437215080439,0.551742996450536,1,scenario_model_generated_from_literature_calibrated_priors,0.9519199568146437,0.9344356278491956,0
biology_only,pulmonary_reference,0.7788496149179778,0.7922380140927007,49.23238021647563,0.08039747131504067,0.740799098568527,23.37,29.032763074030836,2.0971651808626417,81.78991862400427,0.8112619792201127,4.983168729782267,11.646178789859835,0.03565574849288863,0.5515963374194925,1,scenario_model_generated_from_literature_calibrated_priors,0.7576909253730922,0.9643442515071113,0
full_data_informed,pulmonary_reference,0.5777923462761337,0.758295141279215,48.61106592310546,0.05218856203924967,0.6311454299367212,23.37,22.497249890075437,2.21742416274358,81.60877658297822,0.7462823220578761,3.1437099983145034,4.337506315041769,0.06855356258645866,0.5515805393166238,1,scenario_model_generated_from_literature_calibrated_priors,0.9626551086895779,0.9314464374135414,0
biology_only,pulmonary_reference,0.37421786996665174,0.38576120467980585,80.12700496456141,0.26855662279314524,0.7083632197606992,23.37,11.967750892256761,2.495900261671082,87.23182842895389,0.8564183306851969,5.608470771753038,9.700079708598485,0.061906382491671,0.5515703180636032,1,scenario_model_generated_from_literature_calibrated_priors,0.5120988828522363,0.938093617508329,0
biology_only,pulmonary_reference,0.6239014116464596,0.46506995645528426,65.9088988756935,0.0918024294159301,0.668339176730972,23.37,23.69135772909294,2.1131553067764806,87.50254030302375,0.7211480473290661,8.787425102753161,12.23250650999839,0.03428970434560099,0.5515638668417964,1,scenario_model_generated_from_literature_calibrated_priors,0.9862491343991041,0.965710295654399,0
full_data_informed,aortic_high_pressure,0.4803107226942262,0.5091254616427432,42.59497424944054,0.0920348228486071,0.7841156055151016,32.75,32.30703537029593,2.219501584693526,83.28761549381137,0.7330371147281564,4.572905223018113,13.675535320321275,0.05382773477985482,0.5511700754109112,1,scenario_model_generated_from_literature_calibrated_priors,0.9864743624517841,0.9461722652201452,0
biology_only,pulmonary_reference,0.4382760184002907,0.7813946340198631,60.282435945801794,0.24423076127972734,0.8477180981292703,23.37,18.811168156726726,2.512748677062733,86.91530499639742,0.7581002364085714,3.488677786028476,7.1930123467478015,0.03985871189354086,0.5511625914239302,1,scenario_model_generated_from_literature_calibrated_priors,0.8049280340918582,0.9601412881064592,0
biology_only,pulmonary_reference,0.6741507458803832,0.46264045750876703,37.911549426348934,0.030566126014356522,0.6372669297198748,23.37,24.918316099521604,2.165258565317963,82.39792603877042,0.7429074092634328,8.427466981937764,8.2705084460875,0.04455690752546572,0.551075636518913,1,scenario_model_generated_from_literature_calibrated_priors,0.9337477064817457,0.9554430924745343,0
biology_only,pulmonary_reference,0.4034772992364531,0.8732798789692001,55.3300868096288,0.6168361870039186,0.38377806340740733,23.37,19.07055170100159,2.8960865422655107,84.18238259294539,0.8017891623807546,2.758857264976098,8.97076177239196,0.06617579141793677,0.5510722860441533,1,scenario_model_generated_from_literature_calibrated_priors,0.8160270304236881,0.9338242085820633,0
biology_only,aortic_high_pressure,0.5503075539149265,0.6407137346808293,72.43079780172513,0.1837184897494068,0.7054365257265934,32.75,30.131631019607276,2.226193400586821,86.53679829454859,0.7564744534122281,6.759859863458265,7.1867069451603,0.05939864371834269,0.5509998914728265,1,scenario_model_generated_from_literature_calibrated_priors,0.920049802125413,0.9406013562816573,0
full_data_informed,pulmonary_reference,0.5575587458646013,0.73986502680002,53.74976200890619,0.3428905994081411,0.6276272147561692,23.37,21.111203802706356,2.408712557902343,89.41609552622458,0.7456203736895589,3.3276734511587724,8.58741501166573,0.02832138995622423,0.5509840464088377,1,scenario_model_generated_from_literature_calibrated_priors,0.903346333021239,0.9716786100437758,0
full_data_informed,aortic_high_pressure,0.6684692778113327,0.6359210158470486,57.24070415038541,0.16568993202169457,0.7752006851844282,32.75,36.26865845687713,1.8266676959747195,87.59978658281894,0.7956347148884918,9.223379034621706,8.793369287535338,0.03810070008641204,0.5509354799796058,1,scenario_model_generated_from_literature_calibrated_priors,0.8925600471182557,0.9618992999135879,0
full_data_informed,aortic_high_pressure,0.7012862709674379,0.4658566882524518,70.23377795845046,0.2910391858364879,0.6253277906959275,32.75,36.589410546492694,1.9451973767392432,86.04812513257754,0.8249414280461904,6.144544672693135,12.729204881237026,0.06497114016892055,0.5508753073830668,1,scenario_model_generated_from_literature_calibrated_priors,0.8827660901834292,0.9350288598310794,0
full_data_informed,aortic_high_pressure,0.4847678503991055,0.7974319400212033,58.453966475959994,0.05336954463824948,0.25453356446526937,32.75,26.43196435245944,2.5195577456822655,86.2260722406056,0.7343356844736296,5.124254717935979,8.640400396032845,0.07099480336328402,0.5508270184058777,1,scenario_model_generated_from_literature_calibrated_priors,0.8070828809911279,0.929005196636716,0
biology_only,pulmonary_reference,0.692160034594882,0.7246305238748656,49.30267958617187,0.06975071892670649,0.6910811112611699,23.37,27.285358342948125,2.046199551027394,82.48061395037479,0.8143543857412493,3.5498006086059104,10.981064824541775,0.10196470793185508,0.550804978111198,1,scenario_model_generated_from_literature_calibrated_priors,0.8324622018421856,0.8980352920681449,0
biology_only,pulmonary_reference,0.7313890298432228,0.8388997725269312,80.79644980296342,0.11215677315718495,0.6436178875446512,23.37,31.067290379087808,2.0657566416418067,87.32227525868993,0.8317651666724232,2.7117706952323335,8.664434586229259,0.06574553986319721,0.5507935135860218,1,scenario_model_generated_from_literature_calibrated_priors,0.6706337022213176,0.9342544601368028,0
full_data_informed,aortic_high_pressure,0.4971139913118021,0.7059204052514098,64.48421248675292,0.29501163172036426,0.20412088569482514,32.75,31.920692517760962,2.402167792111521,85.64115738880155,0.7402875731128222,3.8975600106620947,9.135521798226293,0.04881237058358871,0.5507336598774134,1,scenario_model_generated_from_literature_calibrated_priors,0.9746776341301057,0.9511876294164113,0
full_data_informed,pulmonary_reference,0.5575341863201292,0.7992765654439079,58.18582237747025,0.23832714219978088,0.5488825751710843,23.37,20.185801271002912,2.127841002306175,84.80002117679058,0.8024828231159057,3.3280443229015755,12.7534777027385,0.06251834120231416,0.5506555819456331,1,scenario_model_generated_from_literature_calibrated_priors,0.8637484497647802,0.9374816587976859,0
biology_only,aortic_high_pressure,0.43677956294512005,0.6664167654517631,64.75665836887165,0.14402792810999118,0.7410744480226452,32.75,21.596571683446847,2.415231811440229,89.51192734605205,0.7866995787099943,4.547630428134393,12.258149493620568,0.05796597319841349,0.5506325692899198,1,scenario_model_generated_from_literature_calibrated_priors,0.6594373033113541,0.9420340268015865,0
biology_only,aortic_high_pressure,0.5778770287624045,0.6304322552576134,62.83480451365922,0.2589492290733105,0.6376068314791792,32.75,30.412790594031264,2.1283213128947334,83.16862967460183,0.789622735362819,8.28393409113609,9.749249116541884,0.049061422617471026,0.5506315612425835,1,scenario_model_generated_from_literature_calibrated_priors,0.9286348272986645,0.950938577382529,0
full_data_informed,pulmonary_reference,0.603541400906263,0.4529524520862386,76.13074664033329,0.2519242910637842,0.3380809495832372,23.37,23.24830727581182,2.1387575701820456,91.3918392925717,0.754323000995831,4.571249060421396,11.487057511324547,0.10681790673378012,0.5503891749285039,1,scenario_model_generated_from_literature_calibrated_priors,0.994792780308593,0.8931820932662199,1
biology_only,pulmonary_reference,0.6253667636455894,0.4471133466618143,64.46756183922199,0.2502105230466555,0.4770493759372372,23.37,23.48142996466571,2.1368913943973404,87.87425686533982,0.7534393357317956,3.031266585419133,11.782515454016309,0.06638854165313732,0.5502515753100221,1,scenario_model_generated_from_literature_calibrated_priors,0.9952319227785319,0.9336114583468627,0
biology_only,aortic_high_pressure,0.48290759170167463,0.587851072912396,43.87058225082873,0.2714943590837103,0.9385279402614185,32.75,28.577608591378702,2.354877494271109,80.30238682516678,0.7945815360087288,3.901184077877158,6.762099407619118,0.05475385834804545,0.5502440983338918,1,scenario_model_generated_from_literature_calibrated_priors,0.8725987356146169,0.9452461416519545,0
biology_only,aortic_high_pressure,0.6331868321036584,0.8372203401692311,64.44821959931276,0.16276752881837236,0.9006422583401091,32.75,36.201026965476814,2.08929609378852,85.80816553248623,0.7805738621556417,4.113451297912255,11.848543391346247,0.06805504309658966,0.5502053312513628,1,scenario_model_generated_from_literature_calibrated_priors,0.8946251308251355,0.9319449569034104,0
full_data_informed,aortic_high_pressure,0.5464757127267542,0.5069301251807589,67.31967551027923,0.21291585192252727,0.07222637517503792,32.75,32.232711442654484,2.289205157061792,88.64378247239986,0.7214381080087244,3.702633024647102,5.716887160090673,0.04948627433752872,0.550176591164871,1,scenario_model_generated_from_literature_calibrated_priors,0.9842049295467018,0.9505137256624713,0
full_data_informed,pulmonary_reference,0.5786219166252253,0.6744886627224854,53.52627728175709,0.1488069083461344,0.3905038821707576,23.37,20.122051810816405,2.1926443769800374,81.87885780525198,0.7884357870947171,7.09581963367269,10.719035416803031,0.05928054247087565,0.5500902280116956,1,scenario_model_generated_from_literature_calibrated_priors,0.8610206166374157,0.9407194575291243,0
biology_only,pulmonary_reference,0.7111948908574179,0.8060859407717115,53.92169219670063,0.28874926288848857,0.9375567497021089,23.37,28.924973395128593,2.207126092415479,85.04055243485139,0.8240918204225662,6.003654315750606,14.281018792259827,0.049386292892310966,0.5500225039021363,1,scenario_model_generated_from_literature_calibrated_priors,0.7623032351250068,0.950613707107689,0
biology_only,pulmonary_reference,0.5267486011370015,0.7124615557877951,57.57949549342823,0.11188681964330358,0.4408164789194083,23.37,15.368618891933394,2.3842359122029415,88.91459235365109,0.793141520337467,5.585919712150897,8.895201248387302,0.07705419143109579,0.5500124869707288,1,scenario_model_generated_from_literature_calibrated_priors,0.6576216898559433,0.9229458085689042,0
full_data_informed,aortic_high_pressure,0.4985141906493544,0.5390264095555138,55.06603349149994,0.1414852942646934,0.5776824174757899,32.75,29.984740270852143,2.4104155539582663,80.65319726231638,0.7460992837416484,5.178102555868081,11.209091279524472,0.04757885097862993,0.5499945428545747,1,scenario_model_generated_from_literature_calibrated_priors,0.9155645884229662,0.9524211490213701,0
full_data_informed,pulmonary_reference,0.7203806218654365,0.7193463371137607,46.271328907564204,0.16402368042058801,0.33309012467466564,23.37,26.525055903227276,2.0301199821913496,79.67627187733589,0.8125282087758288,4.9087544003734225,8.853017394083569,0.04309768724821204,0.5499670679906183,1,scenario_model_generated_from_literature_calibrated_priors,0.8649954684113276,0.9569023127517879,0
full_data_informed,pulmonary_reference,0.5022154851190398,0.8079143535358556,59.6918505252345,0.17140288397232994,0.7856955727892355,23.37,17.33940415529313,2.4252896803951187,83.27996083545952,0.7825625173024213,4.369563000302033,4.3171092646517195,0.03271716441477131,0.5499318614444637,1,scenario_model_generated_from_literature_calibrated_priors,0.7419513973167793,0.9672828355852287,0
full_data_informed,aortic_high_pressure,0.6866021596757873,0.32947025267541946,66.53094805898996,0.034394335673819595,0.9255235951175022,32.75,35.89439047720598,1.8877202742678048,88.35379281959752,0.7605007117060727,5.16675357233512,6.711095001657712,0.053971664075674365,0.5499246958430283,1,scenario_model_generated_from_literature_calibrated_priors,0.9039880770318784,0.9460283359243257,0
full_data_informed,aortic_high_pressure,0.6713559265375261,0.6590184893817518,59.9201611311644,0.2555631413253425,0.7925931117188272,32.75,37.97851550204351,2.191982065935401,85.20826920097522,0.794134614002989,4.983691131670309,1.7198103987660964,0.043742901955526076,0.5499086907240686,1,scenario_model_generated_from_literature_calibrated_priors,0.840350671693328,0.9562570980444739,0
full_data_informed,pulmonary_reference,0.5643071301950908,0.7127170252945821,60.15460144993523,0.05310834688989731,0.14412129517468752,23.37,19.367989581349836,2.367565359188294,89.12605687534439,0.7186017942960513,1.843061974969469,7.23780995032511,0.03698600902201833,0.549902018910771,1,scenario_model_generated_from_literature_calibrated_priors,0.8287543680509128,0.9630139909779817,0
biology_only,pulmonary_reference,0.5204694584517644,0.5212755319966839,64.56398551576557,0.2514999126136293,0.5822341080965268,23.37,18.174645454420357,2.2845006996190516,84.1809650639129,0.8225033061228821,5.099329939190154,12.451512435739648,0.09075869231389512,0.5498837317248542,1,scenario_model_generated_from_literature_calibrated_priors,0.7776912903046793,0.9092413076861049,0
biology_only,aortic_high_pressure,0.6186987019258494,0.6046100777283708,65.66707669847017,0.3047130572230605,0.9930187151753663,32.75,38.03225219551325,2.0410857298025937,89.73845912271646,0.8035511849617023,6.866546717744162,11.01603603932441,0.04721256828640273,0.549789137886331,1,scenario_model_generated_from_literature_calibrated_priors,0.8387098566255495,0.9527874317135973,0
full_data_informed,pulmonary_reference,0.5019098413450679,0.5778905052300639,62.522292878480116,0.28656380134806636,0.7593513719441164,23.37,20.59543985340669,2.3667832906218984,86.7555080013428,0.7617962817700367,5.102445404831769,9.724258782569283,0.046888424190732095,0.5497794866254285,1,scenario_model_generated_from_literature_calibrated_priors,0.8812768443905301,0.9531115758092679,0
full_data_informed,aortic_high_pressure,0.5808318235758159,0.882124125624519,57.26601161675101,0.4574773197570005,0.4745365197784407,32.75,32.135515708263284,2.424730158779037,81.3544420756659,0.7847628754305762,1.8342373374242091,7.56999622679668,0.054054556055909024,0.549776451310047,1,scenario_model_generated_from_literature_calibrated_priors,0.9812371208630011,0.945945443944091,0
biology_only,aortic_high_pressure,0.6110607834128103,0.6574470019353592,56.68918346123698,0.3435086442251923,0.9542406203426121,32.75,35.11385942992163,2.038971125543219,86.53803868239302,0.817465185881363,6.988191737013935,12.658473058233302,0.0947464938078894,0.5497508037614748,1,scenario_model_generated_from_literature_calibrated_priors,0.9278210861092632,0.9052535061921106,0
biology_only,aortic_high_pressure,0.5657757379713719,0.7756765454294966,51.29245251703631,0.06586310052944731,0.8398525257246372,32.75,24.66638951130483,2.2905623406773414,81.45416956381807,0.7914023634332022,6.142642160758052,4.9075066341069045,0.05564117447196984,0.5497436427910298,1,scenario_model_generated_from_literature_calibrated_priors,0.7531721988184681,0.9443588255280302,0
full_data_informed,aortic_high_pressure,0.4956220860582595,0.5653632712355269,70.63176158000844,0.1058298328548479,0.12842651600068905,32.75,33.680159691537995,2.3126011078543627,84.1590581294654,0.7371468767379457,6.198236497652065,14.61363232370255,0.09455293846926528,0.5497149727551369,1,scenario_model_generated_from_literature_calibrated_priors,0.9715981773576184,0.9054470615307347,0
biology_only,aortic_high_pressure,0.4263902208847842,0.6297060184597069,50.171331767389226,0.23104282386119743,0.5742931461561327,32.75,21.433900499686235,2.6692382823800735,81.74764857993323,0.8036893291816019,2.9155421428681865,8.212567413708022,0.0534737050497348,0.5496544104141302,1,scenario_model_generated_from_literature_calibrated_priors,0.6544702442652286,0.9465262949502652,0
biology_only,aortic_high_pressure,0.5237981677457935,0.794246505794814,66.80139970935323,0.21780362357451186,0.5355376303115632,32.75,32.383222049660816,2.4237467885538013,81.79508786377873,0.7332909349644726,2.138988911931302,6.760822412816512,0.05032059180643001,0.5495811864852309,1,scenario_model_generated_from_literature_calibrated_priors,0.988800673272086,0.94967940819357,0
full_data_informed,pulmonary_reference,0.59679932490215,0.586095031112092,65.63833332574717,0.2214427363127988,0.8315124278145922,23.37,22.22192437009109,2.2730516588715854,83.5159424145538,0.7542699511664193,5.92854758218588,6.886743299589342,0.04741161891018932,0.5495782556633496,1,scenario_model_generated_from_literature_calibrated_priors,0.9508739567860972,0.9525883810898107,0
biology_only,aortic_high_pressure,0.6014450991497308,0.7862088123291981,64.78616139241045,0.5253277991401151,0.5383524505207474,32.75,30.39681181055202,2.169311996794659,85.46298319598516,0.8410274456195398,3.8874498296390065,7.185352128476908,0.09630543623711213,0.5494730340851304,1,scenario_model_generated_from_literature_calibrated_priors,0.9281469255130388,0.9036945637628879,0
hydrodynamic_only,pulmonary_reference,0.5231112044855586,0.6193780276993689,29.89525073486585,0.2020924655197916,0.7768910953169478,23.37,19.308622989328555,2.3071708969378997,76.58755888927448,0.8140886496404738,3.7388705069947545,10.119573339685104,0.05401475973939108,0.5494693141872211,1,scenario_model_generated_from_literature_calibrated_priors,0.8262140774209907,0.9459852402606089,0
full_data_informed,pulmonary_reference,0.6759797613906743,0.7808233381211652,50.87888756111642,0.06925460825398247,0.4797044311422773,23.37,25.932851137699206,2.0850551194895464,84.41246199022979,0.761154491822566,9.237857083433578,6.177604411931624,0.04872795354040511,0.5493835351410322,1,scenario_model_generated_from_literature_calibrated_priors,0.8903358520453913,0.9512720464595948,0
full_data_informed,pulmonary_reference,0.4610098692761968,0.5532651790371131,50.32994488147158,0.042474489731479007,0.7889991580078197,23.37,17.32065603869744,2.3756814170009233,86.41902206766734,0.7544966440579852,7.425753440652999,10.340722103755466,0.046255294846600126,0.5493659947925603,1,scenario_model_generated_from_literature_calibrated_priors,0.7411491672527788,0.9537447051533998,0
biology_only,aortic_high_pressure,0.5854251924629881,0.6712891072957903,45.90763891892519,0.4550204213820996,0.764635191584253,32.75,32.500222608224924,2.321547371395871,77.98688611884819,0.8157524947085161,5.09006634945352,13.691596928407748,0.07759925229858464,0.5493370824123294,1,scenario_model_generated_from_literature_calibrated_priors,0.992373209411448,0.9224007477014153,0
full_data_informed,pulmonary_reference,0.5503872532547454,0.7716864017295157,58.58378273796031,0.33144263711080735,0.6843543549575981,23.37,20.93839285395975,2.493426714294498,81.00581041353395,0.785927074465252,4.232945405329129,10.768192324071268,0.07652102809999387,0.5493266026134523,1,scenario_model_generated_from_literature_calibrated_priors,0.8959517695318678,0.9234789719000062,0
full_data_informed,aortic_high_pressure,0.6042215117802145,0.5813288052761293,68.16246609187193,0.3334131413141696,0.7203679910510665,32.75,31.97908503459219,2.3402146405673676,86.1083804199253,0.7538678902275953,3.534110220257148,7.918670982730821,0.062187867443045865,0.5491824939929959,1,scenario_model_generated_from_literature_calibrated_priors,0.976460611743273,0.9378121325569542,0
biology_only,pulmonary_reference,0.6545490592366306,0.7404845156907706,59.72589031498714,0.2834906990581231,0.7597774855808663,23.37,23.65999077206987,2.0868128214896644,88.17397938916693,0.7595383769194668,4.599468678524212,9.626884350674397,0.054497236684109746,0.5491720672954228,1,scenario_model_generated_from_literature_calibrated_priors,0.9875913234030864,0.9455027633158902,0
full_data_informed,pulmonary_reference,0.5727406602169135,0.4478590608101083,60.752373927764296,0.27312758670013404,0.6523706605966336,23.37,21.53661429674604,2.2418121353240177,92.45102331690039,0.7334352020181985,3.8124772525872754,4.244550193075987,0.038563623417933686,0.5491107996446251,1,scenario_model_generated_from_literature_calibrated_priors,0.9215496061936688,0.9614363765820663,1
biology_only,aortic_high_pressure,0.5749939395979852,0.8249346638121084,66.38964102930602,0.5740690301005823,0.7888473076744069,32.75,32.930368731224576,2.388489053822331,86.77634168392532,0.799793827920089,4.717158714111522,9.75333302027516,0.09929289205040688,0.5490619972515324,1,scenario_model_generated_from_literature_calibrated_priors,0.9944925578252038,0.9007071079495931,0
full_data_informed,pulmonary_reference,0.5817613336267918,0.8169523982730404,52.19809872719555,0.3160823485973142,0.2837339238264796,23.37,24.444803272790566,2.2480292986531136,83.45958755219712,0.7826491593109852,2.2760778794009937,13.508741615998689,0.07181983367875829,0.5490447210091532,1,scenario_model_generated_from_literature_calibrated_priors,0.9540092737359621,0.9281801663212417,0
biology_only,aortic_high_pressure,0.5378940552952582,0.6797449549756222,62.90091983339468,0.13381102442920556,0.8541656128361075,32.75,33.20181556478037,2.260694632857353,87.7267740594044,0.7098162084335843,2.172788311995501,8.082879052526637,0.047947288041685174,0.5490337770379592,1,scenario_model_generated_from_literature_calibrated_priors,0.9862041048922024,0.9520527119583149,0
hydrodynamic_only,pulmonary_reference,0.5206908544628632,0.7472299829235542,37.462536506866094,0.34591998538023916,0.7361485837972149,23.37,20.176616724202574,2.383751066073459,78.35243063042293,0.8255547610987422,4.628952548555244,8.533790655717423,0.0867790439540404,0.5489993355061732,1,scenario_model_generated_from_literature_calibrated_priors,0.8633554439111071,0.9132209560459597,0
full_data_informed,pulmonary_reference,0.5126570087263654,0.8028623120416967,66.29284044651378,0.1912607157742775,0.1778159005752297,23.37,16.18771895387017,2.410633992823017,87.90095169381263,0.7853330979918266,4.966180742867126,5.009502765042877,0.04684936399106039,0.5489170664532327,1,scenario_model_generated_from_literature_calibrated_priors,0.6926709008930325,0.9531506360089396,0
full_data_informed,pulmonary_reference,0.6271284897229075,0.9490077263241062,54.345391526934954,0.24109331592153,0.579037491551077,23.37,25.74112017684612,2.249963852820512,81.87946423858504,0.7835664338323155,8.193385602252885,8.681765977799179,0.054022846975846014,0.5488728098090837,1,scenario_model_generated_from_literature_calibrated_priors,0.8985400009907523,0.945977153024154,0
full_data_informed,pulmonary_reference,0.6690993036293599,0.5883567559550774,66.88002659125426,0.002783039974068501,0.2571301934226312,23.37,23.59054292470377,1.9831511704260785,87.99751599957153,0.718018487433023,5.9877232259887405,11.444444611926123,0.05558679743544933,0.5488718800496507,1,scenario_model_generated_from_literature_calibrated_priors,0.9905629899570488,0.9444132025645506,0
full_data_informed,pulmonary_reference,0.7125369218487344,0.8212440395821008,56.63142991113951,0.08137953085017871,0.3598636431540902,23.37,27.056486735817096,1.9621845285374675,85.85230533368272,0.7906609920862304,6.247354400839604,7.439914945965595,0.06511225499647032,0.5488633408826515,1,scenario_model_generated_from_literature_calibrated_priors,0.8422555953865172,0.9348877450035297,0
full_data_informed,aortic_high_pressure,0.8422815338080293,0.7059844442582948,65.3240083021965,0.000655500639718132,0.9253553292185698,32.75,41.969477343619126,1.756523814662142,84.36991886468371,0.8406805965979384,4.31854546712741,9.838815908274546,0.0635585298057857,0.548774799410514,1,scenario_model_generated_from_literature_calibrated_priors,0.7184892414162098,0.9364414701942143,0
biology_only,pulmonary_reference,0.6158051802202155,0.7462489408365284,69.72433411870836,0.35459589970185484,0.28384544221770086,23.37,24.352441947903582,2.3260383914675833,84.22454712366059,0.770973820511218,4.552856465806929,8.914557088694192,0.05968910250831631,0.5487525493217575,1,scenario_model_generated_from_literature_calibrated_priors,0.9579614057379726,0.9403108974916837,0
full_data_informed,pulmonary_reference,0.5775046178112739,0.6498911570046383,56.458042419998876,0.37776481882241314,0.5616591504314402,23.37,20.0054304862492,2.3097895059253535,88.10344899521132,0.791321490420785,3.6893357370148823,7.767787081236053,0.06412877388609639,0.5486725683332109,1,scenario_model_generated_from_literature_calibrated_priors,0.8560304016366794,0.9358712261139036,0
hydrodynamic_only,pulmonary_reference,0.5076028242348081,0.717094732724624,44.61826248740007,0.15905912533356376,0.7947157773641111,23.37,18.556507149697715,2.411645245046544,88.25630011170892,0.7458741207789801,4.045536229591247,4.774687155517486,0.04192880446948256,0.5485611281984527,1,scenario_model_generated_from_literature_calibrated_priors,0.7940311146640014,0.9580711955305174,0
biology_only,pulmonary_reference,0.6634384748652186,0.604347952421362,80.30328936629144,0.08717425231638769,0.6638978491703627,23.37,30.505088055939318,2.1648153655329336,87.48735393541925,0.7853743638792415,5.993754960419668,8.088939067018737,0.02163814203529298,0.5485020293945692,1,scenario_model_generated_from_literature_calibrated_priors,0.6946902842987028,0.978361857964707,1
biology_only,aortic_high_pressure,0.6310315353560951,0.9043690222765419,66.6332225351919,0.4175899474476097,0.33595466073795927,32.75,35.38956238737688,2.2575257863673963,79.47850267013668,0.8291105037990931,4.562101776725935,9.170552617183738,0.07927817273204386,0.5484006233106511,1,scenario_model_generated_from_literature_calibrated_priors,0.9194026751945992,0.9207218272679561,0
biology_only,pulmonary_reference,0.610378403607551,0.8155952999136998,51.400329810935816,0.5122815532918776,0.759548195845474,23.37,20.283310414195093,2.1255728424979075,82.80728873885363,0.8527772289891089,5.193239056616285,11.811501392031781,0.051662619589684794,0.5484001574012104,1,scenario_model_generated_from_literature_calibrated_priors,0.8679208564054383,0.9483373804103152,0
full_data_informed,pulmonary_reference,0.5663594389417214,0.44298392817306753,71.75793603036288,0.03548088308346134,0.3388965707412749,23.37,23.976287716943887,2.177506787039509,86.49361602447478,0.7034694881882962,4.254634830394932,6.739531393565999,0.03556307123362763,0.5483793121823594,1,scenario_model_generated_from_literature_calibrated_priors,0.9740570082608522,0.9644369287663723,0
biology_only,pulmonary_reference,0.7620902158216255,0.8366386686574805,45.371536652054225,0.1384612020468001,0.8184966786392031,23.37,22.882852212071015,2.1587676765715003,84.79637615519967,0.7553892688236973,4.658309817246154,7.924502008551292,0.09943618699836561,0.5483472670221687,1,scenario_model_generated_from_literature_calibrated_priors,0.9791549940980323,0.9005638130016344,0
full_data_informed,pulmonary_reference,0.6044870346645547,0.9462689772924945,60.94524406360429,0.4683989896771724,0.3575234130065261,23.37,22.688992124582793,2.3622454293226127,85.75748976767002,0.7858321513958642,2.8065505310010046,8.721462596645365,0.0825865303099904,0.5483426614144469,1,scenario_model_generated_from_literature_calibrated_priors,0.9708597400334956,0.9174134696900096,0
full_data_informed,aortic_high_pressure,0.5058184058741284,0.7051092036624201,54.17120480982515,0.42013718122910443,0.6817819681248786,32.75,32.85464026650733,2.5406321521789463,83.88581992448619,0.7385205413346677,9.256414614702928,10.191733627188814,0.03678082302536291,0.548325389934223,1,scenario_model_generated_from_literature_calibrated_priors,0.9968048773585547,0.9632191769746371,1
biology_only,pulmonary_reference,0.7313693150397022,0.8652819919556571,63.28603459981924,0.15525655852390194,0.5165683615531291,23.37,24.61402979751293,2.013246266844399,87.80161298097161,0.7565149432929561,2.7654514895210736,8.66305639795537,0.05928666435372967,0.5481472724002401,1,scenario_model_generated_from_literature_calibrated_priors,0.9467680873978207,0.9407133356462704,0
hydrodynamic_only,pulmonary_reference,0.7134766517065545,0.9202459404414879,39.84985554243637,0.4249625865077538,0.8833356087264211,23.37,26.309110154377183,2.091504256063216,79.7541826500234,0.8700682541106278,2.386003704042656,9.901756907595495,0.10231608999292896,0.5481021188704103,1,scenario_model_generated_from_literature_calibrated_priors,0.8742357657519392,0.897683910007071,0
biology_only,aortic_high_pressure,0.6590790990057913,0.6305236955680924,72.0175796544343,0.19751194279459564,0.7706606489029422,32.75,41.194730844198205,2.160337804179569,89.74016453848692,0.785935511696363,3.832250386249003,8.752386539742918,0.030294691338154333,0.5480514700224052,1,scenario_model_generated_from_literature_calibrated_priors,0.7421456230779174,0.9697053086618457,0
full_data_informed,pulmonary_reference,0.6163594806060261,0.4179518165406111,60.49183357312875,0.1728191435593654,0.36045596567313726,23.37,23.13843211493055,2.1422514827767154,86.90525713700642,0.7359887535537807,3.004075998212816,10.851607848107896,0.06015914997721301,0.5480172659554969,1,scenario_model_generated_from_literature_calibrated_priors,0.9900912329880422,0.9398408500227869,0
biology_only,pulmonary_reference,0.6849670553739077,0.5677415605713438,49.501539472130176,0.15508427877455924,0.8160744205347407,23.37,24.512607332887466,2.0746835968017683,85.95048549103316,0.7531742471003098,3.0012494300749815,9.106639933173632,0.05306711269007233,0.5480137105349986,1,scenario_model_generated_from_literature_calibrated_priors,0.9511079446774726,0.9469328873099276,0
biology_only,aortic_high_pressure,0.56560105049716,0.6179700837745667,66.55246916075639,0.25416413799045473,0.38696486730262947,32.75,29.934826050929548,2.163400822400118,84.13948112794874,0.7743778256543757,7.0595907079733085,7.810767180095719,0.03883389105586551,0.5479980991295428,1,scenario_model_generated_from_literature_calibrated_priors,0.914040490104719,0.9611661089441345,0
full_data_informed,aortic_high_pressure,0.46982183060054705,0.18502504867104902,60.818766871833425,0.0684004790496357,0.5336921135793545,32.75,34.49302243486661,2.3112016947512197,88.03551107670867,0.7032600403311152,3.9629565948851675,2.3706631094174577,0.060262977272520675,0.5478924598375433,1,scenario_model_generated_from_literature_calibrated_priors,0.9467779409201035,0.9397370227274793,0
full_data_informed,pulmonary_reference,0.6353635251270813,0.7054095145761107,47.991482000258486,0.24671966084079242,0.6539640531071801,23.37,22.49754647608609,2.174810715903291,79.08769196860716,0.7782748108594981,7.25904885095651,6.280216037352479,0.03719833207862603,0.5478046318488973,1,scenario_model_generated_from_literature_calibrated_priors,0.9626677995757847,0.962801667921374,0
full_data_informed,aortic_high_pressure,0.7745919946333086,0.7176759372109767,66.71582223575469,0.15598637079786898,0.6920842937310135,32.75,39.98558402103423,1.9337372697791202,90.05702479049233,0.8097110219787856,5.683898982710224,16.55522188096293,0.07555180756928292,0.547788874879495,1,scenario_model_generated_from_literature_calibrated_priors,0.7790661367623136,0.9244481924307171,0
full_data_informed,pulmonary_reference,0.6976998834199881,0.8330111701884426,68.9282239716864,0.08125898713060725,0.4152696722399205,23.37,24.20300753304289,2.2548700864504774,90.18912677208743,0.6977575609424731,4.244425515036513,8.307036558076721,0.060118918735190874,0.5477450448972019,1,scenario_model_generated_from_literature_calibrated_priors,0.9643556896430087,0.9398810812648091,0
baseline,pulmonary_reference,0.5092676392773386,0.8932165593178583,39.98108561240548,0.46435602838372103,0.7327408074316335,23.37,17.99043796032524,2.428573316147353,82.38992491860742,0.8360417905831451,9.04709785894987,10.220569138110008,0.052604805820953074,0.5476799198751066,1,scenario_model_generated_from_literature_calibrated_priors,0.7698090697614566,0.9473951941790469,0
full_data_informed,pulmonary_reference,0.6275362531171986,0.5217769974974126,50.01508549878647,0.03079633611799843,0.7400654046029757,23.37,26.514802180152337,2.0523733125988692,88.00056758136834,0.7388705567522236,4.119302256416749,10.376019619327467,0.03165830440984831,0.5476683924228327,1,scenario_model_generated_from_literature_calibrated_priors,0.8654342242125659,0.9683416955901517,0
biology_only,pulmonary_reference,0.38088863308104015,0.8293864387965612,53.969307304177,0.006281344841038012,0.7057962062698099,23.37,10.663537892580642,2.8900415395244217,88.58759092272001,0.7569894175425437,3.7208463178056776,10.571042783698468,0.05335393021243291,0.5476111680180168,1,scenario_model_generated_from_literature_calibrated_priors,0.45629173695253067,0.946646069787567,0
full_data_informed,pulmonary_reference,0.5749098291704055,0.6459723505847321,61.42481263858821,0.019584351902859037,0.6801863201440956,23.37,18.08379176333661,2.357438153473366,85.09058700828918,0.751799148200236,5.225975581112394,9.305971749032468,0.06568885182011648,0.5475700824658085,1,scenario_model_generated_from_literature_calibrated_priors,0.7738036698047329,0.9343111481798835,0
full_data_informed,pulmonary_reference,0.5224553448567119,0.6509318246566124,46.744884185829065,0.07071836816519533,0.5890517816733657,23.37,20.929660595325245,2.342638697421641,81.64435056738674,0.743666125711807,5.590973625491189,12.568814081285712,0.06784577740966076,0.5473881188978914,1,scenario_model_generated_from_literature_calibrated_priors,0.895578117044298,0.9321542225903392,0
full_data_informed,pulmonary_reference,0.5603302915503924,0.43139872530985907,83.8961796265421,0.051236348160977364,0.48884498468332044,23.37,19.454774062338753,2.137528608975488,90.35706625828624,0.7274001703869032,2.8890743239540937,11.661893494438647,0.021732041468970762,0.547347330882441,1,scenario_model_generated_from_literature_calibrated_priors,0.8324678674513801,0.9782679585310292,1
full_data_informed,pulmonary_reference,0.5560642068399908,0.976040745012939,48.49829569393215,0.04663598209684495,0.35213285471122147,23.37,19.183095574307742,2.2759143421495494,80.49394462757607,0.7652463075251779,4.425694852717888,11.647679197119704,0.04744222589745249,0.5472677644886995,1,scenario_model_generated_from_literature_calibrated_priors,0.8208427716862534,0.9525577741025475,0
biology_only,pulmonary_reference,0.5977762183227626,0.43598016267049683,48.39535857348055,0.36306114809139356,0.631622267022835,23.37,23.889861486871524,2.1124410500877637,84.76891288223132,0.7856557521677016,4.8952709688840725,11.02972657547553,0.0575476950163007,0.5472596099297025,1,scenario_model_generated_from_literature_calibrated_priors,0.9777551781398578,0.9424523049836993,0
biology_only,pulmonary_reference,0.6427178500803983,0.6901970916779572,68.2567416830817,0.2973211523335968,0.46746988238410647,23.37,26.32967008078883,2.050121597418187,89.21169909064483,0.7824831359334207,5.858897807611697,8.930163765645062,0.03497445093997965,0.5471511720119293,1,scenario_model_generated_from_literature_calibrated_priors,0.8733560085242265,0.9650255490600204,0
full_data_informed,pulmonary_reference,0.5474913431394894,0.42581586100697394,76.53181400292988,0.26492384043472905,0.35318466509825175,23.37,21.518636437635415,2.383749695626532,86.902469266621,0.7427977566462605,2.5714380921339224,11.281525820236036,0.06114234518916257,0.5471039450322271,1,scenario_model_generated_from_literature_calibrated_priors,0.920780335371648,0.9388576548108374,0
biology_only,pulmonary_reference,0.505680643244417,0.6866702209159471,57.267698942319626,0.29416615398603135,0.29155272450716535,23.37,23.485236519121308,2.321275095950967,86.79148310163396,0.7284225492776074,7.716761386753199,7.849472548301321,0.044340084618156556,0.5470064741018578,1,scenario_model_generated_from_literature_calibrated_priors,0.9950690406880057,0.9556599153818435,0
biology_only,aortic_high_pressure,0.6627581707442038,0.35632929254014434,61.84751315292349,0.017738060405324857,0.8058889208252334,32.75,40.56611134516784,2.1078173157425177,86.76470827117109,0.7778329684262537,5.084478570624148,11.896550481830252,0.07086110500251759,0.546861179173183,1,scenario_model_generated_from_literature_calibrated_priors,0.7613401115979286,0.9291388949974824,0
full_data_informed,pulmonary_reference,0.5000961419107376,0.7222622163198761,60.3030407468154,0.23159282581821092,0.7597391168735436,23.37,15.798707751346694,2.455703567018377,88.65965161545651,0.7896603507975679,5.525687356551497,12.880389370252026,0.061291252704025,0.5468188900742919,1,scenario_model_generated_from_literature_calibrated_priors,0.6760251498222805,0.938708747295975,0
biology_only,aortic_high_pressure,0.6144249045598622,0.49989388481984,69.62915100687,0.4902435392736613,0.836758525893208,32.75,38.17471585922229,2.226918109758693,85.35527431538664,0.8326439583778887,4.565690328461139,12.534077866728516,0.05583085957023114,0.5466666196323078,1,scenario_model_generated_from_literature_calibrated_priors,0.8343598210924492,0.9441691404297688,0
hydrodynamic_only,pulmonary_reference,0.5382664401599634,0.345247908828173,35.39312546011523,0.2626981196869224,0.28831912944755467,23.37,23.67644280731095,2.202592710451183,82.69409166738642,0.7627553699886228,2.92856197047381,7.1063017327819615,0.06307128279212251,0.546655482189496,1,scenario_model_generated_from_literature_calibrated_priors,0.986887342434277,0.9369287172078775,0
biology_only,pulmonary_reference,0.5152486680156994,0.7615679886615674,80.68613398485164,0.1706372839663228,0.7421793811253423,23.37,14.7029804720789,2.434390125374368,89.58259202461595,0.794660019845645,3.912392912442825,13.148983300224746,0.07516954878467347,0.5465439602109872,1,scenario_model_generated_from_literature_calibrated_priors,0.6291390873803552,0.9248304512153265,0
full_data_informed,aortic_high_pressure,0.6271077916647344,0.3200451555117395,65.70927107999555,0.15538872916945232,0.7826748769684334,32.75,32.39597309398988,2.1135508244400656,86.50012146322031,0.7309838857741395,2.674707273375886,9.785260523893315,0.05081074093588188,0.5465329771740927,1,scenario_model_generated_from_literature_calibrated_priors,0.9891900181370956,0.9491892590641181,0
full_data_informed,aortic_high_pressure,0.4954884633413097,0.8000997794558763,65.73230846351899,0.1886567519030225,0.6781331073211335,32.75,28.08251095409115,2.4124191076690407,89.27135655104641,0.7215157375670722,4.847666263592184,10.677011264865627,0.03516863172009224,0.5465242357868413,1,scenario_model_generated_from_literature_calibrated_priors,0.8574812505066,0.9648313682799078,0
biology_only,aortic_high_pressure,0.4419196786824002,0.869404944630606,52.452421249881226,0.27957889508007117,0.8928745534093593,32.75,25.571756680770054,2.453569271047378,84.41953545362138,0.7829269655770934,4.776035648673288,4.843119025097249,0.052861514242102205,0.5463368387724576,1,scenario_model_generated_from_literature_calibrated_priors,0.7808169978861086,0.9471384857578978,0
full_data_informed,pulmonary_reference,0.5643378282349107,0.8200029786858273,54.42610033305755,0.19053735416718778,0.6121527622519359,23.37,14.597533235033929,2.469242108680521,86.85867418398388,0.7952812918866878,2.9090619311261383,9.78231297036053,0.04571443966365053,0.546223804136244,1,scenario_model_generated_from_literature_calibrated_priors,0.6246270104849776,0.9542855603363495,0
biology_only,pulmonary_reference,0.6102316409360246,0.5585595495707704,55.51543519062613,0.11842674415980249,0.6628854740639337,23.37,23.416790028489725,2.1561169275622967,84.34404784198155,0.7192848281274891,4.191799137053087,3.9627280598267065,0.036187643650731995,0.5462203409046275,1,scenario_model_generated_from_literature_calibrated_priors,0.9979978592858484,0.963812356349268,1
full_data_informed,aortic_high_pressure,0.6762590928670968,0.8180148644018,66.06582587867463,0.3291419165794343,0.44888878020463613,32.75,38.25034614327701,2.0776598328912566,88.84080736730283,0.8029902410190074,2.553883279616937,14.148811905185367,0.052391091836149956,0.5461844780465831,1,scenario_model_generated_from_literature_calibrated_priors,0.8320504994419234,0.94760890816385,0
full_data_informed,pulmonary_reference,0.6933884276410426,0.35746758611582724,65.95852858821145,0.11627128352750231,0.5091679689750895,23.37,28.838601612224956,1.8454993879659252,86.9944802884834,0.8105635870493407,4.142913792786164,13.15320300178943,0.03608123104523262,0.5461469298546546,1,scenario_model_generated_from_literature_calibrated_priors,0.7659990752150212,0.9639187689547674,0
biology_only,aortic_high_pressure,0.715179583116464,0.7157344270973897,44.85944336364674,0.10832933073170362,0.5978862306780338,32.75,33.114119654297355,2.1585836782545598,79.92794103693112,0.7440963113641684,7.631312241359036,9.014233432629904,0.05126167893733132,0.5461175345776704,1,scenario_model_generated_from_literature_calibrated_priors,0.9888818426168746,0.9487383210626686,0
full_data_informed,pulmonary_reference,0.5106271914048909,0.696996701918224,66.27856173153987,0.3621869309962244,0.15532312086853928,23.37,20.097241419715402,2.459964349433149,88.70402603843881,0.7732976382082748,4.845727610632026,10.900675540717842,0.09728918233068068,0.5461043266289912,1,scenario_model_generated_from_literature_calibrated_priors,0.8599589824439624,0.9027108176693193,0
full_data_informed,pulmonary_reference,0.5185034190071829,0.7868580173802531,57.24913456087801,0.01362263480140008,0.3795954521624444,23.37,18.120098371143342,2.3468278959843922,90.9418666725731,0.7213205203837173,4.932504584928547,10.068257363301498,0.06207296347592582,0.5460127555483048,1,scenario_model_generated_from_literature_calibrated_priors,0.7753572259796038,0.9379270365240742,0
biology_only,pulmonary_reference,0.6292333747303602,0.39118343206115774,89.75699599376122,0.2262495576557719,0.9201319649650695,23.37,28.52161878624134,1.9993600607803577,95.19669606719175,0.7800998048931765,5.61077318148198,13.425781195914476,0.05271022833537808,0.5459779015660668,1,scenario_model_generated_from_literature_calibrated_priors,0.7795627391424331,0.9472897716646219,1
biology_only,pulmonary_reference,0.38030845926213497,0.6777969586989842,58.211858283708416,0.16777697392401972,0.7346428313773781,23.37,14.453569064338037,2.7156347131266885,85.48491173062173,0.7716894417318739,3.3144330603219525,16.944495260505406,0.05369937460357047,0.5459661001830746,1,scenario_model_generated_from_literature_calibrated_priors,0.6184667977893896,0.9463006253964296,0
biology_only,pulmonary_reference,0.6598783036511624,0.641632501501416,69.41921947905495,0.4546666448445892,0.5251952208675802,23.37,23.682509321815616,2.047470362638611,82.96260211867225,0.8065894986257728,5.6505542667228,10.0891028475,0.04181563865352335,0.5458052884213145,1,scenario_model_generated_from_literature_calibrated_priors,0.9866277568756691,0.9581843613464767,1
hydrodynamic_only,aortic_high_pressure,0.6559615801232646,0.9746756141044987,26.976670891045988,0.05801652844098453,0.403210286992613,32.75,35.1126931029078,2.2858244165255046,71.75340210867306,0.7810291652233765,3.3148021188271533,5.0098483734339165,0.07815764202286528,0.54567585291451,1,scenario_model_generated_from_literature_calibrated_priors,0.9278566991478535,0.9218423579771348,0
full_data_informed,aortic_high_pressure,0.6446388889438227,0.6235208075848043,61.870573647795254,0.14508944681831767,0.7935544365465621,32.75,36.87186125076371,2.102793953122972,84.88253878452295,0.767780974491385,3.9008016175119975,11.490080701663468,0.050124368792351486,0.5456662189461965,1,scenario_model_generated_from_literature_calibrated_priors,0.8741416411980547,0.9498756312076485,0
full_data_informed,pulmonary_reference,0.6336766560956041,0.6194531883074945,49.8414377287492,0.195022118438166,0.7725331410060303,23.37,22.804483456789775,2.099908306116411,85.61080271345048,0.7330921571646627,8.187523805676676,10.569831944521304,0.017791737696128244,0.5456413110254377,1,scenario_model_generated_from_literature_calibrated_priors,0.9758016027723481,0.9822082623038717,1
biology_only,aortic_high_pressure,0.37343818726064454,0.589757711979124,75.1714914227284,0.16657068895300617,0.8900140923935452,32.75,22.36142261356302,2.3913054488163628,90.02785134198069,0.788124106190744,6.357772466348425,10.530777083962542,0.09786164526928035,0.5455789947193862,1,scenario_model_generated_from_literature_calibrated_priors,0.6827915301851304,0.9021383547307197,0
biology_only,pulmonary_reference,0.7521204990285999,0.7476712550457426,55.13755157108213,0.20975212460454476,0.6412733552954618,23.37,24.424875469361357,1.856460370409766,81.61066024826937,0.8070602426776958,6.221170914129782,11.316377007259977,0.0682773820008751,0.5455663957015179,1,scenario_model_generated_from_literature_calibrated_priors,0.9548619824834679,0.9317226179991249,0
full_data_informed,aortic_high_pressure,0.5987544060286836,0.6397161609235691,60.20385787839544,0.23847798436666362,0.6802451492060356,32.75,34.85702850743841,2.2947070877327014,83.68005195699445,0.7697627897348609,5.686308154921074,9.634252424270144,0.1018744545022664,0.5455612583299233,1,scenario_model_generated_from_literature_calibrated_priors,0.93566325168127,0.8981255454977336,0
biology_only,aortic_high_pressure,0.6304305365857346,0.8727114181218419,63.522916191872554,0.3033789529221029,0.8236458191844587,32.75,42.431698903822294,2.257540282846526,87.93351187919939,0.808941487673529,5.353236204884723,5.584312372594562,0.03505153087041335,0.5455592718935521,1,scenario_model_generated_from_literature_calibrated_priors,0.7043756059901589,0.9649484691295867,0
hydrodynamic_only,pulmonary_reference,0.4428187509793599,0.5996951102079228,42.841797166489485,0.3340985035007041,0.624634961982142,23.37,18.836343716548058,2.5298938577157233,83.15013510691409,0.780566278251727,5.569161237356558,4.888193070868507,0.05363298939214239,0.5454142496194276,1,scenario_model_generated_from_literature_calibrated_priors,0.8060052938189155,0.9463670106078577,0
full_data_informed,pulmonary_reference,0.5014976148922808,0.4010776828744948,67.30251529987444,0.041143958811144896,0.8564363284721407,23.37,17.106457728597203,2.2975281448690206,89.5347400032255,0.7372128370332564,4.037028849468831,8.598876967256581,0.03007265513413063,0.5454032263941876,1,scenario_model_generated_from_literature_calibrated_priors,0.7319836426442963,0.9699273448658694,0
biology_only,pulmonary_reference,0.4829551131207179,0.5660652822360832,67.18313542560338,0.06751735851658153,0.631249224400761,23.37,16.422696024498705,2.5282347261175437,89.98896514847237,0.7489100896222652,4.6891017137910405,11.900476777308858,0.10376254038942381,0.5452577816651896,1,scenario_model_generated_from_literature_calibrated_priors,0.7027255466195423,0.8962374596105762,0
hydrodynamic_only,aortic_high_pressure,0.39628685608390796,0.7727586095897336,42.059355356636225,0.07014901521103274,0.5644797090837363,32.75,26.617293263871325,2.5163728429713474,80.02023975769293,0.7363413114420354,3.069850069416143,8.145647492087097,0.036602012930005784,0.5451791947183267,1,scenario_model_generated_from_literature_calibrated_priors,0.8127417790495061,0.9633979870699942,0
full_data_informed,pulmonary_reference,0.7619007011929266,0.9364911514129485,55.134668478423464,0.08201781880993683,0.5025218186286066,23.37,29.601041394902566,2.083119268887832,87.79420215126484,0.800794343576319,2.573482712815441,10.546560865642368,0.09290993295075431,0.5450970590759397,1,scenario_model_generated_from_literature_calibrated_priors,0.7333743519511098,0.9070900670492457,0
biology_only,aortic_high_pressure,0.6662045704245575,0.5799304646740051,74.26962953229781,0.3398559848803074,0.7278059213618696,32.75,31.88924373357917,2.1527265087685237,88.28418949789359,0.7526131892054896,5.329181162888668,6.5390150120482105,0.04533101357040078,0.5450500489485492,1,scenario_model_generated_from_literature_calibrated_priors,0.9737173659108144,0.9546689864295992,0
full_data_informed,aortic_high_pressure,0.6733652945323791,0.6354945731891565,57.540275150649045,0.06753535648165003,0.597637087369498,32.75,38.20764666582372,2.146428136975966,83.94743672253787,0.7633812219837226,3.2274449940172594,11.408824804171362,0.053916443580964264,0.5450199627246667,1,scenario_model_generated_from_literature_calibrated_priors,0.8333543002801919,0.9460835564190357,0
full_data_informed,aortic_high_pressure,0.5330879466355513,0.30896560505824866,63.00855896125714,0.2535778931822919,0.8068910287464837,32.75,30.726999831929984,2.0944500905398566,85.23967613499784,0.7660528974723083,9.413189226488948,12.008963689235786,0.04494720213911209,0.5450058350117186,1,scenario_model_generated_from_literature_calibrated_priors,0.9382290025016788,0.9550527978608879,0
biology_only,pulmonary_reference,0.685453716217304,0.9661140418192109,64.70694431687865,0.2247282689195591,0.3467370938627762,23.37,23.47957344446376,2.182847848531222,80.64467876291542,0.7556759719258186,3.480966443133236,7.2549287742184365,0.051190194475757574,0.5449553933503981,1,scenario_model_generated_from_literature_calibrated_priors,0.9953113630952606,0.9488098055242424,0
biology_only,aortic_high_pressure,0.4897393748936366,0.5747475492849656,75.19501803997161,0.007514985814948932,0.6704143380885434,32.75,33.86599489487334,2.3470342657976047,89.91771273988005,0.6687918740648172,3.6102479413614708,9.009783580083658,0.06544062630186434,0.5449353426558574,1,scenario_model_generated_from_literature_calibrated_priors,0.9659238200038676,0.9345593736981357,0
biology_only,pulmonary_reference,0.8134098251442747,0.9455433055715213,64.67709289775108,0.3978479725699534,0.9401501101488166,23.37,31.076011149597527,2.03220352741587,87.1838537703518,0.87382541924754,5.341692038132292,8.120540663639021,0.057898843826055736,0.5448874013807656,1,scenario_model_generated_from_literature_calibrated_priors,0.6702605413094769,0.9421011561739443,0
full_data_informed,pulmonary_reference,0.5311445862706964,0.870572013497661,56.80672602718467,0.29032848261158656,0.35675639568179707,23.37,19.11843321443358,2.3693573267238195,82.46479306120027,0.7884587616871058,7.868214032443742,6.07996847550354,0.05102573977176626,0.5448358818630583,1,scenario_model_generated_from_literature_calibrated_priors,0.8180758756710989,0.9489742602282337,0
full_data_informed,pulmonary_reference,0.5220842241863467,0.8029037697511912,65.10710527515323,0.047980580320564,0.5241985760092224,23.37,15.423785394885279,2.346368471090898,87.02927218783947,0.7707016653836904,4.632231826204624,5.147985027467133,0.05173280680652653,0.54474798852967,1,scenario_model_generated_from_literature_calibrated_priors,0.6599822590879452,0.9482671931934734,0
full_data_informed,aortic_high_pressure,0.5650894802391733,0.7871226082775736,63.06722518441535,0.32957156139399385,0.28485607064988056,32.75,31.13909547373118,2.2264392145438507,86.69634868392198,0.7597725222599436,2.8177106429441405,10.242623513588992,0.05970965269046032,0.5446580274294884,1,scenario_model_generated_from_literature_calibrated_priors,0.9508120755337766,0.9402903473095396,0
hydrodynamic_only,aortic_high_pressure,0.3747750272139471,0.7371571271348843,32.47855360582105,0.09302170722855138,0.7621337058101405,32.75,28.429204010623042,2.6172430950114953,78.83141373648692,0.727363084237291,8.983824889240642,7.62887766684374,0.06466187133293,0.5446316346284754,1,scenario_model_generated_from_literature_calibrated_priors,0.8680672980342914,0.93533812866707,0
full_data_informed,aortic_high_pressure,0.7168081416592834,0.5136191158387154,55.05668798275851,0.04144555171294515,0.5979749440766464,32.75,36.73980501011312,1.890138127093055,85.65321310137303,0.7632686862766614,6.123026143949648,7.776373842036806,0.04214142724063281,0.5445781328163019,1,scenario_model_generated_from_literature_calibrated_priors,0.8781738928209734,0.9578585727593671,0
biology_only,pulmonary_reference,0.6802147399018308,0.7784695174722456,65.67037936736719,0.43866838341071807,0.9005087011007074,23.37,28.1943978070155,2.101133303357665,84.54339967233648,0.8609744758359179,9.451931946722176,13.989952097408509,0.09081962122696786,0.544447193476739,1,scenario_model_generated_from_literature_calibrated_priors,0.7935644926394738,0.9091803787730321,0
biology_only,pulmonary_reference,0.4604924630075364,0.5430873737758303,46.4428243279686,0.06613860650813141,0.791327536770644,23.37,16.144981006594815,2.5880602422452013,79.79046046572073,0.7645340187415376,2.9533150513247226,11.45887288511427,0.04596424934272124,0.5443858182067474,1,scenario_model_generated_from_literature_calibrated_priors,0.6908421483352509,0.9540357506572787,0
biology_only,aortic_high_pressure,0.6766418393519116,0.22305996767855818,58.56628611397403,0.10248211135967164,0.5807950503568885,32.75,33.88011397698609,2.07958445650726,83.92147833395677,0.742548416319166,4.684243278091092,11.382619815974047,0.06368009951764227,0.5443799582080734,1,scenario_model_generated_from_literature_calibrated_priors,0.9654927029927912,0.9363199004823577,0
hydrodynamic_only,pulmonary_reference,0.559032108775831,0.7090713993860184,38.53106247835562,0.4116038059258002,0.8969083966280659,23.37,19.886793437843675,2.3815994316505096,81.92353359943426,0.807098717306245,8.02829612571744,8.242293061967077,0.06469943020015279,0.5443580521053956,1,scenario_model_generated_from_literature_calibrated_priors,0.8509539340112826,0.9353005697998472,0
full_data_informed,pulmonary_reference,0.5544629566873251,0.8501168703370424,56.671113095536946,0.4746136918632097,0.73815886412627,23.37,20.407906240106406,2.4166964358168372,85.46127999616854,0.7993651855194956,5.982322874002757,9.772500127619685,0.08052198592836822,0.5443361665486013,1,scenario_model_generated_from_literature_calibrated_priors,0.8732522995338642,0.9194780140716318,0
biology_only,pulmonary_reference,0.5531823417384696,0.5415587336593759,53.82215070223756,0.18605809222711459,0.8157854002259103,23.37,18.50182463506525,2.349866713099771,86.03860448339094,0.7655150394863455,5.31580225481234,8.658465008131362,0.0605118145926271,0.5443155532257143,1,scenario_model_generated_from_literature_calibrated_priors,0.791691255244555,0.9394881854073729,0
biology_only,aortic_high_pressure,0.7261854738628899,0.719244097294633,72.70797626946678,0.12028043572368449,0.6164447554582823,32.75,38.11868860426837,1.9003896432067624,89.08693697379633,0.7777217029806677,6.378139551401775,14.535003357849943,0.05278869229685247,0.5442789275759293,1,scenario_model_generated_from_literature_calibrated_priors,0.8360705769689047,0.9472113077031475,0
full_data_informed,aortic_high_pressure,0.5596302339359279,0.4681083603830801,63.90102001762625,0.18793975333649404,0.6354805281390297,32.75,31.635347206853798,2.362064787858217,82.10241987266495,0.7209128567588308,8.864688076650907,10.781838704103535,0.0331761091864331,0.5442434132907811,1,scenario_model_generated_from_literature_calibrated_priors,0.9659648002092762,0.9668238908135669,0
full_data_informed,pulmonary_reference,0.7116488260310394,0.5053666517089522,63.059366326385046,0.3019382619733325,0.5779009250068745,23.37,23.75798481613869,2.0501856870181627,86.50114684315781,0.7624685735521652,2.832265908195939,13.727676086505953,0.050734027918640394,0.5441834242838492,1,scenario_model_generated_from_literature_calibrated_priors,0.9833981679016393,0.9492659720813597,0
biology_only,pulmonary_reference,0.37122438298181215,0.967231165801994,59.80997888084515,0.14159401038014172,0.778950209723835,23.37,15.046801016250441,2.771188336689628,88.18593756842282,0.7332095447328366,4.300578240488662,8.418658576845635,0.043890580782482945,0.5441542356451549,1,scenario_model_generated_from_literature_calibrated_priors,0.6438511346277467,0.956109419217517,0
full_data_informed,pulmonary_reference,0.5672421685544864,0.59749411427053,51.996785494810574,0.12166601401458027,0.4227816500876904,23.37,22.471512720052093,2.220648917634772,87.0022566504935,0.7095649166852864,3.354431551080343,8.853063671496468,0.04490978948426852,0.5441213835478674,1,scenario_model_generated_from_literature_calibrated_priors,0.9615538177172482,0.9550902105157315,0
full_data_informed,pulmonary_reference,0.7498910051434081,0.944637569777524,54.36858295328064,0.10357602951263722,0.8477000833065791,23.37,27.873784782842723,1.9072193163935456,85.46635869496595,0.805431153035649,4.4310669458559095,10.75542977873858,0.07470073674094731,0.5441173145928413,1,scenario_model_generated_from_literature_calibrated_priors,0.8072834923901274,0.9252992632590527,0
full_data_informed,pulmonary_reference,0.6217026977769056,0.5106236982196327,65.45161607384047,0.07891878713255124,0.13909318079277092,23.37,22.212228959966758,2.03556396354215,87.69263087457728,0.7343094512241827,5.588562938587824,16.027010981948784,0.07324205132010185,0.544057763020611,1,scenario_model_generated_from_literature_calibrated_priors,0.950459091141068,0.9267579486798981,0
full_data_informed,pulmonary_reference,0.6980508328071572,0.8786812055260491,62.52276413472398,0.09810644814072074,0.303630907376998,23.37,23.490333047895408,1.9034488815873807,82.79806441589483,0.7506452980957588,3.1914225131552945,8.469132232699103,0.04375587257412802,0.5440126450518818,1,scenario_model_generated_from_literature_calibrated_priors,0.9948509607233459,0.956244127425872,0
baseline,aortic_high_pressure,0.5716245989827609,0.4655544774660584,27.326229279316053,0.10257294159915684,0.2620921600121302,32.75,35.16867301090205,2.3343939403477454,73.14730233864186,0.7592400355416646,2.7365930818268884,11.139889763237287,0.03905979658112727,0.5439479400511398,1,scenario_model_generated_from_literature_calibrated_priors,0.9261473889800902,0.9609402034188728,0
full_data_informed,aortic_high_pressure,0.4963427314992138,0.6950889059910437,55.61983560606186,0.11675777327966112,0.7348166197742996,32.75,25.753756375374042,2.3964903963274096,83.93146982787067,0.7455182267044937,4.176126636715864,12.70568859126521,0.031938908823500985,0.5439328823046243,1,scenario_model_generated_from_literature_calibrated_priors,0.7863742404694364,0.968061091176499,0
full_data_informed,aortic_high_pressure,0.6806330868273249,0.5888750668322027,58.96116725887722,0.1829552979824931,0.5555637016613956,32.75,36.589657749967586,2.0539921998489894,86.1107778349413,0.7691185780994895,5.622808503587546,10.556457393800967,0.0508568733106885,0.5438863143671064,1,scenario_model_generated_from_literature_calibrated_priors,0.8827585419857226,0.9491431266893116,0
full_data_informed,pulmonary_reference,0.7509257019266018,0.8753354001246829,68.59281281046387,0.090084104658745,0.6622862759892388,23.37,30.84918918357521,2.1497282737700547,88.74253300634007,0.7834517518102819,5.40507820719969,13.226109290226182,0.042779661324794,0.5438171823850648,1,scenario_model_generated_from_literature_calibrated_priors,0.6799662309124858,0.957220338675206,0
biology_only,pulmonary_reference,0.6633284012677572,0.6633847510823372,57.415478151349014,0.2465807164769662,0.7489342921781386,23.37,26.666303121955945,2.0596636372430597,82.58326844908748,0.8160646953973693,5.019035069910574,11.647246955262236,0.08768396405239719,0.5436985272296275,1,scenario_model_generated_from_literature_calibrated_priors,0.8589515138230234,0.9123160359476028,0
biology_only,pulmonary_reference,0.6077160473111627,0.8978674067457371,72.8810423328283,0.44738804840114266,0.8175189119846111,23.37,31.348473498212925,2.193594437587542,87.32250465817043,0.8602269672558399,5.265702532975141,6.967132489525362,0.048897317402468686,0.5435731703623009,1,scenario_model_generated_from_literature_calibrated_priors,0.6586019042270892,0.9511026825975313,0
biology_only,pulmonary_reference,0.7309062792255103,0.5424301799466981,65.51342325823394,0.14291971782578888,0.7605467798851014,23.37,27.626533439537628,2.0307345767034084,89.78612532946964,0.7651551656071256,4.449366242260562,8.110494557506014,0.047860979140380594,0.5435691922590613,1,scenario_model_generated_from_literature_calibrated_priors,0.817863353036473,0.9521390208596194,0
full_data_informed,pulmonary_reference,0.54098211150239,0.7363144146842309,80.62710828960064,0.0690066714759939,0.5423889039745444,23.37,18.625475417972105,2.3366118957583093,86.70400591459659,0.7313184767405468,6.464848682277918,8.432673070356902,0.04125982305810461,0.5435673314669421,1,scenario_model_generated_from_literature_calibrated_priors,0.7969822600758282,0.9587401769418954,0
full_data_informed,pulmonary_reference,0.6890520211467499,0.6863529921175642,62.83400337636479,0.3589721335788067,0.7059435335127122,23.37,25.642221261949125,2.128071966745523,84.4786408801856,0.7969877904567969,3.9185048409898093,12.674219843394988,0.05790263857438447,0.5435504561543648,1,scenario_model_generated_from_literature_calibrated_priors,0.9027718758258826,0.9420973614256155,0
full_data_informed,aortic_high_pressure,0.692503508185803,0.6049088362026405,53.424237544173955,0.11116368277587185,0.5690563076831094,32.75,38.99905474885915,1.963677853102005,86.37027937502694,0.7807195539315344,4.800260184224701,14.436391214902597,0.03901543542998681,0.5435197440473774,1,scenario_model_generated_from_literature_calibrated_priors,0.8091891679737664,0.9609845645700132,0
full_data_informed,pulmonary_reference,0.5458019296581099,0.7089738870132738,57.177463906324604,0.13167527533549694,0.8591489565836725,23.37,18.73876633666091,2.3312148901638174,86.34101122253786,0.7498925018458735,6.313298144110689,13.831469561159716,0.05800119055567443,0.5433347990486936,1,scenario_model_generated_from_literature_calibrated_priors,0.8018299673367953,0.9419988094443256,0
full_data_informed,pulmonary_reference,0.6920222633546407,0.7498113893802613,57.64200188700974,0.14089492267464884,0.6827484018477851,23.37,27.54180623667705,1.999996877612397,87.98842723431899,0.7748505211030724,4.809111853606039,7.552910851810109,0.048764981371764236,0.5433208995372262,1,scenario_model_generated_from_literature_calibrated_priors,0.8214888217082992,0.9512350186282358,0
full_data_informed,pulmonary_reference,0.6106133372123488,0.49048566721719705,51.34328019187553,0.15054885062447243,0.5646620050596766,23.37,21.684458237374855,2.1859429093301346,84.38100874172095,0.7412942944711675,4.575881173290848,5.808208665624001,0.053230968263965193,0.5433108019708447,1,scenario_model_generated_from_literature_calibrated_priors,0.9278758338628521,0.9467690317360348,0
full_data_informed,aortic_high_pressure,0.6893783411515991,0.6974247760734428,48.15206795396891,0.07657836795821515,0.4780810140125235,32.75,37.99122504598418,2.0846605735914663,82.32247822108486,0.7708108107353523,3.2131634030652534,9.616814514487785,0.046989413669261064,0.543304965644525,1,scenario_model_generated_from_literature_calibrated_priors,0.8399625940157502,0.953010586330739,0
full_data_informed,pulmonary_reference,0.530490153303365,0.6241890339063687,58.19669616828644,0.2855951825707011,0.5757777557178936,23.37,19.229850174792787,2.3410444510340023,82.40829897181443,0.7926023271850332,9.01427366443808,7.641701760101828,0.06824575508730969,0.543254410271803,1,scenario_model_generated_from_literature_calibrated_priors,0.8228433964395715,0.9317542449126903,0
full_data_informed,pulmonary_reference,0.6619748774997751,0.6790090604367456,54.79774428769899,0.33639916032344275,0.7459175381244759,23.37,28.30382105365169,1.9455432020613943,84.54291317981378,0.8460279842376678,3.987389993819154,6.982953030281426,0.05812463742458063,0.5432401563149459,1,scenario_model_generated_from_literature_calibrated_priors,0.7888822826849942,0.9418753625754194,0
full_data_informed,aortic_high_pressure,0.6023520380900791,0.7384332604920139,59.847509430130174,0.1380255390230811,0.39230019581361586,32.75,30.991287663456397,2.338977367144593,82.04066659635235,0.7199597785632912,7.898787448680039,10.948824238306116,0.04011348623056608,0.5431008375028531,1,scenario_model_generated_from_literature_calibrated_priors,0.9462988599528671,0.9598865137694339,0
biology_only,pulmonary_reference,0.6622477303961652,0.5085025376524718,74.97649256728707,0.6067302659731595,0.802691943658678,23.37,24.95656688346385,2.0233109098729085,85.56570213701939,0.8468094879829076,7.381639153694774,6.657608896123862,0.06956306665000579,0.5430285974554128,1,scenario_model_generated_from_literature_calibrated_priors,0.9321109592013758,0.9304369333499942,0
biology_only,pulmonary_reference,0.7722337519598341,0.9154374258642696,60.64569550433378,0.3007803560981064,0.911373668659879,23.37,28.691704100314492,2.03567274607358,89.43100432662148,0.8068714617887212,7.36857321554965,6.895969104799169,0.04525383268662291,0.5430165939602513,1,scenario_model_generated_from_literature_calibrated_priors,0.7722848052924908,0.9547461673133771,0
full_data_informed,aortic_high_pressure,0.6245301552194211,0.49836102945821376,65.98040737935123,0.09990855846400885,0.5483093286418023,32.75,33.53121345017736,2.118445484090056,86.11683305975542,0.7142141131896124,4.6037087583750385,12.716822563491931,0.043943168448231366,0.5430164481260289,1,scenario_model_generated_from_literature_calibrated_priors,0.9761461541930576,0.9560568315517687,0
full_data_informed,pulmonary_reference,0.5796122370729546,0.6312786040526243,64.83360292893884,0.12649412846825722,0.16487510525201282,23.37,22.77362960908893,2.1371156208477218,86.16835638973843,0.7275111655200296,3.806184830995698,12.780939753831241,0.0709409817086947,0.5429811890713677,1,scenario_model_generated_from_literature_calibrated_priors,0.9744813696657649,0.9290590182913053,0
full_data_informed,pulmonary_reference,0.6428621637498079,0.40306487734053015,47.192354440003086,0.1954793584938185,0.6838826052177567,23.37,24.08793181181087,2.147451118067334,81.774119334929,0.7514575385718385,4.767722817672851,14.014566075586032,0.04927530627372181,0.5429693114346076,1,scenario_model_generated_from_literature_calibrated_priors,0.9692797684291456,0.9507246937262782,0
biology_only,pulmonary_reference,0.8000907423194733,0.8675294827669896,47.314710221860246,0.010817554040262552,0.6432884537853255,23.37,33.25072108561117,1.9891543388538226,82.89914180847872,0.8425124762382412,7.061697743588835,10.125373358276459,0.04988367588379551,0.5429492098144325,1,scenario_model_generated_from_literature_calibrated_priors,0.5772049171753887,0.9501163241162045,0
biology_only,aortic_high_pressure,0.5180100060462947,0.6856483256709975,78.8850688634726,0.2988773204727758,0.42553008226966094,32.75,31.650199066113267,2.471582508849806,88.03802515232721,0.7098748174210157,3.162500957985227,7.504487892617481,0.05924270012468775,0.5427761714271411,1,scenario_model_generated_from_literature_calibrated_priors,0.9664182920950616,0.9407572998753122,0
biology_only,aortic_high_pressure,0.6756762991254797,0.7732301645491411,59.203795106016386,0.1775509658096145,0.8456782954233532,32.75,35.91097590890733,1.9868571109043667,87.34480562086877,0.7572296648352213,5.0861728679973695,8.02576597719934,0.03859271577178934,0.5426388513016898,1,scenario_model_generated_from_literature_calibrated_priors,0.9034816516364174,0.9614072842282106,0
full_data_informed,aortic_high_pressure,0.567362934116705,0.1733709913432289,53.80965847707193,0.19960036575811632,0.9141545830419646,32.75,35.475745485596434,2.202402116929748,83.4338610486237,0.7578873129623064,5.648085015383699,11.150461798631712,0.06267081132107422,0.5426309037314531,1,scenario_model_generated_from_literature_calibrated_priors,0.9167711302107959,0.9373291886789258,0
hydrodynamic_only,aortic_high_pressure,0.5057169438224596,0.7429141985274756,34.22542715612319,0.35149440000855475,0.7770720886559455,32.75,32.03094608948237,2.520390681727839,81.96192684369922,0.7327367555960996,5.213187225782605,8.938253723770863,0.049477320754632285,0.5426298150824718,1,scenario_model_generated_from_literature_calibrated_priors,0.9780441554040419,0.9505226792453677,0
biology_only,pulmonary_reference,0.5573039469173374,0.1941254812604238,60.164718871934966,0.2850833437266764,0.7824373618902496,23.37,20.623916200953378,2.1961078732519637,88.15821771594341,0.7574056717666022,7.472349059277696,10.599780662740795,0.04499034727435069,0.5424948859711795,1,scenario_model_generated_from_literature_calibrated_priors,0.8824953444995026,0.9550096527256493,0
full_data_informed,aortic_high_pressure,0.6335601030364013,0.9284224706212245,57.848309520182525,0.45725318206431753,0.37804017190834893,32.75,35.23857832118108,2.31957416937292,86.97923451827594,0.775214904894864,7.72634009681815,11.82051188165987,0.062497637609326764,0.5424332591574432,1,scenario_model_generated_from_literature_calibrated_priors,0.9240128756891273,0.9375023623906732,0
full_data_informed,aortic_high_pressure,0.5512865179853227,0.6187970869392719,67.66127063871701,0.2800510143722108,0.7432858421136018,32.75,32.69299854351685,2.194260738217741,86.73806349715515,0.7376690579728946,4.098927525082855,10.67431591400599,0.06642674032968698,0.542421335653291,1,scenario_model_generated_from_literature_calibrated_priors,0.9982594975119649,0.933573259670313,0
full_data_informed,aortic_high_pressure,0.5484831002318683,0.6715189815670636,61.37663710887413,0.1545919307578086,0.5887382989719308,32.75,33.717143534769164,2.357082101766618,87.38359881956758,0.7123591944643637,5.808797330405197,8.4149838238989,0.10039284891262101,0.5423615023161459,1,scenario_model_generated_from_literature_calibrated_priors,0.9704688997017049,0.899607151087379,0
full_data_informed,aortic_high_pressure,0.6359310171075099,0.8539859137774082,54.60967964174359,0.49179455912649706,0.7754291239247005,32.75,36.732038585908356,2.256882271197052,87.16179233215877,0.806794752415146,5.437855393617177,12.915271534759102,0.07703432356948917,0.5423294035362355,1,scenario_model_generated_from_literature_calibrated_priors,0.8784110355447831,0.9229656764305109,0
full_data_informed,aortic_high_pressure,0.6357484870033046,0.9233827101929435,83.46088874569074,0.3463128594617052,0.727870447371388,32.75,36.90345672056585,2.209025337908233,89.31587871124849,0.7774036313287677,7.267536916873781,13.540282458007788,0.07808688052815965,0.5423116713757223,1,scenario_model_generated_from_literature_calibrated_priors,0.8731768940285237,0.9219131194718404,0
full_data_informed,pulmonary_reference,0.581592284408113,0.5132470006159459,55.50470413972282,0.22267742951095512,0.4889659938439319,23.37,22.337963146118117,2.2078096429017817,83.98518915152624,0.7472755645086216,3.9903799072768456,12.1858783936703,0.06253121081149582,0.5423010809717975,1,scenario_model_generated_from_literature_calibrated_priors,0.9558392445921317,0.9374687891885042,0
hydrodynamic_only,pulmonary_reference,0.605570644500403,0.4225202154857357,44.95477811091043,0.20735468056157924,0.6121276554464782,23.37,21.04271356244444,1.981008640463985,80.04308598763932,0.7968908046049152,6.78938847456917,8.165907046609888,0.04376192680918211,0.5422817190863414,1,scenario_model_generated_from_literature_calibrated_priors,0.9004156423810201,0.9562380731908179,0
full_data_informed,pulmonary_reference,0.6879611243698497,0.6604101950922074,61.37052175103749,0.2681115433021398,0.9182530401036536,23.37,24.544454965719936,2.07042141489623,88.10354296667876,0.7642845614260495,6.214976587205425,9.207046114007566,0.08352225575228031,0.5422639020115876,1,scenario_model_generated_from_literature_calibrated_priors,0.9497451876029125,0.9164777442477197,0
full_data_informed,pulmonary_reference,0.6478117358592558,0.6503201499809648,55.982903381497785,0.09717987476795603,0.3588395226431159,23.37,27.561870592810614,2.1679485743160067,86.72924165671333,0.7651004161768387,5.519518195728745,11.47963406487202,0.08995025227917634,0.5421614405321334,1,scenario_model_generated_from_literature_calibrated_priors,0.8206302698840131,0.9100497477208237,0
full_data_informed,aortic_high_pressure,0.5957830204291548,0.448269710488101,58.11523004011818,0.24208738651077075,0.6244503140573925,32.75,35.72525293189142,2.141625696950368,85.95526644961198,0.7603050489801744,5.589290091066853,11.027271379883484,0.055289848687277175,0.5420138281855458,1,scenario_model_generated_from_literature_calibrated_priors,0.9091525822323231,0.9447101513127228,0
full_data_informed,pulmonary_reference,0.5358163843139132,0.8756422519761465,56.45840414224204,0.28002487664938924,0.42532126307747936,23.37,18.932699885023034,2.332529120124611,83.70025411479035,0.8096206770748504,7.286656927390716,8.84818790550015,0.12607861653928043,0.541968432780242,1,scenario_model_generated_from_literature_calibrated_priors,0.8101283647848966,0.8739213834607196,0
biology_only,aortic_high_pressure,0.402874203917597,0.5528026804501122,84.24216495850825,0.4867125363853209,0.5763903764215568,32.75,22.84679460477163,2.6976276065984512,88.39457575906741,0.7862455067190603,6.598561056067109,9.510968811663693,0.0447731068968961,0.5418274753839993,1,scenario_model_generated_from_literature_calibrated_priors,0.6976120490006605,0.9552268931031039,0
biology_only,aortic_high_pressure,0.7666211851131521,0.8957239608936459,60.42287452735754,0.08628400972423864,0.8539534831212666,32.75,37.31046955225067,2.027772170893184,85.05961695135618,0.7599867987197543,5.960845381252838,12.0575293240523,0.05213469396380535,0.541735985263888,1,scenario_model_generated_from_literature_calibrated_priors,0.8607490213053229,0.9478653060361947,0
full_data_informed,pulmonary_reference,0.6080713468548247,0.4739683467522093,73.87900653901194,0.19792701239462213,0.7543195022053049,23.37,25.497578539302793,2.2833548183871124,89.19107893335247,0.7168576006019316,6.591304769805438,9.465447096165972,0.04587640798362938,0.5416928238263689,1,scenario_model_generated_from_literature_calibrated_priors,0.908961123692649,0.9541235920163706,0
full_data_informed,aortic_high_pressure,0.5911696782115142,0.6495854796647826,72.41783827567849,0.21547934497367702,0.462767806724353,32.75,30.789868307311053,2.129871923428883,87.63966240241749,0.7379006643269587,4.572313782764288,12.18873039398155,0.05159764597853133,0.5414871346312492,1,scenario_model_generated_from_literature_calibrated_priors,0.9401486506049177,0.9484023540214687,0
full_data_informed,pulmonary_reference,0.5201194634225352,0.5602605040772137,47.57557699162861,0.1294849762913337,0.8186929244990238,23.37,17.329947841960408,2.430983579250836,85.79393125259377,0.744700577466359,7.13514877696794,9.559386767298216,0.03698423274851356,0.5414618339220043,1,scenario_model_generated_from_literature_calibrated_priors,0.7415467625999319,0.9630157672514864,0
full_data_informed,pulmonary_reference,0.5244790688482426,0.8206496457968879,54.74979585009849,0.3115254599767589,0.7980928968366438,23.37,15.833636318044702,2.490970930150175,81.08917259030653,0.8130390960642363,5.130666964794644,11.277408629835705,0.04323480414478954,0.5414482408261805,1,scenario_model_generated_from_literature_calibrated_priors,0.6775197397537314,0.9567651958552105,0
biology_only,pulmonary_reference,0.6606796817751432,0.6037325883941135,61.74238386569191,0.20923631363283843,0.7699094866604067,23.37,27.591072585345927,1.9784729788620474,88.79393461393971,0.7743862623507389,2.177890567061184,12.386563798259436,0.02594977488905138,0.5414297787023161,1,scenario_model_generated_from_literature_calibrated_priors,0.819380719497393,0.9740502251109486,0
full_data_informed,pulmonary_reference,0.5303648799599989,0.39843185314380714,67.25189190441577,0.1586003865200799,0.42424594310524144,23.37,21.80509864714259,2.129920478740933,79.97687988629653,0.760727647952041,4.868183776234558,10.895895666376491,0.048858364459946686,0.5414192136518925,1,scenario_model_generated_from_literature_calibrated_priors,0.9330380251237735,0.9511416355400533,0
full_data_informed,aortic_high_pressure,0.5545727892893593,0.7338675350232212,48.08308605901663,0.4073086275836185,0.7901841848783828,32.75,31.503948406074695,2.1790973687491046,83.58118283322857,0.7929275012747009,7.308855702216758,4.671418424711053,0.08689325114341827,0.5413772524533547,1,scenario_model_generated_from_literature_calibrated_priors,0.9619526230862502,0.9131067488565817,0
biology_only,pulmonary_reference,0.5885385682578236,0.8190519046781933,47.58748509293067,0.19289170897766098,0.32593716888372387,23.37,20.252051797268503,2.280100965678138,84.06625195851755,0.7471767701385716,2.169618333714539,7.955036352440209,0.039552258386576236,0.5413688435989962,1,scenario_model_generated_from_literature_calibrated_priors,0.8665833032635217,0.9604477416134237,0
full_data_informed,aortic_high_pressure,0.47710214162764397,0.5877808959702452,61.80704806212274,0.5663305656745748,0.868090985388233,32.75,31.235163244105326,2.4891933506427706,81.83748973538492,0.7905250990815264,3.2163902488381115,11.470570591284936,0.07280462223188344,0.5412819589671773,1,scenario_model_generated_from_literature_calibrated_priors,0.9537454425681016,0.9271953777681166,0
biology_only,pulmonary_reference,0.41939356557709284,0.8147155518014442,55.28187641546025,0.4787621822590828,0.6577332249666132,23.37,18.093584167103025,2.592795745269973,77.76362826520395,0.8242538600554149,4.141680330443546,9.564738582243365,0.057039981033856144,0.5412802901137759,1,scenario_model_generated_from_literature_calibrated_priors,0.7742226857981611,0.9429600189661439,0
full_data_informed,pulmonary_reference,0.7030609183856683,0.32907115637404355,56.72911485770066,0.05869158235608376,0.7130333811573678,23.37,24.598920942062623,1.9060190338989722,85.41987967608021,0.7319811072832081,5.9987863806455355,13.43235709243266,0.02639045030236203,0.5412607527942447,1,scenario_model_generated_from_literature_calibrated_priors,0.9474145938355746,0.973609549697638,0
full_data_informed,pulmonary_reference,0.5776431216034881,0.575682713634812,67.09363545774691,0.2861223563078176,0.8362623851843096,23.37,21.96119507750523,2.2653736173477976,85.50612548901904,0.742046144631023,4.467830255177245,10.631359610248131,0.04718405212162246,0.5411659357705468,1,scenario_model_generated_from_literature_calibrated_priors,0.939717376016484,0.9528159478783775,0
biology_only,pulmonary_reference,0.7104176666681712,0.6195190628133386,63.33528694948938,0.25274653741430775,0.1870556611203127,23.37,26.463108049096636,2.2302808052761853,88.80040256150653,0.7502970855849651,6.4204563988011945,7.952862322386243,0.05774504428239648,0.5411381560610227,1,scenario_model_generated_from_literature_calibrated_priors,0.8676462109928698,0.9422549557176035,0
hydrodynamic_only,aortic_high_pressure,0.5590042102424349,0.6166034059587767,46.338871674831424,0.41825878886159695,0.7917936369285608,32.75,28.479257728906955,2.1992239709414374,80.85532028047844,0.8163241767062166,8.842157760870862,8.022860950528889,0.050968098580714195,0.5410928090880404,1,scenario_model_generated_from_literature_calibrated_priors,0.8695956558444872,0.9490319014192858,0
full_data_informed,pulmonary_reference,0.7239956834331992,0.6192381646600893,66.10383149552678,0.3116562727650303,0.8517425958990099,23.37,25.62967833423528,2.137503594745378,90.24891737747163,0.7632362621468962,3.37172048526802,16.398201399912736,0.07779140109648301,0.5409003654979734,1,scenario_model_generated_from_literature_calibrated_priors,0.9033085864683236,0.922208598903517,0
full_data_informed,aortic_high_pressure,0.4325667566074967,0.7848597377970562,61.81044684413402,0.3240055225186198,0.48392173818056955,32.75,29.924012127989805,2.4375868674336036,87.3650218271973,0.7360385639737611,4.766877260543503,7.447256853645053,0.06958216926272376,0.5408642259242201,1,scenario_model_generated_from_literature_calibrated_priors,0.9137102939844215,0.9304178307372762,0
full_data_informed,pulmonary_reference,0.6350128080412017,0.45749027505575873,64.25107543640821,0.1484301317763251,0.3919161096252173,23.37,24.89633499662642,1.9778077676836368,89.09295486555332,0.7319500070750309,6.278767268481283,12.815236386750744,0.03833139570721317,0.5408318693437892,1,scenario_model_generated_from_literature_calibrated_priors,0.9346882757113215,0.9616686042927869,0
biology_only,pulmonary_reference,0.7601326648886153,0.6025777030020989,79.0390001127163,0.33835912853650113,0.7640406003042258,23.37,27.3612766186124,1.940359717485328,90.43801954199316,0.8017754706629219,3.867080194435895,12.266271262070699,0.05100007284156058,0.5408290167464884,1,scenario_model_generated_from_literature_calibrated_priors,0.829213666298143,0.9489999271584394,0
full_data_informed,pulmonary_reference,0.6820940284762584,0.6478739858405992,59.79756592944028,0.15182631155652807,0.3122183311046667,23.37,24.479964888859154,1.9924776817918755,87.27217767208818,0.7313160476437998,5.8733771896186315,12.342746278382101,0.03364413517852488,0.5406379427540478,1,scenario_model_generated_from_literature_calibrated_priors,0.95250471164488,0.9663558648214752,0
full_data_informed,aortic_high_pressure,0.5995076894542839,0.4932797070061701,50.191173768353345,0.19698555596615194,0.7869651104652873,32.75,32.036392170236674,2.251926451394752,85.96310222140595,0.7471333672313437,5.672414484903147,9.336064835197945,0.1392215233135339,0.540476886351514,1,scenario_model_generated_from_literature_calibrated_priors,0.978210447946158,0.8607784766864661,0
biology_only,pulmonary_reference,0.6107458123268344,0.58952714914458,58.45412558024832,0.17450157124949728,0.9881092658354845,23.37,23.70250427299228,2.1634097610889844,83.6836591249425,0.7314860567272736,5.310959258252236,6.566917814466853,0.062115635903819834,0.5404192518461486,1,scenario_model_generated_from_literature_calibrated_priors,0.9857721748826582,0.9378843640961801,0
full_data_informed,aortic_high_pressure,0.5337695601315019,0.27157330864667534,67.42416547037865,0.17357970798212888,0.49814008156207673,32.75,30.787386181430744,2.231858767691097,88.21625080642633,0.7175426921312144,8.194298170908311,11.460122213962867,0.06444071368601156,0.5403619729631045,1,scenario_model_generated_from_literature_calibrated_priors,0.9400728605017021,0.9355592863139884,0
full_data_informed,aortic_high_pressure,0.665830742336212,0.7222754006225882,66.08190247426455,0.03222141825609403,0.3582223977607996,32.75,39.42436670019537,2.0142100200523725,89.8103641933932,0.739577298234347,4.768509332003189,12.843379638519059,0.0350393191781145,0.5403519225008244,1,scenario_model_generated_from_literature_calibrated_priors,0.7962025435054849,0.9649606808218855,0
biology_only,pulmonary_reference,0.8073678017407196,0.8866819587499207,42.299508954456286,0.04721177047176484,0.6895823376880096,23.37,28.588568540795603,1.8543214392848932,82.4307402791247,0.8017132477936042,4.083420492102509,15.167965426151616,0.04322318410069181,0.5403220733342152,1,scenario_model_generated_from_literature_calibrated_priors,0.776697965734035,0.9567768158993082,0
biology_only,aortic_high_pressure,0.7531930328781082,0.8644947889751524,46.157870665089725,0.3016437974029248,0.558916863343908,32.75,35.31783102130945,2.004979010787897,83.03157842849664,0.7867303239120454,4.173046974736126,10.116229694096537,0.0392940480305006,0.5403051297863397,1,scenario_model_generated_from_literature_calibrated_priors,0.9215929459142153,0.9607059519694994,0
biology_only,pulmonary_reference,0.6718023251430736,0.9539113902752951,54.47209526862228,0.19252238918764736,0.5122803532288778,23.37,22.274659096815665,2.0294957442795445,83.85107653951987,0.7531251325410997,4.632998803157152,14.533773626284997,0.04623338957974221,0.5402958036509233,1,scenario_model_generated_from_literature_calibrated_priors,0.95313047055266,0.9537666104202578,0
biology_only,pulmonary_reference,0.5758949969300567,0.5466657199966839,58.41480422374628,0.24876949696879616,0.6569579695386079,23.37,19.083759832813033,2.1824144093108058,83.38675330352123,0.7989493348850263,7.509913401150025,10.359255281480563,0.07889279643371401,0.5402422544867713,1,scenario_model_generated_from_literature_calibrated_priors,0.816592205083998,0.921107203566286,0
full_data_informed,pulmonary_reference,0.5822504489655922,0.529644080325289,59.88501277192266,0.17947307175799862,0.36836797914768127,23.37,19.948078541504785,2.2086791594185673,86.86788849989723,0.7560236021978008,4.8598135172001,6.674711681430746,0.07679147409620979,0.5401107467056414,1,scenario_model_generated_from_literature_calibrated_priors,0.8535763175654593,0.9232085259037902,0
biology_only,pulmonary_reference,0.7567076218041298,0.6444805479262171,58.16378951853523,0.14959099156302608,0.5256532461369864,23.37,30.888942677683218,1.9162574635567298,87.86870223546751,0.8167030675640573,5.4442772625295,12.18302526462473,0.039577229439535726,0.540084011480656,1,scenario_model_generated_from_literature_calibrated_priors,0.6782651828120148,0.9604227705604643,0
full_data_informed,aortic_high_pressure,0.6840237576310411,0.5971566512510756,51.58056788393601,0.10353925534455986,0.4352562682943529,32.75,41.68586284860261,2.2115085721550747,85.06114012747194,0.7881857428378891,4.28933285759853,10.34822814176879,0.08512247265357205,0.5400786638966043,1,scenario_model_generated_from_literature_calibrated_priors,0.7271492259968668,0.9148775273464279,0
full_data_informed,pulmonary_reference,0.5812185634981063,0.11569964964059883,87.77796547445308,0.14654283555989206,0.7704243685874962,23.37,21.58519130161517,1.928551452883201,92.25529107656732,0.7407422004495959,3.5989576322605563,9.491304012678675,0.07925551773483168,0.5400298964625942,1,scenario_model_generated_from_literature_calibrated_priors,0.9236282114512266,0.9207444822651684,0
full_data_informed,aortic_high_pressure,0.6434011124642113,0.48201103880469215,73.78572609654951,0.4042970845098806,0.47590016600747015,32.75,34.780498916432336,2.078741623608583,87.11458395568799,0.7944364552474082,5.732557519273295,14.698865363887792,0.0912142282488745,0.5400286041942929,1,scenario_model_generated_from_literature_calibrated_priors,0.9380000330860355,0.9087857717511255,0
biology_only,aortic_high_pressure,0.5163637096761254,0.8086916356557902,78.24077592806071,0.3942264361585682,0.41753594516348125,32.75,28.00131653446102,2.4274273204735395,87.95870316000084,0.7609092923508509,6.323553300566146,9.808390179548027,0.0657900460853575,0.5398146560230848,1,scenario_model_generated_from_literature_calibrated_priors,0.855002031586596,0.9342099539146425,0
full_data_informed,aortic_high_pressure,0.5256025995817365,0.42067412009905175,61.124571210398145,0.10215963285766315,0.8476570962313439,32.75,29.94451016250623,2.092214295812206,85.61432893278237,0.7262251494225627,4.523544940175811,13.772198308827658,0.03418055729992186,0.5398097524106698,1,scenario_model_generated_from_literature_calibrated_priors,0.9143361881681291,0.9658194427000781,0
full_data_informed,pulmonary_reference,0.7145440749189275,0.5922973500149492,65.01173906886886,0.21563374076527334,0.5721672788530194,23.37,27.931233867443538,2.070165224862466,87.28166162027827,0.7821897624525319,4.460339923365527,7.558006009759298,0.05438017005880817,0.5397624561247378,1,scenario_model_generated_from_literature_calibrated_priors,0.8048252517140121,0.9456198299411919,0
full_data_informed,pulmonary_reference,0.5695556233886729,0.7109332427201266,50.055230695569605,0.18243200687214284,0.7964856050976257,23.37,20.455044520675713,2.124113420455355,79.56547083197997,0.7873951428455005,6.398577923942347,9.611387647937766,0.06755597971752908,0.5397582822412932,1,scenario_model_generated_from_literature_calibrated_priors,0.8752693419202273,0.9324440202824709,0
full_data_informed,pulmonary_reference,0.6155419840607724,0.3742156446060489,55.81589533260228,0.10567755226546659,0.5237902015831878,23.37,21.168913703844588,2.029350832106725,87.03701777985393,0.7432642522751423,5.579381622745036,13.916436090831626,0.06779472562056774,0.5397016873654634,1,scenario_model_generated_from_literature_calibrated_priors,0.9058157340113216,0.9322052743794322,0
full_data_informed,aortic_high_pressure,0.5764826849971386,0.40777223698305654,68.99734483527358,0.10755018641328006,0.7308668824462832,32.75,31.394575736577515,2.1933844371835964,89.56408103053019,0.6898677614459455,4.067852548823294,5.635178302660011,0.04622091887236994,0.539663225539608,1,scenario_model_generated_from_literature_calibrated_priors,0.9586129995901531,0.9537790811276301,0
baseline,aortic_high_pressure,0.525888058837859,0.5611408073856433,27.47711208405708,0.3932692055626122,0.9497433659566035,32.75,34.79087117177248,2.400593874819883,76.1674500993771,0.7935921270072761,2.592210760443429,12.963550380406422,0.07421550835970091,0.5396257782402855,1,scenario_model_generated_from_literature_calibrated_priors,0.9376833229993136,0.9257844916402991,0
full_data_informed,aortic_high_pressure,0.4478578035846976,0.489003363978864,47.878064494572165,0.008443892147428278,0.8445008340979743,32.75,26.286307651794285,2.4490044531409776,81.50535800110946,0.7225042614621855,4.057177965109581,11.870008751872566,0.055151198786692175,0.5394281954730656,1,scenario_model_generated_from_literature_calibrated_priors,0.8026353481463904,0.9448488012133078,0
biology_only,aortic_high_pressure,0.683732626593881,0.6900617884171246,53.6838054465159,0.3642473128931736,0.7478993419410639,32.75,37.83160499251584,2.0721641906146107,83.60562947484655,0.8126317875987532,4.081330287309234,12.00705294228509,0.05137682081894132,0.5394239956678232,1,scenario_model_generated_from_literature_calibrated_priors,0.8448364887781422,0.9486231791810587,0
baseline,pulmonary_reference,0.5374349407988973,0.627405193367917,28.560828412433068,0.06870814202825741,0.36683647703907873,23.37,20.098289688728592,2.444166284715506,76.29777544056664,0.729416120985535,3.6410817051219384,12.926927278544424,0.026432811724661633,0.5393736401371377,1,scenario_model_generated_from_literature_calibrated_priors,0.8600038377718695,0.9735671882753384,0
biology_only,pulmonary_reference,0.4976259589944043,0.6646401012956652,80.94215208408396,0.20438692090202729,0.1697706613199819,23.37,19.322319914847018,2.506600218740752,89.66036108644788,0.7066130559124482,3.151617199777068,11.154420522078235,0.04384904045984667,0.5393453643320445,1,scenario_model_generated_from_literature_calibrated_priors,0.8268001675159186,0.9561509595401534,0
biology_only,pulmonary_reference,0.5585418239631859,0.5660081599212561,85.04129493030985,0.45995885999064495,0.49235281510162604,23.37,22.445905912470067,2.2861066270161627,87.43970975461488,0.7724675309605258,2.480770586142606,11.96773228553031,0.09563782451583654,0.5392893837836646,1,scenario_model_generated_from_literature_calibrated_priors,0.9604581049409527,0.9043621754841634,0
full_data_informed,aortic_high_pressure,0.7661821435158904,0.683069201197681,55.0072255162898,0.1636899350319883,0.7012185665299685,32.75,36.72785800570058,1.8930005346867202,84.13784075002901,0.7795221057937362,4.057087737993268,15.363807949623624,0.041276535318796104,0.5392226264860515,1,scenario_model_generated_from_literature_calibrated_priors,0.8785386868488372,0.958723464681204,0
full_data_informed,pulmonary_reference,0.6010837570713161,0.7616988937241277,47.09076890887962,0.08770819602812273,0.39058461392504207,23.37,20.94736881554531,2.2392144515967467,82.00638255500834,0.7231081864425617,3.6792025927593044,10.42925950929871,0.028752800226074928,0.5392208477716739,1,scenario_model_generated_from_literature_calibrated_priors,0.8963358500447287,0.971247199773925,0
biology_only,aortic_high_pressure,0.5182316598206106,0.22775925420837745,66.69506547863678,0.39949626769948676,0.8933594375777957,32.75,33.38151026055832,2.2321314453757006,88.63714685778447,0.7380341639817841,6.5621355439212214,12.745236627221798,0.047859959200370124,0.5391965598714185,1,scenario_model_generated_from_literature_calibrated_priors,0.9807172439524177,0.9521400407996299,0
full_data_informed,pulmonary_reference,0.7570451779133722,0.811322493033259,62.88247452724498,0.12950999910305128,0.5868513113504763,23.37,31.416950740619185,1.959969459067958,88.23918255314682,0.8157244198451279,3.9525124672347696,7.9085732286987,0.05357517345570483,0.5391810425745192,1,scenario_model_generated_from_literature_calibrated_priors,0.6556717697638347,0.9464248265442952,0
full_data_informed,aortic_high_pressure,0.5699709321640581,0.48973040963341,67.04057758223506,0.2612916143402785,0.6507497559476857,32.75,31.840068423209914,2.1984997316698545,88.01820447465325,0.7244322228927158,5.613850108870775,9.801815389100351,0.05760668435764301,0.539164789174324,1,scenario_model_generated_from_literature_calibrated_priors,0.9722158297163332,0.942393315642357,0
full_data_informed,aortic_high_pressure,0.4860114907236158,0.8971962067076719,45.227233804955276,0.41228052715135066,0.651985993391902,32.75,29.604638126193745,2.385173897233994,80.31215280700714,0.7875536557783289,4.691585668830432,8.73885595778839,0.06884125458435152,0.5390710723636445,1,scenario_model_generated_from_literature_calibrated_priors,0.9039584160669846,0.9311587454156485,0
full_data_informed,pulmonary_reference,0.4323819538387941,0.8480886120430114,44.34010981278018,0.1369859532336164,0.8540868261452781,23.37,12.53013372074659,2.4970759421887805,82.61006786697159,0.8161479793817509,5.414523682016152,7.015811548334793,0.06669001668195632,0.5390443743307703,1,scenario_model_generated_from_literature_calibrated_priors,0.5361631887354126,0.9333099833180437,0
biology_only,pulmonary_reference,0.3263393770326227,0.7498932850608612,39.533383795105124,0.1749268542955335,0.5844281415367328,23.37,5.0,2.8465103626540036,77.32299230346631,0.8892888103014929,6.756954557752241,9.954285028893226,0.04792003879221023,0.539020791005106,1,scenario_model_generated_from_literature_calibrated_priors,0.21394950791613176,0.9520799612077898,0
full_data_informed,aortic_high_pressure,0.6729390987436005,0.46762681658430144,68.64199233111907,0.14410927521382982,0.3406896015382538,32.75,38.19032892215334,2.0086938116412454,83.9932952463943,0.7802202095231384,8.97908113351776,12.386794112225479,0.05539365656246667,0.5389893533197645,1,scenario_model_generated_from_literature_calibrated_priors,0.8338830863464628,0.9446063434375334,0
biology_only,pulmonary_reference,0.626786800772308,0.3175923003321148,66.84237770295796,0.24111352401651084,0.9503477070186552,23.37,23.626539955536465,1.9219186304508666,87.46940056902278,0.7481974811573701,6.116873052573357,9.015908377094146,0.05208520252505643,0.5388438019736014,1,scenario_model_generated_from_literature_calibrated_priors,0.9890226805504294,0.9479147974749436,0
full_data_informed,pulmonary_reference,0.5120647184392211,0.7159995122046636,60.01387020339776,0.14232514070508592,0.9249248629832003,23.37,14.959509208155167,2.359622360503516,86.50031823446285,0.7866825508592031,7.225054300106699,7.967881474868426,0.06699806116056548,0.5387965723760161,1,scenario_model_generated_from_literature_calibrated_priors,0.640115926750328,0.9330019388394345,0
biology_only,pulmonary_reference,0.8176510656342684,0.9335627945473963,50.03647167652784,0.19472048494023403,0.7227744574330542,23.37,31.814693805494223,1.924268619678565,87.58033216588939,0.8381712835780162,4.133131806764439,9.412255085683107,0.05122213984530958,0.5387550727943181,1,scenario_model_generated_from_literature_calibrated_priors,0.638652383162421,0.9487778601546905,0
full_data_informed,pulmonary_reference,0.6934175738763804,0.7576399035120414,56.15413942026207,0.07865469244655114,0.369592102969557,23.37,28.208821203911953,2.1134710821415275,85.8516053048589,0.7571132369172946,4.824813218838175,8.45712571421198,0.05193208370531567,0.5387461724012048,1,scenario_model_generated_from_literature_calibrated_priors,0.7929473169057787,0.9480679162946843,0
full_data_informed,pulmonary_reference,0.5514993366757013,0.8210659491293061,57.07628019267596,0.29905217427085046,0.22290084880952157,23.37,19.656831350653132,2.285499145426434,84.18914391340739,0.7683437711602977,3.180313411029859,13.94360132253199,0.0426942895125115,0.5386982054110133,1,scenario_model_generated_from_literature_calibrated_priors,0.8411138789325259,0.9573057104874885,0
biology_only,aortic_high_pressure,0.48628605516241763,0.7354488785924523,49.973214668937274,0.14650248915935604,0.8172488313658001,32.75,24.654830781450926,2.476974168015823,82.49029715409547,0.7627132208242796,3.1322736591430087,5.28509142051331,0.07872781946636673,0.5386924570372714,1,scenario_model_generated_from_literature_calibrated_priors,0.7528192605023183,0.9212721805336332,0
biology_only,aortic_high_pressure,0.8018584230351952,0.8335414087556096,61.44607484119602,0.18636574679939996,0.9953055629010065,32.75,39.58065329533191,1.9331890310615354,84.65570819675176,0.8037381412495493,4.040346890960032,16.87697801347315,0.0503900529336238,0.5386097294663478,1,scenario_model_generated_from_literature_calibrated_priors,0.7914304337303233,0.9496099470663762,0
full_data_informed,pulmonary_reference,0.5729300334820104,0.18153772490362075,58.36074361444086,0.35373484247569403,0.47651033840174095,23.37,23.283562068333445,2.2476882662636233,83.47798047387228,0.7525347979021866,3.3614702992358447,12.784310695506331,0.07140852865623527,0.5385414008313281,1,scenario_model_generated_from_literature_calibrated_priors,0.9963013294109304,0.9285914713437647,0
full_data_informed,pulmonary_reference,0.6478159444477855,0.940729373783268,57.26845586663537,0.17174375537410824,0.7986465648786507,23.37,21.506522481399134,2.120925481114444,85.45578034937303,0.7582386961231712,7.189279152791385,11.08580389930882,0.10349701694061238,0.5384593455610805,1,scenario_model_generated_from_literature_calibrated_priors,0.9202619803765141,0.8965029830593876,0
full_data_informed,pulmonary_reference,0.7638626687482652,0.8077271820804729,53.43388741571946,0.13261048491470928,0.5196658918379783,23.37,30.635580307302394,2.001309505153994,83.91103537681356,0.8164342446116671,2.5668480006128718,8.234867334533403,0.04787671672741936,0.5384313922479609,1,scenario_model_generated_from_literature_calibrated_priors,0.6891065337055031,0.9521232832725807,0
full_data_informed,pulmonary_reference,0.54696725880525,0.554955164265801,43.61251546241,0.18821157366128757,0.7158558719961154,23.37,20.622194935847908,2.338850585835309,83.7649326896999,0.7321556857165996,4.918957929321451,8.071246709574188,0.04825295546628829,0.538338000374893,1,scenario_model_generated_from_literature_calibrated_priors,0.8824216917350409,0.9517470445337117,0
full_data_informed,aortic_high_pressure,0.4485018102204212,0.8061727895202045,59.1589849056979,0.27420492793995344,0.3545806643226936,32.75,25.513164380302243,2.5887917172711163,87.69758095342367,0.7352318349941748,7.900558166176115,7.961645747521592,0.05818169995339872,0.5383304864506393,1,scenario_model_generated_from_literature_calibrated_priors,0.7790279200092288,0.9418183000466013,0
biology_only,pulmonary_reference,0.716856896828111,0.4250380107904397,66.23433797117843,0.10072793995438215,0.6823554388087326,23.37,26.159917251234088,2.047752216173088,88.44480740977147,0.7282824043426794,5.532049933814506,8.204909072671875,0.042245333298647054,0.5383237512933561,1,scenario_model_generated_from_literature_calibrated_priors,0.880619715394348,0.9577546667013529,0
full_data_informed,aortic_high_pressure,0.6184486854764963,0.8241571417820469,55.53102375804514,0.3759025511187168,0.42031722405726757,32.75,31.508035740764164,2.3605184671834145,78.84278671596539,0.8040820553556056,4.632000341502586,9.358379598224843,0.15458979234417586,0.538300123096566,1,scenario_model_generated_from_literature_calibrated_priors,0.9620774271989058,0.8454102076558241,0
full_data_informed,pulmonary_reference,0.6423144175165058,0.6143138698772699,69.83294905040265,0.10456137247654647,0.32251267075567147,23.37,21.626952736071914,2.0738341265140554,88.78163384926202,0.7190692133525738,3.395640195736053,12.028014661133655,0.06382580796472773,0.5379804992845678,1,scenario_model_generated_from_literature_calibrated_priors,0.9254151791216052,0.9361741920352723,0
biology_only,aortic_high_pressure,0.7793192236060671,0.8494944626535192,59.63525107015584,0.17798786824356902,0.6733085167442844,32.75,40.13162596809199,1.9795606352481503,88.27659364650016,0.7811303072921455,4.4840027640557425,8.304419605505984,0.04256366397235679,0.5378542345740199,1,scenario_model_generated_from_literature_calibrated_priors,0.7746068406689469,0.9574363360276432,0
full_data_informed,pulmonary_reference,0.6394608728843815,0.8900560727369555,59.421942986133814,0.1472198251539855,0.21406446047107205,23.37,20.420960824586295,2.418142610556978,84.46276707659403,0.7179668217049383,3.4059672435402657,7.21538324950213,0.061053384121522086,0.5377973573803061,1,scenario_model_generated_from_literature_calibrated_priors,0.8738109039189685,0.9389466158784779,0
full_data_informed,pulmonary_reference,0.5376938757007383,0.45218789892210187,49.34265914487254,0.15279449210379126,0.8532763685675097,23.37,24.869100375886596,2.199064085939194,80.94852482185156,0.7371158974930981,6.275577842638728,11.124239150930734,0.04709505183584568,0.5377928953556472,1,scenario_model_generated_from_literature_calibrated_priors,0.935853642452435,0.9529049481641543,0
full_data_informed,aortic_high_pressure,0.400715388383573,0.7274564675549272,52.600453313208035,0.1611189883508137,0.5166287520190807,32.75,24.567909476447856,2.6445401932882824,85.63671187878562,0.7238334801910004,6.947396371596635,6.65920978943876,0.06097400989037865,0.537757613058327,1,scenario_model_generated_from_literature_calibrated_priors,0.7501651748533696,0.9390259901096214,0
biology_only,pulmonary_reference,0.6244224907735044,0.7564205293624516,43.190650804090325,0.3782197251870007,0.7857514525861228,23.37,23.52183212121286,2.233209720622909,79.49820852233876,0.7662704290545231,6.717535187960062,4.7368292958513445,0.0487755778621939,0.5377495453184793,1,scenario_model_generated_from_literature_calibrated_priors,0.9935031184761293,0.9512244221378061,0
full_data_informed,aortic_high_pressure,0.7174200949327728,0.502440502371015,63.23552988858965,0.12335453195292014,0.8217961416102086,32.75,40.36952389380606,2.05417829894549,86.44738837139417,0.7829146162155521,8.968101299070208,8.219555225625436,0.0726109969003648,0.537733364590246,1,scenario_model_generated_from_literature_calibrated_priors,0.7673427818685172,0.9273890030996352,0
full_data_informed,pulmonary_reference,0.6480584992681491,0.8294412319798381,63.960289715438115,0.15828166238399535,0.18248713389029692,23.37,23.59262993140085,2.111756824483699,85.50459209337785,0.7436945119457787,3.5971489569562882,10.784495296948807,0.12751126095226942,0.5376403097239147,1,scenario_model_generated_from_literature_calibrated_priors,0.9904736871458772,0.8724887390477306,0
full_data_informed,aortic_high_pressure,0.7832291443392867,0.8292736540226577,52.983319112316394,0.07644461085196538,0.7320321752414597,32.75,39.70298550664463,1.9617975726122068,86.29287405608041,0.7794718671845223,4.48019246818949,12.601810496868902,0.07228312183746081,0.5376377796709537,1,scenario_model_generated_from_literature_calibrated_priors,0.7876950990337518,0.9277168781625392,0
full_data_informed,pulmonary_reference,0.5374790600709436,0.7448338768733691,52.30442960770133,0.6879077690952873,0.5800411332095623,23.37,22.258719961963358,2.4489497337279795,89.51524602703233,0.7646502758494509,4.1461210445716254,12.894217526957647,0.03973497496910958,0.537631640254067,1,scenario_model_generated_from_literature_calibrated_priors,0.952448436541008,0.9602650250308904,0
full_data_informed,pulmonary_reference,0.6867010352045655,0.8028540051734759,43.535414606412374,0.1478987507393763,0.35170173684530726,23.37,24.70919153836984,1.9912973050222513,83.28601625082956,0.7570519034747447,1.7857255862033807,14.217266740698687,0.06960126181412735,0.5375969271172358,1,scenario_model_generated_from_literature_calibrated_priors,0.9426961258720651,0.9303987381858727,0
full_data_informed,pulmonary_reference,0.6126705478594897,0.3629431331979442,60.882254397650115,0.2421026516568382,0.5653373424951595,23.37,26.167287888681507,2.15232333784883,89.0058542995813,0.7348511637481214,6.305240410102113,6.893880549049807,0.0321411589614896,0.5375899150247175,1,scenario_model_generated_from_literature_calibrated_priors,0.8803043265433673,0.9678588410385104,0
biology_only,pulmonary_reference,0.681729711245084,0.34487225277467287,68.68056786109068,0.1882004308504195,0.5043989712829503,23.37,30.891867263499066,1.7991871102792067,87.38773659310908,0.832613471758949,6.517094202981856,14.584349012348486,0.03572439270614633,0.5375598070280322,1,scenario_model_generated_from_literature_calibrated_priors,0.6781400400727828,0.9642756072938536,0
full_data_informed,aortic_high_pressure,0.60054238452005,0.6894444209584375,53.49981043905301,0.11835651792995076,0.4783785551846044,32.75,33.53144512601261,2.348122792940872,84.67404412886673,0.6844525301703482,7.314084031485663,11.78354050410092,0.04644241072058334,0.5375268642154708,1,scenario_model_generated_from_literature_calibrated_priors,0.9761390801217522,0.9535575892794167,0
full_data_informed,pulmonary_reference,0.5243986004696318,0.49010846930403246,63.40958837948258,0.13045155160089025,0.41402588613830554,23.37,18.96855253569557,2.2472158713200714,87.06398793155688,0.7439401673122151,2.837003389084545,11.545671833558199,0.06870418825427484,0.5375015474066218,1,scenario_model_generated_from_literature_calibrated_priors,0.8116624961786721,0.9312958117457252,0
biology_only,pulmonary_reference,0.5762018045695823,0.5881868609986203,57.08405162092058,0.15764278931304512,0.7671951398909089,23.37,28.59580471741198,2.201981982290179,81.75635573786067,0.7752598813040902,4.014038894697235,6.6245384050109015,0.03786797734146549,0.5373659897245517,1,scenario_model_generated_from_literature_calibrated_priors,0.7763883304487814,0.9621320226585345,0
full_data_informed,pulmonary_reference,0.6283187516121759,0.341634683931482,52.5224979196736,0.16812540247158503,0.3561738574405812,23.37,22.899696806937428,2.030938332314914,84.90646494095873,0.7262209348382576,4.232848861313574,10.043362126615035,0.03881500860426679,0.537316005285679,1,scenario_model_generated_from_literature_calibrated_priors,0.9798757726545754,0.9611849913957332,0
full_data_informed,aortic_high_pressure,0.476724931754111,0.4997328593692333,56.379303394633546,0.05275730767932705,0.26480390680316246,32.75,29.461129815138683,2.293708187036355,83.7053788766843,0.7105750786948495,4.860566821128531,11.252121750548483,0.06492866217443652,0.5371366317680301,1,scenario_model_generated_from_literature_calibrated_priors,0.8995764829049979,0.9350713378255635,0
full_data_informed,aortic_high_pressure,0.6600333850127718,0.690662654978139,57.35378684514469,0.1081244844934226,0.421457515518532,32.75,35.89874494348605,2.1062368193930245,85.84486886667763,0.7268828286886514,4.42956822565349,10.217162893494086,0.04890611527629744,0.537111069722755,1,scenario_model_generated_from_literature_calibrated_priors,0.9038551162294336,0.9510938847237026,0
biology_only,pulmonary_reference,0.6521920031391049,0.597911924765445,64.9689118175532,0.3068101975064885,0.6215427761816047,23.37,24.6586602711142,2.0115794763632193,88.31422792587155,0.758547038480011,2.974399513497748,11.762480583238268,0.0618403375544286,0.5370780728960839,1,scenario_model_generated_from_literature_calibrated_priors,0.9448583538248096,0.9381596624455714,0
hydrodynamic_only,pulmonary_reference,0.6411378252199547,0.5101873681962119,37.62007155653545,0.19330504025755763,0.5504901808435588,23.37,25.080596040541405,1.9956413157087947,79.82420968242457,0.770028494660691,5.083424752098001,12.982534848129049,0.03479885224073792,0.5370618430453605,1,scenario_model_generated_from_literature_calibrated_priors,0.9268037637765767,0.9652011477592621,0
full_data_informed,pulmonary_reference,0.6980324009747666,0.8687050556142938,63.34144591964817,0.18608348291692428,0.8736498518951349,23.37,30.00987735800713,2.086119176076764,91.19608084546067,0.7788402555772795,6.451577511426879,11.998346539137396,0.05983364515083465,0.5370173859697791,1,scenario_model_generated_from_literature_calibrated_priors,0.7158803013261819,0.9401663548491653,0
biology_only,pulmonary_reference,0.5749837027406225,0.517120255068139,58.10736797639548,0.46211424736145634,0.9147817083941701,23.37,23.5206186083798,2.2596598033060395,84.57498961299737,0.7632837264927859,6.51815257938162,6.400559820805169,0.06901789930786544,0.5370117382659916,1,scenario_model_generated_from_literature_calibrated_priors,0.9935550445708259,0.9309821006921346,0
full_data_informed,aortic_high_pressure,0.6470409604036422,0.6934661323914703,57.76619819540528,0.17378841673657122,0.16609357844478256,32.75,38.65188307079992,2.2023910093591805,86.89139006440209,0.7399454448453266,5.488463452272779,10.928770168103847,0.029805623865367527,0.5370039458494442,1,scenario_model_generated_from_literature_calibrated_priors,0.8197898298992391,0.9701943761346324,0
full_data_informed,pulmonary_reference,0.613755483255907,0.6940174363188211,64.10569117155787,0.41548615331368366,0.31155821106661724,23.37,23.19439306373606,2.2485853968988883,90.79400252306155,0.7381719552986971,5.871930484582402,11.972032160775484,0.0921988165305827,0.5369982882795121,1,scenario_model_generated_from_literature_calibrated_priors,0.9924857964799342,0.9078011834694173,1
biology_only,aortic_high_pressure,0.4850312827294647,0.5449907547026455,48.74752308061069,0.2699533431544872,0.45342851996564154,32.75,30.394502812987895,2.6187495597177164,81.54032320283034,0.7119250659313436,6.013480628135266,9.362528990559184,0.05975999295420085,0.5369298917295884,1,scenario_model_generated_from_literature_calibrated_priors,0.9280764217706228,0.9402400070457991,0
hydrodynamic_only,aortic_high_pressure,0.6140198131720387,0.9368684856121025,38.88405244581505,0.36022578804740435,0.4168542887288737,32.75,42.156825262621894,2.1921691246631756,82.89589185331556,0.8310842534852515,2.8672160077856716,10.623968663366403,0.04841108148630538,0.5368448552638617,1,scenario_model_generated_from_literature_calibrated_priors,0.7127686942710872,0.9515889185136946,0
biology_only,pulmonary_reference,0.6635546374144675,0.5093108447882934,52.10839315125827,0.121671713453879,0.7742257286767463,23.37,27.758300400813052,2.1676712979692145,82.2908061983444,0.7597447373650491,5.997327969367767,9.822300678755017,0.04121134020498895,0.5367392611674818,1,scenario_model_generated_from_literature_calibrated_priors,0.8122250577315768,0.958788659795011,0
biology_only,pulmonary_reference,0.5353444521501047,0.44089293676139313,54.18189584563035,0.2507811367160177,0.7622179792236943,23.37,22.61070985326986,2.191022923452341,85.23887938561603,0.7237130980853063,4.343672372925485,7.52186880400718,0.039042776253287205,0.5367325010465436,1,scenario_model_generated_from_literature_calibrated_priors,0.9675100493483038,0.9609572237467128,0
biology_only,pulmonary_reference,0.5844704514763982,0.826815178033854,55.46111320582948,0.19499160580609035,0.7474099424897971,23.37,20.433615551355917,2.3376094646722807,87.12240165252322,0.7168129130402979,4.981529181624931,4.173848376567937,0.04600912265645169,0.5367237194074018,1,scenario_model_generated_from_literature_calibrated_priors,0.8743523984320033,0.9539908773435483,0
full_data_informed,pulmonary_reference,0.6826303251152247,0.5920236542687795,69.7064869549373,0.08768320529515028,0.2683882892007044,23.37,24.855168239550615,2.0275691820401196,89.55833574321863,0.7117202707981942,3.52541723464757,8.157761877883177,0.06339980638348844,0.5367213273934823,1,scenario_model_generated_from_literature_calibrated_priors,0.9364497971950957,0.9366001936165116,0
full_data_informed,aortic_high_pressure,0.6528855292998967,0.46744662635134016,58.9455631764311,0.15641406415943274,0.4358329721714638,32.75,38.90493620270867,1.943069310500578,87.84621046893159,0.7700122003718518,5.4022721698721785,13.439856519713642,0.04342382153732232,0.5366683939518996,1,scenario_model_generated_from_literature_calibrated_priors,0.8120630167111857,0.9565761784626777,0
biology_only,aortic_high_pressure,0.35858774064034554,0.6809109586492121,63.00835598395144,0.19710767751507047,0.2324493625803031,32.75,23.78265241616534,2.7004228373840453,81.57279997528863,0.7447204638974279,3.0542586949228236,7.247054990429704,0.058790810598300304,0.5366021759689776,1,scenario_model_generated_from_literature_calibrated_priors,0.7261878600355829,0.9412091894016997,0
full_data_informed,pulmonary_reference,0.661427421447392,0.7732996626484118,75.13130019524526,0.08977789613865426,0.5369595759349883,23.37,24.570228897851543,2.195370840676625,90.18465170297085,0.6802085759947487,4.009924005049702,7.529438351843229,0.049030463916480506,0.5365984899292745,1,scenario_model_generated_from_literature_calibrated_priors,0.9486423235835882,0.9509695360835195,0
full_data_informed,pulmonary_reference,0.4572153244544069,0.5028427315571622,61.42249617384581,0.05124672156590457,0.776843325781663,23.37,16.54413081093313,2.496826193447917,87.61311870853899,0.710200672266921,3.0682597459528433,7.527550354165215,0.03287226556096669,0.536420512986428,1,scenario_model_generated_from_literature_calibrated_priors,0.7079217291798514,0.9671277344390333,0
biology_only,aortic_high_pressure,0.586447678914823,0.7899468446893678,84.76762658104832,0.3730052131428444,0.8090989247739975,32.75,40.2539677550019,2.18956898083223,90.66387919520676,0.7876853183409629,7.058787414135469,10.103363614566865,0.062326593647511266,0.5361931388916861,1,scenario_model_generated_from_literature_calibrated_priors,0.7708712135877281,0.9376734063524887,0
full_data_informed,pulmonary_reference,0.6777913061211532,0.18918334355050032,73.08693503542064,0.08946469081423176,0.8985736899750769,23.37,26.78415299980399,1.9098151451321677,88.59063082713186,0.748900937562241,4.624116877684346,9.490586241706664,0.05389742049489452,0.5361805714750625,1,scenario_model_generated_from_literature_calibrated_priors,0.8539087291483103,0.9461025795051055,0
biology_only,aortic_high_pressure,0.5551036492109513,0.8879981115062565,62.72896594791441,0.5318964034334686,0.7854814159435114,32.75,25.11684317806086,2.4316940472051063,85.67581085273947,0.8161443384136644,6.644709876422157,8.633693969820586,0.07442342332030222,0.5361535051334516,1,scenario_model_generated_from_literature_calibrated_priors,0.7669265092537667,0.9255765766796977,0
biology_only,pulmonary_reference,0.4699540199535169,0.9638698342441547,66.25940904489221,0.5788710912412872,0.8827670985285817,23.37,15.60853070026183,2.765631691073513,90.21890786443117,0.7894322654344142,8.826568468750706,10.952540339356993,0.062057866058264445,0.536144723426237,1,scenario_model_generated_from_literature_calibrated_priors,0.667887492522971,0.9379421339417355,0
biology_only,aortic_high_pressure,0.7868757174210759,0.6096805189938617,56.14273056736165,0.3318629111246237,0.5290267431258029,32.75,39.27286154628429,1.8888866827821456,83.74733262656878,0.8339391440622708,3.9369696441762168,11.996423468135934,0.05531810423754145,0.5361434824141429,1,scenario_model_generated_from_literature_calibrated_priors,0.8008286550752889,0.9446818957624585,0
biology_only,aortic_high_pressure,0.6796832706628977,0.7813660048517368,56.032604592732895,0.402132518205122,0.6261146984654059,32.75,35.3146844456036,2.1924110008045794,84.89629306926224,0.7824384563315411,3.395511171131211,9.719313070670184,0.08354671607436066,0.5361226361432474,1,scenario_model_generated_from_literature_calibrated_priors,0.921689024561722,0.9164532839256393,0
biology_only,pulmonary_reference,0.5820727189916879,0.7454286556863543,54.477463862177856,0.5578737086462272,0.8671760171754966,23.37,25.974134438845788,2.2554856630563043,84.23320237876312,0.8149961773960196,4.747901992328534,4.859265160527908,0.07867704128098123,0.5361025398825378,1,scenario_model_generated_from_literature_calibrated_priors,0.8885693436522983,0.9213229587190188,0
full_data_informed,aortic_high_pressure,0.622211927877813,0.3817421343076044,55.55973739043342,0.0995617521386626,0.3902141637637211,32.75,32.655823814365036,2.246588089387957,87.19811155583596,0.6770249107358208,3.3721503768400503,13.645804106743025,0.057895684724994796,0.5360631450052538,1,scenario_model_generated_from_literature_calibrated_priors,0.9971243912783218,0.9421043152750052,0
biology_only,pulmonary_reference,0.8435046942045274,0.5170875775242961,67.19649205217638,0.04026921607411309,0.5650186582558643,23.37,29.309362114333958,1.6808008436456658,89.12924738376783,0.7898720882609174,6.0870733346488155,6.047732919757003,0.040688020175966386,0.5359899775878277,1,scenario_model_generated_from_literature_calibrated_priors,0.7458552796605068,0.9593119798240336,0
biology_only,pulmonary_reference,0.6635186877045669,0.6466271197511251,82.77722259242368,0.15103556526425904,0.3953565155486912,23.37,19.02053167212008,2.209313427010353,91.66686392196114,0.7200903356504101,7.662052555235585,5.75178771081241,0.04691193125471857,0.5359816145586033,1,scenario_model_generated_from_literature_calibrated_priors,0.813886678310658,0.9530880687452814,0
biology_only,aortic_high_pressure,0.5327256377658462,0.6609921065588724,51.568295790137135,0.17871758817490502,0.5641564378625654,32.75,34.70469572847967,2.3165987569150683,82.11760890344593,0.7371459834211361,1.7173236128351272,7.56436122173341,0.09895917807269956,0.5359498274725963,1,scenario_model_generated_from_literature_calibrated_priors,0.9403146342448956,0.9010408219273004,0
full_data_informed,aortic_high_pressure,0.629015977845305,0.471410122095796,63.215364363528685,0.3373748097283898,0.2936057746958824,32.75,34.99569047909626,2.05088510819569,87.17860883724585,0.7549738240434782,2.736354262837309,9.045816429600038,0.03373453952733369,0.535938762114228,1,scenario_model_generated_from_literature_calibrated_priors,0.9314292983482058,0.9662654604726663,0
full_data_informed,pulmonary_reference,0.6065701661111148,0.3869786722332216,65.48391922860415,0.2748026609154833,0.6742503685689916,23.37,25.610525802305855,2.1429109441090146,82.89517549153013,0.7598555649522606,5.8722469563712805,13.173458569084916,0.03804433038534579,0.5359202692062187,1,scenario_model_generated_from_literature_calibrated_priors,0.9041281214246533,0.9619556696146542,0
full_data_informed,pulmonary_reference,0.4072445336040368,0.6466257256821052,44.617086054204215,0.034463005697902636,0.6583588432677683,23.37,14.431658489377945,2.6840121647437654,85.60961612159223,0.723705577422332,7.107246014464338,10.06007766248108,0.04804092252443503,0.5359141812868777,1,scenario_model_generated_from_literature_calibrated_priors,0.6175292464432154,0.951959077475565,0
full_data_informed,aortic_high_pressure,0.592397162704864,0.41058256527914916,66.02823288252794,0.13157078986528334,0.3658896681997379,32.75,34.133054441552716,2.122031409632186,88.74217306443644,0.7190396190247069,8.626048581285131,14.44291155566164,0.10231885755761293,0.535869761193002,1,scenario_model_generated_from_literature_calibrated_priors,0.9577693300289247,0.8976811424423871,0
full_data_informed,aortic_high_pressure,0.6279924182875632,0.5055414580410046,71.36924103729842,0.0883630320794432,0.41754348427699517,32.75,36.859989530636334,2.120595633267136,82.75964086935848,0.7422003247219225,6.960633268929919,9.765953316245078,0.054524082002956886,0.5358688723008753,1,scenario_model_generated_from_literature_calibrated_priors,0.8745041364691196,0.9454759179970431,0
full_data_informed,aortic_high_pressure,0.44853923243328186,0.5352764373700102,52.69192393711205,0.17368054528270538,0.4147147428532752,32.75,25.211293168405213,2.5197951037439847,85.78606256548983,0.7453034595594156,7.427478211993911,5.125408584641512,0.10042226582984046,0.535847372075595,1,scenario_model_generated_from_literature_calibrated_priors,0.7698104784245867,0.8995777341701595,0
biology_only,pulmonary_reference,0.682777522446703,0.5194834524212242,63.64841663711391,0.2212509454634358,0.709264966365309,23.37,29.25705041740494,1.9856381327115922,88.60611373746103,0.788853280392194,9.140549365512161,8.349146197486565,0.0395893183809951,0.535828165592547,1,scenario_model_generated_from_literature_calibrated_priors,0.748093692023751,0.9604106816190049,0
full_data_informed,pulmonary_reference,0.4395816478418765,0.9284732558539914,52.77536182098882,0.1707880747169104,0.5290922107268419,23.37,13.234776115850122,2.781125009229533,89.29116744913318,0.7398152720263285,5.791164082183183,7.292663467374884,0.05646074573741958,0.5357637729224257,1,scenario_model_generated_from_literature_calibrated_priors,0.5663147674732616,0.9435392542625805,0
biology_only,aortic_high_pressure,0.4444062424989508,0.6830683798853819,47.7438608330415,0.38145403621725127,0.9020276310357414,32.75,28.58359375050466,2.4452110374901235,86.64981191181602,0.7577714029810974,7.126608902042728,8.303279896573425,0.09349195222509409,0.535752945942244,1,scenario_model_generated_from_literature_calibrated_priors,0.8727814885650278,0.9065080477749059,0
full_data_informed,pulmonary_reference,0.6051336150550277,0.5230537087504639,44.14297467911683,0.1872841396297352,0.6446544424651733,23.37,24.751789907335674,2.0973210418355377,82.08183560634717,0.7358049278900147,6.423813710251464,15.484186828759773,0.024030393204306492,0.5357286333167094,1,scenario_model_generated_from_literature_calibrated_priors,0.9408733458564111,0.9759696067956936,0
biology_only,aortic_high_pressure,0.655926734461796,0.2929719149625747,56.63095626344253,0.21380141952993362,0.6511085301926991,32.75,37.377613349411575,2.008134845317365,80.83703579907935,0.7955216490557471,5.576047369280677,12.783113309249305,0.06433716680765032,0.5356782985390781,1,scenario_model_generated_from_literature_calibrated_priors,0.8586988290256008,0.9356628331923497,0
full_data_informed,pulmonary_reference,0.5019353660578114,0.9148984187949082,63.61913679533269,0.37934171996754734,0.8741858618073334,23.37,17.394634729795047,2.578090465823581,83.16692000913244,0.7871532564863474,3.3468973323185516,9.168443643160511,0.07821777206091747,0.5356649308844249,1,scenario_model_generated_from_literature_calibrated_priors,0.7443147081641013,0.9217822279390825,0
full_data_informed,pulmonary_reference,0.6354072307854934,0.4410805735089687,50.636004182986596,0.19273241168080596,0.4391586662217453,23.37,23.06811543740716,2.147940138514296,88.91018405584474,0.6958482204188401,5.870633472200408,10.684909919993183,0.044184694520343945,0.5356533334576875,1,scenario_model_generated_from_literature_calibrated_priors,0.9870823892771571,0.9558153054796561,1
full_data_informed,pulmonary_reference,0.8284221033324685,0.8596398991962042,63.21895325830016,0.06040938963931955,0.6664988533999407,23.37,28.401806571342973,1.8153281327327595,88.05385862318354,0.7796659779129632,4.367272153043762,11.675914483942659,0.06509798336780058,0.5356373734149875,1,scenario_model_generated_from_literature_calibrated_priors,0.7846894920264026,0.9349020166321994,0
full_data_informed,aortic_high_pressure,0.589104118553406,0.36633219037486575,56.35968907249831,0.1654585530105548,0.5640750786251503,32.75,36.527519598850766,2.0330569470956887,86.64217335875914,0.7441801585369056,3.537758422232543,10.784410024601069,0.04659833286722873,0.5356307152998215,1,scenario_model_generated_from_literature_calibrated_priors,0.884655890111427,0.9534016671327713,0
full_data_informed,pulmonary_reference,0.7376461801844086,0.43376732792313816,75.45435854114378,0.03953174526387666,0.8041543685430786,23.37,30.885552862182337,1.9490847360753092,90.93467644134017,0.7617818512182433,8.119229231948687,11.998877105423082,0.023303391035928916,0.5356031776450231,1,scenario_model_generated_from_literature_calibrated_priors,0.6784102326836827,0.9766966089640711,0
hydrodynamic_only,pulmonary_reference,0.5467854990131809,0.4919689933403246,35.48411330563471,0.34876526558506354,0.9306655991714295,23.37,23.144068173893306,2.2306965762239908,79.47580534640872,0.7788847034620278,4.741828983090745,10.475832130808747,0.10667726987182206,0.5355931573900553,1,scenario_model_generated_from_literature_calibrated_priors,0.9903323993963759,0.893322730128178,0
full_data_informed,aortic_high_pressure,0.5601122695064152,0.4000175732779961,63.97672249102888,0.08635529309743857,0.5202291995226748,32.75,31.711525399619646,2.2193064653722305,90.65379453320129,0.6774421862793825,4.591998386257766,12.547637879488267,0.07770971341034637,0.535520796299878,1,scenario_model_generated_from_literature_calibrated_priors,0.9682908518967831,0.9222902865896536,0
biology_only,pulmonary_reference,0.3993504809621639,0.5641970770807866,67.82840995213898,0.18038614135681535,0.30577686875610427,23.37,17.999679890978953,2.653991422270768,89.6227445734524,0.6951416293803975,3.149294529445944,9.89151006344328,0.05340877000287372,0.5354282449042627,1,scenario_model_generated_from_literature_calibrated_priors,0.770204531064568,0.9465912299971263,0
full_data_informed,aortic_high_pressure,0.6246707850503864,0.6310887867221213,67.46610674516296,0.36425756042238777,0.7603013838354951,32.75,34.98080945295324,2.3517238364563955,87.0998047233726,0.7342607164210111,2.9617609354727725,11.82794110669752,0.0626288299720077,0.5354201652915054,1,scenario_model_generated_from_literature_calibrated_priors,0.9318836808258553,0.9373711700279923,0
full_data_informed,pulmonary_reference,0.5243866058450993,0.41387718582606675,55.583975366845834,0.04777761661177819,0.498173555456466,23.37,17.778637978351654,2.3491975505517058,89.82906302333977,0.6962957410330197,3.277383447796672,9.259078197405511,0.02285180617194743,0.5354074442123086,1,scenario_model_generated_from_literature_calibrated_priors,0.7607461693774776,0.9771481938280526,0
full_data_informed,pulmonary_reference,0.5719347338053469,0.34833634717114037,50.49473289679434,0.2633581945378214,0.2951099647074738,23.37,23.336583388857765,2.368477082385411,79.0579697071684,0.7191301011133282,1.7228388973714805,9.94787639790254,0.038376375606249034,0.5353823791795033,1,scenario_model_generated_from_literature_calibrated_priors,0.9985701064979787,0.9616236243937509,1
biology_only,pulmonary_reference,0.6749078721821188,0.15814158453193494,57.268033290160886,0.19130425222568265,0.8229098509638859,23.37,24.6536091259478,1.983644580441555,84.87248513540645,0.7439198876351756,7.8676753833600515,10.138121728677056,0.04452932969179855,0.5353789611633644,1,scenario_model_generated_from_literature_calibrated_priors,0.9450744918293625,0.9554706703082014,0
full_data_informed,pulmonary_reference,0.5802250391725797,0.6246567541030834,58.14134115436001,0.1845668407683202,0.5085166655536831,23.37,22.153088787489093,2.326023755423754,84.33987386679283,0.6980757954728712,4.435895597830821,11.03411999173394,0.03134196890875999,0.5352761512208896,1,scenario_model_generated_from_literature_calibrated_priors,0.9479284889811336,0.96865803109124,0
full_data_informed,aortic_high_pressure,0.621039335493479,0.7145293628439813,62.034930939925005,0.03198872337023729,0.08722879131236345,32.75,38.92525352102043,2.3024401541664963,84.61570809399228,0.7192846011022981,3.3041384573499366,12.608838433314052,0.057611623276802665,0.5351259740161122,1,scenario_model_generated_from_literature_calibrated_priors,0.8114426405795289,0.9423883767231973,0
biology_only,aortic_high_pressure,0.5809313597881312,0.36564419172950013,54.60117900280977,0.22812406591885706,0.7802151211585049,32.75,38.055265866853084,2.1852431134476533,83.59112060141305,0.7676304721639965,5.516004343421346,7.0482759448095695,0.05873964097247484,0.5350435611271468,1,scenario_model_generated_from_literature_calibrated_priors,0.8380071491037226,0.9412603590275251,0
biology_only,aortic_high_pressure,0.7082115230145872,0.43537026100680776,65.14536615817477,0.27486720019125116,0.47795021070738847,32.75,34.69616578093623,1.9754979728249331,88.9779241567514,0.7525589033449196,3.995212826315254,9.288881998107694,0.06794852044357438,0.5350177731210056,1,scenario_model_generated_from_literature_calibrated_priors,0.9405750906584358,0.9320514795564256,0
biology_only,pulmonary_reference,0.7463967925967258,0.7953112543265519,55.56845048667012,0.09628500526054734,0.340310942958598,23.37,28.87636895712123,2.0410690570639987,83.49441971735986,0.7884303627465399,4.025714513015782,7.864518208905922,0.07818782506671397,0.5349972699757383,1,scenario_model_generated_from_literature_calibrated_priors,0.7643830142438499,0.921812174933286,0
full_data_informed,pulmonary_reference,0.5999148177105394,0.5140305367269176,68.36407832413995,0.11283500821682807,0.5785842639588055,23.37,20.05888270402299,2.1264196164743723,87.80815378098302,0.7209694219190086,2.742537652406171,13.331512344534296,0.038614048038876046,0.5349758805048601,1,scenario_model_generated_from_literature_calibrated_priors,0.8583176167746251,0.961385951961124,0
biology_only,aortic_high_pressure,0.6581529796469265,0.5872675903680729,70.63101010040143,0.420166719983422,0.9709193162989881,32.75,31.87786483862642,2.123075048327898,87.4916541471485,0.7802146017233749,6.295138246382816,11.621165551879772,0.12217077073211088,0.5349725919376703,1,scenario_model_generated_from_literature_calibrated_priors,0.9733699187366845,0.8778292292678891,0
hydrodynamic_only,aortic_high_pressure,0.4507908175807909,0.9292648108095223,44.449969767677715,0.6232344716781774,0.6262137576178121,32.75,31.37627134808659,2.5740435156748664,80.75368418450554,0.7820692596232032,5.006937952651103,8.629267186110475,0.07945876439099679,0.5349222267565221,1,scenario_model_generated_from_literature_calibrated_priors,0.958054086964476,0.9205412356090032,0
biology_only,aortic_high_pressure,0.5447155559598696,0.32784088667679373,60.74359010545622,0.41830015414796273,0.7903789745548175,32.75,30.174735655912745,2.129383111822951,88.32732211704699,0.7739156770719327,8.403030922630723,7.087491913779014,0.07936078553830725,0.5349050986612388,1,scenario_model_generated_from_literature_calibrated_priors,0.9213659742263434,0.9206392144616927,0
full_data_informed,aortic_high_pressure,0.44715773413657345,0.6297068060639182,76.47524456870971,0.2858951694576533,0.7235210543911079,32.75,25.0310093603787,2.4974899344863433,89.7227338339956,0.7297815133213946,2.8445494285956285,7.853412145001146,0.04293794997637904,0.5348586431866068,1,scenario_model_generated_from_literature_calibrated_priors,0.7643056293245405,0.957062050023621,0
biology_only,pulmonary_reference,0.48445931315782953,0.982919341602226,46.57132213894758,0.46724208980571746,0.5084308628469335,23.37,18.209554316203167,2.539437127465074,83.82029759061247,0.7901706888151467,3.395220492258538,8.022927520251798,0.06865257447195308,0.5348585066865177,1,scenario_model_generated_from_literature_calibrated_priors,0.7791850370647483,0.931347425528047,0
hydrodynamic_only,aortic_high_pressure,0.7471885935486042,0.9432662735540809,38.8595440765395,0.3068713066897623,0.4829584785280141,32.75,42.2350224348754,2.1176500714984456,79.23728971222044,0.8403434199038765,6.321791970758243,10.750075562639285,0.04584142118098055,0.5348152488150033,1,scenario_model_generated_from_literature_calibrated_priors,0.7103809943549497,0.9541585788190194,0
biology_only,aortic_high_pressure,0.5142916475693982,0.635727319108695,46.854170784931554,0.054488206836007254,0.4107561945075467,32.75,26.94649286386698,2.3147671108324532,86.36092652566778,0.7041803638121967,3.70919360246939,6.162991995401353,0.04079822873522438,0.5347922439723404,1,scenario_model_generated_from_literature_calibrated_priors,0.8227936752325795,0.9592017712647756,0
biology_only,pulmonary_reference,0.6270113202089106,0.3870708797402579,63.29418431142338,0.3372712804151286,0.9623464081687156,23.37,21.765082314839038,2.0047544958781267,87.7684618180507,0.7629601215159943,5.262989434717695,9.389449881110263,0.05415555016592549,0.5347767042676908,1,scenario_model_generated_from_literature_calibrated_priors,0.931325730202783,0.9458444498340746,0
full_data_informed,pulmonary_reference,0.6525108333833598,0.5462821620998656,56.83051431252658,0.28397307822521756,0.9305388698449623,23.37,24.77508134628525,2.1067154710882754,84.16707638315853,0.749785833166188,3.1771446485541093,11.337826415912103,0.044230169827643516,0.5347370924405809,1,scenario_model_generated_from_literature_calibrated_priors,0.9398767074760269,0.9557698301723565,0
full_data_informed,aortic_high_pressure,0.6894392068182039,0.6984390506088897,62.410444174070385,0.36703625350201263,0.24426664089002653,32.75,36.2603470056495,2.1767682722956025,87.93918036663521,0.7544188012527958,2.1996926703844326,9.887826098365661,0.043995585394455826,0.5347203006842516,1,scenario_model_generated_from_literature_calibrated_priors,0.8928138318885649,0.9560044146055442,0
full_data_informed,pulmonary_reference,0.4701617503085459,0.5150935282101444,67.8229744806269,0.14809300799704106,0.5635390860705158,23.37,13.466256721960267,2.509984576228925,87.07609592879125,0.764384284496823,8.352121467553006,7.526772918090101,0.03692339752529271,0.5346687927073828,1,scenario_model_generated_from_literature_calibrated_priors,0.5762197998271402,0.9630766024747073,0
biology_only,pulmonary_reference,0.6169842078740478,0.922709350954471,39.08522197881315,0.5056091864280843,0.40577057665841426,23.37,21.17773584094475,2.343082911974789,75.38959726973329,0.8390170973289276,6.148052402462246,8.896884698858347,0.11813318183363672,0.5346357454415313,1,scenario_model_generated_from_literature_calibrated_priors,0.9061932323895913,0.8818668181663633,0
full_data_informed,pulmonary_reference,0.5837678865674907,0.40257757593590504,72.57772965928095,0.053521623068723455,0.6537705621890995,23.37,21.84512112756695,2.088081855693735,89.11078116524952,0.6807298706824637,9.204064485787862,12.00732460225468,0.025142202781697997,0.5345756322528709,1,scenario_model_generated_from_literature_calibrated_priors,0.9347505831222487,0.974857797218302,1
full_data_informed,aortic_high_pressure,0.640839569509424,0.18235786822852043,52.769685383471284,0.06409928440150703,0.3787701197199757,32.75,34.29631718403604,2.0111772857118786,87.88668513840736,0.6972193662942728,3.516638535081386,10.9238347466195,0.0390277539062787,0.534548752975721,1,scenario_model_generated_from_literature_calibrated_priors,0.9527842081210369,0.9609722460937213,0
biology_only,pulmonary_reference,0.6689315075310172,0.6980471757629118,57.40495175721466,0.19399106059901916,0.544828641251968,23.37,25.5605794358247,2.1540598016294883,89.56266744844639,0.7224553025595726,4.063147613416779,12.924298035606597,0.06936562153039848,0.5344810728546118,1,scenario_model_generated_from_literature_calibrated_priors,0.9062653215308216,0.9306343784696015,0
biology_only,pulmonary_reference,0.5662494956409374,0.4849361256266638,60.972827451465356,0.1962675178659885,0.9414134174375199,23.37,23.68272771330247,2.0908042496451493,84.2658343329591,0.7236187987862974,6.171493466019092,12.97220480712789,0.052619619436653546,0.5344122786637379,1,scenario_model_generated_from_literature_calibrated_priors,0.98661841192544,0.9473803805633465,0
biology_only,aortic_high_pressure,0.6259634500460859,0.49777811308210973,38.81590848266342,0.15735117881993888,0.6181927413787238,32.75,35.29507568014998,2.0443306514362054,79.95318871880266,0.756110084497253,7.212766006938294,10.350182949223386,0.046320542478791374,0.534373658511292,1,scenario_model_generated_from_literature_calibrated_priors,0.9222877654916037,0.9536794575212086,0
full_data_informed,pulmonary_reference,0.564966663585211,0.3577880476562901,58.903814813083514,0.10799475092810205,0.2484205340607308,23.37,21.084263126548276,2.0867072129578363,85.71064875502833,0.7200695516530798,7.470928159431135,7.53820141186273,0.03939752953247174,0.5343637805985746,1,scenario_model_generated_from_literature_calibrated_priors,0.9021935441398492,0.9606024704675282,0
hydrodynamic_only,aortic_high_pressure,0.5457370101130873,0.5234764437930991,45.29512936333241,0.2778522437118136,0.7942793161382582,32.75,30.49323606028378,2.2849463355902375,83.46816521199692,0.7341380099529581,3.8659522478186665,7.419060149571154,0.05026302350789987,0.5342886563727289,1,scenario_model_generated_from_literature_calibrated_priors,0.9310911774132452,0.9497369764921001,0
full_data_informed,aortic_high_pressure,0.6671258890637802,0.432656283036891,59.62803824519704,0.10035126032530693,0.360670573667711,32.75,39.878485374898176,2.0986180308822404,91.44335355674504,0.724783251726241,3.4248898123622356,14.486110571384387,0.03449575552593096,0.5342708408927715,1,scenario_model_generated_from_literature_calibrated_priors,0.7823363244305901,0.965504244474069,0
full_data_informed,pulmonary_reference,0.5628442224253664,0.898737317802918,53.98823883759627,0.19476761723919775,0.46174352218093373,23.37,17.268419637307073,2.4393911079478054,85.32431172050826,0.7530980223091328,1.820288871343361,8.363920178626287,0.06672066137377664,0.5342674478785877,1,scenario_model_generated_from_literature_calibrated_priors,0.738913976778223,0.9332793386262234,0
full_data_informed,pulmonary_reference,0.6496805152867261,0.4386091887887073,72.10301703105023,0.09620819813382239,0.11165915885606459,23.37,19.547024568632725,2.0343061296174048,92.54842348059114,0.717704470350616,5.004673866319776,13.631660396150028,0.05106047609891288,0.5342418451710653,1,scenario_model_generated_from_literature_calibrated_priors,0.836415257536702,0.9489395239010872,0
biology_only,pulmonary_reference,0.6101979656834952,0.8532669716502764,54.338005979084784,0.606919883473351,0.5497445567892505,23.37,22.675457682228295,2.2234549667937498,84.53963870831645,0.7878200321001017,3.874300678525011,9.051297783457741,0.049378268882421805,0.5342080701069036,1,scenario_model_generated_from_literature_calibrated_priors,0.9702806025771628,0.9506217311175782,0
biology_only,pulmonary_reference,0.5189385743849597,0.5798768324602869,60.86651155615602,0.5645439722871963,0.581141954261001,23.37,20.2209042578226,2.3142527721694353,84.00400140448804,0.8067214905991972,2.133223684193639,10.285861505246586,0.06390632161442787,0.5341843983208575,1,scenario_model_generated_from_literature_calibrated_priors,0.8652505031160719,0.9360936783855721,0
full_data_informed,aortic_high_pressure,0.8059734936943025,0.9225663743473383,57.74958286602851,0.1940994065130373,0.6341584035662469,32.75,41.32847802885304,1.952054303169474,85.93259084199885,0.8171183358234022,3.9571411166118726,13.75255994890221,0.089669104853082,0.5341634791716051,1,scenario_model_generated_from_literature_calibrated_priors,0.7380617395770064,0.910330895146918,0
hydrodynamic_only,pulmonary_reference,0.48815046129984085,0.7061439188209572,45.040522540718115,0.553876071810523,0.5493698015839883,23.37,21.505290960188816,2.36068051885185,80.81841844286078,0.7966428783473847,4.280894658239566,10.814954311269151,0.0628083830418142,0.5341628750587265,1,scenario_model_generated_from_literature_calibrated_priors,0.9202092837051269,0.9371916169581858,0
baseline,pulmonary_reference,0.6063567084828683,0.7792722997461198,29.66963077322636,0.21807159590281072,0.7113646885864431,23.37,24.197408640123165,2.196442290972898,76.25031458735009,0.7560238481253851,4.86473854151084,11.260970602125132,0.05469561157924265,0.5341571033800354,1,scenario_model_generated_from_literature_calibrated_priors,0.9645952657200186,0.9453043884207574,0
biology_only,pulmonary_reference,0.646554680922919,0.3044348671007157,52.93536016521495,0.018064194852802053,0.5875938550140362,23.37,25.73062028292352,2.0190887752712237,84.87016580084757,0.7149129448219835,6.160522868967331,11.188844505886602,0.03917993354537025,0.5341489639250366,1,scenario_model_generated_from_literature_calibrated_priors,0.8989892904183346,0.9608200664546298,0
hydrodynamic_only,aortic_high_pressure,0.472768877182298,0.583742636317047,35.45573082599471,0.11190387913363385,0.869322476602109,32.75,27.041168812482645,2.5764864997515797,77.84737790864688,0.7231307078901776,5.811674385898413,8.688436645975141,0.05405237161900119,0.5341459580143991,1,scenario_model_generated_from_literature_calibrated_priors,0.8256845438925998,0.9459476283809988,0
full_data_informed,pulmonary_reference,0.5931467458168658,0.6169237811137591,65.25466772634711,0.2988075444576839,0.44698057543289577,23.37,21.25883764901295,2.3701220714198374,84.81451977108709,0.7286941313148116,7.047328409390656,8.031041901130738,0.05217458950371537,0.5341308649269666,1,scenario_model_generated_from_literature_calibrated_priors,0.9096635707750513,0.9478254104962847,0
biology_only,pulmonary_reference,0.4850282996378209,0.5814151116883927,74.91592414849883,0.05269258742514638,0.8860832516409843,23.37,16.373908720197768,2.330517541615807,87.76005567034484,0.7396506183096277,9.07820878717675,12.61538261367583,0.06858593321653211,0.5340346337891971,1,scenario_model_generated_from_literature_calibrated_priors,0.7006379426699944,0.9314140667834678,0
baseline,aortic_high_pressure,0.6059309143513659,0.8654961296886634,35.810939856592924,0.24044232330831555,0.6646051903537805,32.75,36.946114900912434,2.3902152373104,77.29832041737154,0.7536927301205789,3.954605294481504,9.329654636475812,0.041063068135251624,0.5340181310015999,1,scenario_model_generated_from_literature_calibrated_priors,0.8718743541706127,0.9589369318647484,0
full_data_informed,pulmonary_reference,0.7274406490000677,0.4119167104065495,71.41872754645097,0.16648851580319068,0.8177006973290925,23.37,28.426628339473226,1.9384253419562278,88.72330755032075,0.7793269467933049,2.8258104985822503,12.4695335612156,0.06673460574819072,0.5339792046789295,1,scenario_model_generated_from_literature_calibrated_priors,0.7836273710109873,0.9332653942518093,0
full_data_informed,pulmonary_reference,0.4812976062207887,0.7322914544623087,58.47104575751501,0.3008458694201412,0.4767276757365927,23.37,15.777818050039404,2.6639585513402237,89.23961187480732,0.7414075935623705,4.82826391875235,7.303050324596592,0.051275249841321334,0.5339644624967459,1,scenario_model_generated_from_literature_calibrated_priors,0.6751312815592385,0.9487247501586786,0
full_data_informed,pulmonary_reference,0.5605250347138044,0.37366352605283987,63.88644881943194,0.09690658688753749,0.6948800364624194,23.37,21.159819626225822,2.167132044637635,87.50990974114174,0.7078458258037844,5.626925760618077,8.92105959827194,0.0634639632288412,0.5339141174549116,1,scenario_model_generated_from_literature_calibrated_priors,0.9054265993250245,0.9365360367711588,0
biology_only,aortic_high_pressure,0.6993653881273055,0.5313015254425499,48.73757353612768,0.063179893810156,0.32759759572431246,32.75,36.30117725541619,1.9566526540152738,81.96009510480881,0.7501245514883769,7.89784560370633,16.836663064313193,0.05275968343004309,0.5339052274655003,1,scenario_model_generated_from_literature_calibrated_priors,0.8915671067048491,0.9472403165699569,0
biology_only,pulmonary_reference,0.7574794751370568,0.8690682001239223,70.78394145938351,0.17194256982120495,0.5829262567250493,23.37,24.21146628778346,1.9857787224977708,86.53971590964491,0.7232519463718734,8.80884795964426,10.98868107893326,0.04376846840780703,0.5337471305507077,1,scenario_model_generated_from_literature_calibrated_priors,0.963993740360143,0.956231531592193,0
baseline,pulmonary_reference,0.5838302428660753,0.9225127253530288,29.503505205054125,0.15694478803582335,0.06687552806265125,23.37,24.316325526353104,2.3472676723124457,72.81104575819501,0.7379261544272798,3.385456457209529,10.84793595398532,0.04497819773574846,0.5337409750226438,1,scenario_model_generated_from_literature_calibrated_priors,0.9595068238616559,0.9550218022642516,0
full_data_informed,pulmonary_reference,0.43805126010227113,0.3278635434283026,54.79011997003933,0.06676370372287745,0.4165873879902232,23.37,17.071225469465393,2.5322388702721916,86.82617282622412,0.7074122288656365,7.954508337844504,6.807065313239744,0.054409814555853364,0.5336226510268327,1,scenario_model_generated_from_literature_calibrated_priors,0.7304760577434913,0.9455901854441466,0
biology_only,pulmonary_reference,0.5411595239530929,0.8194633702905556,63.56691355655189,0.30229638841054196,0.7122841255640415,23.37,21.062821297188655,2.4611299919194676,86.64205822914276,0.7158491232517387,4.87197664222058,9.163169032512132,0.06270821393569986,0.5336049369162196,1,scenario_model_generated_from_literature_calibrated_priors,0.9012760503717867,0.9372917860643002,0
biology_only,pulmonary_reference,0.32675658608956243,0.767466286696843,55.56559263211206,0.1565541693246828,0.7641355445350524,23.37,13.812019176358023,2.59677723473223,84.03524014512584,0.7731723262659664,6.0437389080145065,12.22196567250656,0.06645224632509814,0.533599771018193,1,scenario_model_generated_from_literature_calibrated_priors,0.5910149412219949,0.9335477536749018,0
biology_only,pulmonary_reference,0.5612314425067555,0.7799318408192616,64.7259113361745,0.4827455876474257,0.5483325862637958,23.37,23.45642381311046,2.348879085411576,84.50300736467078,0.7508334002313601,7.5663892074827235,10.41956373731556,0.07720463038830633,0.5334832397753412,1,scenario_model_generated_from_literature_calibrated_priors,0.9963019335425563,0.9227953696116937,0
full_data_informed,aortic_high_pressure,0.5908101940067014,0.6948071770280779,67.72279038417821,0.23743495192167277,0.2929872295509959,32.75,36.36020800666488,2.1172569495437346,87.04295292147782,0.74123952959667,3.121156547801485,14.427755631489172,0.05121046268207603,0.5334440519057262,1,scenario_model_generated_from_literature_calibrated_priors,0.8897646410178663,0.9487895373179239,0
biology_only,aortic_high_pressure,0.5240382754341761,0.7991384961004606,68.82502279896748,0.36001727608059864,0.2545426598611882,32.75,31.100261641089816,2.35657696883048,86.07333387434242,0.7349322630124854,7.11458297475783,12.377295577702224,0.08254726397719758,0.5333786127159764,1,scenario_model_generated_from_literature_calibrated_priors,0.9496263096515974,0.9174527360228024,0
full_data_informed,pulmonary_reference,0.5982617141084076,0.551043305794665,48.38026981129322,0.1484296589506691,0.6083124918310431,23.37,23.841093775292915,2.1589074755288125,80.82624583392735,0.7264263989134454,3.0076121526005335,12.606538732677336,0.06788614001577346,0.5333765819488291,1,scenario_model_generated_from_literature_calibrated_priors,0.9798419437187457,0.9321138599842266,0
full_data_informed,pulmonary_reference,0.5586642357861963,0.5909229773939872,61.145148924921536,0.4167373099055604,0.6191491093546554,23.37,20.32715083724638,2.1891386237581765,86.95660261258935,0.7749976149152413,4.763230697904376,8.976166401795131,0.05753983256148711,0.5333080702078686,1,scenario_model_generated_from_literature_calibrated_priors,0.8697967837931697,0.9424601674385129,0
biology_only,pulmonary_reference,0.5041498722486439,0.45894067678198,81.35804343710936,0.4006822141675105,0.8024212947868932,23.37,21.811196412736166,2.4152709023975283,89.93885457679214,0.7247244834268145,6.487409603462491,6.091857286221042,0.08556865333676078,0.5332880784796897,1,scenario_model_generated_from_literature_calibrated_priors,0.9332989479134003,0.9144313466632392,0
full_data_informed,aortic_high_pressure,0.7477669841257676,0.8684697795857947,57.74151749985855,0.18056633691626325,0.20779299423812633,32.75,35.906109263710476,2.0727288405132236,89.91663156571764,0.7257917307327095,5.288989668901147,11.054236518199124,0.06908874568725448,0.5332550296671998,1,scenario_model_generated_from_literature_calibrated_priors,0.9036302514897564,0.9309112543127456,0
full_data_informed,pulmonary_reference,0.5594788244676369,0.789790827812953,65.64457848353331,0.42930392676861145,0.4388118440442897,23.37,20.578272771492145,2.377913105457888,81.95525126845769,0.7815213989829893,3.5342203391021516,8.024254717874364,0.08007372261065894,0.5331630573671717,1,scenario_model_generated_from_literature_calibrated_priors,0.8805422666449356,0.9199262773893411,0
biology_only,aortic_high_pressure,0.6098156325750019,0.18587616638824458,74.55468070433693,0.39639961326757467,0.91851405919217,32.75,35.86521144532439,1.9742929857180285,90.27207731665978,0.7655354145754069,7.408969262641159,13.21713469719338,0.040517393963232805,0.5331199952625275,1,scenario_model_generated_from_literature_calibrated_priors,0.9048790398374231,0.9594826060367672,0
full_data_informed,aortic_high_pressure,0.5444497871858394,0.34133970174902006,59.191235608059934,0.10747974720641813,0.5691227773611713,32.75,30.198301021325314,2.2033398435096663,87.54674995379038,0.6902891408118041,3.626356876043728,10.68227917313493,0.0414914217761915,0.533085837256805,1,scenario_model_generated_from_literature_calibrated_priors,0.9220855273687119,0.9585085782238085,0
hydrodynamic_only,pulmonary_reference,0.6202583508297912,0.5724669812060372,23.406469553729664,0.07210039898821327,0.6961989354293512,23.37,30.549245023912196,2.148021708065205,72.15478315181495,0.8235435478935914,3.0729871669649307,13.266515149447857,0.046903843497009684,0.5330314357514483,1,scenario_model_generated_from_literature_calibrated_priors,0.6928008119849296,0.9530961565029903,0
full_data_informed,pulmonary_reference,0.4268086228242214,0.867054794644042,58.19699507430914,0.10882434576469416,0.4893017970735645,23.37,17.693396183073975,2.503032070391457,84.31612900199578,0.715979826596516,3.0468473469031645,3.8600195467755487,0.04243864576326572,0.5329878736720162,1,scenario_model_generated_from_literature_calibrated_priors,0.7570986813467683,0.9575613542367343,0
full_data_informed,pulmonary_reference,0.6191514453768775,0.4355259639393111,52.0582194989934,0.4918212265240371,0.7555912013227172,23.37,25.088105603535787,2.217820717852095,79.61621017272088,0.8066093934954791,3.812827733910123,6.05900040871844,0.07431511117865292,0.5329179351989097,1,scenario_model_generated_from_literature_calibrated_priors,0.926482430315114,0.9256848888213471,0
biology_only,pulmonary_reference,0.7365796593436681,0.727122402945396,76.28040665765937,0.19518232636696328,0.8218333134607531,23.37,25.50188647915145,2.0017442008037407,88.92908080688271,0.7310733377859285,7.83795535035848,12.541771948083792,0.0491465650307535,0.5327855353328481,1,scenario_model_generated_from_literature_calibrated_priors,0.9087767873704985,0.9508534349692465,0
full_data_informed,aortic_high_pressure,0.5773846489012567,0.4814614250352665,61.580464701374076,0.3777794730171663,0.4712208260525685,32.75,32.64344347611395,2.1549732602069103,86.07522392185288,0.7459009266347889,4.635258192685569,10.015655082023045,0.07853780076403112,0.532783613174618,1,scenario_model_generated_from_literature_calibrated_priors,0.9967463656828688,0.9214621992359688,0
full_data_informed,aortic_high_pressure,0.6664179771341799,0.45922841634924777,52.88264463661185,0.08042417346793856,0.679203049670782,32.75,39.79471624956323,2.0433706469587287,88.90876288297845,0.7361620377396816,7.1734432910735055,11.96704932852778,0.04006457894522245,0.5327353941175349,1,scenario_model_generated_from_literature_calibrated_priors,0.78489416031868,0.9599354210547776,0
full_data_informed,aortic_high_pressure,0.5481191264646517,0.4377565463455695,50.230298008519796,0.0916489471989203,0.6677917405462057,32.75,29.97579418568286,2.3009247864665814,82.65265616374086,0.6948221279934433,4.516342908775082,14.891749743327615,0.03421142478077998,0.5326755414965144,1,scenario_model_generated_from_literature_calibrated_priors,0.9152914255170339,0.96578857521922,0
full_data_informed,pulmonary_reference,0.5171888343475365,0.3649240192684315,65.65199763759259,0.15142589519297125,0.46544013008855056,23.37,20.564501523655178,2.2544157116681784,87.03363400418341,0.7063903676229573,2.43960008839001,10.926688594590795,0.043049932864383515,0.5326575798754797,1,scenario_model_generated_from_literature_calibrated_priors,0.8799529963053135,0.9569500671356165,0
full_data_informed,aortic_high_pressure,0.4507997421618942,0.34987678679183143,69.39554906285869,0.1709298729819325,0.8171770737846341,32.75,26.875498616322965,2.338061787575445,88.03848891697096,0.7166803595635067,6.303445389880363,9.413628354659961,0.053422321085712585,0.5326312686675794,1,scenario_model_generated_from_literature_calibrated_priors,0.8206259119487929,0.9465776789142875,0
full_data_informed,aortic_high_pressure,0.7043065417493889,0.39479177082780137,66.35226896262053,0.18422133673414304,0.7196944061285575,32.75,39.26020403208913,1.8917884051787401,88.15967586632311,0.7805149275628661,4.720445306406681,12.56569694108989,0.06181461122001922,0.5326108789477895,1,scenario_model_generated_from_literature_calibrated_priors,0.8012151440583473,0.9381853887799808,0
biology_only,pulmonary_reference,0.7340532016890517,0.92811037894314,57.76540342240661,0.4459300283747982,0.9484565962363137,23.37,33.216798358497186,2.0874646082738297,86.10324544039392,0.8819277632602573,4.0199505233516035,11.195675449678381,0.06896235298641482,0.5324991301075022,1,scenario_model_generated_from_literature_calibrated_priors,0.5786564673300306,0.9310376470135852,0
hydrodynamic_only,pulmonary_reference,0.5197966631797466,0.6760099318754419,35.77838731639629,0.05567732717015379,0.7007057900011253,23.37,12.658543986874957,2.5238247013338233,80.99547356654726,0.7944598708180194,5.208227466341219,11.448102664663242,0.08566746735911031,0.5324941944452131,1,scenario_model_generated_from_literature_calibrated_priors,0.5416578513853212,0.9143325326408897,0
biology_only,pulmonary_reference,0.41919303867727487,0.6323703642514938,84.47945355177154,0.1707828514921196,0.7769509376606426,23.37,17.118342725960748,2.445464626632272,92.46180883690751,0.7069989002343304,4.408657512431448,11.197806804916562,0.0462593588024165,0.5324789638701255,1,scenario_model_generated_from_literature_calibrated_priors,0.7324922005117992,0.9537406411975835,0
hydrodynamic_only,pulmonary_reference,0.6752361067006671,0.5489900838388515,38.81032196349822,0.16812178022125185,0.8752471706020005,23.37,23.920762556941135,2.1864340980905284,80.75506354397035,0.7197928463288987,4.058810390400753,8.54897160591948,0.05200040346239168,0.5323959586972592,1,scenario_model_generated_from_literature_calibrated_priors,0.9764329243927627,0.9479995965376083,0
biology_only,pulmonary_reference,0.5933562552094627,0.4301068912909722,34.18186120588009,0.032900260312108354,0.7785181385456601,23.37,24.807570291438875,2.059593564203502,76.90906873987784,0.7374239856773137,3.9615087330575203,8.520516786032408,0.054552311064494374,0.5323920663763824,1,scenario_model_generated_from_literature_calibrated_priors,0.9384865087103605,0.9454476889355057,0
full_data_informed,pulmonary_reference,0.7260744878078,0.49168450649157314,53.012589670004765,0.054823569541933105,0.9722792806394169,23.37,28.63381622159619,2.1069606647671435,83.2680865858351,0.7535353349687697,4.602047257594198,10.90321121316913,0.049743323067901274,0.5323420311566098,1,scenario_model_generated_from_literature_calibrated_priors,0.7747618219257086,0.9502566769320987,0
full_data_informed,pulmonary_reference,0.5816609858268877,0.41642502714905316,50.855734474552584,0.12357496935815399,0.2842795787885441,23.37,22.626529564513476,2.213353802728743,81.84605718053406,0.698912776758653,4.287670741964185,8.90802825057534,0.03438808623785056,0.5323283047415834,1,scenario_model_generated_from_literature_calibrated_priors,0.9681869732354932,0.9656119137621495,0
hydrodynamic_only,aortic_high_pressure,0.5942548162891913,0.9505400726434304,39.39213561463839,0.4720506286213102,0.8888836834249065,32.75,31.50525894397044,2.558514069699468,72.64026161619428,0.7872022493921255,4.4776057931453375,12.10594102477549,0.09188630022317755,0.5322763775546683,1,scenario_model_generated_from_literature_calibrated_priors,0.9619926395105478,0.9081136997768224,0
biology_only,aortic_high_pressure,0.34154059976990453,0.6699826033874314,59.23938235307023,0.11692763249471627,0.8315072575831604,32.75,26.34353297074432,2.7682594753747356,77.82150989795775,0.7018595959706859,5.817815182294014,11.23348344603355,0.05176773080810088,0.5321615966994272,1,scenario_model_generated_from_literature_calibrated_priors,0.8043826861295975,0.9482322691918991,0
full_data_informed,aortic_high_pressure,0.5099222268407434,0.4906142001310359,59.6809273794087,0.07073410829371436,0.9093839580293362,32.75,32.35316552890812,2.3365867386238977,84.1214339527035,0.6697144872529216,7.897534356223291,9.49589794469548,0.06420905991055077,0.53214177447269,1,scenario_model_generated_from_literature_calibrated_priors,0.987882916913225,0.9357909400894492,0
full_data_informed,aortic_high_pressure,0.557048271870862,0.7013971172569002,57.92360073696515,0.17251169082435577,0.4472161520160642,32.75,33.21779912885714,2.258208954064207,81.70904214661495,0.7035569305975944,6.277462261439608,11.671049192537492,0.04910730870030413,0.5321084566162058,1,scenario_model_generated_from_literature_calibrated_priors,0.9857160571341332,0.9508926912996959,0
biology_only,pulmonary_reference,0.5532418669059509,0.5796260474648269,30.004674688803195,0.11572719049657518,0.6314306941225246,23.37,18.005938035645894,2.1840358730302163,75.78374836816768,0.7854128849304902,3.8780724480131776,5.977892689952121,0.04114409733412216,0.5321013995469082,1,scenario_model_generated_from_literature_calibrated_priors,0.77047231645896,0.9588559026658778,0
biology_only,pulmonary_reference,0.6258096052916,0.6389326325664967,57.5021929600996,0.10994150999677237,0.5178236237348343,23.37,22.60923066249868,2.1468180315681837,82.00389938771599,0.7153341657515526,9.959125702138081,14.804386797344517,0.06629370749277053,0.5320795666838588,1,scenario_model_generated_from_literature_calibrated_priors,0.9674467549207821,0.9337062925072295,0
biology_only,pulmonary_reference,0.3187408496954336,0.874639427674379,60.78409240733087,0.16783325383687744,0.8956826276229566,23.37,7.374464095808285,2.7134565146444816,89.33358997315013,0.8093044813769813,3.3834255500220416,12.354550907727353,0.05224860353691694,0.5320675596658333,0,scenario_model_generated_from_literature_calibrated_priors,0.3155525928886729,0.947751396463083,0
full_data_informed,pulmonary_reference,0.5903263186547829,0.4027915010524617,57.833928029337834,0.4262397719053089,0.6807581951439642,23.37,24.62063500677625,2.0422904460515765,84.68043001514451,0.7718733218966227,2.6700618496505135,10.122661190764022,0.038370865892254954,0.5320658253684558,1,scenario_model_generated_from_literature_calibrated_priors,0.9464854511435067,0.9616291341077451,0
hydrodynamic_only,aortic_high_pressure,0.7002228173957887,0.5076234106740954,45.11124727021204,0.15101556021197998,0.7043102325858618,32.75,33.71133891922086,2.0292747335172847,79.73245745845335,0.7333883202775512,3.92283148522367,14.766953312900396,0.03355994541557634,0.5320319553187355,1,scenario_model_generated_from_literature_calibrated_priors,0.9706461398711188,0.9664400545844236,0
biology_only,aortic_high_pressure,0.3886263356605017,0.6741087101398789,55.48164335255187,0.26054327763501534,0.8284438617221979,32.75,31.208145182697677,2.5543763417997716,86.03172972364237,0.6824351068309057,4.588553886227311,10.836151814217292,0.06705841635961683,0.531976322264444,1,scenario_model_generated_from_literature_calibrated_priors,0.9529204635938222,0.9329415836403832,0
biology_only,aortic_high_pressure,0.7566702738143745,0.9583496506451687,64.93498830900296,0.2999240262791987,0.377005612894334,32.75,40.46142579315063,2.114501741628271,87.39813623142254,0.7969044729087609,1.9753538778382762,12.312408124406003,0.0846244913562698,0.5319521642406786,1,scenario_model_generated_from_literature_calibrated_priors,0.7645366170030341,0.9153755086437302,0
biology_only,aortic_high_pressure,0.6488568022837652,0.6583885864197357,65.78315420416992,0.1967404097053321,0.35496096023051377,32.75,35.06966262901522,2.317288367653419,84.86251083165595,0.7311519225124847,4.760664311753114,13.483661503761628,0.12205979609729246,0.5319324179926171,1,scenario_model_generated_from_literature_calibrated_priors,0.9291706067476269,0.8779402039027075,0
biology_only,pulmonary_reference,0.3739765161329883,0.9567847420043832,57.00887490190806,0.3372260136401513,0.695791405720821,23.37,12.0869779710271,2.7114747427678503,82.12291905034236,0.8187464650440449,4.876787762458614,10.459574889065923,0.06521648800564028,0.531919859313658,1,scenario_model_generated_from_literature_calibrated_priors,0.5172005978188745,0.9347835119943597,0
full_data_informed,aortic_high_pressure,0.5878098706957775,0.552378137790858,61.34795136520544,0.14989437207237852,0.320114042949686,32.75,35.92571077691832,2.1056247675087034,85.0706188650359,0.7284721633966845,3.1757104193576673,13.689039805006686,0.05514887895342479,0.5319150984010683,1,scenario_model_generated_from_literature_calibrated_priors,0.903031732002494,0.9448511210465752,0
full_data_informed,pulmonary_reference,0.4975576193933301,0.4595827059672268,50.46154912297995,0.11115661544397963,0.66016807497781,23.37,17.947837032952048,2.1918401924544186,85.0866278999771,0.7569587460699947,6.041731995768226,8.669423824175439,0.0755832700824204,0.5318431023759883,1,scenario_model_generated_from_literature_calibrated_priors,0.7679861802718035,0.9244167299175796,0
hydrodynamic_only,aortic_high_pressure,0.3429698748534009,0.8206311779328409,45.19554467128979,0.33578985865669286,0.7192843631156373,32.75,26.134925143420176,2.7296616954660298,80.66233564876413,0.7440435463784213,7.233526339220943,6.310038655312642,0.07021142784135911,0.5318381190502783,1,scenario_model_generated_from_literature_calibrated_priors,0.7980129814784787,0.9297885721586409,0
biology_only,pulmonary_reference,0.6305215948069169,0.8718775883266134,44.96411838471163,0.22895049844368728,0.5598017794221658,23.37,24.5178204157356,2.257055222573357,84.23819390891721,0.7358225951723617,4.629042668170416,15.517324493917467,0.1092741452593042,0.5318332823051817,1,scenario_model_generated_from_literature_calibrated_priors,0.9508848773754558,0.8907258547406958,0
hydrodynamic_only,pulmonary_reference,0.5156023280050755,0.6939236317763015,23.892558212209853,0.3072085766902144,0.6379600469548208,23.37,21.866904859233813,2.366946796247553,70.30383108235414,0.7932323110727523,2.7095331612170033,8.14627612367069,0.08723524517051373,0.5317994058714384,1,scenario_model_generated_from_literature_calibrated_priors,0.9356827068563891,0.9127647548294863,0
biology_only,aortic_high_pressure,0.7027581851103822,0.5317070607564589,49.953635078198445,0.25082913654328354,0.926102616297102,32.75,39.00537035676446,2.040141637194678,81.33210795141747,0.7905954985828143,4.360101024178253,11.803822066579952,0.03599116129218551,0.5317096278449699,1,scenario_model_generated_from_literature_calibrated_priors,0.8089963249842913,0.9640088387078145,0
full_data_informed,pulmonary_reference,0.6137713352157912,0.44096639863105624,56.01725176943714,0.08303695436286555,0.12009990242909502,23.37,23.024983684616526,2.2451528768636893,84.68183458249007,0.6708554935116054,3.960277527707558,7.150713849094034,0.03979627807196387,0.5316623068244135,1,scenario_model_generated_from_literature_calibrated_priors,0.9852367858201337,0.9602037219280362,0
full_data_informed,pulmonary_reference,0.564995757811339,0.7211496385153124,60.81429087972374,0.48958201130516554,0.6820137500223649,23.37,21.161272200521037,2.3272217741339305,87.40767306606445,0.7639257601703406,3.810614984721857,8.697189206517567,0.07741324373897869,0.5316496901748448,1,scenario_model_generated_from_literature_calibrated_priors,0.905488754836159,0.9225867562610213,0
biology_only,pulmonary_reference,0.6116137148225065,0.6425971680766949,52.97703770875216,0.3935404801232615,0.5449828761227187,23.37,22.686169094210815,2.3014280136967855,82.83237330660673,0.745597658257875,2.62429515050265,10.550294287373164,0.0669696692139164,0.5316109767619568,1,scenario_model_generated_from_literature_calibrated_priors,0.9707389428417121,0.9330303307860837,0
full_data_informed,pulmonary_reference,0.670612036201139,0.3220042775652017,45.28637813409945,0.10060103782231816,0.5382508394421125,23.37,26.88669685508406,1.9202783515853656,83.55182521243238,0.7595996066682414,5.244884796413913,16.365790329950503,0.04871609792347762,0.5315388855895153,1,scenario_model_generated_from_literature_calibrated_priors,0.8495208876729115,0.9512839020765224,0
full_data_informed,pulmonary_reference,0.6602483305652983,0.8356455566384584,59.17352824943465,0.4237265975777367,0.3200228955551477,23.37,23.65828648889188,2.4746249147498562,84.03617779186408,0.7181444818497364,3.4754105794058257,11.209689948893752,0.061333172099231725,0.5314253227391466,1,scenario_model_generated_from_literature_calibrated_priors,0.9876642495125427,0.9386668279007683,0
biology_only,aortic_high_pressure,0.49182879793131934,0.6749045393529565,58.22126749265598,0.5739837437214292,0.6895854615985423,32.75,28.740871820113313,2.4571737750916127,83.49303092022461,0.7849312620080351,10.078973315509073,10.877344901707477,0.06760647002539895,0.5313916044369661,1,scenario_model_generated_from_literature_calibrated_priors,0.8775838723698721,0.932393529974601,0
hydrodynamic_only,aortic_high_pressure,0.5702521283640273,0.4800067313575988,39.03557636396458,0.2663060406656658,0.5717393535492934,32.75,37.31329815234264,2.205484148079071,84.24485798128491,0.743819059337833,2.4281739503219284,8.506459529635167,0.031341135406480036,0.5312794099942901,1,scenario_model_generated_from_literature_calibrated_priors,0.860662651836866,0.9686588645935199,0
full_data_informed,aortic_high_pressure,0.6309784962489977,0.5805007230321959,42.34256522999087,0.18629623167961146,0.6727616750173607,32.75,36.66306728144556,2.198975105399086,83.02437484342818,0.7563747205370412,6.797165310102512,7.405654919452437,0.10409723344087406,0.5311728002776753,1,scenario_model_generated_from_literature_calibrated_priors,0.8805170295741815,0.8959027665591259,0
full_data_informed,pulmonary_reference,0.5511397867610441,0.5152417321064742,51.778121730689,0.09061312662358069,0.2297563921531702,23.37,18.73826748606073,2.2161579683636954,88.29789327330384,0.7229313147434876,4.055684237224597,11.399352675315223,0.07001289637261576,0.5311411795411366,1,scenario_model_generated_from_literature_calibrated_priors,0.801808621568709,0.9299871036273842,0
biology_only,aortic_high_pressure,0.34366587674966176,0.7184162899988529,72.12940251494547,0.643423468816261,0.7141557058394191,32.75,26.108003926412394,2.5483343734102615,88.33506079760276,0.7872395109782077,2.8722499238084067,9.677864033683765,0.06320922230785127,0.5311359847927015,1,scenario_model_generated_from_literature_calibrated_priors,0.7971909595851112,0.9367907776921487,0
full_data_informed,pulmonary_reference,0.5651107847101056,0.7337856854599674,60.77195793954394,0.16977868759819337,0.3341291674959747,23.37,16.976847725172245,2.355016175032721,81.33588996960201,0.7651144680913566,3.3283543955409707,9.607800409531052,0.05022119467856453,0.5310583183412886,1,scenario_model_generated_from_literature_calibrated_priors,0.7264376433535407,0.9497788053214354,0
full_data_informed,pulmonary_reference,0.688883441430769,0.7807168745294892,40.404573428166515,0.12042687006237013,0.3340041249589019,23.37,25.81388052971886,2.054364101781623,84.67443545247293,0.7427271245093275,5.4246598522122245,13.977282303259582,0.0865141835309005,0.5310523533457764,1,scenario_model_generated_from_literature_calibrated_priors,0.895426592652167,0.9134858164690995,0
hydrodynamic_only,pulmonary_reference,0.5616152075363212,0.7458234151024546,27.115632427510068,0.33285659081143526,0.9258237733657969,23.37,24.899776061943832,2.3688733788245893,69.83064754294581,0.8573390422904862,5.957777455205566,9.142957863817903,0.24189304663970737,0.5310347414970739,1,scenario_model_generated_from_literature_calibrated_priors,0.9345410328650479,0.7581069533602927,0
hydrodynamic_only,aortic_high_pressure,0.5332547948661445,0.6484577980370488,33.89872959475008,0.2037902531832239,0.641995867787097,32.75,29.518499788951893,2.2090021480094864,80.50188474996762,0.7482276478642109,6.244951560363281,10.351858252750334,0.06586946693347989,0.530926165629041,1,scenario_model_generated_from_literature_calibrated_priors,0.9013282378305921,0.9341305330665202,0
full_data_informed,aortic_high_pressure,0.6668471466702741,0.8924385514359017,61.089960502679645,0.3892585365476167,0.780253573286769,32.75,34.97702323363602,2.126375031339674,86.44238724638359,0.762724786885157,9.250115585586567,10.49231280376236,0.07523678470142248,0.5309208054953231,1,scenario_model_generated_from_literature_calibrated_priors,0.9319992905759995,0.9247632152985775,0
hydrodynamic_only,aortic_high_pressure,0.46583433431310184,0.25855006617703347,29.447571156156712,0.14549219613191028,0.4207255257146631,32.75,31.523487803217,2.4797251606978237,77.4447029931352,0.6903232564046041,3.9275338627283123,7.088607477633978,0.03920558957856207,0.5309161305973161,1,scenario_model_generated_from_literature_calibrated_priors,0.9625492458997558,0.9607944104214379,0
full_data_informed,pulmonary_reference,0.42097438662285935,0.9279905257626447,67.01211298445526,0.29818160047698766,0.9051160314191372,23.37,13.911577201601165,2.663348348861423,91.00193741449158,0.7462158616340692,4.354166135947954,10.027299291380915,0.04412703967442096,0.530899714608275,1,scenario_model_generated_from_literature_calibrated_priors,0.5952750193239694,0.955872960325579,0
biology_only,aortic_high_pressure,0.6200556767305327,0.6601054272190869,72.32484221910612,0.1648156842583761,0.39340995047099014,32.75,37.599349377713786,2.1451735865110817,91.56077056372015,0.7155758647573919,3.4012366022329994,11.316139901434589,0.06755788762339923,0.5308468043710507,1,scenario_model_generated_from_literature_calibrated_priors,0.851928263275915,0.9324421123766008,0
hydrodynamic_only,aortic_high_pressure,0.6424756989293637,0.1370374020388238,42.00104835328768,0.07954890953745788,0.9355864575391508,32.75,39.51410466772599,2.0582339508796057,80.63965291668393,0.7653791331934964,9.766508278048812,11.646124778579752,0.04736977138869396,0.5307947268973557,1,scenario_model_generated_from_literature_calibrated_priors,0.793462452893863,0.9526302286113061,0
biology_only,aortic_high_pressure,0.405655290198521,0.878159336263712,42.42640714847654,0.03600431087246249,0.6117751069151708,32.75,24.82413589662753,2.528429305766471,82.40943582376073,0.6988868899846399,2.3830935327635214,8.00892808980572,0.036112973741656895,0.5305911887769521,1,scenario_model_generated_from_literature_calibrated_priors,0.757988882339772,0.9638870262583431,0
full_data_informed,pulmonary_reference,0.5919483301872881,0.5776946885081523,61.16501552739931,0.19032573110216086,0.7073092339574317,23.37,24.426674286514352,2.132646835446189,87.45084803179226,0.7083304270765376,4.000464232288808,11.378103664613873,0.06468811734464555,0.5305406916913081,1,scenario_model_generated_from_literature_calibrated_priors,0.954785011274525,0.9353118826553545,0
full_data_informed,aortic_high_pressure,0.4069669470573345,0.4299558738210478,46.821510704768485,0.18788448409186154,0.18735408549577393,32.75,29.344272403071283,2.439447195769025,84.02014957536173,0.6923341208959444,4.108561454342571,9.438518247233892,0.03718424620456479,0.5305297197984434,1,scenario_model_generated_from_literature_calibrated_priors,0.8960083176510315,0.9628157537954352,0
biology_only,aortic_high_pressure,0.597077013171601,0.6840571025374178,49.51702953550506,0.364777827839361,0.5222579065927591,32.75,35.420856541120685,2.330000978708151,81.25461868100689,0.7426834465658374,3.9666702231551936,11.170601270700649,0.032584452527913185,0.5305033269091046,1,scenario_model_generated_from_literature_calibrated_priors,0.9184471285153989,0.9674155474720868,0
hydrodynamic_only,aortic_high_pressure,0.6426712377500465,0.9204357273246654,45.96476610558843,0.41900410644072406,0.2604469862111799,32.75,34.69924762337258,2.299103998721657,82.35279807448586,0.750564256538968,3.31014381277492,9.566923441516794,0.04545241541671529,0.5304922278665088,1,scenario_model_generated_from_literature_calibrated_priors,0.9404809885993106,0.9545475845832847,0
full_data_informed,pulmonary_reference,0.5847178674265188,0.48963253238206933,68.17609054952561,0.3013923605359953,0.2462285595714788,23.37,22.422708301238657,2.2619877123834966,85.45421947026689,0.7218865373150685,1.993189840582795,10.335602535009794,0.06678216999332573,0.5304486480688996,1,scenario_model_generated_from_literature_calibrated_priors,0.9594654814393948,0.9332178300066742,0
full_data_informed,aortic_high_pressure,0.5219714770443252,0.5742351481659567,63.41201695774238,0.33198834510367675,0.6933901515043885,32.75,29.46263565012536,2.220586072424088,85.75325603931766,0.7503157734476505,7.307115354586189,11.704496724527074,0.07175764908117778,0.5304321933906165,1,scenario_model_generated_from_literature_calibrated_priors,0.8996224625992476,0.9282423509188222,0
full_data_informed,pulmonary_reference,0.5784271920999037,0.5832553874792975,58.032663239405906,0.26106902843846713,0.9677856340903175,23.37,22.106765378943113,2.172679809534705,81.24193209977393,0.7393451935552244,5.348891325635743,11.858598510831488,0.04778572122796411,0.5303767696645851,1,scenario_model_generated_from_literature_calibrated_priors,0.9459463148884515,0.9522142787720359,0
full_data_informed,aortic_high_pressure,0.6388812160166013,0.4851936096308598,43.92346741265084,0.03579866272576493,0.35712786322573414,32.75,36.43653970507504,1.9455631647720757,78.35578926009094,0.7514655851655717,5.597042688904345,13.80231792245684,0.04550196446225706,0.5302819856004988,1,scenario_model_generated_from_literature_calibrated_priors,0.8874339021351132,0.9544980355377429,0
biology_only,aortic_high_pressure,0.5668390803516506,0.5685311618880188,43.200238623399926,0.2249823586277233,0.3858231838002745,32.75,34.461963698170145,2.2273999012369647,78.70900511255584,0.7350669201148291,4.175749230682893,8.38891675637696,0.045346969985565824,0.5302473627398703,1,scenario_model_generated_from_literature_calibrated_priors,0.9477262992925146,0.9546530300144341,0
full_data_informed,pulmonary_reference,0.6918986722722142,0.7760372925929565,55.247695687516426,0.06942200018209202,0.8195500543806243,23.37,27.903486383026905,2.080202815779186,86.78292801187914,0.7377642969690726,5.752407252600452,11.42560558646358,0.06886502588587648,0.5302297594420106,1,scenario_model_generated_from_literature_calibrated_priors,0.806012563841382,0.9311349741141235,0
full_data_informed,aortic_high_pressure,0.5857115802290569,0.10682981743223727,72.35573388825499,0.2930705143997603,0.6843717183843508,32.75,31.649331139926215,2.0711129498553498,93.0944728981477,0.694952806117962,11.405757636129643,11.48958358905471,0.03428017680023426,0.5300424227028108,1,scenario_model_generated_from_literature_calibrated_priors,0.9663917905320981,0.9657198231997657,1
full_data_informed,pulmonary_reference,0.5600351038190299,0.3608762058653765,43.59577784160989,0.3500663077160517,0.2002204174626818,23.37,24.553245764316017,2.2150820372152036,82.97736693045181,0.7445651642694633,1.8506262527553585,7.185409951297218,0.054456413083621175,0.5300366842416223,1,scenario_model_generated_from_literature_calibrated_priors,0.9493690301961483,0.9455435869163789,0
full_data_informed,aortic_high_pressure,0.7312837862789553,0.6732525883378855,58.32669814751315,0.08375254539859438,0.7186412074335305,32.75,37.89395285035714,1.9314299195247324,85.4261483292065,0.7477778762089777,4.10275234038026,11.895268668722945,0.055130572778378004,0.530036104187392,1,scenario_model_generated_from_literature_calibrated_priors,0.8429327373936751,0.944869427221622,0
biology_only,aortic_high_pressure,0.4982760215826101,0.3053519177885047,53.9641709569648,0.11093026598372377,0.5459498509476958,32.75,31.567700266666314,2.3757129496111205,87.91721486435486,0.6742554324681482,5.05071416019238,9.777417245419418,0.10641392923297545,0.5299911752910875,1,scenario_model_generated_from_literature_calibrated_priors,0.9638992447837043,0.8935860707670246,0
biology_only,pulmonary_reference,0.491345404944342,0.4061670282609027,53.959100701902514,0.43034006075565434,0.8574143854948296,23.37,22.236034074440056,2.4101475210321883,82.11708620388458,0.7421732056471932,7.834864379257914,11.066313766274819,0.0612846060728172,0.5299754609159066,1,scenario_model_generated_from_literature_calibrated_priors,0.9514777096465578,0.9387153939271828,0
full_data_informed,pulmonary_reference,0.5106722288563841,0.7019378025256663,66.87864566193123,0.2112938535000352,0.7317252630390296,23.37,16.30331517511341,2.3819042893115654,86.03951379980407,0.7550843908731514,6.8433646168469595,9.099540123928286,0.0496626782969602,0.5299663168832436,1,scenario_model_generated_from_literature_calibrated_priors,0.6976172518234236,0.9503373217030398,0
biology_only,aortic_high_pressure,0.6817377501761283,0.5683342917101966,48.07556514082129,0.22378533617720275,0.768565126974284,32.75,33.69150375671215,1.8639644549430758,87.6051705120294,0.7437334065681283,5.676334765784348,8.405843039469923,0.07508493871235569,0.5298893585818488,1,scenario_model_generated_from_literature_calibrated_priors,0.9712517936881786,0.9249150612876443,0
full_data_informed,pulmonary_reference,0.540411736547521,0.7019269310149149,73.59647480314594,0.42123661753086955,0.417990380917346,23.37,22.775179397767563,2.2967614327247805,84.94028760318707,0.7549698067035444,5.2874868638436165,9.833661339849344,0.11372038324019397,0.5298694396130595,1,scenario_model_generated_from_literature_calibrated_priors,0.9745476849707986,0.886279616759806,0
biology_only,pulmonary_reference,0.624989863836557,0.6208501453292284,50.81420799405811,0.35750631531717414,0.9321582309279405,23.37,22.480174086883313,2.1033157624777514,84.95771997755367,0.7477246997921402,12.0,9.41446652166779,0.057180941435659376,0.5298155345512874,1,scenario_model_generated_from_literature_calibrated_priors,0.9619244367515324,0.9428190585643407,0
full_data_informed,pulmonary_reference,0.5406852373807239,0.6690003104065697,62.01636887649025,0.38824945021889257,0.3670157608028603,23.37,22.445114568698067,2.3041907477334544,85.5865149876623,0.7341268060909774,2.4376680451535835,9.013005994675058,0.07523964256491178,0.5297511333050376,1,scenario_model_generated_from_literature_calibrated_priors,0.9604242434188304,0.9247603574350882,0
full_data_informed,pulmonary_reference,0.639910537967459,0.4356291057792855,55.02650045172735,0.121608744278824,0.8412280495924332,23.37,26.508410096863937,2.145882939018483,82.50067064601005,0.7362259618875121,8.293819900482843,12.946717996179055,0.05906110413141948,0.5297167108024509,1,scenario_model_generated_from_literature_calibrated_priors,0.8657077408273883,0.9409388958685805,0
full_data_informed,pulmonary_reference,0.5702227789386444,0.8648833822902807,50.69262899075028,0.35570598897929584,0.5543792816659897,23.37,18.396393229577708,2.49296799075402,83.13824562777447,0.7590508612055753,5.9683558407571535,13.199127914013808,0.059012402611587335,0.5296617225314344,1,scenario_model_generated_from_literature_calibrated_priors,0.7871798557799617,0.9409875973884126,0
biology_only,pulmonary_reference,0.5477344333652582,0.6000123534771424,66.80948430986345,0.13716247853259259,0.7251696954033368,23.37,19.91247000201329,2.169010815403136,87.11701000964406,0.7231782466740736,7.4922512240485855,10.955226048847825,0.06649465571602624,0.5296301949932668,1,scenario_model_generated_from_literature_calibrated_priors,0.8520526316650958,0.9335053442839738,0
full_data_informed,aortic_high_pressure,0.6507183451134999,0.37713111817778877,59.11668328361465,0.02027795176658046,0.20783212051834005,32.75,34.720189023768214,2.215186219076211,84.4045572682849,0.6871428266908336,6.675917961109154,8.651982744953317,0.0802917178741468,0.5295995770288231,1,scenario_model_generated_from_literature_calibrated_priors,0.9398415565261614,0.9197082821258532,0
hydrodynamic_only,aortic_high_pressure,0.4838918746976472,0.6030259780008271,31.20864120693906,0.2756239253890703,0.918242133484543,32.75,34.02805205307734,2.430439359224076,71.6155501352096,0.7450794014647274,4.972160692173096,13.046764904610223,0.04429551352742947,0.5295431718038162,1,scenario_model_generated_from_literature_calibrated_priors,0.9609755098296996,0.9557044864725706,0
full_data_informed,aortic_high_pressure,0.5026807159701494,0.7289131756733486,63.62029468829812,0.4260508660742352,0.7914115774005251,32.75,29.464360176379795,2.49053562214676,89.24542646398689,0.7112103117608399,6.3108090653833075,7.227684206755528,0.051448055516016854,0.5295221359003008,1,scenario_model_generated_from_literature_calibrated_priors,0.8996751198894594,0.9485519444839832,0
full_data_informed,pulmonary_reference,0.5294161774565456,0.33730578704323033,48.57151997171307,0.02724325232200648,0.36778796039968453,23.37,19.901157966688732,2.310204429112548,85.19750570559776,0.6785374172044215,7.690226806789795,11.422371711489372,0.027566955853345027,0.5294495047236869,1,scenario_model_generated_from_literature_calibrated_priors,0.851568590786852,0.972433044146655,0
hydrodynamic_only,aortic_high_pressure,0.6242666148493456,0.6720653404929925,25.11987239699674,0.06232513767906076,0.5778092702908637,32.75,37.42895738671216,2.157792130740841,68.67897208230596,0.8529733135713929,4.925280379657741,9.09376628060153,0.23875083976203332,0.5294301312683029,1,scenario_model_generated_from_literature_calibrated_priors,0.8571310721614607,0.7612491602379667,0
biology_only,pulmonary_reference,0.6095931265982886,0.5874540472331599,78.52295301787979,0.44286356067191623,0.9608477394536139,23.37,20.1408564290158,2.0509326911103747,92.41587009870936,0.7891123253348852,5.64284868548733,11.230632831836155,0.11824649028173642,0.5293928858029535,1,scenario_model_generated_from_literature_calibrated_priors,0.8618252643994778,0.8817535097182636,0
full_data_informed,aortic_high_pressure,0.5182304139589058,0.3966382324123892,61.44156948586668,0.02263494802370437,0.46335121299038273,32.75,30.845549838521446,2.2332858886208924,88.28669443568391,0.654015143708279,4.009314158819621,5.778143999318557,0.04467043023528636,0.5293305020969533,1,scenario_model_generated_from_literature_calibrated_priors,0.9418488500311892,0.9553295697647136,0
biology_only,pulmonary_reference,0.5756579272128322,0.5215117315487405,47.317806693992054,0.041402955985771345,0.3376337879697099,23.37,20.324065787374167,2.0880718898840254,82.19628023506054,0.7245791112877075,3.079353320199245,11.245733069951724,0.05256161396974546,0.5293178039216574,1,scenario_model_generated_from_literature_calibrated_priors,0.8696647748127585,0.9474383860302545,0
biology_only,pulmonary_reference,0.788150290554323,0.8619587547609014,45.05070745876561,0.0603266245924656,0.860145687631509,23.37,29.35456265731311,1.9676433520341512,83.03776853964067,0.7670728056082708,4.259456829958815,11.446084222039282,0.0322395330492061,0.5293068124182547,1,scenario_model_generated_from_literature_calibrated_priors,0.7439211528749204,0.9677604669507939,0
full_data_informed,aortic_high_pressure,0.7681053511949327,0.7007104479395674,68.49569172944436,0.12460513601703774,0.7359094715298263,32.75,41.57044281686168,1.8746753574552715,88.32073708207976,0.7843055613108173,5.436754224847689,3.9563379438209774,0.06632321230191726,0.5292201257344066,1,scenario_model_generated_from_literature_calibrated_priors,0.730673501775216,0.9336767876980827,0
biology_only,pulmonary_reference,0.38641970885547394,0.6322486931040169,51.080848069728845,0.23041915165395455,0.6176806713394065,23.37,19.296732213739805,2.542640546821617,83.1655538845938,0.7210943324844895,6.917473350845243,11.55687893755442,0.06971189961220876,0.5291868405830216,1,scenario_model_generated_from_literature_calibrated_priors,0.8257052723037999,0.9302881003877912,0
biology_only,pulmonary_reference,0.6517710314829342,0.4483465546399647,61.60789076421695,0.19454421929410506,0.7874738871170444,23.37,28.77489881014829,2.0651402459559622,85.25697540328623,0.7736216209150046,5.32574099169497,16.051019501716432,0.057987600100724644,0.5290460846699458,1,scenario_model_generated_from_literature_calibrated_priors,0.7687249118464574,0.9420123998992753,0
biology_only,pulmonary_reference,0.72275959421179,0.7640513954640022,60.488399701379514,0.1209498704189084,0.3537266856850788,23.37,31.57894765846305,2.088403162300937,83.58096488797378,0.7956077018171847,6.717654348884935,9.106600002810351,0.050991420012016044,0.529035305352283,1,scenario_model_generated_from_literature_calibrated_priors,0.6487399375925096,0.9490085799879839,0
hydrodynamic_only,pulmonary_reference,0.5428950322737309,0.3825971884293579,31.387884153084187,0.33100175522010167,0.17161212350187688,23.37,23.781005383347374,2.2957428514974714,79.16169048689454,0.7331097745777365,6.212883924188976,10.894826168571901,0.047312274184852496,0.5290237608983153,1,scenario_model_generated_from_literature_calibrated_priors,0.9824131200963897,0.9526877258151475,0
full_data_informed,aortic_high_pressure,0.7116886766866609,0.39930309222381843,62.300667107730796,0.2229621978343806,0.691527124987357,32.75,38.19011237665803,2.002466684113929,82.10072247651081,0.7908289405487821,6.491839327211092,12.66928761308416,0.08296877996614714,0.5290075728832889,1,scenario_model_generated_from_literature_calibrated_priors,0.8338896984226556,0.9170312200338528,0
full_data_informed,pulmonary_reference,0.6834617637465477,0.5738457884803284,56.53367241358071,0.1402127767178559,0.3078449331869783,23.37,24.619050116042647,2.1359609654042866,88.4552655841825,0.6901521505218591,2.678477859991939,8.353540811766376,0.05800647203064387,0.5289697640940343,1,scenario_model_generated_from_literature_calibrated_priors,0.9465532684620177,0.9419935279693561,0
hydrodynamic_only,pulmonary_reference,0.4900371633139868,0.8564458911224185,34.12286870857529,0.2320298915002495,0.6874693690048559,23.37,18.474120088625334,2.4431946910244875,74.1522876240762,0.7821813701687894,3.430141859944035,8.926762502867227,0.07212263425206608,0.5289087085965805,1,scenario_model_generated_from_literature_calibrated_priors,0.790505780428983,0.9278773657479339,0
full_data_informed,pulmonary_reference,0.5346446448572821,0.8023178391875405,55.80822845942241,0.10913740427434983,0.5229524638168499,23.37,19.2423271196681,2.3434152513718765,85.3330244720438,0.7055470140927185,6.088653125429645,7.939782086382691,0.05169305909504406,0.528903344782001,1,scenario_model_generated_from_literature_calibrated_priors,0.8233772836828455,0.9483069409049559,0
full_data_informed,aortic_high_pressure,0.49878809663299994,0.7506190965641699,53.72696582169508,0.16327827761359295,0.34149579490456045,32.75,27.57549996393143,2.2993704607901146,86.79731560457745,0.7073054228553136,2.9248729744728923,12.449507406196062,0.045962730879984225,0.5288956694449323,1,scenario_model_generated_from_literature_calibrated_priors,0.8419999988986697,0.9540372691200157,0
full_data_informed,pulmonary_reference,0.49563382131437583,0.8407862265708368,38.92074670168848,0.38979902398996896,0.552072074396669,23.37,17.32162717903898,2.565406191456457,80.86816668781897,0.7947608915716033,7.12623961065192,5.988584423115507,0.10575194517516624,0.5284712375940364,1,scenario_model_generated_from_literature_calibrated_priors,0.7411907222524168,0.8942480548248337,0
hydrodynamic_only,pulmonary_reference,0.6202019973634114,0.8716754164553487,31.866504169522035,0.6784608968736672,0.9446507940194057,23.37,21.90079787636502,2.2348160087921607,73.24174488062424,0.8493941768540586,6.9953110200837445,12.141689021987812,0.06273167340840348,0.5284635142950533,1,scenario_model_generated_from_literature_calibrated_priors,0.937132985723792,0.9372683265915965,0
full_data_informed,pulmonary_reference,0.6238905002017753,0.3224995116851728,65.64984776611611,0.04919189704512545,0.5206874714378078,23.37,29.039316346889372,2.042676057598312,88.51637088393369,0.7295707122607505,6.019687841874326,8.985423748599082,0.03984279567389003,0.5284620319257702,1,scenario_model_generated_from_literature_calibrated_priors,0.7574105114724274,0.96015720432611,0
full_data_informed,aortic_high_pressure,0.7124423833332112,0.24535286843450493,59.043101699191254,0.07068193251011273,0.7475854611803726,32.75,38.40698432250745,1.9352533800729197,87.1039164528907,0.7386931379508267,4.83629244820016,6.061573308052468,0.056343980793567075,0.5284033635433665,1,scenario_model_generated_from_literature_calibrated_priors,0.8272676542745817,0.9436560192064329,0
biology_only,aortic_high_pressure,0.4925044671883442,0.683497403227262,57.295637413218806,0.45642952809431236,0.45831626141434884,32.75,28.20857020697406,2.3414002810000327,83.18312641063139,0.7772675697470601,3.2728051251224377,12.691538677166369,0.07309012824982002,0.5284028846752922,1,scenario_model_generated_from_literature_calibrated_priors,0.8613303879992079,0.92690987175018,0
full_data_informed,pulmonary_reference,0.5194156758424452,0.7914649282078293,46.21441651633411,0.10591945484195218,0.479737633610698,23.37,15.649943117755022,2.4124605754806177,83.23944701913972,0.7469788076084761,3.9492910081798156,6.920133348690465,0.04800961827656263,0.5283891803874555,1,scenario_model_generated_from_literature_calibrated_priors,0.6696595257918281,0.9519903817234374,0
full_data_informed,pulmonary_reference,0.6776678610985452,0.6351629334934185,52.38196269995687,0.19866923161908637,0.6740462940130929,23.37,26.83886260732498,2.018578363187681,86.58605710519862,0.7456022658860623,4.750970992054791,15.975736372263096,0.04928152146109674,0.5283463159088049,1,scenario_model_generated_from_literature_calibrated_priors,0.8515677104268302,0.9507184785389032,0
biology_only,pulmonary_reference,0.3821647617564715,0.7816672999612501,68.16827963648822,0.15593626876957806,0.5158568989949389,23.37,15.7546513359162,2.7427135679005876,89.7031415953211,0.6865982484540032,6.348284207546931,11.07165838541208,0.04441754094405591,0.5282876871817015,1,scenario_model_generated_from_literature_calibrated_priors,0.6741399801418999,0.9555824590559441,0
biology_only,pulmonary_reference,0.6195218446102881,0.22540066380879098,48.895787939943204,0.2618398376304618,0.8508805467141551,23.37,25.912543491673993,2.029253147403411,84.13949928228021,0.7552215332552975,6.252044960266389,14.620384283710733,0.04945223349659955,0.5281918333820306,1,scenario_model_generated_from_literature_calibrated_priors,0.8912048142201972,0.9505477665034004,0
biology_only,aortic_high_pressure,0.5343550124392857,0.6676987413776728,60.32666377541954,0.151404140029627,0.7540178615225329,32.75,26.375212942218837,2.4073993677278414,83.52021413839518,0.7243981034236947,5.47005727025662,12.428841739302545,0.07062663923797226,0.5281829654133532,1,scenario_model_generated_from_literature_calibrated_priors,0.8053500135028653,0.9293733607620277,0
biology_only,pulmonary_reference,0.5183993176396849,0.9793824709899538,45.63192145565158,0.4956436926883971,0.52164354901305,23.37,19.98566045779262,2.453148471494638,80.4642582981672,0.7833716032321162,4.254391197354862,10.20254597974276,0.0707221109713988,0.5281642619861929,1,scenario_model_generated_from_literature_calibrated_priors,0.8551844440647248,0.9292778890286012,0
biology_only,aortic_high_pressure,0.5010981125090226,0.8990548133606961,44.0854225629886,0.2040345000671617,0.3714921331207852,32.75,26.577317931075893,2.525878113224944,84.55256415114377,0.7106620732846319,3.3149277601008094,9.009789097622063,0.06253068175933446,0.5280214618100798,1,scenario_model_generated_from_literature_calibrated_priors,0.8115211582007906,0.9374693182406655,0
hydrodynamic_only,pulmonary_reference,0.3721993194081974,0.48579987416754233,42.267469743326544,0.2917470746164415,0.6977206519340685,23.37,11.927080687057382,2.5029626316197793,82.3504160771555,0.8178461732405277,4.982206559199633,9.804407759431744,0.04225205113041981,0.5280172121836342,1,scenario_model_generated_from_literature_calibrated_priors,0.5103586087743852,0.9577479488695801,0
biology_only,aortic_high_pressure,0.5861391212286251,0.29521029835975077,74.82620112361002,0.031781398690243746,0.5484555286209575,32.75,37.550344470708595,2.1072276728244113,92.01163709035198,0.6686476873360391,4.703246013221456,10.650637713237943,0.023092342040288674,0.5279880240210338,1,scenario_model_generated_from_literature_calibrated_priors,0.8534245963142414,0.9769076579597114,1
biology_only,pulmonary_reference,0.5007919487341332,0.7041271839045531,42.35787379778819,0.056224775527416386,0.6347535593466823,23.37,13.331538706193223,2.4807717532199494,80.09274170867987,0.7702703866672934,9.336171777042729,9.149772651356232,0.048348317570973895,0.5279399997862532,1,scenario_model_generated_from_literature_calibrated_priors,0.5704552291909808,0.9516516824290261,0
biology_only,pulmonary_reference,0.5783535338616297,0.8522031383362673,36.2083674919679,0.6578856020884088,0.41090420519398196,23.37,24.61640105734565,2.1998074036520077,77.32161371537734,0.8416215886725805,5.2646355636465705,14.33243539232553,0.09800032240143407,0.5279394369322152,1,scenario_model_generated_from_literature_calibrated_priors,0.9466666214229503,0.9019996775985659,0
hydrodynamic_only,pulmonary_reference,0.649583205072566,0.528343716453424,40.771996240375834,0.1983892926600383,0.5371448438721035,23.37,29.663601982841584,2.2770921932345125,81.57618219076763,0.7784248723899588,3.287717592902855,13.475315361157442,0.07192493509497203,0.5279347378469168,1,scenario_model_generated_from_literature_calibrated_priors,0.7306973905502104,0.928075064905028,0
full_data_informed,pulmonary_reference,0.5656911639425596,0.5654982191540954,58.71566236234321,0.007660177882624184,0.07859886003332714,23.37,18.82305964033347,2.077929600797609,88.21906082551712,0.7201320393208525,5.0897164640642645,10.077349911474181,0.08381582321576683,0.5277753244360449,1,scenario_model_generated_from_literature_calibrated_priors,0.8054368695050692,0.9161841767842331,0
hydrodynamic_only,pulmonary_reference,0.6710997729815134,0.6447373064111305,25.411271814314922,0.10545139819870007,0.20751302978035469,23.37,24.725221364929368,2.059474328984391,71.10360425016934,0.7558882817421447,3.6005902551346574,12.531136411055417,0.03308136174027416,0.5277453780374277,1,scenario_model_generated_from_literature_calibrated_priors,0.9420102111711867,0.9669186382597258,0
full_data_informed,aortic_high_pressure,0.526668393320669,0.34219379856401677,62.62056350786927,0.1715839912325573,0.3964706197135205,32.75,31.454482946821933,2.344280807426273,88.74590557177018,0.6710939094591954,3.0432332697365507,10.292016665819734,0.07901056604904963,0.5277007697929746,1,scenario_model_generated_from_literature_calibrated_priors,0.9604422273838759,0.9209894339509503,0
full_data_informed,pulmonary_reference,0.5576564635826459,0.7737064215485043,64.42108043089972,0.28874664318273574,0.44041590715638124,23.37,19.40714891731366,2.2136667569731925,85.56462240925529,0.7496181037432099,3.9680630880890404,12.282943076120342,0.05248124301184614,0.5276941304828974,1,scenario_model_generated_from_literature_calibrated_priors,0.8304299921828694,0.9475187569881539,0
full_data_informed,aortic_high_pressure,0.5972616398272809,0.356037300394731,69.08961609064188,0.23122482176030507,0.6936325897911662,32.75,34.480713810721014,2.0939991066765837,86.05341307521267,0.7147304586461823,4.312679335348955,11.119116329394377,0.045803316477448695,0.5276148283360176,1,scenario_model_generated_from_literature_calibrated_priors,0.9471537767718774,0.9541966835225513,0
biology_only,pulmonary_reference,0.4393533247789624,0.7782025734575171,53.35669063389281,0.06065575614183562,0.7308048952459432,23.37,13.656859020836487,2.4176976836611224,81.80073318108339,0.7661226662837074,3.8264956500601763,10.799269010348066,0.04745768705247356,0.5275771117409316,1,scenario_model_generated_from_literature_calibrated_priors,0.5843756534375903,0.9525423129475264,0
biology_only,aortic_high_pressure,0.359108532739695,0.9209831870166179,44.16918759540851,0.14327073729385184,0.6408264669304365,32.75,23.30159010371758,2.6700570029163804,82.35674760623287,0.7137506360281901,5.1798984822069265,11.508178417127889,0.049303617015468294,0.527549897398654,1,scenario_model_generated_from_literature_calibrated_priors,0.711498934464659,0.9506963829845317,0
biology_only,pulmonary_reference,0.5090265760473122,0.37392885259905667,60.84510126780423,0.5173501602867057,0.718552189365289,23.37,21.381501946258126,2.3104497113839226,80.94648366881303,0.7824805001480651,5.3779014592542405,6.224609509397678,0.06703267133777563,0.5275442096761,1,scenario_model_generated_from_literature_calibrated_priors,0.914912363981948,0.9329673286622244,0
hydrodynamic_only,pulmonary_reference,0.596535360226174,0.8214956243868485,43.65947415433612,0.4299781070245616,0.6851938729585634,23.37,18.33239216478986,2.2617769795600204,78.73016285942796,0.8211706318530854,3.9803178401453403,8.353118178197684,0.07463409675327876,0.5274880542427538,1,scenario_model_generated_from_literature_calibrated_priors,0.784441256516468,0.9253659032467212,0
biology_only,aortic_high_pressure,0.8068121460469213,0.6441791709192901,66.96935718366288,0.35724104055975353,0.867971155032917,32.75,39.533486285933236,1.9610941279465535,85.05212379210766,0.8412686967335916,6.055526375125443,10.733555118960409,0.14745113110801844,0.5274543953600983,1,scenario_model_generated_from_literature_calibrated_priors,0.7928706477577638,0.8525488688919816,0
full_data_informed,aortic_high_pressure,0.671226851519748,0.6006438828851419,56.77613455521694,0.21126400541553597,0.6683203868354811,32.75,38.62773791170468,2.1489238203214382,89.65480912123743,0.7371541812231832,5.032470408054815,11.705468179199686,0.07836669235300536,0.5274530627381732,1,scenario_model_generated_from_literature_calibrated_priors,0.820527086665506,0.9216333076469947,0
full_data_informed,pulmonary_reference,0.5774986250297136,0.25376474611515915,68.90272889066776,0.19645711241151398,0.6795173596355746,23.37,21.002532040208575,2.2251095484897983,89.94550128133294,0.6914514813326772,6.951722409618204,6.077463649149703,0.05170392406653865,0.5274213585269363,1,scenario_model_generated_from_literature_calibrated_priors,0.8986962789990832,0.9482960759334613,0
full_data_informed,pulmonary_reference,0.6077122522447281,0.4435713717996776,58.2024611259777,0.32270415695180127,0.7304240479709765,23.37,20.675544714339676,2.061871991266654,82.16422637421947,0.7684009518822741,5.06531702472203,10.107542185828267,0.04222776882810352,0.527309374079585,1,scenario_model_generated_from_literature_calibrated_priors,0.8847045235061907,0.9577722311718965,0
biology_only,aortic_high_pressure,0.6892621365199171,0.5828275811183964,78.90022198111366,0.09294486441185949,0.1510983628956857,32.75,40.54359768702445,2.0210110792088067,87.3003084071626,0.7418025529369535,3.731084069448162,8.749669342752282,0.04069731829353751,0.5272443274318873,1,scenario_model_generated_from_literature_calibrated_priors,0.7620275515412381,0.9593026817064625,0
biology_only,aortic_high_pressure,0.719930050289576,0.5544361159568355,47.870813230498314,0.4241872905434826,0.6389081257982159,32.75,40.025740354189864,2.0655652798562936,85.72720347676045,0.8033208972398043,4.202515687096709,14.545196991018175,0.04483902910782454,0.5272135778931757,1,scenario_model_generated_from_literature_calibrated_priors,0.7778399891850423,0.9551609708921754,0
hydrodynamic_only,aortic_high_pressure,0.4607402489487568,0.8145801825583726,34.44098138963486,0.32133111377420087,0.5829933102806236,32.75,26.225662917384934,2.5788804763906543,75.2327057575526,0.7592384169031262,4.540455919776872,9.457556970568785,0.040253117485771935,0.5271900734464814,1,scenario_model_generated_from_literature_calibrated_priors,0.8007836005308377,0.959746882514228,0
biology_only,pulmonary_reference,0.6479190726712268,0.7346486791172128,56.015513353824424,0.6415496333851297,0.5460334068286972,23.37,21.582162516011667,2.097496912911656,79.79644641033093,0.8336987919103472,5.524844226190519,14.84897743698846,0.0685581124198155,0.5271885063301438,1,scenario_model_generated_from_literature_calibrated_priors,0.9234986100133362,0.9314418875801845,0
full_data_informed,pulmonary_reference,0.6821139985704513,0.49031215031089437,63.69805892243593,0.15141809793482378,0.5027324671145473,23.37,24.29626679834621,1.9121693178922032,85.96332679760759,0.721762121530811,6.76296784021361,15.210024931132459,0.05900791826182297,0.5271716465996417,1,scenario_model_generated_from_literature_calibrated_priors,0.9603651348589556,0.940992081738177,0
biology_only,pulmonary_reference,0.4946243428148738,0.8779539415556517,63.391552048602684,0.2829256547375033,0.5164510650329794,23.37,16.050129227026037,2.4309996517619643,85.58830368930685,0.7623496620102906,4.249211777967374,15.298695396078836,0.05300853373752697,0.5270943834988691,1,scenario_model_generated_from_literature_calibrated_priors,0.6867834500225091,0.946991466262473,0
full_data_informed,pulmonary_reference,0.5774300870437885,0.7695658951772537,47.96050797480492,0.032447255387498944,0.6065390679752605,23.37,20.4404969556889,2.2168967653652434,83.94409246889528,0.6976660728858627,2.2791090930433233,10.763321914724738,0.06479100167208984,0.5269592369913416,1,scenario_model_generated_from_literature_calibrated_priors,0.874646853046166,0.9352089983279102,0
full_data_informed,pulmonary_reference,0.5036547679167362,0.42923115424974084,78.84868653232341,0.03882646809424463,0.289755856250569,23.37,23.257916267974462,2.206665704787723,84.25361088133069,0.6699544296565951,2.764603610300617,6.556614798250123,0.08002972200278032,0.5268842460900726,1,scenario_model_generated_from_literature_calibrated_priors,0.9952039481375464,0.9199702779972196,0
full_data_informed,aortic_high_pressure,0.63579122917397,0.4660953200451432,60.581776404715384,0.14862632414087854,0.7801835856986982,32.75,39.07114609122412,2.1915505061878506,85.63286006332565,0.7395484605112153,5.951643957903537,8.272579932204582,0.07794339904858433,0.5268045257324226,1,scenario_model_generated_from_literature_calibrated_priors,0.8069879056114772,0.9220566009514157,0
full_data_informed,aortic_high_pressure,0.6129758708659181,0.45366762338852384,57.40240345132054,0.2073866858326309,0.43737125639224966,32.75,35.037428963833165,2.251325573881545,82.82332779225442,0.7138405003310655,6.638805856651724,7.727809212465798,0.06105040284434847,0.526720860433355,1,scenario_model_generated_from_literature_calibrated_priors,0.9301548407989874,0.9389495971556515,0
biology_only,aortic_high_pressure,0.6274858932344577,0.581235226319291,69.36039386210408,0.5948935167209906,0.511409653437047,32.75,36.75704445224835,2.118811284416317,85.61954243259115,0.8161052493680886,3.3840762662329364,9.440452946783648,0.08647718702711493,0.5267098137890122,1,scenario_model_generated_from_literature_calibrated_priors,0.8776474976412717,0.9135228129728851,0
full_data_informed,aortic_high_pressure,0.4983804896615345,0.2515075662079632,48.91110057130583,0.3596500853520483,0.8024559208591342,32.75,32.447859158651596,2.3104578446380155,81.50406150897408,0.717004511465969,4.147917083635846,10.810270034192897,0.04277587295372763,0.5266488703176021,1,scenario_model_generated_from_literature_calibrated_priors,0.9907743254550105,0.9572241270462724,0
hydrodynamic_only,pulmonary_reference,0.5526981598861939,0.4213608874807474,34.67747783352755,0.12173993143276896,0.8098410964001697,23.37,27.619493912934743,2.2331921427456947,81.00141826271243,0.7361905242310844,4.530095912358369,11.353585306400788,0.053056565416578036,0.5266136840483889,1,scenario_model_generated_from_literature_calibrated_priors,0.8181645736870029,0.946943434583422,0
hydrodynamic_only,pulmonary_reference,0.6934381797878215,0.6605936439264986,34.393852129462346,0.1283504513271792,0.0798522135726389,23.37,28.01377492483695,1.9889269868100856,79.46767674939322,0.7688320396516442,2.8814999577327978,14.175017928959146,0.02928514012848285,0.5265991649753599,1,scenario_model_generated_from_literature_calibrated_priors,0.8012933279915725,0.9707148598715172,0
biology_only,pulmonary_reference,0.9192870295482898,0.8511382120236631,47.949366617430265,0.12624910545365675,0.5150358047095492,23.37,32.502007916196234,1.8378177145652292,82.86109402984553,0.8217008550049713,3.544506488208362,10.457569145101218,0.016219232506224736,0.5265692820478292,1,scenario_model_generated_from_literature_calibrated_priors,0.6092422800087192,0.9837807674937753,1
biology_only,aortic_high_pressure,0.716096463077424,0.7514621905523604,67.94738580099869,0.2136251416016808,0.3806713275260402,32.75,36.59665304607357,2.055753229546777,86.3053163038958,0.7371027483631449,3.141165989859798,8.916284176678472,0.06246237487157783,0.5265417872482523,1,scenario_model_generated_from_literature_calibrated_priors,0.8825449451580589,0.9375376251284222,0
biology_only,pulmonary_reference,0.4437012782702808,0.5144330594668213,44.36668273259333,0.024119787950254965,0.8704293760989319,23.37,12.045054799413604,2.3127939802073043,78.57688383848439,0.8123772940210005,4.785608030726744,7.7001170882775885,0.07303038798896258,0.52651091342598,1,scenario_model_generated_from_literature_calibrated_priors,0.5154067094314765,0.9269696120110374,0
full_data_informed,pulmonary_reference,0.6250657663806795,0.8276978279573273,58.617858446845474,0.32462079307590924,0.5639743954990711,23.37,25.69633612554819,2.16859005692507,87.1465419265333,0.7295156917721257,3.131413607692678,12.362635295781317,0.04591529257020797,0.5264285153375949,1,scenario_model_generated_from_literature_calibrated_priors,0.9004563061382889,0.954084707429792,0
full_data_informed,pulmonary_reference,0.6020054055250086,0.41267092710945025,72.36003457595406,0.31796190774555894,0.583365291500754,23.37,22.767036515785023,2.12605110563747,87.7714481675814,0.7221784966410109,4.927596004681685,14.504421854836819,0.07929573836338481,0.5263857700372176,1,scenario_model_generated_from_literature_calibrated_priors,0.9741992518521618,0.9207042616366152,0
full_data_informed,aortic_high_pressure,0.44354344749574703,0.5617473028158403,53.56586507241098,0.1466576658257745,0.8706555698019224,32.75,29.86746187645449,2.5124291004495416,82.66531353498061,0.6779088311987126,4.313158666767079,10.28596204545543,0.06655688198449414,0.5261970423549246,1,scenario_model_generated_from_literature_calibrated_priors,0.9119835687467021,0.9334431180155058,0
biology_only,pulmonary_reference,0.47433960090826355,0.7549095604775025,43.77918597098623,0.3930561436651168,0.6270592075058911,23.37,15.83262199668022,2.4488687677997456,81.80269935847623,0.7958125682901941,2.5971982151379516,9.617479880023073,0.04742660329222294,0.5261939883422456,1,scenario_model_generated_from_literature_calibrated_priors,0.6774763370423714,0.9525733967077771,0
full_data_informed,pulmonary_reference,0.6847306380442353,0.47910631952539445,46.93302962281324,0.14209106351482323,0.8547589567991016,23.37,26.861934567421727,2.1292705799725424,85.98036929579976,0.7184838823423254,11.666119297617119,11.425557053642967,0.0469952645606314,0.5261745525269514,1,scenario_model_generated_from_literature_calibrated_priors,0.8505804635249582,0.9530047354393686,0
full_data_informed,pulmonary_reference,0.5344785491029764,0.27107559666166486,64.4616865171676,0.158850093952776,0.6357768200691901,23.37,20.559260764568318,2.1023161426925836,86.82351006076114,0.7174401835336072,4.146126235581138,11.724046878749153,0.05886404853958451,0.5261641964143305,1,scenario_model_generated_from_literature_calibrated_priors,0.8797287447397654,0.9411359514604155,0
hydrodynamic_only,pulmonary_reference,0.432506116035562,0.516884639300189,46.206747345667836,0.05178344501645408,0.6103638833810747,23.37,9.60509113420823,2.518715159580663,80.46094947053562,0.803606224169983,11.295637796969002,2.566176141770155,0.045639874114759296,0.5261551342373951,1,scenario_model_generated_from_literature_calibrated_priors,0.41100090433069014,0.9543601258852407,0
biology_only,aortic_high_pressure,0.3872190661005777,0.6597747848663088,57.6611164352004,0.7027122474169728,0.802859460583089,32.75,30.707272886410355,2.6012400096403843,85.6503143981168,0.7575595252132824,5.994567538824445,12.167605659414267,0.07934892617064981,0.5260099573699659,1,scenario_model_generated_from_literature_calibrated_priors,0.9376266530201635,0.9206510738293502,0
full_data_informed,pulmonary_reference,0.7724513995755248,0.5541191978433713,61.69780470125762,0.13767441031083968,0.7176276273856546,23.37,28.118370076150025,1.963291712020348,86.32136878306618,0.7628469139899468,3.5034772311961344,12.524826088694661,0.07856784011746569,0.525972071453949,1,scenario_model_generated_from_literature_calibrated_priors,0.7968177117608034,0.9214321598825344,0
biology_only,pulmonary_reference,0.5930326144106713,0.5679272523531039,44.56385260219675,0.36451703231726834,0.41041521537864634,23.37,21.470778204931378,2.344528852120807,79.79878261498531,0.7441635850563468,2.3134087487193176,7.319986270446812,0.0535283206818284,0.5259349614987209,1,scenario_model_generated_from_literature_calibrated_priors,0.9187324863042952,0.9464716793181716,0
biology_only,pulmonary_reference,0.5096594565061717,0.6688829918337784,64.15462552401574,0.15329401481042884,0.7564911052918375,23.37,20.413762040913443,2.2684552650635643,84.32317890381502,0.7085665237437156,11.195520351884609,8.840287795544793,0.05909843159512925,0.5259034992532414,1,scenario_model_generated_from_literature_calibrated_priors,0.8735028686740882,0.9409015684048707,0
biology_only,aortic_high_pressure,0.5588327809278729,0.7027771541848695,52.08704347337043,0.407077353640454,0.6144666733902384,32.75,32.27554518707146,2.2575210243698254,84.38260596807203,0.7219276176563113,2.447206302287481,14.813600520802126,0.04880334814074053,0.5258611569996671,1,scenario_model_generated_from_literature_calibrated_priors,0.9855128301395865,0.9511966518592595,0
biology_only,pulmonary_reference,0.6165415436539383,0.3219092381682025,34.04328037846502,0.031021643524208373,0.633167741818092,23.37,17.7632173367194,2.0980582947520072,76.42617223487967,0.7725892590142992,9.014616076818283,10.326983457302198,0.061686064388878935,0.5258163703589942,1,scenario_model_generated_from_literature_calibrated_priors,0.7600863216396834,0.9383139356111211,0
full_data_informed,pulmonary_reference,0.4750230510314466,0.6640531249376423,59.26560456588008,0.11950853431006435,0.3450565715107441,23.37,15.204570852448912,2.4316163327902145,89.16380635264133,0.7369650608671008,5.930728849494675,11.579876670833118,0.08954245973451924,0.5257857681830969,1,scenario_model_generated_from_literature_calibrated_priors,0.6506020903914811,0.9104575402654808,0
biology_only,pulmonary_reference,0.6747890735583696,0.15002781036579035,61.53997528741401,0.3617761962108841,0.9399354865824828,23.37,30.664545833087498,2.059513409076808,90.6691831072494,0.814634776853093,4.7704125438967715,13.937670652779428,0.10170730596075028,0.5256555938795398,1,scenario_model_generated_from_literature_calibrated_priors,0.6878671017078521,0.8982926940392497,0
full_data_informed,pulmonary_reference,0.6873189629092639,0.6952549178629334,68.74016287937906,0.33878754835027736,0.3713369874839583,23.37,24.4153087738209,1.908348283614673,85.13765872207725,0.7634522364963167,10.952196690623241,13.079001522955785,0.07010440790748354,0.5256279909290006,1,scenario_model_generated_from_literature_calibrated_priors,0.9552713404441207,0.9298955920925165,0
full_data_informed,pulmonary_reference,0.6098377071808508,0.4235650092040242,71.6790251464919,0.5074095794119138,0.6079109498322656,23.37,24.85609458114207,2.078397444772591,91.74017128209034,0.7447277684893213,5.829681700693852,12.996417379050827,0.05029488975611949,0.5255671136935227,1,scenario_model_generated_from_literature_calibrated_priors,0.9364101591295648,0.9497051102438805,0
full_data_informed,aortic_high_pressure,0.6766141937039045,0.5584119647006266,52.937860685858695,0.24256470158538648,0.847685011755483,32.75,38.289496439482434,2.160452965170236,87.67164903483831,0.7382539525190608,7.287519061471426,8.398113359128914,0.06665143390360824,0.5255314794938366,1,scenario_model_generated_from_literature_calibrated_priors,0.8308550705501547,0.9333485660963917,0
biology_only,pulmonary_reference,0.5648601366307527,0.20472932412942416,46.80784777389529,0.1689300658391265,0.9420709396680019,23.37,24.725680113089997,2.273830043909112,82.78549804732498,0.6904716563296216,6.380357477806475,9.401350111199632,0.041863424298049616,0.5255298109501686,1,scenario_model_generated_from_literature_calibrated_priors,0.9419905813825419,0.9581365757019504,0
hydrodynamic_only,pulmonary_reference,0.5860868990032833,0.6985628690316795,40.986652288148804,0.26220881594582274,0.3255494570766838,23.37,22.523239626625838,2.3166918640125913,82.36757466027923,0.7004367214295111,9.686039436372718,10.591416188004452,0.046728854628191985,0.5254783934083995,1,scenario_model_generated_from_literature_calibrated_priors,0.9637672069587435,0.953271145371808,0
full_data_informed,pulmonary_reference,0.682132886470824,0.4432001479680775,55.94306359257853,0.2679452990830373,0.31222005050144735,23.37,28.827838352223097,1.9174650434230893,89.23741095077487,0.7781965932722061,5.665985660569996,10.317437286886433,0.05271985505590441,0.525447516407434,1,scenario_model_generated_from_literature_calibrated_priors,0.7664596340512154,0.9472801449440956,0
biology_only,pulmonary_reference,0.5081649463764709,0.851340232068292,48.20898960796379,0.3521868203626701,0.6656112630137522,23.37,14.546875282979064,2.519154714954386,85.70604314512909,0.7915288002162665,4.827894867105636,11.149174803954422,0.08590876171913606,0.5254454853999653,1,scenario_model_generated_from_literature_calibrated_priors,0.6224593617021422,0.9140912382808639,0
biology_only,aortic_high_pressure,0.6784777017745778,0.6657551600975429,60.746175287730146,0.43583276254771863,0.592919615829452,32.75,41.097621221292734,2.1008861916491006,84.11828421339492,0.832508591461651,6.706785221947717,11.235969362447063,0.09590015250627668,0.5253134804640305,1,scenario_model_generated_from_literature_calibrated_priors,0.7451108024032753,0.9040998474937233,0
biology_only,aortic_high_pressure,0.3201064609476543,0.6679110210972259,61.04455970857186,0.36821417367880976,0.7027379916355121,32.75,19.842108856986197,2.866886856241413,84.31064313836188,0.7467319932925447,2.301482988832485,9.97887217801488,0.04166308495815219,0.5253116204720562,1,scenario_model_generated_from_literature_calibrated_priors,0.6058659192972884,0.9583369150418478,0
hydrodynamic_only,pulmonary_reference,0.6693864373588653,0.35113098119587266,27.613603008905894,0.15741797769693558,0.6587194010572083,23.37,24.502910523916032,2.1308767877936945,70.76680401617493,0.751737576408088,6.317453368255058,14.630977370207763,0.03769038147784652,0.52521271387947,1,scenario_model_generated_from_literature_calibrated_priors,0.9515228701790316,0.9623096185221535,0
biology_only,aortic_high_pressure,0.774262350514517,0.6268475146070018,57.67814875349805,0.18995779339963165,0.8335428518037744,32.75,41.42488904286897,1.9524551620632742,86.0608156604593,0.795020370618176,4.8816147998830255,14.602652509976295,0.08943287196270483,0.5251490459841165,1,scenario_model_generated_from_literature_calibrated_priors,0.7351178918207948,0.9105671280372951,0
hydrodynamic_only,pulmonary_reference,0.5389322672885456,0.7402995270043522,30.159812638588313,0.26712211698919147,0.9113235815345816,23.37,21.916167800281013,2.378833344015575,69.6771126306034,0.8201772049661166,4.348534633350191,10.057618457424168,0.21787248619761046,0.5251404084615406,1,scenario_model_generated_from_literature_calibrated_priors,0.937790663255499,0.7821275138023895,0
biology_only,pulmonary_reference,0.5033354591407595,0.8824206017268419,64.5747996065976,0.32335594681401864,0.527339648074747,23.37,18.198924209866004,2.3329013854947265,85.79726684492583,0.7548708546595893,3.3569802148684578,14.318444468356226,0.06635290772985529,0.5250885886740233,1,scenario_model_generated_from_literature_calibrated_priors,0.7787301758607618,0.9336470922701448,0
biology_only,aortic_high_pressure,0.5272344652384746,0.6429598511016432,39.28975103016715,0.148098765032938,0.42260773725534856,32.75,29.92483619647517,2.276389886800765,81.34540556148475,0.7013563093641524,4.330817149223713,8.01670283733311,0.0476507368992734,0.5249871099428465,1,scenario_model_generated_from_literature_calibrated_priors,0.9137354563809212,0.9523492631007267,0
biology_only,pulmonary_reference,0.6779973074656725,0.8301396760565977,59.50365026444205,0.3521250838635616,0.6075494892336929,23.37,25.152733983230398,2.2460248193559917,81.7495833514538,0.7321592762694523,5.726310788254535,8.695483073245914,0.02951483036981391,0.524911046062351,1,scenario_model_generated_from_literature_calibrated_priors,0.9237169883084982,0.970485169630186,0
full_data_informed,pulmonary_reference,0.5905228835082066,0.11822958152316149,72.16203787924275,0.23716776227084788,0.28516338953228954,23.37,22.903113117063906,2.0738522047104717,90.57528736077046,0.687368099268329,6.164386551121101,12.342105793813081,0.05730815930366405,0.5248826374547942,1,scenario_model_generated_from_literature_calibrated_priors,0.9800219562286652,0.9426918406963359,0
biology_only,pulmonary_reference,0.597846261683598,0.5588690960230872,71.24019256576632,0.11457867145516731,0.2900974760829157,23.37,27.284928743024793,2.065429667924814,89.74697877964047,0.7003455069010512,2.837661881010606,8.851209809974492,0.031050743802649612,0.5247244154988727,1,scenario_model_generated_from_literature_calibrated_priors,0.8324805843806251,0.9689492561973504,0
biology_only,pulmonary_reference,0.6203139302735712,0.11339491874117957,43.609146288573584,0.039590884283479615,0.8483957404581679,23.37,19.161865186036067,2.01399179210935,84.3087229619244,0.7209502907553494,6.608978554559325,9.600385501667361,0.03640238954270063,0.5246548790400517,1,scenario_model_generated_from_literature_calibrated_priors,0.8199343254615348,0.9635976104572994,0
full_data_informed,aortic_high_pressure,0.589417399008653,0.4963278108874047,56.4580793243533,0.30978950160685575,0.24804805956085188,32.75,31.776432331807335,2.202884484874371,84.78408158568703,0.7092959660201071,4.773194690836207,8.946049571269963,0.04911225097441959,0.5244514856966586,1,scenario_model_generated_from_literature_calibrated_priors,0.9702727429559491,0.9508877490255804,0
full_data_informed,aortic_high_pressure,0.6739189438057175,0.803010856504113,60.344451801086656,0.34146091247616117,0.5994147786645038,32.75,35.28168401580276,2.212111214849687,85.37539723928913,0.7416703158364562,3.2061129771502173,10.571746339512863,0.09275314664933297,0.5243490325153138,1,scenario_model_generated_from_literature_calibrated_priors,0.9226966712731981,0.907246853350667,0
full_data_informed,pulmonary_reference,0.5393648148007306,0.7786554224562207,67.34800420938365,0.0644179804639135,0.10163271864778976,23.37,15.391770335720562,2.507880094938898,85.61535973701612,0.723998721202915,3.442429024559056,11.873320004701224,0.0820941215126733,0.5243260978425099,1,scenario_model_generated_from_literature_calibrated_priors,0.6586123378571057,0.9179058784873267,0
full_data_informed,pulmonary_reference,0.672774164747464,0.7010393730817859,43.1122679115703,0.19571217178633543,0.3891488045708176,23.37,24.415695536016983,2.1113230728522003,84.68928197888123,0.7016054945499044,4.326637862620234,16.910981709259207,0.04590589525905164,0.5243098268425385,1,scenario_model_generated_from_literature_calibrated_priors,0.9552547909278142,0.9540941047409484,0
full_data_informed,pulmonary_reference,0.4350674808932432,0.4729272968948422,58.60944297543467,0.22213600904349617,0.454723041439407,23.37,17.8991737131497,2.4679804383101303,87.44221589274197,0.7055408947434805,6.569709111742057,14.448883303816903,0.04361274877581525,0.5242817315799035,1,scenario_model_generated_from_literature_calibrated_priors,0.7659038816067479,0.9563872512241848,0
full_data_informed,aortic_high_pressure,0.6618387003323375,0.6820574428310279,72.59166676002242,0.21114916170943238,0.5138302500480798,32.75,38.57191956811622,2.192068743574689,91.33098668968239,0.705569106050684,4.039528559880601,8.706005254753503,0.04899355975317691,0.5242751108924635,1,scenario_model_generated_from_literature_calibrated_priors,0.8222314635689703,0.9510064402468231,0
full_data_informed,pulmonary_reference,0.49675311009649425,0.7972918353906169,56.488453046827175,0.2957943850868418,0.5558996084397988,23.37,16.871703953737057,2.406076237183696,84.47210204387339,0.7499420819044522,7.377911825327666,8.219724328446015,0.038329083434784576,0.5241656919881226,1,scenario_model_generated_from_literature_calibrated_priors,0.7219385517217397,0.9616709165652154,0
biology_only,pulmonary_reference,0.7875539805357538,0.7987135870336599,64.07249513823373,0.33713758649889863,0.8695937423876773,23.37,32.31703722435683,2.0444733637179042,86.7548703562071,0.8409635875068084,8.959528399441387,14.959437201783096,0.09086132228715903,0.5241371820190671,1,scenario_model_generated_from_literature_calibrated_priors,0.6171571577083086,0.909138677712841,0
full_data_informed,pulmonary_reference,0.5154522810517219,0.44155622328860045,47.68271889088052,0.05625977412487971,0.6204671314504254,23.37,19.112518276283282,2.2148465348453983,80.46344895575157,0.7251576130733689,5.629191731738156,14.766636147958659,0.060302996630004865,0.5241322040886197,1,scenario_model_generated_from_literature_calibrated_priors,0.8178227760497767,0.9396970033699952,0
full_data_informed,pulmonary_reference,0.4951420120112511,0.7878073691095054,46.8706616574733,0.10626626080555815,0.5551605764942086,23.37,14.499423148874664,2.4102860853963843,82.95809061498817,0.746300440357816,3.8656552062699356,7.368427698699563,0.032275957072393044,0.5240710650775211,1,scenario_model_generated_from_literature_calibrated_priors,0.6204288895539009,0.9677240429276069,0
hydrodynamic_only,pulmonary_reference,0.4121540779783115,0.4437945500729362,47.959477757763246,0.4501560083231704,0.2656205034445706,23.37,20.32994772238331,2.4940378152501825,84.7732967150357,0.7360704647089366,2.495644615067189,7.626662354790644,0.06736097069143943,0.5240431595187931,1,scenario_model_generated_from_literature_calibrated_priors,0.8699164622329186,0.9326390293085606,0
full_data_informed,pulmonary_reference,0.5895432056473355,0.4602961325389885,58.37930904277085,0.3858588978020656,0.5749061829756683,23.37,25.582976575949086,2.1122098991531395,83.52378023085008,0.7568263172496291,3.3169503868748857,12.464166294029624,0.04719612342083342,0.5240370950596311,1,scenario_model_generated_from_literature_calibrated_priors,0.9053069501091534,0.9528038765791665,0
full_data_informed,pulmonary_reference,0.5633459511328823,0.48978586097485444,67.1415617947134,0.22794133946694647,0.34689856248187856,23.37,19.76904868426744,2.308329294726816,87.27287313050962,0.6980703363441341,3.642916248444472,6.5111379685315285,0.030896289569734604,0.524028341858539,1,scenario_model_generated_from_literature_calibrated_priors,0.8459156475938142,0.9691037104302654,0
full_data_informed,aortic_high_pressure,0.6834255693349871,0.5977364303637829,60.779385877010824,0.07238584291035279,0.6436579708779798,32.75,37.20022586512372,2.0913300941691624,85.01805024567233,0.7092500547722189,6.578501806547384,12.634992357491992,0.058564570359324476,0.52401664835583,1,scenario_model_generated_from_literature_calibrated_priors,0.8641152407595811,0.9414354296406755,0
full_data_informed,pulmonary_reference,0.6965593095891833,0.5862773772262336,66.1842286845868,0.10731844494561532,0.5376683021200136,23.37,32.347650425655374,2.1247013489030095,87.86327220986605,0.7589643249517928,6.8195701378865285,5.8988244709870195,0.02876519285078045,0.5238677340713997,1,scenario_model_generated_from_literature_calibrated_priors,0.6158472218375963,0.9712348071492195,0
biology_only,aortic_high_pressure,0.6979871046008713,0.5112759293189989,60.85178865759688,0.025702795608927697,0.4625753244227574,32.75,41.200655413261316,1.9359823541771723,92.22340268603124,0.7106943943827496,2.4725600167231025,10.066970750630238,0.027670207513242014,0.5238451977583282,1,scenario_model_generated_from_literature_calibrated_priors,0.7419647202057613,0.972329792486758,0
biology_only,aortic_high_pressure,0.6599531668366552,0.12761995427765366,64.01690967620809,0.10137650701382768,0.8291315073174644,32.75,42.231192626176615,1.870141612405505,90.57846198418841,0.7553282567833195,10.474731491612834,11.139491345311257,0.04443647348751273,0.5238259759311295,1,scenario_model_generated_from_literature_calibrated_priors,0.7104979350785767,0.9555635265124873,0
full_data_informed,pulmonary_reference,0.6081605503874965,0.46985061871735834,50.91279194835301,0.10406775755985122,0.23783852923045523,23.37,22.464350079974718,2.0553520849999893,86.32334147478561,0.6764740288363681,3.593125921289981,14.033164097942837,0.03496201681623852,0.5236990472068931,1,scenario_model_generated_from_literature_calibrated_priors,0.9612473290532613,0.9650379831837614,0
full_data_informed,aortic_high_pressure,0.5658431791447072,0.33521441442651156,48.074957612905706,0.0387369037249617,0.16141373322480018,32.75,32.931385425932454,2.120636051711272,81.12295900807993,0.6719350291539617,4.575531501281473,8.192114552243282,0.04261802205894131,0.5236833868627822,1,scenario_model_generated_from_literature_calibrated_priors,0.9944615137119861,0.9573819779410587,0
biology_only,pulmonary_reference,0.6875154680857853,0.784004223142087,71.52015880916001,0.32402417404233397,0.5676577113720747,23.37,25.788407559874532,2.0324939067091585,84.13275333925505,0.7516898897043517,3.2656074992564044,9.304117001274172,0.04219339788508757,0.5236825168599246,1,scenario_model_generated_from_literature_calibrated_priors,0.8965165785248382,0.9578066021149124,0
hydrodynamic_only,pulmonary_reference,0.5109407810426738,0.7859124567745023,40.12837054570987,0.5348162051289576,0.6435337385923006,23.37,16.504658090741223,2.3557623279923154,81.52916023682783,0.8271960462245708,2.7180744564138597,9.593379268068148,0.06409047663286352,0.5236710950127649,1,scenario_model_generated_from_literature_calibrated_priors,0.7062326953676176,0.9359095233671365,0
biology_only,pulmonary_reference,0.5415354696860777,0.6016681774674788,56.959880439483186,0.11829444541408515,0.5949872665313822,23.37,17.666762750367457,2.314193760760523,83.5844061921358,0.7417703056490151,5.025060318799488,14.672352007999116,0.09573293527483528,0.5236394070052485,1,scenario_model_generated_from_literature_calibrated_priors,0.7559590393824329,0.9042670647251647,0
hydrodynamic_only,aortic_high_pressure,0.6165626608614019,0.42158817204208243,37.23896797037126,0.0707955636365233,0.45440426041450643,32.75,29.71261594069807,2.1036691821847096,78.0994010600401,0.7295973130633127,4.2955102786852635,10.451136945663217,0.07435942232445751,0.5235027536695759,1,scenario_model_generated_from_literature_calibrated_priors,0.9072554485709334,0.9256405776755425,0
biology_only,aortic_high_pressure,0.5859043165180967,0.6009110966124406,63.777773370116634,0.16266889353842584,0.2471691434484527,32.75,39.00152788929815,2.36240180140739,84.34799971634511,0.7031859831715006,5.305787487906075,10.093850518045153,0.036793743152438295,0.5234777303725772,1,scenario_model_generated_from_literature_calibrated_priors,0.809113652235171,0.9632062568475617,0
full_data_informed,pulmonary_reference,0.6810144233689363,0.5932092538557059,59.48779506984035,0.2305256406512531,0.5168660544832482,23.37,27.103825301191016,1.9981232101110502,86.05873104017336,0.7576653575117098,7.553175661095933,12.270560250486076,0.07481474982626418,0.5234465132484492,1,scenario_model_generated_from_literature_calibrated_priors,0.8402299828330759,0.9251852501737359,0
full_data_informed,aortic_high_pressure,0.6176872132763189,0.5932193104950602,63.43870543735861,0.2522172592301664,0.38029359519017025,32.75,33.42156289836712,2.089050204376649,88.73799156835075,0.6972332269002635,6.542751691753195,12.044510014940554,0.0691179953888708,0.5233219018567751,1,scenario_model_generated_from_literature_calibrated_priors,0.9794942626452787,0.9308820046111292,0
full_data_informed,aortic_high_pressure,0.756000012694376,0.8226058246197474,61.14995120323821,0.27492185352788673,0.20279821527072428,32.75,36.877627775557016,2.015066183741322,87.80454239270846,0.7501688313325886,2.8188766368478513,9.377209904606065,0.08426509333364983,0.5232720991306292,1,scenario_model_generated_from_literature_calibrated_priors,0.8739655641051293,0.9157349066663502,0
biology_only,aortic_high_pressure,0.701939087071763,0.5759475825536646,65.86196126183947,0.21434305033673728,0.5498670016362452,32.75,40.90207345087664,2.0219944514363926,84.74796468810209,0.7731173297138182,3.137960491437581,11.001095345639452,0.05046378074776404,0.5232634957465205,1,scenario_model_generated_from_literature_calibrated_priors,0.7510817266907895,0.949536219252236,0
full_data_informed,pulmonary_reference,0.701146835541277,0.6774801907448037,60.3584792896541,0.24809712849630539,0.44338220176624926,23.37,25.229443123187842,2.0325752081775335,87.23750257958163,0.7249969359690179,4.62743594720258,10.263281596982075,0.06636927299139792,0.5231402776118853,1,scenario_model_generated_from_literature_calibrated_priors,0.9204346117591853,0.9336307270086021,0
biology_only,pulmonary_reference,0.6425656027883311,0.7721353419091583,48.398429827146856,0.3850123494167775,0.6435118531900506,23.37,24.655406480503398,2.219214577129188,84.50568673606082,0.7489904927042946,3.6395323865208624,6.343312433561339,0.10692679475782783,0.5231374067871561,1,scenario_model_generated_from_literature_calibrated_priors,0.9449975832048183,0.8930732052421722,0
full_data_informed,pulmonary_reference,0.664418889854607,0.6464530721713438,51.44222459705223,0.2536305455367946,0.3868026112810723,23.37,24.3162238092978,2.1749586172088153,83.63565291241939,0.7074398877299051,3.1541659456281037,6.933146450675602,0.051096907004781054,0.5230922513445804,1,scenario_model_generated_from_literature_calibrated_priors,0.9595111763244417,0.9489030929952189,0
biology_only,pulmonary_reference,0.5085276879175845,0.763463395113409,88.840843005545,0.45380593244617556,0.3907715800615985,23.37,19.516975350741117,2.488726731944001,90.61137069320591,0.718205977075997,2.6081227665281905,8.43660379036267,0.0626155975526375,0.5230758785480293,1,scenario_model_generated_from_literature_calibrated_priors,0.835129454460467,0.9373844024473625,0
full_data_informed,aortic_high_pressure,0.6409237598482401,0.2832400400831085,65.80072894607672,0.09356758849705578,0.5593674704320958,32.75,34.61820100968846,2.0736837390268743,88.7090782960478,0.6707543418526245,4.653125524897733,10.87780011807922,0.04811776457119628,0.5230477853744552,1,scenario_model_generated_from_literature_calibrated_priors,0.9429556943606576,0.9518822354288037,0
full_data_informed,aortic_high_pressure,0.48950478541944686,0.40663658775690364,56.76950593979289,0.31494120668684367,0.6987667095092156,32.75,31.0036216327408,2.207900806915289,85.94888949156575,0.7279338619104608,7.9222212803514696,5.559661672807856,0.10159604107664078,0.5229856566900074,1,scenario_model_generated_from_literature_calibrated_priors,0.9466754697020091,0.8984039589233592,0
full_data_informed,pulmonary_reference,0.5979375341229607,0.7036976924545332,51.18409986671839,0.15449402988959443,0.472454429258282,23.37,19.10345184231726,2.0894386345751013,83.56151619771629,0.7452201415733194,5.534507264588927,13.570709489581645,0.06652575321670737,0.522963656347517,1,scenario_model_generated_from_literature_calibrated_priors,0.8174348242326598,0.9334742467832926,0
full_data_informed,pulmonary_reference,0.7779684506368333,0.6071717655300441,68.17275369192521,0.09991431307184541,0.7058924926203005,23.37,28.009909846104748,1.890388971637053,86.8411989040968,0.75329156924894,3.7112852954758897,10.873344213755573,0.07830840501421221,0.5228686215653763,1,scenario_model_generated_from_literature_calibrated_priors,0.8014587143301349,0.9216915949857878,0
full_data_informed,pulmonary_reference,0.537322151451854,0.3850531511919959,51.02281814451218,0.21481401651446774,0.49930842392028335,23.37,21.044168848196104,2.1492516872675154,85.1937488077847,0.712950185818664,3.7532343123825247,10.956304557742298,0.05169243731982267,0.522851848638711,1,scenario_model_generated_from_literature_calibrated_priors,0.9004779139151092,0.9483075626801774,0
biology_only,aortic_high_pressure,0.44139386726902574,0.6797343050636948,70.10958937668204,0.19517009353501058,0.7787343528806778,32.75,24.445172777593385,2.401791912302112,84.84986700090508,0.7189048281402457,4.785555211883811,8.16397079047529,0.036682679053288786,0.5228466466313705,1,scenario_model_generated_from_literature_calibrated_priors,0.7464174893921645,0.9633173209467112,0
full_data_informed,aortic_high_pressure,0.6263739910746662,0.23078318588244434,57.82668400376123,0.2593043448949794,0.49613582814166196,32.75,37.07709403022111,2.0985621188477537,84.54046232265547,0.7298894239731132,4.444475208741612,12.67308300922593,0.026375447334704757,0.5228350759999595,1,scenario_model_generated_from_literature_calibrated_priors,0.8678749914436301,0.9736245526652952,0
full_data_informed,pulmonary_reference,0.5842444217584208,0.4995681295538698,60.73161876932499,0.1587112052588223,0.1110168171263558,23.37,23.64839610456027,2.244763067138377,84.29081606966382,0.6759154800334424,4.944742550914318,8.031040918514961,0.06803492906512926,0.5228341337953986,1,scenario_model_generated_from_literature_calibrated_priors,0.9880874580847125,0.9319650709348708,0
hydrodynamic_only,pulmonary_reference,0.5343911261515886,0.6165669728371281,39.21228460256638,0.34713747289557073,0.9394243488778765,23.37,20.586587621452328,2.2913055446924617,82.18359479541049,0.7383348013771843,4.056443790846167,12.369399026239874,0.048484137570275705,0.5227756715926588,1,scenario_model_generated_from_literature_calibrated_priors,0.8808980582564111,0.9515158624297243,0
hydrodynamic_only,pulmonary_reference,0.5608214057228491,0.6729885905703151,30.673816813181723,0.35887900226582903,0.7216398084923139,23.37,21.13634544489578,2.302469398757194,74.22453683568085,0.7651841504654452,4.9844657678183815,5.039863180138297,0.0447079986200091,0.5227720364470443,1,scenario_model_generated_from_literature_calibrated_priors,0.9044221414161652,0.9552920013799909,0
full_data_informed,pulmonary_reference,0.5442853006965858,0.9737566055186102,65.23692941484764,0.28336423510942976,0.3835873171080355,23.37,19.303750172016418,2.3903579704238456,87.64561202919711,0.7198083383687127,2.2030469803371058,10.655164185691172,0.08303379442469047,0.522765624777634,1,scenario_model_generated_from_literature_calibrated_priors,0.8260055700477714,0.9169662055753095,0
hydrodynamic_only,pulmonary_reference,0.4297381123478225,0.2548360704081585,28.60654212843389,0.0860050145909562,0.7071202756492525,23.37,19.50848772578879,2.356336517397008,72.80262411486733,0.7324163401915733,7.077422605853236,11.725680252812154,0.04418811814985616,0.5226978644647087,1,scenario_model_generated_from_literature_calibrated_priors,0.8347662698240816,0.9558118818501439,0
full_data_informed,aortic_high_pressure,0.7028648127007974,0.6925036953285617,53.57844584843863,0.24127636688682563,0.9202256426193722,32.75,40.98163310475288,2.056441362420376,82.37442272017182,0.7828377373561975,6.250436557006117,9.858745805843839,0.04925329550850637,0.5225435329885066,1,scenario_model_generated_from_literature_calibrated_priors,0.7486524242823548,0.9507467044914937,0
biology_only,pulmonary_reference,0.7377319423002411,0.811971291275451,65.04541329296204,0.022299186699017565,0.44391582108953664,23.37,28.468026376796878,1.949366498724594,88.33078569285294,0.7308398559301148,4.8308958267646105,11.275750304060344,0.08081385911453526,0.5225250406479465,1,scenario_model_generated_from_literature_calibrated_priors,0.7818559530681696,0.9191861408854647,0
biology_only,aortic_high_pressure,0.49290655754908885,0.34525891706291345,42.42695105100486,0.2849536593425017,0.7924396546524043,32.75,33.77154028443145,2.3123811133292422,80.83094819853363,0.7047954570339909,4.629395904350183,8.85661406029914,0.0508672523585175,0.5224507528829001,1,scenario_model_generated_from_literature_calibrated_priors,0.9688079302463679,0.9491327476414825,0
full_data_informed,pulmonary_reference,0.5784793399507777,0.5405412597657056,57.07513149051225,0.16135247088826307,0.4685432330342256,23.37,20.53778439304192,2.1373258619543907,85.48129919088832,0.7130211771705222,2.710649584489059,11.032305072605164,0.06468792608331969,0.52240043295844,1,scenario_model_generated_from_literature_calibrated_priors,0.8788097729157861,0.9353120739166803,0
full_data_informed,pulmonary_reference,0.43590778198444513,0.8081368641415064,48.19522571687798,0.11112576405871143,0.8263255508173879,23.37,12.436240032680795,2.6583830551433993,84.3765257380431,0.7507092503396785,4.7408411047346455,9.822762886101389,0.07951288010185457,0.5223401207349736,1,scenario_model_generated_from_literature_calibrated_priors,0.532145487063791,0.9204871198981455,0
biology_only,aortic_high_pressure,0.3405591620192921,0.9307396535772936,54.25806316996285,0.21869818991169906,0.44946806951929663,32.75,20.36590853916446,2.682843637913867,86.49971900831528,0.7189025505434814,3.7910782566281465,12.087894758671135,0.041330700823810865,0.5222951563408869,1,scenario_model_generated_from_literature_calibrated_priors,0.621859802722579,0.9586692991761891,0
full_data_informed,pulmonary_reference,0.5102774524071283,0.5736741872051493,52.29767281437267,0.13974100089487773,0.6152073508773599,23.37,22.350142306730763,2.3071581675728448,86.29456899281034,0.6913386368407577,7.767272013632402,9.865611617155952,0.13978828493903503,0.5222682011381168,1,scenario_model_generated_from_literature_calibrated_priors,0.956360389676113,0.8602117150609649,0
full_data_informed,pulmonary_reference,0.6149225943721401,0.20442595959971288,48.43088592687572,0.19776745703981402,0.7101789837018928,23.37,24.12510666164238,2.135928879549792,83.35097956514882,0.708724844811518,6.367756022133482,7.58498084746415,0.07849854438825046,0.5222341655819079,1,scenario_model_generated_from_literature_calibrated_priors,0.967689060263484,0.9215014556117496,0
full_data_informed,pulmonary_reference,0.48413628601178293,0.9087147576166014,54.8647909084938,0.45587556936359125,0.9479479181549778,23.37,14.697322754102123,2.6544051920932157,82.62492775084789,0.7901739930527613,8.98755653331918,9.198189760886537,0.06337117094260919,0.5221764130406351,1,scenario_model_generated_from_literature_calibrated_priors,0.6288969941849432,0.9366288290573908,0
full_data_informed,aortic_high_pressure,0.7408904645584213,0.786640610594524,66.77825634753157,0.04423505424139777,0.058608744044821456,32.75,38.36569887428186,1.9671181101242274,87.83560198163784,0.7037854634488976,5.59090158769992,9.583464490348334,0.03630627480420169,0.5221254688514583,1,scenario_model_generated_from_literature_calibrated_priors,0.828528278647882,0.9636937251957983,0
full_data_informed,aortic_high_pressure,0.5665620214220922,0.32034141664349086,56.807460020520004,0.0737193841677526,0.23211613085336735,32.75,33.49693792254751,2.2338267367032976,85.91395864301354,0.6477862356156929,4.724316975587562,10.277207708263195,0.04822306295318061,0.5220565687679778,1,scenario_model_generated_from_literature_calibrated_priors,0.977192735189389,0.9517769370468194,0
hydrodynamic_only,pulmonary_reference,0.6544087523861656,0.6255562859583308,36.09511656272537,0.2807957377387034,0.8693848884574519,23.37,29.070340700744403,2.1119764649153185,78.47480927922564,0.798318318101667,7.248086821553421,10.242886852782984,0.05226137132245477,0.5220516530112976,1,scenario_model_generated_from_literature_calibrated_priors,0.7560829824242875,0.9477386286775452,0
full_data_informed,pulmonary_reference,0.7095053356293347,0.32433672999178526,66.38660466193643,0.0933361469813201,0.7007285130005173,23.37,27.635851749472575,1.9823695593138664,86.5539511380202,0.7171246499386006,10.146899270596244,11.652233873310045,0.029554652375489206,0.5220080616663302,1,scenario_model_generated_from_literature_calibrated_priors,0.8174646234714346,0.9704453476245108,0
biology_only,pulmonary_reference,0.6868307194923636,0.6987675127495597,58.23632952748632,0.3953923415796166,0.2117856941982222,23.37,27.499309087456098,1.892640211137549,85.28010248361912,0.808986126342602,5.855963367405907,12.971865784631769,0.08207799540196503,0.5219433739655248,1,scenario_model_generated_from_literature_calibrated_priors,0.8233072705410314,0.917922004598035,0
hydrodynamic_only,aortic_high_pressure,0.6872445841868137,0.7279148821061431,26.49272270720566,0.06254900032531135,0.8357238293310942,32.75,37.81547900966818,2.0543325366857648,70.26416231782784,0.7636389015689878,3.1827527333078613,12.23675809647273,0.02802221080252121,0.5218724501350416,1,scenario_model_generated_from_literature_calibrated_priors,0.8453288852009716,0.9719777891974788,0
biology_only,pulmonary_reference,0.508303301121087,0.6849101041470165,56.145639665641035,0.30475800596430797,0.5430170606967831,23.37,15.953671018042554,2.4331039821751377,86.82529645783664,0.7676254160565451,3.436222127089035,8.684532585533338,0.10021133352964823,0.5218476751651088,1,scenario_model_generated_from_literature_calibrated_priors,0.6826560127532115,0.8997886664703518,0
hydrodynamic_only,pulmonary_reference,0.34993421591904594,0.7901945695856575,27.621870238397104,0.32609056616194076,0.77724734027968,23.37,21.071783860776602,2.763196425817876,70.7767670485829,0.7174171584422244,4.434438892331055,11.728274746736407,0.04490978070828877,0.5217995452280735,1,scenario_model_generated_from_literature_calibrated_priors,0.9016595575856483,0.9550902192917112,0
full_data_informed,pulmonary_reference,0.7529313113572559,0.9441311942392969,48.24474382774223,0.02034653956647546,0.7557362421193894,23.37,29.730879473722602,1.9861824753143662,82.9735428750695,0.7492818217090969,4.546528658777426,12.219371920636865,0.04552460665312799,0.521786437029243,1,scenario_model_generated_from_literature_calibrated_priors,0.7278185933366452,0.954475393346872,0
biology_only,pulmonary_reference,0.5325486772458006,0.6504414263010639,70.34297403105525,0.22947096556108276,0.2797239801275448,23.37,19.872947034900708,2.4377688403053677,85.86830414894543,0.6853722041665298,2.6878676603890863,12.212812851400532,0.03897126211663739,0.5217580097848127,1,scenario_model_generated_from_literature_calibrated_priors,0.8503614477920713,0.9610287378833626,0
biology_only,pulmonary_reference,0.6114135115849325,0.6294495323203294,36.77810979134693,0.0775893845147084,0.6633217037100176,23.37,22.420373315713267,2.251496111892418,82.82750209783866,0.6608825122146529,2.6225784668741676,9.393413348591256,0.040043312578280026,0.521744751843811,1,scenario_model_generated_from_literature_calibrated_priors,0.9593655676385651,0.95995668742172,0
full_data_informed,pulmonary_reference,0.73147022644971,0.6079601084532754,68.26498823223629,0.2939765964234914,0.37852850369614605,23.37,27.786740237426727,2.0095161992916184,84.84708224838252,0.7669541619076782,3.0588534719479132,14.070154486067636,0.04621585880884325,0.5217296152802202,1,scenario_model_generated_from_literature_calibrated_priors,0.8110081199218346,0.9537841411911567,0
full_data_informed,pulmonary_reference,0.5942596704698142,0.5930128505362879,63.602701792276335,0.4309048698786499,0.3337650332566446,23.37,20.906306133998655,2.2327651095334615,88.50341547289699,0.7476035753180885,5.069283771427922,7.389040844515291,0.1005553813058515,0.521726108195369,1,scenario_model_generated_from_literature_calibrated_priors,0.8945787819426039,0.8994446186941485,0
full_data_informed,pulmonary_reference,0.5213566986140101,0.6618896030307174,74.17243686466001,0.20782724164778424,0.7659212790068339,23.37,14.443855429929982,2.197966820569774,88.7244478202222,0.764032676992355,3.1247900999922065,10.268489772551069,0.03948830259991003,0.5217179019733559,1,scenario_model_generated_from_literature_calibrated_priors,0.6180511523290535,0.96051169740009,0
biology_only,aortic_high_pressure,0.6578293302603262,0.4451375003326683,60.11525037056614,0.21788986688495035,0.8374540992365717,32.75,40.26824369835586,1.89960041717518,85.91032265281501,0.7939382760214658,4.1813597901605295,14.129501579547531,0.1028036621312606,0.5216451391014957,1,scenario_model_generated_from_literature_calibrated_priors,0.7704353069204317,0.8971963378687394,0
biology_only,pulmonary_reference,0.7882192426673339,0.5826985188891393,63.71457403274556,0.12681559661405328,0.8836825173300491,23.37,34.49473212465496,1.8665550304025835,87.69601399683,0.8756420800868375,2.856254986278772,11.638093539885583,0.1877840226843158,0.521636415861831,1,scenario_model_generated_from_literature_calibrated_priors,0.5239738072462576,0.8122159773156842,0
full_data_informed,aortic_high_pressure,0.5716441038219804,0.3802612772543857,49.692453562617374,0.038489988992779736,0.4949322383411568,32.75,29.67253380095468,2.1326243586135547,82.23576120021777,0.7055138424689177,6.183707382703616,14.003239872325947,0.0946706677821529,0.5214686839364121,1,scenario_model_generated_from_literature_calibrated_priors,0.9060315664413643,0.9053293322178471,0
biology_only,pulmonary_reference,0.7259894127775868,0.7385507231180605,61.199491493337995,0.3005119818623169,0.899987708354611,23.37,29.301894242919055,2.1961703768054135,81.67762019446485,0.7781876776890417,4.033280255024032,11.309930633180223,0.04911195721351996,0.5213091676137628,1,scenario_model_generated_from_literature_calibrated_priors,0.7461748291433867,0.9508880427864801,0
hydrodynamic_only,pulmonary_reference,0.5070412758737288,0.7334853396286859,29.971756201682496,0.7414348582018938,0.7184196409596347,23.37,21.139175355619432,2.633751906999086,75.06548969029457,0.7973020163643953,3.004998253566597,10.99819527477429,0.06021423813199676,0.521268444870362,1,scenario_model_generated_from_literature_calibrated_priors,0.9045432330175195,0.9397857618680032,0
full_data_informed,aortic_high_pressure,0.6020741851016153,0.5619165705659314,56.71825372521343,0.30800894546535007,0.7826284328309725,32.75,37.26786514912423,2.119798448003357,83.69813932802984,0.7699536283919217,4.0294178524470246,13.90841929439153,0.10977837774880678,0.5212678313314768,1,scenario_model_generated_from_literature_calibrated_priors,0.8620499191107105,0.8902216222511932,0
hydrodynamic_only,aortic_high_pressure,0.6078098039340569,0.865774627538204,38.665312619955415,0.23579042701687347,0.4613208748666262,32.75,37.34024523982412,2.332802060388953,78.23744050892451,0.7481751375565854,4.25159620937522,7.678451250074845,0.09219279324652592,0.521267753429128,1,scenario_model_generated_from_literature_calibrated_priors,0.8598398400053704,0.907807206753474,0
biology_only,pulmonary_reference,0.5127593458174039,0.2933937232395358,42.690045335241294,0.0648900682869042,0.7684600280792839,23.37,24.43001486922595,2.141030806517721,84.3036204275139,0.6721703791004011,5.5138069808582495,11.682552115079147,0.057878536203317996,0.5212148932303841,1,scenario_model_generated_from_literature_calibrated_priors,0.954642068069065,0.942121463796682,0
full_data_informed,pulmonary_reference,0.6563076366093169,0.3255254571432695,72.60230043133535,0.31044493480307583,0.37827800222899427,23.37,24.87847699541158,2.0183822926865336,86.8541143680371,0.7217129240014202,3.8666739876277147,12.713847103420276,0.04146159848087187,0.5211607881752977,1,scenario_model_generated_from_literature_calibrated_priors,0.9354524178257775,0.9585384015191282,0
biology_only,pulmonary_reference,0.5401422025466877,0.7884635169346423,55.49341333981154,0.2552458809671646,0.4774757556765402,23.37,21.30427565109989,2.3788055365819174,84.17129552477485,0.6930500755258819,2.1931357421207647,12.370085047274305,0.05902826707942734,0.5210583902939783,1,scenario_model_generated_from_literature_calibrated_priors,0.9116078584124898,0.9409717329205727,0
hydrodynamic_only,aortic_high_pressure,0.6151664287744287,0.623883693336052,45.871038403053205,0.1053152456267456,0.36705398530740924,32.75,38.11009025959378,2.1475894916911855,84.24921757930171,0.7173881913407762,5.0232301222574565,8.187359363954606,0.0703480268888965,0.521010177259401,1,scenario_model_generated_from_literature_calibrated_priors,0.8363331218444646,0.9296519731111035,0
full_data_informed,pulmonary_reference,0.5193735251202838,0.5495696981597705,60.486288246419164,0.4680389335160655,0.5835280650554677,23.37,19.986944088887963,2.39433733554334,86.06575404426005,0.7381045950289276,6.579098674810661,14.197556406747852,0.055618219681539974,0.5209258486002087,1,scenario_model_generated_from_literature_calibrated_priors,0.8552393705129637,0.94438178031846,0
full_data_informed,pulmonary_reference,0.38558631311294866,0.7368518315388232,64.04953803332587,0.08233511558778696,0.8872664438662814,23.37,12.51885612668998,2.6800464554938785,85.13937280222824,0.7183946749045894,2.6610698846383594,7.4876047886952195,0.03629401288228759,0.5208667805619195,1,scenario_model_generated_from_literature_calibrated_priors,0.5356806215956346,0.9637059871177124,0
full_data_informed,pulmonary_reference,0.7068037302937847,0.4934389001381242,56.946031518704785,0.18823693219777848,0.8943773506449616,23.37,27.006905786452485,2.0155266160513867,81.48954149696537,0.7532374564121384,4.4337082239904735,9.02511122430175,0.058154188636366906,0.5207788715521918,1,scenario_model_generated_from_literature_calibrated_priors,0.8443771593302317,0.9418458113636331,0
biology_only,aortic_high_pressure,0.6928952853675605,0.9335714049699634,55.12922046982934,0.5146634453775571,0.7610360007051126,32.75,36.52707974940417,2.2159532363330454,83.25749649138244,0.8048903956855705,6.13425054577082,13.082495965107135,0.1434607546509473,0.5207486437901897,1,scenario_model_generated_from_literature_calibrated_priors,0.8846693206288803,0.8565392453490527,0
full_data_informed,aortic_high_pressure,0.7759344630041192,0.6496340810301493,54.561003018615295,0.2362926458734224,0.80557298516244,32.75,40.55765252352577,1.9215319710458911,87.95797233266892,0.7938851590044211,3.873348087791927,12.22388029989054,0.12257544681858458,0.5207090399194947,1,scenario_model_generated_from_literature_calibrated_priors,0.7615983962282209,0.8774245531814154,0
full_data_informed,pulmonary_reference,0.6101644661447323,0.4875235166951369,61.872986170767724,0.12410498137502295,0.4915158665065769,23.37,26.510002111271657,2.1744459279305204,88.98761800379853,0.680124097408226,4.688979816291319,10.387100176513748,0.04944537060435111,0.5205892261506277,1,scenario_model_generated_from_literature_calibrated_priors,0.8656396186875629,0.9505546293956488,0
full_data_informed,pulmonary_reference,0.6598661941096122,0.23558170767883455,61.12706491890971,0.27458969390825133,0.5484244458850683,23.37,27.338496439099696,1.962217706149393,85.52690810310806,0.766476945719387,7.969349723331904,14.479329045212701,0.06959895203599083,0.5204992406092928,1,scenario_model_generated_from_literature_calibrated_priors,0.8301884279375398,0.9304010479640091,0
hydrodynamic_only,pulmonary_reference,0.5072674178027524,0.33348704437894366,33.81043604283287,0.07096744688681203,0.9414054157843951,23.37,18.98722433225306,2.30018345030647,76.71458179682556,0.72418650958243,6.747592756150946,4.080454000669407,0.05389955229464647,0.5204478049180317,1,scenario_model_generated_from_literature_calibrated_priors,0.8124614605157492,0.9461004477053535,0
biology_only,pulmonary_reference,0.5159258282550107,0.3344564666741173,63.000943578850475,0.1280181270342636,0.43625403686827524,23.37,22.22101817171948,2.3124085349351,86.96043948255402,0.6607907348222116,2.0173153891940268,13.03420799786762,0.08192915443230242,0.5204314332464068,1,scenario_model_generated_from_literature_calibrated_priors,0.9508351806469609,0.9180708455676976,0
full_data_informed,aortic_high_pressure,0.639248640892355,0.5275832158389263,60.995822004804836,0.37454672230996333,0.4593805437780038,32.75,33.05595317083777,2.1131167246280573,83.82374492119206,0.7223564083405766,3.6286234531911683,10.823330361817868,0.05268098675014393,0.5204145231414947,1,scenario_model_generated_from_literature_calibrated_priors,0.9906579184477018,0.9473190132498561,0
full_data_informed,pulmonary_reference,0.7783062004126605,0.8685112431316615,64.33382351480215,0.34829579932119065,0.6505816307014409,23.37,29.276518167433395,2.1186341797286805,88.98636797893197,0.7670564247893993,3.1745689624693476,14.180680313185421,0.06043263715599424,0.5204092641393233,1,scenario_model_generated_from_literature_calibrated_priors,0.7472606689159866,0.9395673628440058,0
biology_only,aortic_high_pressure,0.5741578659942167,0.5111657647829982,70.2266079406246,0.0905949332324598,0.489350138983529,32.75,32.30874865950887,2.237704257930959,88.35387761961553,0.62622632094686,4.645497146920515,7.608665536108506,0.029364028726054366,0.5203746093499186,1,scenario_model_generated_from_literature_calibrated_priors,0.9865266766262251,0.9706359712739456,1
full_data_informed,pulmonary_reference,0.7047591118803174,0.6886537594461937,56.7027583589942,0.28948215636587754,0.7121496275885362,23.37,29.41871506046131,2.16723594070111,83.0202560789901,0.7764326994713724,11.058493778111437,5.4088603643483495,0.058510483112207246,0.5203208712909365,1,scenario_model_generated_from_literature_calibrated_priors,0.7411760778578815,0.9414895168877928,0
full_data_informed,pulmonary_reference,0.5910483462833219,0.8067875738510254,68.21346615217016,0.5008174596630509,0.5097528043492984,23.37,20.338842295584335,2.2748566634773812,92.21305615447832,0.7659575643599795,4.616392562216892,12.084392048067642,0.15951760598547107,0.5202759447697799,1,scenario_model_generated_from_literature_calibrated_priors,0.8702970601448153,0.840482394014529,0
full_data_informed,pulmonary_reference,0.659858060387769,0.4792280402940843,55.70888049022348,0.0870271380132932,0.24450439434174698,23.37,28.49745336669087,2.0230200790624226,83.97155086461544,0.7451464606954008,5.621776133545347,11.45629532857258,0.07318336880210778,0.5202614119601022,1,scenario_model_generated_from_literature_calibrated_priors,0.7805967750667151,0.9268166311978923,0
full_data_informed,pulmonary_reference,0.4952547409037548,0.660501284504737,57.010225350516286,0.14181909717722402,0.6240739804973048,23.37,18.09680683156941,2.3190859995042734,86.41751673054365,0.701610244618588,4.629384213360405,9.858810006463967,0.04697948366183512,0.5202431576651492,1,scenario_model_generated_from_literature_calibrated_priors,0.7743605832935134,0.9530205163381649,0
hydrodynamic_only,aortic_high_pressure,0.6820838825933804,0.5673465181412601,30.791658233159477,0.3203303225918022,0.29451923061460544,32.75,36.04254158436425,2.05110865988059,75.86325495017209,0.7793221927889383,5.880434866063285,9.795449751434555,0.05393998336378824,0.5201035152225488,1,scenario_model_generated_from_literature_calibrated_priors,0.8994643791033816,0.9460600166362118,0
full_data_informed,pulmonary_reference,0.5876180222645246,0.8500759898979082,54.56729830173538,0.5514880694465985,0.4104546069779438,23.37,24.86365742236994,2.479096339437333,81.43216744243591,0.753702015804716,3.5839673924656315,9.075879701676339,0.09547684141485606,0.5200226103318553,1,scenario_model_generated_from_literature_calibrated_priors,0.9360865458977348,0.904523158585144,0
baseline,pulmonary_reference,0.4949776921787301,0.8348938718032164,34.243351833078336,0.4375489122327506,0.7301268584818271,23.37,17.627280356620112,2.4775193204979926,77.97019952723001,0.7760160865244976,5.595108057334924,10.68901430912221,0.035493184923004135,0.5199786099446676,1,scenario_model_generated_from_literature_calibrated_priors,0.7542695916397137,0.9645068150769959,0
biology_only,pulmonary_reference,0.8465899134814872,0.8920568705548236,65.26514767275889,0.10865934366543906,0.9156847333246153,23.37,33.79667893103505,1.8733317030822876,87.89995936957226,0.8481481706458398,3.211703466656069,8.394853391366336,0.16219090390360122,0.5199266637369191,1,scenario_model_generated_from_literature_calibrated_priors,0.5538434347011103,0.8378090960963988,0
full_data_informed,pulmonary_reference,0.4893513128888516,0.7586729181878294,53.83188560588272,0.27107646270432234,0.6649103416708435,23.37,16.559854962387064,2.323600759606592,85.81516854028713,0.774511220406847,4.246809024226938,10.111898326059636,0.12147366746104117,0.5198514978023752,1,scenario_model_generated_from_literature_calibrated_priors,0.7085945640730451,0.8785263325389588,0
hydrodynamic_only,aortic_high_pressure,0.49935555437749984,0.5765304492121984,43.37942853456983,0.787171533632368,0.9028908605824542,32.75,32.51058023605999,2.416644273998479,77.49375091081556,0.8086634196849284,5.721324485700695,11.690048957508628,0.10246982289311761,0.5197134439963889,1,scenario_model_generated_from_literature_calibrated_priors,0.9926894728567934,0.8975301771068824,0
full_data_informed,pulmonary_reference,0.4245946656509716,0.7896468187398095,57.72013633097056,0.1849774035122875,0.9254701786073531,23.37,15.370380688273796,2.5192929124675643,88.34347483342871,0.7146052139790724,2.60868090924851,6.770167415209288,0.06004384021548941,0.519635532713054,1,scenario_model_generated_from_literature_calibrated_priors,0.6576970769479586,0.9399561597845106,0
full_data_informed,pulmonary_reference,0.41530744122421953,0.36101039726415224,61.27913482228873,0.03191911135826387,0.5497051859045547,23.37,15.146658287341847,2.52313044390821,87.97835855546008,0.6804889082373166,4.535035517700531,3.402337038424113,0.036978485968122345,0.519627704482965,1,scenario_model_generated_from_literature_calibrated_priors,0.6481240174301175,0.9630215140318776,0
full_data_informed,aortic_high_pressure,0.7019680309857025,0.5123060572242861,65.29721349590349,0.1301780560252982,0.7550892185470254,32.75,39.958127021971436,1.8482125940908316,91.05618105744165,0.730102035951386,3.8757512879429625,14.00456825233876,0.04086696971537176,0.5195901932806056,1,scenario_model_generated_from_literature_calibrated_priors,0.779904518413086,0.9591330302846283,0
full_data_informed,aortic_high_pressure,0.7327012215779877,0.4911239966389901,61.68458220610215,0.2007714198848758,0.7296697099394428,32.75,37.06028792975046,1.8072970257416754,83.8271653155897,0.7498417249555548,4.816522563886832,9.413358607322103,0.030599598424940207,0.5194362025757112,1,scenario_model_generated_from_literature_calibrated_priors,0.8683881548167799,0.9694004015750598,0
hydrodynamic_only,aortic_high_pressure,0.5527328000325087,0.8657579851682423,35.79411246174105,0.427621538964673,0.498126174875287,32.75,28.26341842615459,2.3853193176207466,79.12541686787833,0.7672886697384715,4.824917899063815,9.60571938566047,0.08713818379851916,0.519361742142441,1,scenario_model_generated_from_literature_calibrated_priors,0.8630051427833463,0.9128618162014809,0
full_data_informed,aortic_high_pressure,0.5355398876641195,0.3072361160154708,58.152954564267695,0.12963778133595785,0.6992042460414214,32.75,31.64024986466507,2.091672156748893,85.3526327268269,0.7004628938191377,2.085346664963498,13.167362167032001,0.11637502104618438,0.5193554762376364,1,scenario_model_generated_from_literature_calibrated_priors,0.9661144996844296,0.8836249789538156,0
full_data_informed,pulmonary_reference,0.5812872963058474,0.2655864190780153,60.384075072585546,0.21328150558518386,0.493996507021575,23.37,22.84377710020475,2.132099400268283,84.2967072139551,0.6856265718418851,3.9861478601401448,10.133051338657268,0.04525509610296213,0.5192968242176671,1,scenario_model_generated_from_literature_calibrated_priors,0.9774829739069213,0.9547449038970379,0
full_data_informed,pulmonary_reference,0.6572413596540483,0.4950339939683823,58.655089525301655,0.16969496341311577,0.37106199303139403,23.37,28.749458846281,2.1585366670226676,83.5288538316107,0.734682549567798,5.1372882700390425,8.226527333822322,0.039778752220696996,0.5192828618857415,1,scenario_model_generated_from_literature_calibrated_priors,0.7698134853966196,0.960221247779303,0
full_data_informed,pulmonary_reference,0.5770115020591775,0.41130460735509405,66.41892018884357,0.11749558950980434,0.5336466817053679,23.37,20.368756797329873,2.0763782174489887,85.12654894996332,0.6965162934248904,4.552291162842821,11.205741627950573,0.034338098988487976,0.5192790510695452,1,scenario_model_generated_from_literature_calibrated_priors,0.8715770987304181,0.9656619010115121,0
biology_only,aortic_high_pressure,0.5375339736510678,0.6247704371831533,56.35481523451099,0.5920751718378585,0.5238886481976811,32.75,33.52931124668008,2.220951410156324,84.25559354987561,0.7762120210435822,4.2170796959998755,7.854086758862829,0.12017849212057381,0.5192666236586875,1,scenario_model_generated_from_literature_calibrated_priors,0.9762042367425929,0.8798215078794261,0
full_data_informed,pulmonary_reference,0.5371531575517534,0.4798844732579974,66.28336199493664,0.30241248235754,0.42652173782946295,23.37,20.047320205523985,2.1830823775782844,86.08081346936207,0.7173045502294675,6.274967802942838,13.256182722849033,0.03083143319991771,0.5191802093517679,1,scenario_model_generated_from_literature_calibrated_priors,0.8578228586017964,0.9691685668000823,0
full_data_informed,aortic_high_pressure,0.6917840859261246,0.5374994283173132,85.08811089001668,0.17184671608502217,0.6768685755128755,32.75,39.04041285643908,2.0364742714536153,92.46612582212614,0.7086309078885739,3.7487415046036325,13.45481447088918,0.06254025979975432,0.5190847015102535,1,scenario_model_generated_from_literature_calibrated_priors,0.8079263249942265,0.9374597402002457,0
full_data_informed,aortic_high_pressure,0.4494070297548103,0.6674879123991523,51.04921484203233,0.4225056806369712,0.4447054565989598,32.75,25.235757736446548,2.4290982646613197,84.65821352244019,0.7514570723062242,6.75578576216156,9.767769323583602,0.05696439920672125,0.519003808194332,1,scenario_model_generated_from_literature_calibrated_priors,0.7705574881357724,0.9430356007932787,0
full_data_informed,aortic_high_pressure,0.7802915965450312,0.582993359275883,56.549452527173635,0.10855217090200248,0.40795148475717546,32.75,41.25231079721807,1.8512822237542117,87.91935832316965,0.754509359147773,4.486812793616683,10.822443543122178,0.05585188075353752,0.5189389072075736,1,scenario_model_generated_from_literature_calibrated_priors,0.740387456573494,0.9441481192464625,0
full_data_informed,pulmonary_reference,0.6279110998873002,0.40142336905824205,63.466469865466635,0.1219074023133004,0.3981381459204833,23.37,22.34182215851275,2.1052336915814416,89.33577984352652,0.6645014620195397,3.2148216577282693,12.388218928040883,0.07000406204676217,0.5189239847954051,1,scenario_model_generated_from_literature_calibrated_priors,0.9560043713527063,0.9299959379532379,0
baseline,aortic_high_pressure,0.654141371742978,0.7705252586064651,39.779163606964346,0.43161538834127106,0.2529711124547763,32.75,37.65498464573822,2.284779763352216,86.43625844296199,0.747147735998543,4.660980742500135,15.81626391246067,0.07651836871599356,0.5188816695983909,1,scenario_model_generated_from_literature_calibrated_priors,0.8502294764660087,0.9234816312840064,0
biology_only,pulmonary_reference,0.6775187031356249,0.385604537926521,70.39369779429659,0.08659928202504064,0.6585323816077686,23.37,28.08357238842564,2.0590677772089165,82.589354456136,0.7237454018877356,4.133134058995784,10.853495737387288,0.03537311528414129,0.518796458834136,1,scenario_model_generated_from_literature_calibrated_priors,0.7983067013938537,0.9646268847158587,0
biology_only,aortic_high_pressure,0.6745561918705196,0.8577885738988905,59.17407550865348,0.43079545331929436,0.7392298743749813,32.75,41.81404286796058,2.1073562292709713,83.37409043303553,0.8231541259249686,2.707980951697341,12.025857788112543,0.09185082014982647,0.5187943795151051,1,scenario_model_generated_from_literature_calibrated_priors,0.7232353322760128,0.9081491798501735,0
full_data_informed,aortic_high_pressure,0.564006271711094,0.6398784385438009,68.46484076241484,0.5386131636146609,0.6539863537891438,32.75,27.549277946526104,2.420005644771201,90.72206792564535,0.7247735733306372,4.2460103330147385,7.638026070406216,0.0493590956205311,0.5186623161085095,1,scenario_model_generated_from_literature_calibrated_priors,0.8411993266114841,0.9506409043794689,0
hydrodynamic_only,aortic_high_pressure,0.5776497105008921,0.7909849899406103,40.30344648235283,0.3590187658703193,0.17122886722008768,32.75,36.41493084618546,2.2183746287806017,75.30639205680468,0.76913557678966,2.327737834463557,11.81101161111839,0.05449729119307932,0.5186373572868525,1,scenario_model_generated_from_literature_calibrated_priors,0.8880937146202912,0.9455027088069207,0
biology_only,pulmonary_reference,0.38764956782933035,0.6405362385259432,64.88064685151426,0.22148170498355046,0.7119666964752608,23.37,15.832658995436008,2.679492164420644,89.13691929525282,0.702969844439389,2.998591988620499,9.260582987527588,0.09141782550052222,0.518620359564122,1,scenario_model_generated_from_literature_calibrated_priors,0.6774779202154902,0.9085821744994778,0
biology_only,pulmonary_reference,0.6692137378328781,0.6145458872847009,43.25178839126941,0.09422957714315432,0.8039231662395752,23.37,17.814103099259288,2.1400462644305236,82.05206181536025,0.7395453149341622,4.459313918088369,11.581333155411398,0.0665097365612638,0.5185967789495585,1,scenario_model_generated_from_literature_calibrated_priors,0.7622637184107526,0.9334902634387362,0
hydrodynamic_only,pulmonary_reference,0.5270681441841869,0.8449198139031754,26.09987480527517,0.15466535972213852,0.06472827704712081,23.37,17.478566921020775,2.443814847377175,72.28512076607927,0.7720154100187494,2.780570952242373,7.746849953595331,0.09688015193392203,0.5184251178724353,1,scenario_model_generated_from_literature_calibrated_priors,0.7479061583663147,0.9031198480660779,0
full_data_informed,aortic_high_pressure,0.6598815138172516,0.6059607995040064,46.10380919742546,0.18270837765501463,0.5307749051827723,32.75,35.566342471363576,2.047728330095135,85.1254967377735,0.7113960634959788,10.864391920994827,11.6580949220424,0.0692577757206782,0.5183813201775145,1,scenario_model_generated_from_literature_calibrated_priors,0.9140048100347,0.9307422242793217,0
biology_only,pulmonary_reference,0.6678952662009339,0.5960246057195769,59.195308988916246,0.44096945072768456,0.5641428147458836,23.37,20.70139101022422,2.045462034015184,87.63865022480518,0.7550979807567386,3.2186647850463244,13.863904027125685,0.06127680776028589,0.5183792367989839,1,scenario_model_generated_from_literature_calibrated_priors,0.8858104839633812,0.9387231922397141,0
hydrodynamic_only,pulmonary_reference,0.5292132512033588,0.8102026202639411,37.580882093154436,0.26424448597035644,0.8669708171479574,23.37,20.841254896517032,2.278695586975418,76.98693587393996,0.7389027298951953,5.10753745694331,10.844690600240902,0.06505471044894855,0.5183175274355324,1,scenario_model_generated_from_literature_calibrated_priors,0.8917952458928983,0.9349452895510515,0
full_data_informed,pulmonary_reference,0.5187636460061721,0.8426398472306,54.46390874131347,0.03653344908886684,0.28586912045856294,23.37,17.479212697645387,2.3968856865530523,82.72589282388478,0.6944455606294361,3.676455790301609,5.284860101479389,0.05583505395618394,0.5183137972450527,1,scenario_model_generated_from_literature_calibrated_priors,0.7479337910845265,0.9441649460438161,0
full_data_informed,pulmonary_reference,0.4422432362111649,0.6639841673369004,61.350138211870814,0.4491378927463235,0.27560047665770004,23.37,15.45197388729911,2.589473506793608,94.2925730502132,0.7258556144015841,3.6386862470039993,14.118470415625815,0.05769712544225038,0.518239706416757,1,scenario_model_generated_from_literature_calibrated_priors,0.6611884419041125,0.9423028745577496,0
baseline,pulmonary_reference,0.7048243353572611,0.6032630697694601,39.43138231915472,0.26850108691473845,0.8864936840099292,23.37,26.88365017722093,2.0297018262635653,80.60424631072569,0.7734595418978456,8.385184246183544,9.685171353336022,0.08590733676204607,0.5181586320007329,1,scenario_model_generated_from_literature_calibrated_priors,0.8496512547188306,0.9140926632379539,0
full_data_informed,aortic_high_pressure,0.7107314993796415,0.7110666902905557,53.902092361075866,0.1307923651570657,0.6092281202588956,32.75,37.563456875362554,2.097376983929554,80.54715966479397,0.7189151517403399,6.450081592846105,10.504208665064818,0.03491696075720866,0.5181109034958726,1,scenario_model_generated_from_literature_calibrated_priors,0.8530242175461815,0.9650830392427914,0
full_data_informed,aortic_high_pressure,0.665070131763499,0.5265710907785037,56.61194514077959,0.5432197618614532,0.6953678296537199,32.75,36.017478958628736,2.146357831439665,85.38748030161558,0.7592120605937223,2.7592327270933894,12.311782883393104,0.040104098598410944,0.5180377428537772,1,scenario_model_generated_from_literature_calibrated_priors,0.9002296501182065,0.9598959014015891,0
biology_only,pulmonary_reference,0.4196199336263281,0.6920065190731741,65.8506901229275,0.5444952280617763,0.7290555760282265,23.37,16.756223686962876,2.6183533988677796,86.98640969793026,0.7630724410876912,6.333363507782626,11.699899602270886,0.07780552880426546,0.5180147892994692,1,scenario_model_generated_from_literature_calibrated_priors,0.7169971624716678,0.9221944711957345,0
biology_only,pulmonary_reference,0.6280465816239545,0.6804948998907108,38.69070133485933,0.03193895278954355,0.7297177884801735,23.37,19.443003593664347,2.0185516808651545,76.58051207550471,0.7393401732625706,6.552473051452239,9.592619982024226,0.0541320191732347,0.5179148444891905,1,scenario_model_generated_from_literature_calibrated_priors,0.8319642102552138,0.9458679808267653,0
biology_only,pulmonary_reference,0.8299520656008272,0.9704562668542014,62.655835271841944,0.2021790806234545,0.8124085507063307,23.37,30.929064909928265,1.9511248659248226,86.17974328544615,0.7781385471976339,8.21850319416035,12.296400446251432,0.041446925238662016,0.5178779393181421,1,scenario_model_generated_from_literature_calibrated_priors,0.6765483564429497,0.958553074761338,0
full_data_informed,pulmonary_reference,0.5566620499551622,0.749020709345879,53.422092885138774,0.3611990221202849,0.5159371862660854,23.37,21.308004200696104,2.2272441423079496,83.68406660260676,0.7170772161102277,5.499952027261383,12.573059743592129,0.036333081548470925,0.5178688312709383,1,scenario_model_generated_from_literature_calibrated_priors,0.91176740268276,0.9636669184515291,0
full_data_informed,pulmonary_reference,0.6078221138649044,0.6132865643314214,59.45890376659451,0.12428102904568321,0.23697167466885555,23.37,19.64899917243792,2.1208169541720467,83.61707475517096,0.710537134838432,4.520688568759213,11.532018538949387,0.050528138056791516,0.5178436433830119,1,scenario_model_generated_from_literature_calibrated_priors,0.8407787407975148,0.9494718619432085,0
biology_only,aortic_high_pressure,0.713856431071307,0.5622562760938674,80.88047141260017,0.13870335338142104,0.890020056218454,32.75,35.046887938334926,1.8974989764623316,86.58053753061581,0.7005601455988053,3.2564558833263644,15.939690366654585,0.0476406516726843,0.5178203270495895,1,scenario_model_generated_from_literature_calibrated_priors,0.9298660171500785,0.9523593483273157,0
biology_only,aortic_high_pressure,0.43201881081346816,0.9235191290744065,71.57317086253758,0.07640454353223777,0.3505005302232924,32.75,26.780024448026218,2.651742280960888,85.89249313222354,0.6347970351797873,2.0227974397471264,7.038841732369434,0.05060366978195381,0.5177246862341144,1,scenario_model_generated_from_literature_calibrated_priors,0.8177106701687394,0.9493963302180461,0
hydrodynamic_only,pulmonary_reference,0.6613944882928391,0.7453094473560572,44.72010380145783,0.1554709385731495,0.06269890178833716,23.37,20.18675963851547,2.1584484865941893,86.75145464045292,0.709384966850058,4.4191488682965865,12.271270220048054,0.09701511774957879,0.5177113698197233,1,scenario_model_generated_from_literature_calibrated_priors,0.863789458216323,0.9029848822504212,0
full_data_informed,aortic_high_pressure,0.5447753074250223,0.9538662162027939,59.70114759577897,0.599788732528821,0.7130655936828926,32.75,27.976742150347132,2.3629541663894935,87.34816689724785,0.7800153594817748,4.198121280872636,11.108848636349737,0.12373409312339227,0.5177105064603645,1,scenario_model_generated_from_literature_calibrated_priors,0.8542516687128895,0.8762659068766078,0
biology_only,aortic_high_pressure,0.60012904435291,0.6674848352060646,56.70068030517556,0.5834740053604097,0.5801666415369442,32.75,34.03370925203188,2.2439804778731376,82.67605712701086,0.7575890804501177,3.968943427426706,13.952633718405034,0.063232646121007,0.5177045292147708,1,scenario_model_generated_from_literature_calibrated_priors,0.9608027709303242,0.936767353878993,0
full_data_informed,aortic_high_pressure,0.731294105614704,0.5452541329435603,49.31399430647038,0.22270670608675838,0.548162569626561,32.75,36.737116033649954,1.9855852370691798,85.14263784089287,0.7306523109154242,6.834111997020186,11.314587551325506,0.058200264865438965,0.5176721215628357,1,scenario_model_generated_from_literature_calibrated_priors,0.8782559989725205,0.9417997351345611,0
biology_only,aortic_high_pressure,0.4971667528557564,0.4089311802031928,68.60344667812704,0.05192202302225314,0.27877429475370064,32.75,29.985721533662623,2.1819212793480354,91.91819651892823,0.6248869567873883,8.421396698428437,11.630887292796928,0.03167862406515221,0.5176503439375135,1,scenario_model_generated_from_literature_calibrated_priors,0.915594550646187,0.9683213759348478,0
full_data_informed,pulmonary_reference,0.5550190618409886,0.46238234467921535,66.23354742700968,0.499108520697014,0.3821386037940799,23.37,23.683155378436435,2.3727080803131595,85.54554624221907,0.6988407387155517,4.074307755585577,11.558964030706823,0.04351490986383282,0.5176314437393833,1,scenario_model_generated_from_literature_calibrated_priors,0.9866001121764469,0.9564850901361672,0
baseline,aortic_high_pressure,0.5024659908984107,0.9339298666860599,24.88143598390985,0.13112328383444002,0.5283542586584737,32.75,28.450666860806844,2.4577590503470184,67.96683207504,0.821718561811939,5.2446040074459175,9.832330630191766,0.29085667363655987,0.5175698339934376,1,scenario_model_generated_from_literature_calibrated_priors,0.868722652238377,0.7091433263634401,0
full_data_informed,aortic_high_pressure,0.6166745020086254,0.4785150167492234,58.441266850200414,0.19776989418647625,0.4571664165528145,32.75,33.65879333164139,2.1771189803960396,85.23470024359901,0.6721895430070608,6.595835306068585,9.18825722027794,0.04980811465187753,0.5174771978772343,1,scenario_model_generated_from_literature_calibrated_priors,0.9722505852933926,0.9501918853481225,0
biology_only,pulmonary_reference,0.6155159083878637,0.66665904464356,39.33298808430898,0.2677295012766936,0.8797601395833434,23.37,21.743374893707987,2.0340037981177947,74.93541277186588,0.7578858615019628,1.9359452505602923,8.616073154424928,0.048127609868280144,0.5174248416596875,1,scenario_model_generated_from_literature_calibrated_priors,0.9303968717889596,0.9518723901317199,0
hydrodynamic_only,pulmonary_reference,0.43896141581530024,0.8342925964395708,36.730701983143724,0.07680423569812125,0.6130446810167205,23.37,12.724340493385085,2.533109114877607,78.68347975237232,0.7580471345758305,4.446497536282303,11.85329480184481,0.05295535615818396,0.5173851132696493,1,scenario_model_generated_from_literature_calibrated_priors,0.5444732774234098,0.9470446438418161,0
full_data_informed,pulmonary_reference,0.5449506420944572,0.38406785767726515,50.09038843896189,0.1362197213089393,0.6788731990871592,23.37,20.60396835533505,2.1896801643612824,86.00029105321916,0.6796941388696273,6.820210724597116,11.671928778331385,0.04554104147070602,0.5173689394769176,1,scenario_model_generated_from_literature_calibrated_priors,0.8816417781486969,0.954458958529294,0
biology_only,aortic_high_pressure,0.40031830073773156,0.5492502660284803,71.04603518703478,0.29913001349927715,0.8284877344486313,32.75,20.873011430507695,2.6497258697326145,82.21439665007043,0.7595643919243537,7.22476813487111,8.627405956224209,0.09177231930902326,0.5173565431524223,1,scenario_model_generated_from_literature_calibrated_priors,0.6373438604735174,0.9082276806909767,0
hydrodynamic_only,pulmonary_reference,0.4138651398475123,0.5392075173178174,43.2750059870188,0.39326489704574885,0.8248074591277536,23.37,13.719174053399364,2.773018727087776,82.44096174771518,0.7686335624400775,9.478343690867039,9.788000164366268,0.07239845894064524,0.5172708714367189,1,scenario_model_generated_from_literature_calibrated_priors,0.5870421075481114,0.9276015410593548,0
full_data_informed,aortic_high_pressure,0.4517021793751107,0.6813354654950664,71.34891569095998,0.33116452339780245,0.6473133436865904,32.75,27.101247640173572,2.5051045244872663,86.5820968049077,0.7096586747442932,7.802872495208134,5.139773032295901,0.09192465265261465,0.5172608189992013,1,scenario_model_generated_from_literature_calibrated_priors,0.8275190119136968,0.9080753473473854,0
full_data_informed,aortic_high_pressure,0.5266583418532773,0.29404734400749727,51.87690961347546,0.03408122701712016,0.5880520248165055,32.75,29.132934380272445,2.168339285129934,82.77406721932311,0.6761043301271492,3.742949541978813,11.168212506463043,0.05096067719767839,0.5172405271819941,1,scenario_model_generated_from_literature_calibrated_priors,0.8895552482525937,0.9490393228023216,0
biology_only,pulmonary_reference,0.6795811246637103,0.8557528084371135,56.065983724812845,0.40226796186365343,0.8145093685941986,23.37,28.49866135136426,2.1897472946250582,84.45531094241723,0.7709518894826873,3.0974240269481905,11.729267418724302,0.05970355811164411,0.5172381220259484,1,scenario_model_generated_from_literature_calibrated_priors,0.7805450855214267,0.9402964418883559,0
full_data_informed,aortic_high_pressure,0.6709854956993812,0.817799526136656,50.4722971102416,0.21630503377188304,0.10432347668429359,32.75,38.19572433716006,2.0557219794753205,81.77029788273524,0.7682343374852427,4.037975626396258,12.289088938743186,0.11371388679283873,0.5171786332198957,1,scenario_model_generated_from_literature_calibrated_priors,0.8337183408500746,0.8862861132071613,0
biology_only,pulmonary_reference,0.7385510904383097,0.8004026370498889,53.577108188115254,0.4149140661442509,0.5771121863886589,23.37,23.77613974995651,1.9734090531532902,82.33177195576143,0.7418149772506369,3.515838474220817,12.91313764164907,0.03735435697073887,0.5171746686248833,1,scenario_model_generated_from_literature_calibrated_priors,0.9826213200703249,0.9626456430292611,0
full_data_informed,pulmonary_reference,0.765902585546661,0.6312332110248187,71.80791373405725,0.0801494259202861,0.35819842204346874,23.37,28.288577797354648,1.917160590165412,88.23521584799344,0.7254453340118571,2.4867770436655197,8.758498280765497,0.06664882186744349,0.5170368375618352,1,scenario_model_generated_from_literature_calibrated_priors,0.7895345401217524,0.9333511781325565,0
biology_only,pulmonary_reference,0.4730179522643151,0.8511891451827305,54.217181854200334,0.18895666741748723,0.7617925671248725,23.37,8.511862959038567,2.491168396252241,86.98933113540022,0.7978423380068422,6.77936189301066,9.996622697146721,0.04866930883303499,0.5170359884093819,1,scenario_model_generated_from_literature_calibrated_priors,0.3642217783071702,0.951330691166965,0
full_data_informed,pulmonary_reference,0.581212439617677,0.6484854227275253,60.60916254099611,0.20954780678468374,0.5989574542479669,23.37,19.97276842978768,2.2922274243589995,86.09065646988017,0.7100938525326631,10.79105676069982,10.510527979646177,0.10386260068150488,0.5169880657302596,1,scenario_model_generated_from_literature_calibrated_priors,0.8546327954551853,0.8961373993184951,0
biology_only,pulmonary_reference,0.49034110065526826,0.7457417062958489,53.682587802718515,0.28468137823841955,0.5909074956719195,23.37,18.36590777775642,2.45760734102093,80.93018453378002,0.7435223232201156,5.129291324860917,10.574294068405562,0.09614615348599322,0.5169812265030836,1,scenario_model_generated_from_literature_calibrated_priors,0.7858753862968086,0.9038538465140068,0
full_data_informed,pulmonary_reference,0.49471454891151656,0.9030886994698614,57.14538568645518,0.558900044922595,0.7951911483178736,23.37,16.7294695704246,2.54056199563108,83.73764628697265,0.7735322224786022,10.25263446667147,10.370541667391336,0.042938993043095695,0.5169594368333806,1,scenario_model_generated_from_literature_calibrated_priors,0.7158523564580488,0.9570610069569043,0
biology_only,aortic_high_pressure,0.5256362773931034,0.2993832530637478,75.86714998736036,0.140663100904259,0.49197266003864565,32.75,32.699988718062684,2.1819029419323925,90.2186564449282,0.6361306029453027,6.977665486285985,6.515219296958545,0.06448050554724064,0.5169104055293516,1,scenario_model_generated_from_literature_calibrated_priors,0.9984729379561125,0.9355194944527594,1
biology_only,aortic_high_pressure,0.6814604775364405,0.6124259404084121,73.49817204310402,0.34775007640553784,0.7124439908764485,32.75,41.793594839710835,2.152538867798851,84.24325432148429,0.7904889736553475,7.1002365909029805,13.59163455804201,0.08390740762508304,0.5168881427175016,1,scenario_model_generated_from_literature_calibrated_priors,0.7238596995508142,0.9160925923749169,0
hydrodynamic_only,aortic_high_pressure,0.6318276108361389,0.8055911578410239,24.493992891570784,0.4339102357883411,0.46442707514776754,32.75,34.80417819105028,2.2521735076042857,70.56655551324465,0.7822987474196664,3.5641081312200216,14.69468381312204,0.056976687295542595,0.5168381006059594,1,scenario_model_generated_from_literature_calibrated_priors,0.9372770017999914,0.9430233127044574,0
full_data_informed,pulmonary_reference,0.6409220196289935,0.6394863052513308,64.55007217740898,0.4648017514893709,0.8023287955406482,23.37,28.727344878946237,2.0671064627204303,87.33163832871476,0.802325610250385,6.78403732628758,12.869844733965365,0.10004736297769441,0.5168284790231876,1,scenario_model_generated_from_literature_calibrated_priors,0.7707597398824888,0.8999526370223055,0
biology_only,pulmonary_reference,0.624321219931782,0.40148094311097476,40.6249442101451,0.42048830667327586,0.9264318513748705,23.37,28.12310319371205,2.0998848063587197,75.6793682174385,0.8161073823274866,6.469174910890587,15.772137517495931,0.05737591987264482,0.5167568138285215,1,scenario_model_generated_from_literature_calibrated_priors,0.7966151821261425,0.9426240801273552,0
full_data_informed,aortic_high_pressure,0.4467429112651248,0.6734897906375279,60.226336489414635,0.3200797383293322,0.8751220637575312,32.75,25.56051187035885,2.436462054384873,80.19781870558529,0.753167347878444,4.982723845019113,10.853465497485967,0.08641366727195794,0.5167337340559583,1,scenario_model_generated_from_literature_calibrated_priors,0.7804736448964535,0.913586332728042,0
baseline,aortic_high_pressure,0.440052229214542,0.8324256441906713,38.936446836545045,0.29633036687130637,0.2256297984844835,32.75,28.036720785907363,2.4441303854715906,76.53866556155398,0.731272598892184,3.141795122514177,8.377433102849716,0.05884346664736161,0.5167191940976859,1,scenario_model_generated_from_literature_calibrated_priors,0.8560830774322858,0.9411565333526384,0
hydrodynamic_only,pulmonary_reference,0.4750830221230215,0.7032560686571233,30.11341405670552,0.08728223750334922,0.4442854710383852,23.37,11.950084716373821,2.4224379539209777,71.9365173853329,0.8101803293011072,4.836425951606149,9.93297027336325,0.053434900410637975,0.5167123581011256,1,scenario_model_generated_from_literature_calibrated_priors,0.5113429489248533,0.946565099589362,0
biology_only,aortic_high_pressure,0.76494855678902,0.5775839199494208,49.49678757512967,0.13691629015235934,0.509401721307863,32.75,39.401424683515074,2.126804854830565,85.83267353833342,0.7170779143547178,7.188151339645907,9.328714700106298,0.06258421186572354,0.5166733696006583,1,scenario_model_generated_from_literature_calibrated_priors,0.7969030630987763,0.9374157881342765,0
hydrodynamic_only,aortic_high_pressure,0.4221958050299166,0.46169985788448714,35.10122566354882,0.22208071913123517,0.3370951976786855,32.75,32.85305987039535,2.5536186357004182,77.60880929625597,0.650006064208965,3.0614116316593085,3.6287955614404144,0.03505696027989844,0.5166261403581707,1,scenario_model_generated_from_literature_calibrated_priors,0.9968531337283864,0.9649430397201015,1
full_data_informed,pulmonary_reference,0.5098047673747578,0.37527091448239003,59.63460110461856,0.13868833765364386,0.6328161599823312,23.37,19.589852755816107,2.2053187811138333,79.73935904541271,0.7150715263269601,9.548576507363537,10.766340568897938,0.043802534525007174,0.5166130984326173,1,scenario_model_generated_from_literature_calibrated_priors,0.8382478714512669,0.9561974654749928,0
full_data_informed,aortic_high_pressure,0.7053489627816374,0.5264587300597299,60.553001414387474,0.28520122858025126,0.6852652034693012,32.75,36.35445835625327,1.805247831341842,84.36412366435341,0.75867039704317,4.981042056304971,4.353768243458141,0.05097147084845729,0.5165806716423859,1,scenario_model_generated_from_literature_calibrated_priors,0.8899402028624956,0.9490285291515427,0
full_data_informed,pulmonary_reference,0.7387469609112909,0.4820106211670022,61.19573508991502,0.14443990197205397,0.7753719409410949,23.37,29.887299951932903,1.948161516996801,85.92398896594919,0.7583287977437708,4.459522168045509,10.554401960621082,0.05620510529327603,0.5165563872124548,1,scenario_model_generated_from_literature_calibrated_priors,0.7211253764684253,0.943794894706724,0
biology_only,pulmonary_reference,0.5450166399436025,0.8319278135900906,47.9987491733507,0.2991817949331005,0.5634782099447806,23.37,15.27862971807864,2.2646829078141426,80.30010085721577,0.7891997933228048,3.869757941022979,9.979281495988353,0.04627572818011811,0.5163521074613836,1,scenario_model_generated_from_literature_calibrated_priors,0.6537710619631425,0.9537242718198818,0
biology_only,pulmonary_reference,0.9162396095749357,0.8926054557349655,54.219324723059685,0.03265743729094702,0.5620046808158251,23.37,32.63262935474317,1.77700658091519,79.12008822906353,0.8280750462216978,1.9510097633992542,10.64756359799766,0.07859175184195405,0.5163090921742349,1,scenario_model_generated_from_literature_calibrated_priors,0.6036530015086362,0.9214082481580459,0
biology_only,aortic_high_pressure,0.47874138729021254,0.5660944139130051,62.10956067979627,0.22401069234913373,0.6243427022905467,32.75,31.62004959494828,2.4092407342229833,83.65718591859124,0.6513073077187951,3.895342452036715,8.349334006748649,0.039209822191985794,0.5162593373745397,1,scenario_model_generated_from_literature_calibrated_priors,0.9654976975556727,0.9607901778080142,0
hydrodynamic_only,pulmonary_reference,0.6007143042375529,0.46051041952177785,40.59573007162719,0.41450019237905195,0.8756103473366603,23.37,21.533513365821403,2.141237544369009,81.78655554029977,0.7407521352753935,5.422505685391525,12.826418508259174,0.04098454579486149,0.5162460614089036,1,scenario_model_generated_from_literature_calibrated_priors,0.9214169176645871,0.9590154542051386,0
full_data_informed,pulmonary_reference,0.7686253215514572,0.7335376925383723,66.76190122792916,0.0896978131824741,0.6722370075076846,23.37,30.508715092473217,2.0552601737441054,89.19782783964193,0.7231352110099668,2.3947793323139828,13.709275718670769,0.04361547231085795,0.516225796849897,1,scenario_model_generated_from_literature_calibrated_priors,0.6945350837623785,0.9563845276891421,0
hydrodynamic_only,pulmonary_reference,0.532129157359337,0.35456022720833413,42.66660151098903,0.10968833261688027,0.8012425598597887,23.37,21.73892394089981,2.2986463621249142,81.67044296178497,0.6696898855683756,9.293306582605965,11.152781959434648,0.06145614461235636,0.5162255875436105,1,scenario_model_generated_from_literature_calibrated_priors,0.9302064159563461,0.9385438553876436,0
baseline,pulmonary_reference,0.5913146334364109,0.8756560303395279,21.275264176837286,0.15689941078602057,0.3816213829795373,23.37,24.177346891143266,2.271603699309938,70.52194185704906,0.7153149600560732,1.775249112946377,12.530277229798902,0.0506503608679832,0.5161503976481115,1,scenario_model_generated_from_literature_calibrated_priors,0.9654537059844559,0.9493496391320168,0
full_data_informed,aortic_high_pressure,0.6592735594336059,0.9449699794679499,62.0813961257815,0.2071518831209553,0.1057303788498825,32.75,35.781372256445394,2.1407812269238597,84.28221674091773,0.6868337057464542,5.027588756912795,12.183466564515514,0.021809110363792513,0.5160482813939168,1,scenario_model_generated_from_literature_calibrated_priors,0.9074390150703696,0.9781908896362075,0
biology_only,pulmonary_reference,0.7403508135094438,0.9771528959548329,44.90878193155152,0.20417436455754512,0.6764595531127463,23.37,31.429651787121067,2.1888371791209074,79.63769745867711,0.80367605585849,3.770515720176904,10.471500824610867,0.1039521208452096,0.5159827645304746,1,scenario_model_generated_from_literature_calibrated_priors,0.6551282932340152,0.8960478791547903,0
full_data_informed,aortic_high_pressure,0.47895612753980277,0.12316185547093612,54.93584522898247,0.030553888607814775,0.33685715949873873,32.75,33.79865308673021,2.284491308605984,85.72241326798421,0.619108038163991,5.567229426323355,10.734816933909146,0.03939132234993978,0.5159609696873857,1,scenario_model_generated_from_literature_calibrated_priors,0.9679800584204515,0.9606086776500602,0
biology_only,pulmonary_reference,0.5157231199408192,0.228051654053255,39.92484597369099,0.20622427614474126,0.3677004908501053,23.37,22.310856789463095,2.4169251151288207,79.19511753341068,0.6678739474296942,2.4594722196350802,7.99064761919697,0.037655009618299456,0.5159433055575746,1,scenario_model_generated_from_literature_calibrated_priors,0.9546793662585834,0.9623449903817005,0
full_data_informed,pulmonary_reference,0.6868978607734575,0.47670984394667765,64.05215121593183,0.22468765535945626,0.5464478195986063,23.37,27.964003606297688,1.9114505701757407,92.03534437648746,0.7239879403002785,2.511263586335925,8.883616530333944,0.04881171888179368,0.5159369604003621,1,scenario_model_generated_from_literature_calibrated_priors,0.803423037813535,0.9511882811182063,0
biology_only,pulmonary_reference,0.617970688479364,0.5267075733783715,48.20351120035155,0.49642867831345744,0.3040723970774343,23.37,21.744588987909985,2.1892046791250643,86.4249277071442,0.7295220655015084,5.244188963238513,11.318940231825163,0.0485954709869998,0.5155886604479949,1,scenario_model_generated_from_literature_calibrated_priors,0.9304488227603759,0.9514045290130002,0
full_data_informed,pulmonary_reference,0.5620229526481215,0.16666927373588078,50.46874204067095,0.016270820046520654,0.3953320548607813,23.37,18.7663410114787,2.069448004237961,85.12200646815782,0.6957400326965116,3.0027783688283556,11.458803778853985,0.052509257960769384,0.5155608649046848,1,scenario_model_generated_from_literature_calibrated_priors,0.8030098849584382,0.9474907420392307,0
hydrodynamic_only,pulmonary_reference,0.6513659320103332,0.806081742475446,41.93117445004649,0.6287596265118071,0.13776683937802253,23.37,22.359112001134896,2.1796029776356702,76.70260924143686,0.7979999272511015,4.411314178773614,12.122266898390933,0.07044067427795062,0.5154428411984435,1,scenario_model_generated_from_literature_calibrated_priors,0.9567442020168976,0.9295593257220494,0
biology_only,pulmonary_reference,0.8403274876309281,0.8106862261381592,63.243352703065064,0.08959849678652272,0.9029289359383157,23.37,31.851039072911853,1.8364456712800563,87.78975389351477,0.7832672580963613,4.648251827726698,10.167063198398514,0.08029328265194416,0.5152529447351608,1,scenario_model_generated_from_literature_calibrated_priors,0.6370971727466046,0.9197067173480559,0
full_data_informed,aortic_high_pressure,0.44441959855844915,0.5704532641950593,48.92410450664918,0.1837388680278569,0.7499019510470325,32.75,29.50702139847707,2.4031999840100875,85.97575483461101,0.6508859300369628,5.126907780855265,11.91937422259913,0.040597765003824136,0.5152110269905187,1,scenario_model_generated_from_literature_calibrated_priors,0.9009777526252541,0.9594022349961758,0
full_data_informed,aortic_high_pressure,0.6133038824673115,0.5786947256407581,57.9673993008425,0.40102449089714093,0.7116200304151081,32.75,34.05444659099829,2.2312991846858243,85.25157868619442,0.7216530407735352,6.41890460032023,8.858558549332205,0.10036176723118342,0.5151925843344265,1,scenario_model_generated_from_literature_calibrated_priors,0.9601695697405103,0.8996382327688166,0
biology_only,pulmonary_reference,0.7140942017084819,0.47248275323772926,57.81120650252147,0.10260459464578255,0.5995637312412639,23.37,31.320160287026876,2.0122318657430136,87.40343921159285,0.7415714902907491,4.756210273672986,13.610302064744936,0.032543298589854386,0.5151601252937624,1,scenario_model_generated_from_literature_calibrated_priors,0.6598134237472454,0.9674567014101456,0
full_data_informed,pulmonary_reference,0.4470705670090882,0.6890068353085779,62.96734120848921,0.10655391842748924,0.2950097860298064,23.37,16.923213376119506,2.537242717597475,85.02392531446067,0.6866861329411055,4.453934458037883,9.612060597443278,0.07261279546881802,0.5150681327122885,1,scenario_model_generated_from_literature_calibrated_priors,0.7241426348360935,0.927387204531182,0
biology_only,pulmonary_reference,0.49673468655238473,0.25842184607465296,59.29370518167337,0.1656258775824174,0.4271568128391609,23.37,20.99659777108666,2.2185975212923923,83.27090738762553,0.6885665137433378,4.608533471781601,12.74356168078095,0.05984842249810169,0.5150027095931442,1,scenario_model_generated_from_literature_calibrated_priors,0.898442352207388,0.9401515775018983,0
hydrodynamic_only,pulmonary_reference,0.47059329633859515,0.681783968162027,33.71830962691186,0.14499028401701008,0.9331448380508068,23.37,13.545636684337243,2.61035774104071,77.00905756612147,0.7569849696405723,5.000082610556048,10.512909042810623,0.06281286537529665,0.514972572011278,1,scenario_model_generated_from_literature_calibrated_priors,0.5796164606049312,0.9371871346247034,0
full_data_informed,pulmonary_reference,0.6393076337642492,0.5361768420614681,40.66845752761667,0.4289494227501719,0.7291062467495548,23.37,27.076389975474118,2.215693031582457,77.28359443657111,0.7903382199792967,3.7651154523829464,12.037959767346198,0.08476633510370193,0.5149270790460981,1,scenario_model_generated_from_literature_calibrated_priors,0.8414039377204058,0.9152336648962981,0
full_data_informed,pulmonary_reference,0.6576675960080247,0.8899902214181918,50.78475679943256,0.5536837534247401,0.7661550230821841,23.37,26.889932334780468,2.143542223179385,80.0966417567097,0.8056576908710066,6.848328675025606,12.006987053516461,0.07795562091307198,0.514885589884614,1,scenario_model_generated_from_literature_calibrated_priors,0.8493824418151277,0.922044379086928,0
full_data_informed,aortic_high_pressure,0.45061873214044024,0.3121321807026823,56.519004461657836,0.08245458241267131,0.360183181426622,32.75,24.11669407954146,2.4039474086250348,85.76216876815018,0.693721985301469,4.704895799442704,7.2848961319320775,0.08057240590036194,0.5148110691613293,1,scenario_model_generated_from_literature_calibrated_priors,0.7363876054821821,0.919427594099638,0
biology_only,pulmonary_reference,0.6101462632428227,0.844024429428128,72.78512962617235,0.6830711274958223,0.6077979744201496,23.37,22.71530858764212,2.276477034401917,82.54987867370211,0.7670003236144497,4.0827419771645115,7.336261149960787,0.0734419708394575,0.5147956619845883,1,scenario_model_generated_from_literature_calibrated_priors,0.9719858188978228,0.9265580291605425,0
full_data_informed,pulmonary_reference,0.4330223379144571,0.7826384835375368,56.207491158147064,0.15751069288558828,0.5803174584686093,23.37,9.09448959542458,2.7306907561216867,84.43136806481981,0.7589072622841635,2.853061476080858,8.593970935035482,0.04192617359279141,0.5146412850449622,1,scenario_model_generated_from_literature_calibrated_priors,0.3891523147378939,0.9580738264072086,0
biology_only,pulmonary_reference,0.6984950763261801,0.7295815261780273,60.66171082345001,0.25478218498528576,0.8492410917986257,23.37,31.203861235786615,2.1030910542975207,84.40663646725875,0.7928538082391532,12.0,10.580132834452339,0.0927269735302222,0.5146409890972122,1,scenario_model_generated_from_literature_calibrated_priors,0.6647898487040388,0.9072730264697778,0
full_data_informed,aortic_high_pressure,0.5942642183001415,0.1546349479160032,54.012802945802065,0.3010990617786119,0.873824799630718,32.75,35.32798532194297,2.119755459318861,80.977030274458,0.7198218709087034,5.216764848434027,13.176154845262987,0.03729685140462657,0.5145701389865583,1,scenario_model_generated_from_literature_calibrated_priors,0.9212828909330392,0.9627031485953734,0
biology_only,pulmonary_reference,0.7878102608317815,0.7489286844567127,42.829641454701836,0.5037467245806345,0.8214620714206489,23.37,30.14785304323122,1.9213072554655792,80.56309256839063,0.8626685918030982,6.208531429471153,13.112978778473535,0.0864287095533575,0.5144685666988431,1,scenario_model_generated_from_literature_calibrated_priors,0.709976335334565,0.9135712904466425,0
biology_only,pulmonary_reference,0.5515996419151459,0.7601168932759963,55.67620971813019,0.13319726164991616,0.40617358463097,23.37,18.576710612352308,2.3312332566522262,89.72664901799918,0.6663698433119146,5.098842362752528,8.160576075081146,0.05161146766228255,0.5144188237591713,1,scenario_model_generated_from_literature_calibrated_priors,0.7948956188426319,0.9483885323377175,0
biology_only,aortic_high_pressure,0.6378038764704322,0.5858544363530981,54.70764684300911,0.4222508911355875,0.6202168659266634,32.75,35.01417365363173,2.099267802245336,79.74551172552262,0.7669508553174015,5.0276206922084,6.211695029102281,0.08867349689466243,0.5143606308503228,1,scenario_model_generated_from_literature_calibrated_priors,0.9308649266066648,0.9113265031053376,0
full_data_informed,pulmonary_reference,0.8506371261844128,0.8009290007754921,74.25260179510235,0.23608179881659874,0.6496357857625191,23.37,31.111412917743447,1.8145315633536714,88.94462858453358,0.7908440205495069,3.810521834291918,12.710688711755584,0.06252048406597688,0.5143410612709096,1,scenario_model_generated_from_literature_calibrated_priors,0.6687457031346408,0.9374795159340231,0
full_data_informed,aortic_high_pressure,0.6836543449184006,0.632188364790281,54.66573261868056,0.14972016703499474,0.30519688256486144,32.75,36.23573187042936,2.1037228966804067,85.33048634572309,0.7021910048012557,2.2589586159384343,11.212552142926167,0.09200326517877395,0.514230959169949,1,scenario_model_generated_from_literature_calibrated_priors,0.8935654390708592,0.907996734821226,0
full_data_informed,pulmonary_reference,0.6437083748297718,0.21893396715686694,62.07080938504197,0.2499840605843004,0.5915682929322574,23.37,24.565387038736958,1.9188005296521438,84.72957029713834,0.7215962158850046,6.221969211550468,14.395894555162275,0.06976938677462853,0.5142237777095032,1,scenario_model_generated_from_literature_calibrated_priors,0.9488495062585812,0.9302306132253715,0
biology_only,pulmonary_reference,0.8404648889615542,0.69581738676595,64.19236055440604,0.2172071542876541,0.8050681226776909,23.37,31.287020642117522,1.7234847883692523,88.45139512543695,0.7968764893375572,2.3016797131352713,13.49942194189594,0.0490345627749092,0.5142005496859957,1,scenario_model_generated_from_literature_calibrated_priors,0.6612314658914198,0.9509654372250907,0
biology_only,pulmonary_reference,0.7830902539390316,0.5770313835922414,45.85953985382392,0.3162209525287284,0.47328791362383116,23.37,28.7624921169379,1.7726288592167179,83.73684455049602,0.7966643917552549,3.5925934224444203,12.381781288190824,0.04258510611577615,0.5141562096714617,1,scenario_model_generated_from_literature_calibrated_priors,0.7692557930279034,0.9574148938842238,0
biology_only,aortic_high_pressure,0.7190057964158609,0.8803519288027759,56.48247535462169,0.3433806309477938,0.9403319906521473,32.75,44.92604399495167,2.1524249403157727,84.78679123135046,0.8411959062331348,7.789373967529061,11.03629551514794,0.17072535794658616,0.5141387317549443,0,scenario_model_generated_from_literature_calibrated_priors,0.6282123971007123,0.8292746420534138,0
biology_only,aortic_high_pressure,0.5617171444021849,0.7142864486798017,36.81600755719735,0.0707076141746391,0.8389354964511597,32.75,30.047395307197093,2.256209594591976,83.91524175738891,0.6623364941818694,2.567672107306657,8.63154118544757,0.077288108698197,0.5141138622400485,1,scenario_model_generated_from_literature_calibrated_priors,0.917477719303728,0.922711891301803,0
full_data_informed,pulmonary_reference,0.5165113756900486,0.25343400691021556,63.49868662112747,0.08994128236989009,0.7850688166048133,23.37,20.44374187084431,2.1955054754016805,87.2322502334602,0.6568478151307502,4.800932103647143,8.379663652544675,0.03977781016908625,0.5140839386461398,1,scenario_model_generated_from_literature_calibrated_priors,0.874785702646312,0.9602221898309138,0
full_data_informed,aortic_high_pressure,0.4972423740566399,0.30820500403181206,48.33242387182726,0.18005982597093662,0.5468875278867594,32.75,31.300361778476578,2.4595236855318947,82.68831185572904,0.6542785208141892,5.70689463190785,9.396091451817686,0.080081994070791,0.5140825677311531,1,scenario_model_generated_from_literature_calibrated_priors,0.9557362375107352,0.919918005929209,0
biology_only,pulmonary_reference,0.38990830020376355,0.29014978732431757,54.21806271413962,0.29789899643383877,0.6304664123761958,23.37,19.875629116073203,2.614425924564411,80.03038793253005,0.6959594123013747,4.990392296116818,7.337790960719379,0.07051501282288052,0.5140217715607617,1,scenario_model_generated_from_literature_calibrated_priors,0.8504762137814806,0.9294849871771195,0
full_data_informed,pulmonary_reference,0.5090791038024187,0.3536442653296037,58.21922233332593,0.1497847750135379,0.55249735855048,23.37,16.122018418290192,2.2306017673901213,86.31730552541062,0.7227720489860134,5.0985749170302075,6.500633686065351,0.04527758393494191,0.514021453231689,1,scenario_model_generated_from_literature_calibrated_priors,0.6898595814416,0.954722416065058,0
biology_only,pulmonary_reference,0.6167155652926143,0.749293000742519,69.69624927005886,0.2550752216773781,0.5854956284257509,23.37,24.67526424961717,2.15659622301586,90.85347328862926,0.6783746019216651,3.915562212694642,10.425051764699926,0.09497349445169413,0.5139793635772169,1,scenario_model_generated_from_literature_calibrated_priors,0.9441478712187774,0.9050265055483059,0
full_data_informed,pulmonary_reference,0.465985712987925,0.37112918865720707,64.46256346718805,0.14160622312493834,0.8389961192395039,23.37,18.68245741195327,2.45086443577824,87.41635322334162,0.6750431677903846,7.457050217638752,7.767079874660965,0.0881437253933614,0.5139097558287913,1,scenario_model_generated_from_literature_calibrated_priors,0.7994205139902981,0.9118562746066385,0
biology_only,pulmonary_reference,0.6022170531974407,0.31369980510701656,66.59777548811677,0.18238994259048,0.9119784700547539,23.37,20.76471793847137,2.029611221048932,89.09204254872628,0.6882356154895146,4.732149115509801,11.393777538417806,0.056465080638426264,0.5139020162752408,1,scenario_model_generated_from_literature_calibrated_priors,0.8885202369906449,0.9435349193615737,0
full_data_informed,aortic_high_pressure,0.7237818843910205,0.5611068042727053,62.58345611011555,0.0881681441273556,0.446470080905672,32.75,39.02003398691406,1.8797920524137677,86.96505326700067,0.7135624862494141,3.6695850499423823,11.81063935688435,0.039719538236570776,0.5138401947442728,1,scenario_model_generated_from_literature_calibrated_priors,0.8085485805522425,0.9602804617634292,0
biology_only,pulmonary_reference,0.6452064553533166,0.49875197075187966,44.937699371583705,0.05779482588742917,0.24707338844288973,23.37,27.82046794438489,2.0202009368172535,85.44853110835709,0.7141650505043614,2.421858415674457,13.293250326618681,0.08415217597319359,0.5138265795802879,1,scenario_model_generated_from_literature_calibrated_priors,0.8095649146604669,0.9158478240268064,0
full_data_informed,pulmonary_reference,0.6531692481978634,0.2277781983833141,67.23035144158607,0.3367699680685599,0.5436323635470285,23.37,25.150715595176166,1.880238403792606,87.130174879215,0.731246970852961,4.926696451234295,10.694221341011596,0.050392138953744954,0.5138220256445405,1,scenario_model_generated_from_literature_calibrated_priors,0.9238033549346956,0.949607861046255,0
biology_only,pulmonary_reference,0.8039830702974846,0.6344361113272764,43.9658334512207,0.1670610859186582,0.844010376899747,23.37,31.790763164544256,1.9393249961440526,84.3252461739071,0.7900308712059293,1.5220508314266,7.97879025058012,0.06393413511500101,0.513731475086852,1,scenario_model_generated_from_literature_calibrated_priors,0.6396763729334936,0.936065864884999,0
biology_only,pulmonary_reference,0.5929619147292066,0.8818105386948304,83.67212340863284,0.6739243326188199,0.6774248928205262,23.37,24.38184265954076,2.3766658379742513,90.18806042497148,0.7200329169236996,5.8199512728812275,9.676049836447538,0.06774445710105145,0.5136369682876062,1,scenario_model_generated_from_literature_calibrated_priors,0.9567033521805409,0.9322555428989485,0
full_data_informed,pulmonary_reference,0.5309133943384381,0.34340430152973067,74.91964471469473,0.09892099170092762,0.5745494661077017,23.37,18.745896055584232,2.265577434629542,88.56242114691855,0.6625843622823262,5.646628618751195,9.386685938312278,0.035923753503521776,0.5135713877348106,1,scenario_model_generated_from_literature_calibrated_priors,0.8021350473078405,0.9640762464964783,0
full_data_informed,aortic_high_pressure,0.6534064628080486,0.5456891997770905,49.663500001315874,0.35418878252269076,0.7569913941805452,32.75,39.332364130777016,2.0007101724505003,83.61547753259266,0.7703281177270193,4.133208221586878,13.163237908025343,0.05038862829581671,0.513565308369356,1,scenario_model_generated_from_literature_calibrated_priors,0.7990117822663507,0.9496113717041833,0
baseline,aortic_high_pressure,0.415178320597694,0.7321192868595744,29.820668962146353,0.6404428445550606,0.5157547199541942,32.75,24.54478038060273,2.595515079434662,70.33016767965067,0.8328555719808967,4.246708459674206,11.808915064140319,0.07097451670383992,0.5135131189403617,1,scenario_model_generated_from_literature_calibrated_priors,0.7494589429191674,0.9290254832961601,0
biology_only,pulmonary_reference,0.6443397665061927,0.748779430972946,84.40057685062251,0.5105022320725325,0.5071096820252254,23.37,26.70907751368014,2.0074033088085894,91.89289962915561,0.7569994859380796,4.487476891840286,12.720514145290476,0.07762062366901713,0.5133122347313612,1,scenario_model_generated_from_literature_calibrated_priors,0.8571212018108627,0.9223793763309829,0
hydrodynamic_only,aortic_high_pressure,0.5530807125882459,0.6133979191434146,41.49425874455501,0.5144432072043532,0.6290356930124076,32.75,38.97143603595494,2.325309959882256,79.52324123224702,0.7875545006064869,4.733330327221489,9.971792659620181,0.08101572194275158,0.5132661488739044,1,scenario_model_generated_from_literature_calibrated_priors,0.8100324874517576,0.9189842780572484,0
full_data_informed,pulmonary_reference,0.46049721693844137,0.865630836459975,56.42082186273679,0.307764598546511,0.7234918060774174,23.37,17.570323123182437,2.5473769477174497,84.9045667489806,0.7130745027800875,4.87377769467665,8.38764367445904,0.07576059949947245,0.5131653825652133,1,scenario_model_generated_from_literature_calibrated_priors,0.7518323972264628,0.9242394005005276,0
hydrodynamic_only,aortic_high_pressure,0.3322745447435701,0.7827486613429538,26.869843380598233,0.41756850374067905,0.623200929788367,32.75,23.533946440526766,2.790095518816858,71.3410223932676,0.7622230055763425,7.794996752240268,18.161418387632768,0.04840869310705834,0.5131326615276326,1,scenario_model_generated_from_literature_calibrated_priors,0.7185937844435654,0.9515913068929417,0
biology_only,pulmonary_reference,0.3646591580507217,0.5680513983336328,58.30822194177187,0.09909774873476147,0.767756579650359,23.37,15.330573700221091,2.6395948497814157,83.9799596733126,0.6825008697240386,3.4751878893265418,12.556777774631701,0.04721918259681831,0.5130303948524808,1,scenario_model_generated_from_literature_calibrated_priors,0.6559937398468588,0.9527808174031817,0
hydrodynamic_only,aortic_high_pressure,0.40416423976699156,0.6592478469028665,33.41830596868277,0.29539606566590443,0.8492156910359432,32.75,21.32341092525084,2.569794959828372,76.26061528808361,0.7615357153626989,4.984609425374957,11.728955862993192,0.04423218387902497,0.5130266033045726,1,scenario_model_generated_from_literature_calibrated_priors,0.6510965168015523,0.9557678161209751,0
hydrodynamic_only,pulmonary_reference,0.4828615230929591,0.6694418009856384,24.958727478517112,0.2892008049080378,0.6095798962119403,23.37,21.585974448559476,2.451904380228803,73.28556053311674,0.7095992509417962,5.786541137943849,13.578982328504281,0.04550988248281413,0.5129626744445391,1,scenario_model_generated_from_literature_calibrated_priors,0.9236617222318988,0.9544901175171858,0
biology_only,pulmonary_reference,0.41818912283259313,0.5744118218845129,64.85374955441462,0.16482647431848044,0.8796517491645127,23.37,17.179538407868055,2.5481155292510187,84.63170115410102,0.6824187145806307,10.681593703830758,7.530023223796623,0.053365062808988374,0.5128474615950328,1,scenario_model_generated_from_literature_calibrated_priors,0.7351107577179312,0.9466349371910117,0
full_data_informed,pulmonary_reference,0.45021934628664173,0.6871677697397762,41.81804566852392,0.13464899675424108,0.6355472875825897,23.37,12.825563454115516,2.526132514248162,82.47459685674097,0.7419009374161896,5.238417841110168,14.132481260310655,0.05381489876011846,0.5128335419815064,1,scenario_model_generated_from_literature_calibrated_priors,0.5488045979510277,0.9461851012398815,0
full_data_informed,aortic_high_pressure,0.572341579831695,0.6276967388838017,58.91162963897066,0.41910713958842505,0.441497812319862,32.75,35.40755723540067,2.258396369757011,84.70768669618651,0.7099104050290317,4.3825478583831625,8.564546320261524,0.04683573484681434,0.5127961216129641,1,scenario_model_generated_from_literature_calibrated_priors,0.9188532141862392,0.9531642651531856,0
full_data_informed,aortic_high_pressure,0.5796020921160925,0.399703530101523,57.04230187658235,0.07377786708573049,0.1963288596125015,32.75,33.72737516716972,2.260578976392187,92.57161069530403,0.6023959648185367,2.1642142076542172,7.595067703245736,0.06536482321061653,0.5127223302278088,1,scenario_model_generated_from_literature_calibrated_priors,0.9701564834451994,0.9346351767893835,0
full_data_informed,pulmonary_reference,0.6823160279758737,0.7448559509220958,57.54374506494555,0.12410651934992514,0.6978046935799981,23.37,29.882522986713248,2.133241806932002,84.48236364963904,0.727496061505174,3.760080352456234,16.68414911910405,0.05155822565681778,0.5126604269758435,1,scenario_model_generated_from_literature_calibrated_priors,0.7213297823400409,0.9484417743431822,0
full_data_informed,aortic_high_pressure,0.7047078670926951,0.6183992422437379,63.93712858293433,0.35771947522344893,0.48895143719384804,32.75,37.27608994877549,2.105265898631622,85.60275498177778,0.7560250283429722,3.1560867617180373,10.258449765177897,0.11952719636844567,0.5125527099888096,1,scenario_model_generated_from_literature_calibrated_priors,0.8617987801900613,0.8804728036315543,0
hydrodynamic_only,pulmonary_reference,0.5578365780005317,0.7662814136154551,25.38470947872407,0.3941178413798089,0.07515662546535944,23.37,24.099876691431433,2.3006893871158796,72.29369436772106,0.7416564949521532,9.026582695602507,8.22665954944685,0.05526079424987252,0.5125399304919229,1,scenario_model_generated_from_literature_calibrated_priors,0.9687686482057581,0.9447392057501275,0
biology_only,aortic_high_pressure,0.5956997957441974,0.060404039450078904,34.16948048761559,0.15529316109441332,0.6731417269667817,32.75,31.8437530992178,2.1941481736075223,77.07340961611257,0.6842866505173509,4.045779797774065,6.433998094062542,0.047341016049750564,0.5125213244200426,1,scenario_model_generated_from_literature_calibrated_priors,0.9723283389074138,0.9526589839502494,0
biology_only,pulmonary_reference,0.5189182817495523,0.2873769791929412,52.655327981659205,0.1386204176142128,0.8804337210694907,23.37,24.945268818846426,2.287328059383774,84.19193254537724,0.6445034684194426,5.895225586881384,11.311590877079375,0.031198964692209067,0.5124331988000755,1,scenario_model_generated_from_literature_calibrated_priors,0.9325944022744362,0.9688010353077909,0
hydrodynamic_only,pulmonary_reference,0.5852260758766307,0.7068302379116029,28.85362145292633,0.4275521094363915,0.8642497511570125,23.37,26.438842237188034,2.3720735069930394,72.92374611420117,0.7666185326946692,4.92221142491133,5.676833174075749,0.059220893163780486,0.5124088355494121,1,scenario_model_generated_from_literature_calibrated_priors,0.8686845426962759,0.9407791068362195,0
full_data_informed,aortic_high_pressure,0.6898223522118954,0.20429694378545254,70.5212237799061,0.06161974434091562,0.8522722138587308,32.75,38.064149542924085,1.948894203198629,88.70313321749927,0.6840754005992589,9.1619389381016,9.335191967700071,0.04788739689722552,0.5123587621705828,1,scenario_model_generated_from_literature_calibrated_priors,0.8377358918191119,0.9521126031027745,0
full_data_informed,aortic_high_pressure,0.7635875708597161,0.9317967089024627,52.219569484787385,0.4134413404350882,0.3851044054210944,32.75,39.834573283983225,2.036982046118955,83.57575224964599,0.7803790346322232,5.889910258172134,10.043272897267158,0.05444280809530911,0.5122997525668799,1,scenario_model_generated_from_literature_calibrated_priors,0.7836771516341,0.9455571919046909,0
hydrodynamic_only,aortic_high_pressure,0.5460986636329676,0.4809105892292745,44.416598105298604,0.13055617634800326,0.18232470661839006,32.75,32.99714179031213,2.2577703390201957,83.08472195750069,0.635703032098687,3.232822022226153,8.6086027729275,0.036920324604477736,0.5121789862064424,1,scenario_model_generated_from_literature_calibrated_priors,0.9924536857919961,0.9630796753955223,0
full_data_informed,aortic_high_pressure,0.7470389326869185,0.8122089089668094,58.78266012731524,0.22646820860927572,0.6912076158976682,32.75,39.856226639477406,2.0141188861700856,84.55242245642484,0.7344406198015765,4.688727541295802,13.61200142944495,0.03170818099579746,0.5121365170555381,1,scenario_model_generated_from_literature_calibrated_priors,0.7830159804739724,0.9682918190042026,0
baseline,pulmonary_reference,0.5256300082719909,0.9218770892254389,22.615859147327967,0.3311490309818335,0.7401753682725318,23.37,18.650904451368095,2.495662588224962,70.07400335760283,0.7543939434906975,6.132512602527197,7.894080883132112,0.030843762361591746,0.5121033111740887,1,scenario_model_generated_from_literature_calibrated_priors,0.7980703659121992,0.9691562376384083,0
biology_only,pulmonary_reference,0.7582413489955809,0.44274936656398084,64.76703993488711,0.014502824568923399,0.4483991705113355,23.37,30.96410730276605,1.9014990152456737,88.3716317039889,0.7324512280661565,4.727945079968547,12.16290840814865,0.0597565273935917,0.5120580007770225,1,scenario_model_generated_from_literature_calibrated_priors,0.6750488959021803,0.9402434726064083,0
full_data_informed,pulmonary_reference,0.637799887075455,0.08158010215863322,52.616202990403686,0.270908080469669,0.7602366070185649,23.37,25.386159463256583,2.033506618852782,84.24637181756725,0.7157684322901111,6.707094473216381,12.038668998776501,0.06201876714952138,0.5119933407935492,1,scenario_model_generated_from_literature_calibrated_priors,0.9137287349911604,0.9379812328504786,0
full_data_informed,aortic_high_pressure,0.4390793272223793,0.5788380336074579,65.26919930583615,0.21103106149445452,0.23296671517237835,32.75,31.44778041928143,2.3941536945889097,83.14716127890156,0.6969825654617506,1.853903818060063,11.545477708727216,0.17885110194022835,0.511835099701938,1,scenario_model_generated_from_literature_calibrated_priors,0.9602375700543948,0.8211488980597716,0
biology_only,aortic_high_pressure,0.8561535076829851,0.766812295738647,40.106668301448664,0.138265432256006,0.8455583538866465,32.75,40.255727632341696,1.6435954189835724,80.46496584528137,0.7957404528576267,9.153000246740335,14.365321298821883,0.06833404813833119,0.5117311146132824,1,scenario_model_generated_from_literature_calibrated_priors,0.7708174768750627,0.9316659518616688,0
full_data_informed,pulmonary_reference,0.565528368453251,0.6933936636634794,57.34120488010861,0.22478501918082963,0.8918786878327067,23.37,19.266069108983572,2.202661791739126,82.97660948548089,0.7030111770393611,4.806809786697853,10.399980058290778,0.025166097949626827,0.5116734879392322,1,scenario_model_generated_from_literature_calibrated_priors,0.8243932010690446,0.9748339020503731,0
biology_only,aortic_high_pressure,0.6870218942141254,0.5106505257743874,62.653343248905784,0.23664762813713633,0.6498212144788801,32.75,41.678320827082864,1.984208030275039,85.45484941895329,0.7659162830416952,5.303368276798476,7.637068792800148,0.07172731343505469,0.5115913309524355,1,scenario_model_generated_from_literature_calibrated_priors,0.7273795167302942,0.9282726865649453,0
full_data_informed,pulmonary_reference,0.7268784560961457,0.6530605807480405,71.28768090328803,0.30054093551650446,0.44516016844659967,23.37,29.88531651943008,1.979733423883089,90.93014835791985,0.7600017647667064,5.137618768470738,10.068926747812046,0.08000236501717657,0.5115632558783604,1,scenario_model_generated_from_literature_calibrated_priors,0.7212102473500179,0.9199976349828234,0
full_data_informed,pulmonary_reference,0.693353158174819,0.7094226659058103,53.30879501699341,0.3731187080837491,0.48016211458027475,23.37,25.691653376154207,2.0025008412120795,80.9825268897869,0.7488211568615967,3.745000125547587,10.814891951581568,0.044214455194157225,0.5115534685292055,1,scenario_model_generated_from_literature_calibrated_priors,0.9006566805239963,0.9557855448058428,0
biology_only,aortic_high_pressure,0.5863652888991576,0.7384280783550853,65.2038546996066,0.2917161111861402,0.3695571723926504,32.75,30.412975403854276,2.3321613016169467,85.41438217895774,0.6762030067585298,1.6093884877075948,8.322454505178353,0.06841781289029569,0.5115119333258187,1,scenario_model_generated_from_literature_calibrated_priors,0.9286404703466955,0.9315821871097043,0
baseline,pulmonary_reference,0.6000192999738375,0.9043641707083316,31.674595009232142,0.12261234057319852,0.1601679629574203,23.37,17.077480502856716,2.284383400816853,77.45466229553018,0.7315810160341929,3.145540039393042,7.528782369989715,0.04550547965620177,0.5115009701171145,1,scenario_model_generated_from_literature_calibrated_priors,0.7307437100067058,0.9544945203437982,0
full_data_informed,pulmonary_reference,0.7893383778244154,0.5513719833573277,52.81146412327471,0.05518064247917822,0.817522051764738,23.37,29.028941236581446,1.9149102077187803,85.64731552830992,0.7211422092512202,4.187231911142325,11.894085002198649,0.04895964633367117,0.511484946781258,1,scenario_model_generated_from_literature_calibrated_priors,0.7578544614214187,0.9510403536663288,0
full_data_informed,aortic_high_pressure,0.6003580861680827,0.6011172803435194,48.971639371544256,0.5012730168127048,0.6740962353733855,32.75,36.237380510151645,2.1848782528197916,79.50786003302636,0.7730959089603099,6.1737400231622255,11.893040845066626,0.07939826827449765,0.5114745900660312,1,scenario_model_generated_from_literature_calibrated_priors,0.8935150989266674,0.9206017317255023,0
full_data_informed,aortic_high_pressure,0.6516583979057812,0.4894876407983209,55.85348788504467,0.21233624437741244,0.5064277374418306,32.75,36.64329159656874,2.097041565855089,83.16613067701203,0.7129084706669916,3.5885482215986992,13.1774711118099,0.07030171131115101,0.5114720019051766,1,scenario_model_generated_from_literature_calibrated_priors,0.8811208672803439,0.929698288688849,0
biology_only,pulmonary_reference,0.5226759400032074,0.5588302691768458,40.81297340948134,0.1729473320825743,0.7758340097130219,23.37,21.86273999206534,2.299184024107566,79.95514292542329,0.6772114395302943,5.740387060164107,7.164612129264808,0.06444604929619972,0.5114206477318831,1,scenario_model_generated_from_literature_calibrated_priors,0.9355044926001429,0.9355539507038003,0
full_data_informed,aortic_high_pressure,0.6463811165392731,0.1910407380541438,54.30860881287408,0.014240237114026597,0.5701741342344725,32.75,35.50449013495793,1.9554493394565522,86.08164390397474,0.6708627802735302,6.421546052277313,9.961896421743834,0.07400026182287998,0.51140974457332,1,scenario_model_generated_from_literature_calibrated_priors,0.9158934309936508,0.92599973817712,0
hydrodynamic_only,pulmonary_reference,0.586347547292077,0.6823579292192496,24.206170824906987,0.2594002516312967,0.5349246201606178,23.37,22.66423292188436,2.331807845325777,71.18960288799745,0.7123274068553932,4.365489459127484,11.678359730008527,0.05116527149261995,0.5113467603170365,1,scenario_model_generated_from_literature_calibrated_priors,0.9698002961867505,0.94883472850738,0
biology_only,pulmonary_reference,0.5962064753303438,0.4739635308446248,77.6792429958171,0.2470561002551358,0.7872827359901148,23.37,20.66756115220389,1.9676728760586915,91.0942979154386,0.6931804026723265,5.1216029485562276,11.196180846782108,0.053676050130715726,0.5112600420519497,1,scenario_model_generated_from_literature_calibrated_priors,0.8843629076681169,0.9463239498692843,0
biology_only,aortic_high_pressure,0.5380067195099241,0.7173086852905957,52.30772984709905,0.4791152576176974,0.36278494451741516,32.75,30.46202754512575,2.3396040032500203,82.91817188543725,0.719405307735598,2.391937366735963,6.198768832088341,0.06535411724667953,0.5112138489146779,1,scenario_model_generated_from_literature_calibrated_priors,0.9301382456526947,0.9346458827533205,0
full_data_informed,pulmonary_reference,0.5713575296298765,0.29150807803759604,48.57188516754631,0.1607029407942046,0.17011528888696156,23.37,19.13743435127122,2.1674339552887125,84.10950781272534,0.7010319698614447,3.327989313545916,4.121748117844392,0.05271698080385112,0.5111779588705575,1,scenario_model_generated_from_literature_calibrated_priors,0.8188889324463509,0.9472830191961489,0
baseline,pulmonary_reference,0.44038355845848653,0.7915211249457168,37.292701986868224,0.12116225963116013,0.5440831465416122,23.37,15.505579609044874,2.584369897626809,75.53705257763781,0.718614733382049,7.343269761739622,9.015872178441073,0.0369293159032678,0.5110195732819628,1,scenario_model_generated_from_literature_calibrated_priors,0.6634822254619115,0.9630706840967322,0
biology_only,pulmonary_reference,0.6538834486354728,0.44763008524869274,43.274058376612714,0.44857656919529426,0.48901773252341907,23.37,24.484001590756968,2.0199392012165687,81.47942607653212,0.7517803254623507,5.570924065634391,8.90804449285761,0.06745032755623084,0.5110093235363073,1,scenario_model_generated_from_literature_calibrated_priors,0.9523319815679517,0.9325496724437692,0
biology_only,pulmonary_reference,0.7272247131043024,0.7012309955124076,60.701505201809574,0.26974166254944704,0.767105027211656,23.37,25.510076268112297,2.010286045458092,82.46121852548197,0.7320591687878479,3.072192946153161,9.494553963635651,0.08062403158654104,0.5109413301046912,1,scenario_model_generated_from_literature_calibrated_priors,0.9084263471068765,0.9193759684134589,0
biology_only,aortic_high_pressure,0.7727143453450928,0.8805347613151429,66.87731270156951,0.20708953019488963,0.6852393011224274,32.75,42.39569453408192,1.9972146361296619,86.63160540614874,0.7606053918238499,4.626073161139727,13.119309823767338,0.07782368185033627,0.5108899317189509,1,scenario_model_generated_from_literature_calibrated_priors,0.7054749760585673,0.9221763181496637,0
hydrodynamic_only,pulmonary_reference,0.5915934406640585,0.15718247493058865,44.35361365062458,0.24222375661372386,0.7546896058646462,23.37,25.21511411611846,2.0875751626647374,82.39822590459899,0.7144090430620119,8.913939699588072,11.09867021333847,0.08139241685419069,0.5108724054491678,1,scenario_model_generated_from_literature_calibrated_priors,0.9210477485614694,0.9186075831458094,0
biology_only,aortic_high_pressure,0.3275028248501965,0.4970945512703925,57.24661323023756,0.1332078318459942,0.3852436171314369,32.75,23.384528913364672,2.6840538963710188,82.96064765985423,0.6705969876230324,6.616154875436843,12.954828548072635,0.05835878501658695,0.5108723333218658,1,scenario_model_generated_from_literature_calibrated_priors,0.7140314172019747,0.941641214983413,0
full_data_informed,aortic_high_pressure,0.6711967255181007,0.3385671458559437,45.18724188455559,0.10445825561843645,0.40388752409943557,32.75,35.73279046721857,2.049804079863948,83.0297613288221,0.6851531561683559,3.6975363696601216,12.18123837825684,0.05979646172616545,0.5108546970679503,1,scenario_model_generated_from_literature_calibrated_priors,0.9089224284818757,0.9402035382738345,0
full_data_informed,aortic_high_pressure,0.6718182227390779,0.8586946600591894,45.54753581377054,0.24472741038831233,0.8388545024603653,32.75,36.525743268664264,2.0815187953324727,83.83489062345487,0.706446942902778,4.604740914252714,13.068678624575908,0.04670573880112469,0.5108005633728951,1,scenario_model_generated_from_literature_calibrated_priors,0.8847101292010912,0.9532942611988753,0
full_data_informed,pulmonary_reference,0.5689262634332968,0.13384106049711184,63.822549059621416,0.062359435542458985,0.5189093038626388,23.37,21.377707392636914,2.2019930175075872,88.79432998269358,0.6305550760895478,4.242236882537535,4.630050242666466,0.054688507274208376,0.510793660243281,1,scenario_model_generated_from_literature_calibrated_priors,0.914749995405944,0.9453114927257916,0
biology_only,pulmonary_reference,0.6031197340373131,0.2533745423990993,63.346979782043825,0.21259161612710956,0.4690670232408635,23.37,23.113833611869634,2.0345966178710904,85.04863367317749,0.7026734704686426,6.1988111672087225,18.38892309383981,0.13016853198978115,0.5107905745491266,1,scenario_model_generated_from_literature_calibrated_priors,0.989038665462971,0.8698314680102188,0
full_data_informed,pulmonary_reference,0.624579312215906,0.3082933205003801,57.64592051530548,0.11347955007477058,0.516701193917599,23.37,25.800813892482356,1.9820882387413152,85.74271695448569,0.6791647673443252,5.438635485407571,5.838766612787055,0.04037066653048345,0.5106711196217224,1,scenario_model_generated_from_literature_calibrated_priors,0.8959857127735407,0.9596293334695165,0
full_data_informed,pulmonary_reference,0.5915354931513069,0.6674339595733243,60.83032975408062,0.6420451937478134,0.8666979351043167,23.37,21.538854793259617,2.2406203559612092,82.35318642163485,0.7624776746967732,5.255782465783616,8.397905429635571,0.05725254214904342,0.5105808117042537,1,scenario_model_generated_from_literature_calibrated_priors,0.9216454768189822,0.9427474578509566,0
full_data_informed,pulmonary_reference,0.642932109947083,0.44217257513732794,54.069998270703614,0.07945766731530032,0.6717942007527307,23.37,24.883573456868337,1.9607493781815577,85.68210091684794,0.6803939382724945,2.756906088759635,13.678346611327918,0.08328634761554791,0.5105763965191347,1,scenario_model_generated_from_literature_calibrated_priors,0.9352343407416202,0.9167136523844521,0
biology_only,aortic_high_pressure,0.5950192681969229,0.7104557203093703,41.21759872774747,0.29795139267133935,0.4969534766464623,32.75,38.335409965876195,2.313101220084541,81.79346633455195,0.7114017505644462,3.9004575556410326,16.140429348477902,0.04248170665923096,0.5105732268618568,1,scenario_model_generated_from_literature_calibrated_priors,0.8294531308129406,0.957518293340769,0
biology_only,pulmonary_reference,0.4681159769388968,0.5464998883464648,50.492122299796534,0.3247661687681854,0.6337772703087465,23.37,18.630142717899886,2.4925928909960247,88.70809712551396,0.6884632263872474,4.896083909173821,9.355498599045061,0.0787527904379358,0.5105388712924933,1,scenario_model_generated_from_literature_calibrated_priors,0.7971819733803973,0.9212472095620642,0
biology_only,pulmonary_reference,0.5278724080686952,0.9335373629274868,55.62652554151671,0.47946576614734765,0.7993811613308018,23.37,16.94234170923031,2.3572323096123924,81.44144319345737,0.7766847220675471,3.2974070902549673,9.372533860786916,0.05514931782530485,0.5104779804726587,1,scenario_model_generated_from_literature_calibrated_priors,0.7249611343273559,0.9448506821746951,0
biology_only,aortic_high_pressure,0.5684613280580121,0.219108860952301,69.67509187934974,0.2930147380576456,0.5491304786535037,32.75,35.720967895654745,2.1438386459274525,87.91229908274192,0.6834924137355955,6.530021258744794,9.543238679773019,0.04832949888187475,0.5104409963125598,1,scenario_model_generated_from_literature_calibrated_priors,0.9092834230334429,0.9516705011181252,0
full_data_informed,aortic_high_pressure,0.7966251377946304,0.44915066583033403,54.9794409881981,0.06496058743753402,0.6058146034843879,32.75,39.164841912022766,1.6700804129670408,83.4811267728648,0.7463020100269857,4.918836114362412,7.466295946802758,0.05055282698605392,0.510426829480278,1,scenario_model_generated_from_literature_calibrated_priors,0.8041269645183888,0.9494471730139461,0
full_data_informed,aortic_high_pressure,0.5804598213880676,0.24287054418881296,63.83875787172291,0.2482835836179763,0.5221194126060457,32.75,31.88909979095504,1.9673525681223554,91.20718149840764,0.668948077287135,6.755560632952795,6.078609860198561,0.0629637141823357,0.5104074230911785,1,scenario_model_generated_from_literature_calibrated_priors,0.9737129707161845,0.9370362858176643,0
baseline,pulmonary_reference,0.5721424536170994,0.8795164858138134,27.277342788909134,0.5509934606187039,0.8850543962748951,23.37,16.176613383636457,2.3901055258496497,70.76041250593931,0.8575753044314778,3.631862987271064,9.012032253586083,0.09775668372225456,0.5103985837756216,1,scenario_model_generated_from_literature_calibrated_priors,0.6921956946357063,0.9022433162777455,0
full_data_informed,aortic_high_pressure,0.5986160221879437,0.2188709555911219,59.633672018257855,0.12672634721687545,0.556164995224754,32.75,35.76068222255184,2.094266070137883,85.94186127104209,0.663803179017887,6.943615984082151,12.307123072983217,0.04247434216393067,0.5102404790783609,1,scenario_model_generated_from_literature_calibrated_priors,0.9080707718304781,0.9575256578360694,0
biology_only,aortic_high_pressure,0.6966131658062461,0.9275883820750331,50.358177075617526,0.5379871506004066,0.8530935625296537,32.75,41.57669312866749,2.1539346396655743,78.8449040228644,0.8258839341774844,5.803189419768739,7.874940113912004,0.06857532278888212,0.5101357061918969,1,scenario_model_generated_from_literature_calibrated_priors,0.7304826525597712,0.9314246772111179,0
hydrodynamic_only,pulmonary_reference,0.8301016048223941,0.8839843194910754,41.80879986976024,0.20095900920156184,0.8875021951813116,23.37,26.912209098891864,1.9946150038108703,81.32636026106991,0.7448563136680079,4.706347269323251,10.948872533631503,0.0913452874355916,0.510077390227758,1,scenario_model_generated_from_literature_calibrated_priors,0.8484292212712082,0.9086547125644084,0
full_data_informed,pulmonary_reference,0.5721829387556621,0.24466110293256968,62.16340541006584,0.0725890924235769,0.7550022607258416,23.37,22.567613957533126,2.098032074272774,86.70021904291633,0.635102884794911,2.0089503906998813,12.93141379734652,0.04846019828249017,0.5100243681109967,1,scenario_model_generated_from_literature_calibrated_priors,0.965665980211088,0.9515398017175098,0
biology_only,pulmonary_reference,0.4668179366940357,0.9531223938359188,58.678749065010564,0.17510980067892104,0.3160771769886662,23.37,14.862109597746132,2.5559813350193585,83.51887517892503,0.7044983542480477,3.2790284572815565,9.668096216279045,0.03959428840392861,0.5099922654990724,1,scenario_model_generated_from_literature_calibrated_priors,0.6359482070066809,0.9604057115960714,0
hydrodynamic_only,aortic_high_pressure,0.5172769182292111,0.5511051849504155,43.26810335145656,0.7673148956517182,0.837647268322386,32.75,32.64017446561863,2.440112669557972,80.11525860598272,0.7556634777978505,5.052968089032564,10.405061373020839,0.07414211354889039,0.5099414156520257,1,scenario_model_generated_from_literature_calibrated_priors,0.9966465485685078,0.9258578864511096,0
full_data_informed,pulmonary_reference,0.7522813420231602,0.5009641219479309,49.40034636782559,0.09886181391525797,0.7287748787538705,23.37,29.201294544234425,1.9981881674153965,80.71269308353995,0.7395730331003597,4.705218021776367,8.884617446265477,0.05124990195256371,0.5097615380395905,1,scenario_model_generated_from_literature_calibrated_priors,0.7504794803494041,0.9487500980474363,0
biology_only,pulmonary_reference,0.6983419006402545,0.3051618470030052,53.07051038861835,0.09765198662413589,0.3064380749347824,23.37,24.772197405243364,1.9193746162475742,83.82516266174133,0.683974972890297,2.415322380192631,9.775348786832176,0.05869662176738145,0.5097199071282515,1,scenario_model_generated_from_literature_calibrated_priors,0.9400001110293811,0.9413033782326186,0
hydrodynamic_only,aortic_high_pressure,0.5631083608208495,0.8494716342671546,40.013604718044206,0.5053945809376833,0.8672583924465661,32.75,32.559156097026055,2.3009781054904583,78.96342272638859,0.7294141660390437,2.0919218740893637,6.209334026617103,0.07942919893243316,0.5096975022445412,1,scenario_model_generated_from_literature_calibrated_priors,0.994172705252704,0.9205708010675668,0
hydrodynamic_only,pulmonary_reference,0.7123727192948822,0.6376506856886023,45.91501748438784,0.06526442684110974,0.09865550710152847,23.37,25.964535476935477,2.002860966861681,85.54810995899855,0.6843552217795943,3.4916194933632805,11.295511526817116,0.08364540376853842,0.5096320305409852,1,scenario_model_generated_from_literature_calibrated_priors,0.8889800822877417,0.9163545962314615,0
full_data_informed,pulmonary_reference,0.5984812237016803,0.8524697194053668,42.15070791028447,0.2689571946074877,0.29249428689082374,23.37,21.591088273758288,2.1999783439645655,79.10659334958788,0.7075120688500244,4.6960655712896795,14.656375721819643,0.058269173944021285,0.5095718758219187,1,scenario_model_generated_from_literature_calibrated_priors,0.9238805423088698,0.9417308260559787,0
full_data_informed,pulmonary_reference,0.4504383428454214,0.4283313072696598,67.82955503916976,0.08858040452052016,0.3933592574645751,23.37,15.89520663727347,2.477571173176089,90.92712100793091,0.664856776431669,3.408609129421977,4.553400147325982,0.07404456792676725,0.5094721786629341,1,scenario_model_generated_from_literature_calibrated_priors,0.6801543276539781,0.9259554320732327,0
biology_only,aortic_high_pressure,0.7892599284271864,0.47563708812205663,58.76647258874976,0.2581536961285588,0.7884039660042462,32.75,38.13160990818387,1.699855322634013,84.51314249103474,0.7685801018131407,5.824336749740042,11.173272920948854,0.06347982620819988,0.5093921214940331,1,scenario_model_generated_from_literature_calibrated_priors,0.8356760333378972,0.9365201737918001,0
biology_only,pulmonary_reference,0.40608743655450913,0.7522991555117079,49.603495843656376,0.11192977342413975,0.669208382013446,23.37,13.137191892503992,2.6916110308698182,84.6854447683879,0.690811552852989,5.326063494167163,8.02025861008533,0.03930274912960086,0.5093690803694018,1,scenario_model_generated_from_literature_calibrated_priors,0.562139148160205,0.9606972508703991,0
full_data_informed,aortic_high_pressure,0.7687776082054838,0.6222978335318576,58.906351357054454,0.07376407752556154,0.2527750013311081,32.75,39.74145280228413,1.8021059241635615,86.35822955620922,0.723329413648363,3.5509471449565395,13.237502124326163,0.053088736568866673,0.5093356021031349,1,scenario_model_generated_from_literature_calibrated_priors,0.7865205251210953,0.9469112634311333,0
full_data_informed,aortic_high_pressure,0.5450057040753775,0.318185413096862,59.86377682135109,0.13756074496056334,0.40381567511159144,32.75,32.294542097495466,2.139020599460818,80.99110144602275,0.6909193485417934,4.6076565036612775,12.523218192066016,0.13106015107848076,0.5092778018108103,1,scenario_model_generated_from_literature_calibrated_priors,0.986092888473144,0.8689398489215192,0
full_data_informed,aortic_high_pressure,0.7579800432192011,0.970037873988264,51.250389820544555,0.35466823962275945,0.750938139484795,32.75,41.686930063753536,1.9687637625530212,83.83529071401819,0.7936505683117067,5.242255663747993,14.951238333829977,0.07681642679859593,0.5092648593591687,1,scenario_model_generated_from_literature_calibrated_priors,0.7271166392747013,0.9231835732014041,0
biology_only,aortic_high_pressure,0.5376630188698728,0.5465930543250279,70.96802076231037,0.2859298139756372,0.5486376951135747,32.75,31.83533490712164,2.294366497415537,85.04626297010603,0.6485091723438288,5.108055120447284,10.11278513686404,0.02988012130605655,0.5091688014592289,1,scenario_model_generated_from_literature_calibrated_priors,0.9720712948739433,0.9701198786939434,0
biology_only,pulmonary_reference,0.40937659489523043,0.4882903479657981,52.38997328079952,0.11169080705141665,0.8174354820743088,23.37,13.78775337398367,2.4080858434562398,89.75544536298268,0.6935084114562206,5.091757490010854,13.08594058086021,0.03759573948119718,0.5090842369478756,1,scenario_model_generated_from_literature_calibrated_priors,0.5899766099265584,0.9624042605188028,0
biology_only,pulmonary_reference,0.7204799417201427,0.7050209265889816,85.30711399819647,0.3868927923431032,0.7195315057018202,23.37,28.496432182492512,2.073450403009638,86.97896384485625,0.7421161301254867,9.964495700753064,15.243224182897258,0.034798464677232556,0.5090811085606893,1,scenario_model_generated_from_literature_calibrated_priors,0.7806404714380611,0.9652015353227674,0
full_data_informed,pulmonary_reference,0.6484014461125919,0.7675706797173296,56.45469621127789,0.22913671093382076,0.20383492043815102,23.37,29.77264356061186,2.307857332375548,80.95302217189983,0.7416286350131294,3.2915684023108773,10.540973989726659,0.07763178637467785,0.5089640919993301,1,scenario_model_generated_from_literature_calibrated_priors,0.7260315121689405,0.9223682136253222,0
full_data_informed,pulmonary_reference,0.7182687864548409,0.7776510806689899,63.818529957807314,0.06024270415747867,0.6916641340922587,23.37,30.93252523791788,2.005231562490512,89.12849168956197,0.7210674096780236,9.685945314671079,8.25610246674699,0.06849869202542011,0.508930002895701,1,scenario_model_generated_from_literature_calibrated_priors,0.6764002893488286,0.9315013079745799,0
baseline,pulmonary_reference,0.779889849149261,0.9379658721769071,28.76079692443374,0.13593507076329575,0.619006583379488,23.37,31.348314339659133,2.0181345381768905,74.27534729200603,0.7960557130216898,4.730825985351175,12.807420764851045,0.051481706437001416,0.5088669185652942,1,scenario_model_generated_from_literature_calibrated_priors,0.6586087146059422,0.9485182935629985,0
full_data_informed,pulmonary_reference,0.6240295982328675,0.48776060745396693,58.445735706290996,0.5763865992806996,0.8795511928813617,23.37,25.34874633612572,2.203553949251829,90.16585806907553,0.7563409577221746,4.242335335381497,9.758758704208368,0.15636163445221046,0.5088502114577124,1,scenario_model_generated_from_literature_calibrated_priors,0.9153296390190107,0.8436383655477895,0
biology_only,pulmonary_reference,0.5363472961370019,0.1353299736450945,69.91064976260759,0.05635939188989733,0.5546204345358587,23.37,21.41478942362888,2.230669504598418,92.77463937417087,0.6006261750181265,5.987218034688974,5.253410681012701,0.046333363810725135,0.5088291378736454,1,scenario_model_generated_from_literature_calibrated_priors,0.9163367318625963,0.9536666361892748,0
biology_only,pulmonary_reference,0.5968009249281097,0.8351856542535298,62.709172128623344,0.15769757199379292,0.27874675314529124,23.37,27.9772464605095,2.2143892390770534,82.39176301284589,0.7022092506242359,4.349305157337243,7.330539095029451,0.05549199513729785,0.5088007609438988,1,scenario_model_generated_from_literature_calibrated_priors,0.8028563773851305,0.9445080048627021,0
biology_only,pulmonary_reference,0.7781405847219736,0.8572094126990392,49.509782863662046,0.26841816993994183,0.6362907966264824,23.37,28.7902641775443,1.9296531606080873,83.96146653337377,0.7678366665418935,3.379970063132464,11.311764831802753,0.07518924176930541,0.5087690569743233,1,scenario_model_generated_from_literature_calibrated_priors,0.768067429287792,0.9248107582306946,0
full_data_informed,aortic_high_pressure,0.6050376214460741,0.5196300612832564,59.8026901411118,0.26677166790430196,0.5178923596699931,32.75,34.85581898250776,2.1747591126516927,83.01476835369982,0.7010288832451403,3.1165073833752293,6.8664692910278,0.09252101400707669,0.5087355960075532,1,scenario_model_generated_from_literature_calibrated_priors,0.935700183740221,0.9074789859929233,0
full_data_informed,pulmonary_reference,0.5825890469626939,0.972610986551163,67.26627289351453,0.48039803655595625,0.5303675430490556,23.37,18.70923168907431,2.4292343147424362,87.11081684327534,0.7353834693738138,5.207372205422432,11.676595262521055,0.10041793230997052,0.5086914730187397,1,scenario_model_generated_from_literature_calibrated_priors,0.8005661826732696,0.8995820676900295,0
full_data_informed,pulmonary_reference,0.69078030468601,0.7958506862280932,52.191623768422645,0.10636389529584125,0.37481548850696966,23.37,26.49346128007313,2.0543462799761367,84.63507897821931,0.6976900004278109,6.136687523666225,10.41877775029089,0.09359543329876942,0.50856756329501,1,scenario_model_generated_from_literature_calibrated_priors,0.8663473992266526,0.9064045667012306,0
hydrodynamic_only,pulmonary_reference,0.4816203949100773,0.3703278272614383,26.308019424534454,0.57497155317922,0.6571351299009714,23.37,21.46289024508465,2.3373425741486664,70.67048231165991,0.7957444556966423,8.14970741853102,10.289038312892831,0.087538807987011,0.508490130082203,1,scenario_model_generated_from_literature_calibrated_priors,0.9183949612787612,0.912461192012989,0
hydrodynamic_only,aortic_high_pressure,0.5852266553139461,0.8798992710688937,17.8870983277367,0.3211090644339951,0.704720715989787,32.75,32.9118831355793,2.2009731749727623,57.26943110975906,0.8460271675774208,1.98129162807221,15.937456879635898,0.21081967448433422,0.5084520124757594,0,scenario_model_generated_from_literature_calibrated_priors,0.9950570034937618,0.7891803255156657,0
full_data_informed,pulmonary_reference,0.7815351853851285,0.44338417269726693,50.29312074203942,0.11710035289772357,0.8933599964196975,23.37,28.526513792891127,1.559372364894177,85.28807680523424,0.7788524403687694,8.671616223598743,13.974041295911366,0.08968241197753266,0.5084103611755472,1,scenario_model_generated_from_literature_calibrated_priors,0.7793532822896395,0.9103175880224673,0
biology_only,aortic_high_pressure,0.35634551655093105,0.6517686949999105,69.8441801297263,0.3247811404723254,0.32877501953345856,32.75,20.78440059911985,2.6469568455365504,88.71825841361796,0.7013663275962589,3.399066111550766,10.40203769697664,0.052485972086908216,0.5083909005879972,1,scenario_model_generated_from_literature_calibrated_priors,0.6346381862326671,0.9475140279130918,0
biology_only,pulmonary_reference,0.7249032933050618,0.8002151818791214,53.71048851294116,0.3248332282342718,0.36946726154787657,23.37,25.24374127971565,2.091626195677031,87.19761405987626,0.6997306445918485,3.0654710531196736,11.974208127167358,0.07200579523728577,0.5082950357293223,1,scenario_model_generated_from_literature_calibrated_priors,0.9198227950485388,0.9279942047627142,0
baseline,pulmonary_reference,0.8565165385500411,0.907677645404093,37.33376910397975,0.06748050925286639,0.8575553007797914,23.37,32.90179995161738,1.7558707077451734,80.81101975511677,0.8024856027452066,4.896866925091619,14.160280666795064,0.049160181927214434,0.5080894804299869,1,scenario_model_generated_from_literature_calibrated_priors,0.5921352181592907,0.9508398180727856,0
full_data_informed,aortic_high_pressure,0.44201957885371257,0.22651946957707356,66.21916404461233,0.19909150314756674,0.34778273775342644,32.75,26.785898962684914,2.379265478868476,85.67739568368546,0.6703533237636558,3.673120911850613,10.156372968488922,0.05594675862543149,0.5079989858823748,1,scenario_model_generated_from_literature_calibrated_priors,0.8178900446621348,0.9440532413745685,0
full_data_informed,aortic_high_pressure,0.5159808840366669,0.43695416920935165,61.078044374630025,0.3595635895779627,0.45652016066502055,32.75,31.60569628798428,2.3115240599609463,88.54500119066199,0.6569760397100042,7.141384661369785,13.935961106534998,0.06336111194610411,0.5077914081787158,1,scenario_model_generated_from_literature_calibrated_priors,0.9650594286407413,0.9366388880538958,0
full_data_informed,aortic_high_pressure,0.6332165520815989,0.6613431181253991,52.532597069786426,0.45237716878945533,0.6813179227314962,32.75,36.93056939074313,2.0117762927869487,83.8575504451128,0.7513644763894689,6.208470318532368,12.316839624849269,0.04879936575267728,0.5077892966489647,1,scenario_model_generated_from_literature_calibrated_priors,0.872349026236851,0.9512006342473227,0
hydrodynamic_only,pulmonary_reference,0.3691836800424846,0.85372206073845,21.03059549952848,0.2787468360833098,0.7579740307472516,23.37,8.68929551849563,2.939886046154914,70.33102276694544,0.8108455961398011,5.155087615859172,7.613125499606241,0.05460217375767227,0.5077268909867513,1,scenario_model_generated_from_literature_calibrated_priors,0.37181410006399784,0.9453978262423277,0
full_data_informed,aortic_high_pressure,0.6774836660152057,0.6179084441025346,57.105608016059534,0.2547006199831287,0.49853302098747054,32.75,36.69922105106725,2.031518431749756,85.80893174160421,0.7034387798916871,5.233521848832663,14.813414451839932,0.05591524683824525,0.5076833689053948,1,scenario_model_generated_from_literature_calibrated_priors,0.879413097677336,0.9440847531617548,0
full_data_informed,aortic_high_pressure,0.555497542561862,0.13614427113845018,56.762644702988446,0.060831157788644626,0.2469451425353445,32.75,32.79693015758666,2.194664432757114,84.8841625341301,0.6076354559448484,3.8795332206567177,11.40563653402442,0.03137573589607166,0.5076730375003381,1,scenario_model_generated_from_literature_calibrated_priors,0.998567018088957,0.9686242641039283,1
full_data_informed,pulmonary_reference,0.46295725769054485,0.6967583689289631,45.21703160309252,0.18754095670670534,0.12512556799234045,23.37,14.599860131952457,2.5013385576688947,82.6246278342374,0.7242727153102421,5.514228965823614,4.313540259075857,0.06427376519083675,0.5076659088293173,1,scenario_model_generated_from_literature_calibrated_priors,0.6247265781751159,0.9357262348091633,0
full_data_informed,pulmonary_reference,0.5614718145702958,0.49073218675484476,52.02190239415621,0.26147697914613954,0.37796409475925763,23.37,21.33763963084831,2.198944064065799,82.87709958102953,0.7069289320465655,3.2663669042638688,9.329726697017565,0.10669900097621478,0.5076103953994969,1,scenario_model_generated_from_literature_calibrated_priors,0.9130354998223497,0.8933009990237852,0
biology_only,pulmonary_reference,0.3633381766262909,0.2514316878902664,53.26816464318709,0.15749424307608767,0.8727616323116187,23.37,13.676317917176638,2.4883082500337492,82.12854218006332,0.7214946820307446,6.150875336898565,8.726379521452994,0.03337396203508374,0.5075601772306421,1,scenario_model_generated_from_literature_calibrated_priors,0.5852082976969035,0.9666260379649163,0
full_data_informed,pulmonary_reference,0.6624157268345744,0.9349227855370871,74.00350828164657,0.6115483108622954,0.508117705404804,23.37,25.3550460172852,2.101115995034599,88.64630545771563,0.7601303864724431,3.1023980775872495,10.798266794598648,0.10804867025740013,0.5074694689377394,1,scenario_model_generated_from_literature_calibrated_priors,0.9150600762821909,0.8919513297425998,0
biology_only,aortic_high_pressure,0.573655470456334,0.3919623025260195,52.225570192415475,0.41892712699070855,0.8420561503633927,32.75,32.76202838537769,2.278544410077943,82.42441776817749,0.6794042000073802,5.413747280724721,8.31809560869522,0.042548457421805234,0.5072749396698312,1,scenario_model_generated_from_literature_calibrated_priors,0.9996327210571698,0.9574515425781948,1
biology_only,pulmonary_reference,0.7116163784052408,0.36613295149009434,69.09954003883891,0.05054501505357172,0.47342571804846395,23.37,31.689641370703633,1.9332761334154231,89.25601024923044,0.7251952365981914,5.478870090687798,11.269917781229726,0.049696025680761896,0.5071920629222011,1,scenario_model_generated_from_literature_calibrated_priors,0.6440033645398531,0.9503039743192381,0
biology_only,pulmonary_reference,0.43585396797474124,0.6290550079379658,72.5973366970446,0.31783461796081197,0.9495199562837432,23.37,13.058089551692335,2.3569856085299286,91.4030459356842,0.7656787820817695,6.676612025529326,9.887302143790944,0.11642649186117587,0.5069553674642426,1,scenario_model_generated_from_literature_calibrated_priors,0.5587543667818714,0.8835735081388241,0
biology_only,pulmonary_reference,0.6860229100722959,0.902282261936804,20.07652086680303,0.18864382115646938,0.6623833557106338,23.37,27.829978101857332,2.1968404942248045,64.52412348441524,0.8420985042736304,3.71545734729134,9.280743151614107,0.2172897941720967,0.506907903133041,0,scenario_model_generated_from_literature_calibrated_priors,0.8091579759581802,0.7827102058279033,0
full_data_informed,pulmonary_reference,0.5313547410954785,0.7540849188113288,56.511537660530294,0.20972523724806255,0.3160489497839725,23.37,21.370935450912707,2.335095663447115,83.16837604467456,0.6657626327952636,3.9578804384253123,9.117500817499318,0.07582499829552923,0.5069033740819756,1,scenario_model_generated_from_literature_calibrated_priors,0.9144602246860379,0.9241750017044708,0
full_data_informed,aortic_high_pressure,0.6203294107667809,0.08123595791248317,60.19457150125488,0.057571321872928384,0.4235428455133109,32.75,33.70869493620151,1.8952915991663926,92.54948734783913,0.6233034862765864,5.671828551916588,13.299701419889587,0.05140125573708644,0.5067984394140745,1,scenario_model_generated_from_literature_calibrated_priors,0.9707268721770531,0.9485987442629136,1
full_data_informed,aortic_high_pressure,0.8378013149627117,0.7398483878466142,66.211058902121,0.20710121306919907,0.7820886251586711,32.75,41.34416889981505,1.7970090659706943,87.9514508304484,0.7513560851297352,4.822256407902148,9.649367921873377,0.055571356906101155,0.5067830218789121,1,scenario_model_generated_from_literature_calibrated_priors,0.7375826290132809,0.9444286430938988,0
biology_only,aortic_high_pressure,0.7446899569426866,0.41632467434447706,50.19380180352863,0.09184313526583833,0.8027188339177231,32.75,39.97001681878771,1.751618673581966,84.650276669143,0.7319100857002451,6.273189443110753,13.782517400061298,0.04235880273933854,0.5067737849599439,1,scenario_model_generated_from_literature_calibrated_priors,0.7795414711820545,0.9576411972606614,0
full_data_informed,pulmonary_reference,0.6145887414091902,0.2125834306118714,64.16340177966723,0.10724820559674784,0.23287401416226003,23.37,26.352861986646797,2.0139775152783668,87.88601492550617,0.6893965263921786,5.6809631050149925,8.176233385832798,0.11130791072713637,0.5067347570490672,1,scenario_model_generated_from_literature_calibrated_priors,0.8723636291550365,0.8886920892728636,0
biology_only,aortic_high_pressure,0.5290809573081299,0.5517070125448087,49.04391062098932,0.28417098821420383,0.8398687131025847,32.75,33.10269006084463,2.262052241758281,80.44034662493941,0.6770524702334056,4.441458059814098,8.343225548537735,0.0721044432943063,0.5066945840670266,1,scenario_model_generated_from_literature_calibrated_priors,0.9892308378368052,0.9278955567056937,0
baseline,aortic_high_pressure,0.48528792902513895,0.7242567415839797,32.989407712984956,0.1667814710651032,0.37954073102217784,32.75,33.66539083486529,2.5379062856511476,77.36768515085775,0.6491382525086756,3.5447139284831906,7.63436085805886,0.0963980630992605,0.506674902004248,1,scenario_model_generated_from_literature_calibrated_priors,0.9720491348132735,0.9036019369007395,0
full_data_informed,pulmonary_reference,0.5196508571108299,0.2262951154095639,62.910820914063386,0.02455310028827381,0.8438400701526113,23.37,21.79848534287142,2.2162330602446585,85.91763887293409,0.6171254165655766,6.397345364708928,8.650312725099761,0.049983850368484926,0.5066250189572215,1,scenario_model_generated_from_literature_calibrated_priors,0.9327550424848703,0.950016149631515,0
biology_only,pulmonary_reference,0.6326326190127328,0.3946616244536967,56.493046802211715,0.5828657300326331,0.6029947979754049,23.37,24.853956580544597,2.0795692626379774,81.53223260086337,0.7611776051703766,4.167504459779521,10.518235307757541,0.06023327838291771,0.5065446903168994,1,scenario_model_generated_from_literature_calibrated_priors,0.9365016439647156,0.9397667216170823,0
biology_only,pulmonary_reference,0.6639032249764597,0.378498250835004,59.461054727597904,0.13514996089574666,0.7145275937170914,23.37,27.994830064986548,2.0197433574894177,87.57049928749254,0.7039999114615081,7.460065403331496,12.526032526941506,0.08316811998852708,0.5064276105375765,1,scenario_model_generated_from_literature_calibrated_priors,0.8021039766800793,0.916831880011473,0
full_data_informed,pulmonary_reference,0.5286424797467941,0.26064072457594567,54.870130303780535,0.3574946218367235,0.942223391683557,23.37,22.1720776514953,2.344990113863934,85.186830417233,0.6669144331914515,2.97185438303579,8.070156908279346,0.05976478425226371,0.506376849629702,1,scenario_model_generated_from_literature_calibrated_priors,0.9487410206031365,0.9402352157477363,0
biology_only,aortic_high_pressure,0.6337152276335863,0.6869319906360973,46.176562352836456,0.2592145682636347,0.300451499374546,32.75,38.89740978148926,2.278352721037415,83.31358704134247,0.7041044049128256,2.700120105336193,11.994011620420956,0.06277097260725681,0.5063005614433699,1,scenario_model_generated_from_literature_calibrated_priors,0.8122928310995646,0.9372290273927432,0
biology_only,aortic_high_pressure,0.47337834543774093,0.6565845422077548,38.84853678758818,0.08472982390893849,0.1245655153249712,32.75,24.84492282504585,2.4319598671569898,82.57142301155918,0.6640162931870062,4.455796365668153,7.365446135997553,0.045062540082396206,0.506159837316659,1,scenario_model_generated_from_literature_calibrated_priors,0.7586235977113236,0.9549374599176038,0
hydrodynamic_only,aortic_high_pressure,0.4153781147238757,0.2324657053718229,18.883159977712474,0.0838555706562931,0.7953999186145395,32.75,28.896083420769926,2.5427136523008174,65.42901137639514,0.7394788391633178,3.5079999934467647,7.407262692726014,0.17919335285637228,0.5059884123779552,1,scenario_model_generated_from_literature_calibrated_priors,0.8823231578861046,0.8208066471436277,0
biology_only,aortic_high_pressure,0.32274519877806634,0.2481021113412782,50.33241014002131,0.17794183859904295,0.8610535509031195,32.75,32.21769209732809,2.5627283790626563,79.07447789337243,0.6248308710032013,3.5356282033517994,2.702550492525793,0.0670719499254295,0.50598214473646,1,scenario_model_generated_from_literature_calibrated_priors,0.9837463235825371,0.9329280500745705,0
full_data_informed,pulmonary_reference,0.6593648238765246,0.6924348877168005,54.278689456071035,0.21288277759989183,0.7118075224279774,23.37,23.503959941094045,2.0846690107524606,84.57803611655463,0.6750880242524941,5.659965650006799,13.241060530279048,0.10196509345281343,0.5059779926495663,1,scenario_model_generated_from_literature_calibrated_priors,0.994267867304491,0.8980349065471865,0
full_data_informed,pulmonary_reference,0.7461323040916658,0.8409147967351631,68.58257671194924,0.565071128389072,0.5515982376354334,23.37,29.917578115926837,1.941995741508563,88.3998643223592,0.8128934032021071,2.493275404322128,17.282123928087024,0.08041985952595142,0.5059414776226021,1,scenario_model_generated_from_literature_calibrated_priors,0.719829776811004,0.9195801404740486,0
full_data_informed,aortic_high_pressure,0.6541841321362072,0.4720845381145028,57.48413144074078,0.27652659216002723,0.34106503533508414,32.75,36.684416088420086,2.1238260704571346,82.44114279379059,0.699842819876046,2.5355817497217457,8.479151459718231,0.03806267709853513,0.5058910081037106,1,scenario_model_generated_from_literature_calibrated_priors,0.8798651576054936,0.9619373229014648,0
biology_only,pulmonary_reference,0.6724347889093063,0.49170376947684835,51.751497339657526,0.3564712250796189,0.7805738460659856,23.37,21.692456506033366,2.0373123650624594,86.73060858382235,0.6996774736631787,3.8242607317372737,7.670955025345377,0.05560758287661566,0.5058165108549005,1,scenario_model_generated_from_literature_calibrated_priors,0.928218078991586,0.9443924171233844,0
biology_only,aortic_high_pressure,0.563699458536969,0.5357238949011957,60.79549861713791,0.38586891284703645,0.42014175800048176,32.75,33.234201084663,2.3870620526266553,87.54747677929208,0.6841427635979732,5.251845792819488,7.678913003958122,0.1615153430634294,0.5057923817140266,1,scenario_model_generated_from_literature_calibrated_priors,0.9852152340560917,0.8384846569365706,0
biology_only,pulmonary_reference,0.4229351899914503,0.7522360072487146,70.93243559721247,0.17589692982295296,0.5333396978257493,23.37,15.663246861451517,2.5949724911009273,86.20663551859592,0.6669937059607254,3.1013745973747517,8.43913905049836,0.03532438642429642,0.5057617237793347,1,scenario_model_generated_from_literature_calibrated_priors,0.6702287916752896,0.9646756135757035,0
full_data_informed,aortic_high_pressure,0.549162541658967,0.36961208869521406,56.280016604531234,0.3926481676033603,0.828396507151665,32.75,31.301351966348395,2.2248316012919163,82.3140555892527,0.7029217746261015,5.353122865246296,6.569521629400154,0.07621985362058131,0.505718972151241,1,scenario_model_generated_from_literature_calibrated_priors,0.9557664722549128,0.9237801463794186,0
biology_only,aortic_high_pressure,0.4216013716775563,0.8824763660642627,54.43196950874618,0.6155628211761581,0.3479710706662928,32.75,30.245918227795123,2.5869767060035986,86.00781520860909,0.6820577444698208,3.1098599004490506,8.022214031390387,0.04058047431368074,0.5057139923133124,1,scenario_model_generated_from_literature_calibrated_priors,0.9235394878716068,0.9594195256863193,0
full_data_informed,pulmonary_reference,0.7123587462726969,0.11186386241559149,60.52275071271861,0.0560317932514599,0.5902637415151502,23.37,28.763738624426153,1.859976889275365,84.18269677212497,0.7082618188282916,7.061583292684931,17.82745601199324,0.026540813740690186,0.5055728835142674,1,scenario_model_generated_from_literature_calibrated_priors,0.7692024550951582,0.9734591862593098,0
biology_only,aortic_high_pressure,0.4624101549439642,0.708133443406533,61.24355755856764,0.10956383271043196,0.5111747308457647,32.75,21.831453643919787,2.3214443415169805,83.56552314868095,0.7002892306954571,3.5662265384133933,9.251994871500823,0.03933744860868761,0.5055456498297505,1,scenario_model_generated_from_literature_calibrated_priors,0.6666092715700698,0.9606625513913124,0
full_data_informed,pulmonary_reference,0.5887199523444784,0.4342622260786022,57.569608245890706,0.3899531199939813,0.5711918371523175,23.37,21.208456665281247,2.2902329280361555,85.07025522723653,0.6922560387305158,9.592468512312747,12.206174507422475,0.06614873559755259,0.5055065275952638,1,scenario_model_generated_from_literature_calibrated_priors,0.9075077734395056,0.9338512644024474,0
full_data_informed,pulmonary_reference,0.5899735564172751,0.473553311009281,49.24441202546056,0.468936312333898,0.1853531865460175,23.37,24.826095783069327,2.1864337578474022,86.5348366245457,0.7007682399697146,4.844754869558262,7.0117566896965755,0.05588677598126406,0.5054735220297238,1,scenario_model_generated_from_literature_calibrated_priors,0.9376938047467126,0.944113224018736,0
hydrodynamic_only,aortic_high_pressure,0.5502367985898956,0.17836714409002313,43.739855947069415,0.20939170642118926,0.10335216789991997,32.75,34.07983213308146,2.18942590832454,85.2261385303765,0.6540773503191222,4.165054109497024,4.713240917894881,0.0657571600295453,0.5054456824286578,1,scenario_model_generated_from_literature_calibrated_priors,0.9593944386845356,0.9342428399704547,0
full_data_informed,aortic_high_pressure,0.7496961523080103,0.5551823123480242,57.913967806545976,0.18064762051292446,0.6248535128226921,32.75,40.15684111382449,1.97060389794178,84.36044090317138,0.7188983014300945,2.970929521335507,5.690857244345268,0.03304459885075791,0.5054377591728791,1,scenario_model_generated_from_literature_calibrated_priors,0.7738369125549773,0.966955401149242,0
full_data_informed,aortic_high_pressure,0.7131286335983131,0.31063513867417697,64.44990342254067,0.017769194318778547,0.6777531161700783,32.75,40.5747628419669,1.9156816359055853,84.85990548232236,0.7050164123055903,5.469062636249287,11.221185157907406,0.05694316001360287,0.5054354769349371,1,scenario_model_generated_from_literature_calibrated_priors,0.7610759437567358,0.9430568399863971,0
full_data_informed,aortic_high_pressure,0.5076509242931893,0.5816775010719841,39.16447495979739,0.23104276160397408,0.4716900880820155,32.75,26.963933441444876,2.4183211793565285,77.26906567169662,0.7014723909977961,4.033875657633499,8.863566076306455,0.060180113889335925,0.5053056876796448,1,scenario_model_generated_from_literature_calibrated_priors,0.8233262119525153,0.939819886110664,0
biology_only,pulmonary_reference,0.49814106219232707,0.6628633373827126,63.116214760471635,0.34934268758786724,0.5495012771922316,23.37,18.982172686732643,2.3336607855977136,86.89779222772336,0.6949542747652382,7.892307203742166,7.789550731941404,0.057621813218669736,0.505282391701303,1,scenario_model_generated_from_literature_calibrated_priors,0.8122453011010973,0.9423781867813302,0
baseline,aortic_high_pressure,0.6500110284218263,0.8386405097232192,25.982109555237688,0.097729134504696,0.13675413872303993,32.75,39.85493763675821,2.0670592982216642,74.75461849677652,0.7320306791489698,2.9970697015796,11.201792275814897,0.04004970781410275,0.5051045201574915,1,scenario_model_generated_from_literature_calibrated_priors,0.7830553393356272,0.9599502921858972,0
hydrodynamic_only,aortic_high_pressure,0.5511739321329797,0.7591021814958251,34.466809759894474,0.4608872879623321,0.4125785746699399,32.75,25.07663378784025,2.455038904477752,74.71600802095125,0.762862035053063,4.84040262737999,11.482872589163769,0.04740440849906002,0.5050709749806632,1,scenario_model_generated_from_literature_calibrated_priors,0.7656987416134428,0.95259559150094,0
biology_only,aortic_high_pressure,0.6438069396811323,0.6476661742034279,68.10794948433848,0.617993006568723,0.825364659177705,32.75,34.70931655607642,2.015495280619014,90.43544429086693,0.7320944772627374,3.481008022727366,9.999820848908152,0.05855466091408932,0.5050508827658058,1,scenario_model_generated_from_literature_calibrated_priors,0.9401735402724756,0.9414453390859107,0
full_data_informed,aortic_high_pressure,0.5988154652812899,0.6129528676286142,68.9648137054111,0.4318283189903853,0.4583122834079763,32.75,33.928450815201806,2.0758238268445646,84.90536272844992,0.7095987091369371,4.025572421478401,11.17743562514541,0.0671460418241876,0.5050446821600274,1,scenario_model_generated_from_literature_calibrated_priors,0.9640167690014716,0.9328539581758124,0
biology_only,pulmonary_reference,0.724122865162404,0.5732950301777412,65.52753837448175,0.38091405051527316,0.9293127286600845,23.37,28.786117684021892,2.045414923365379,87.85929653359278,0.746044353704639,8.718056619734758,9.215864514579138,0.06552278794740553,0.5049887212523813,1,scenario_model_generated_from_literature_calibrated_priors,0.7682448573375313,0.9344772120525945,0
biology_only,aortic_high_pressure,0.5597291429133523,0.43631039580473546,55.27252309821946,0.1670346605533101,0.47654882021918676,32.75,26.68939398038345,2.2858125314114646,90.90745405347636,0.6531153618729298,5.4324199421044845,12.591935462777903,0.07297460339837594,0.5049869857828918,1,scenario_model_generated_from_literature_calibrated_priors,0.8149433276452962,0.9270253966016241,0
biology_only,aortic_high_pressure,0.48751032713707493,0.5926772308670031,53.12006983747361,0.39707696682079663,0.4457280723905612,32.75,30.899876897150616,2.3720603692761113,80.15162802120147,0.6832317694099695,3.1507806879087754,6.449600347590721,0.039424705181346775,0.504980104861402,1,scenario_model_generated_from_literature_calibrated_priors,0.9435076915160493,0.9605752948186532,0
full_data_informed,pulmonary_reference,0.6568030885100613,0.3954213324039135,65.06114118593636,0.11971138500742044,0.4992227790518696,23.37,25.80803395568101,2.0415241835522315,86.18568609194415,0.6666730285723399,3.0977102783376065,11.515267681365074,0.06340099340192801,0.5049732584361731,1,scenario_model_generated_from_literature_calibrated_priors,0.8956767669798456,0.936599006598072,0
baseline,pulmonary_reference,0.6047559658241805,0.6357151307459631,28.7805637474477,0.29581989134600617,0.869371105848463,23.37,25.133375474384998,2.249960274952511,73.63678429454549,0.7158387466118952,6.187767736045356,7.3255930721789575,0.050106917577749065,0.5049592413742979,1,scenario_model_generated_from_literature_calibrated_priors,0.9245453369967909,0.9498930824222509,0
full_data_informed,aortic_high_pressure,0.4987716697650024,0.34974200459774263,64.66305962971968,0.500759184812335,0.6582016150169092,32.75,28.939530970260385,2.244771933909696,87.13663376022535,0.7151702548371661,5.563521789771123,8.716900539206137,0.06586820587355233,0.5048943728449814,1,scenario_model_generated_from_literature_calibrated_priors,0.8836498006186377,0.9341317941264476,0
biology_only,aortic_high_pressure,0.7397971591502758,0.7439523246883949,57.6863199325551,0.10599866592240542,0.1537874928847973,32.75,41.107906094018325,1.9335000113780119,88.10739743422108,0.6980584700669773,2.7519127390496507,12.21795479876032,0.02808567427734437,0.5048548834790202,1,scenario_model_generated_from_literature_calibrated_priors,0.74479676048799,0.9719143257226557,0
full_data_informed,aortic_high_pressure,0.7458477893213921,0.3292705850998876,57.47565520800949,0.09599449648346488,0.6062367630360563,32.75,40.70276962747347,1.9538962771122064,86.22982776487534,0.7024384566535988,6.8412495432067,11.409679011156545,0.039432741404981764,0.5048039380377188,1,scenario_model_generated_from_literature_calibrated_priors,0.7571673396191306,0.9605672585950182,0
hydrodynamic_only,pulmonary_reference,0.748734849943638,0.6044286528627533,41.09282754370338,0.05127363349633214,0.05206961465135118,23.37,27.62511082857262,1.8438956135336164,81.93742319731093,0.7123971541963389,2.1679996564137465,10.620363001735107,0.05084395160297264,0.5048029314284794,1,scenario_model_generated_from_literature_calibrated_priors,0.8179242264196569,0.9491560483970274,0
biology_only,pulmonary_reference,0.49776203552668585,0.5780219570565998,57.56589212092796,0.08648164670859784,0.6498166825736267,23.37,15.151077881858217,2.2898618422538295,82.52864164284189,0.7169285859715716,5.887211886269911,8.213732129383231,0.06411892659809214,0.5047746689588257,1,scenario_model_generated_from_literature_calibrated_priors,0.6483131314445107,0.9358810734019078,0
full_data_informed,pulmonary_reference,0.4351336833227647,0.4907248869973783,52.71965263817469,0.15814823648226725,0.4425913930490875,23.37,16.217874281340922,2.37934620647238,84.8503174633024,0.6879173355234024,3.9375477663877434,7.797784910329473,0.040912613958159115,0.5047006348520314,1,scenario_model_generated_from_literature_calibrated_priors,0.6939612443877159,0.9590873860418409,0
biology_only,pulmonary_reference,0.7419810922035108,0.6243231674132712,55.08074700841817,0.24935449859627312,0.6622510000941441,23.37,28.338276768245866,1.9281630367429474,84.7331916853184,0.7551265674785138,3.212411688405845,14.031266083254362,0.09989461342147717,0.5046385083023817,1,scenario_model_generated_from_literature_calibrated_priors,0.7874079260485296,0.9001053865785228,0
biology_only,pulmonary_reference,0.5511842215461825,0.73487668707507,68.04186117421443,0.5767672868584872,0.38403096045777446,23.37,25.803059703311604,2.2478321122795117,86.04011465965802,0.7355469947246404,10.251061508111189,15.642577253433872,0.08094263610051391,0.5046080988308497,1,scenario_model_generated_from_literature_calibrated_priors,0.8958896147491826,0.9190573638994861,0
biology_only,aortic_high_pressure,0.32488097299746166,0.9234726943109401,56.45197302515772,0.37242120986461125,0.7822904117356912,32.75,20.597313513054683,2.799878964733503,80.98318580945902,0.7245915612320867,5.515213009049696,11.692010467730865,0.06982956303370064,0.5045967839508628,1,scenario_model_generated_from_literature_calibrated_priors,0.6289256034520514,0.9301704369662993,0
biology_only,pulmonary_reference,0.594848012501218,0.691517655464415,55.72834584328775,0.2208035972660947,0.74162747316397,23.37,21.53291989605254,2.129283078970387,81.2362254028508,0.6849201840884458,5.3272818136093685,9.006206150850218,0.0542700507286951,0.5045753238711095,1,scenario_model_generated_from_literature_calibrated_priors,0.9213915231515849,0.9457299492713049,0
full_data_informed,pulmonary_reference,0.6292721242501258,0.7429469179555831,56.193716878940506,0.4397120767561674,0.2597754734160564,23.37,22.80697939574058,2.127660647919619,82.21430192427691,0.7077741504743998,3.920056273495498,9.220159581866413,0.05646274548737781,0.5045319220909827,1,scenario_model_generated_from_literature_calibrated_priors,0.9759084037544108,0.9435372545126222,0
full_data_informed,pulmonary_reference,0.6243934157225318,0.7552647801026618,49.76392973790711,0.1276082261357207,0.18479862105090616,23.37,24.33470044667631,2.1418856997603197,85.100939066031,0.6398777842474923,2.9022472425857955,9.371422728895357,0.0583967518599404,0.5045189738419016,1,scenario_model_generated_from_literature_calibrated_priors,0.9587205628294262,0.9416032481400596,0
biology_only,pulmonary_reference,0.52793885627505,0.6452915495315256,79.48851489201822,0.3587348262259946,0.9798517129292711,23.37,19.97538100598718,2.2530746656039695,90.34077174583264,0.6879302674380207,7.451280452830501,12.164029105994818,0.08474059771005861,0.5045099034950139,1,scenario_model_generated_from_literature_calibrated_priors,0.8547445873336406,0.9152594022899414,0
full_data_informed,pulmonary_reference,0.7301424718995835,0.8212868120590578,78.46718603877457,0.3745842943745965,0.6149222942442459,23.37,28.039003223721792,2.0918412331050855,85.01028783104582,0.7387640549686637,3.9644950090150157,10.750895761858786,0.05956849759217837,0.5044194370610805,1,scenario_model_generated_from_literature_calibrated_priors,0.800213811565178,0.9404315024078216,0
full_data_informed,pulmonary_reference,0.6930280885430431,0.5458922096370626,49.05382323818471,0.213662907091535,0.7147959938875889,23.37,25.098039680783835,1.889099307950975,80.8039181729903,0.7125054106353409,5.794594131209728,11.986123909626128,0.05485296442647387,0.5044116659554979,1,scenario_model_generated_from_literature_calibrated_priors,0.9260573521273499,0.9451470355735261,0
biology_only,aortic_high_pressure,0.7975251042713208,0.28355259710530517,72.51503345036006,0.025032298673676956,0.7537760529445694,32.75,42.801008958731096,1.7483957555053098,95.80506586146235,0.752672011435356,5.146238839797742,10.23450653184335,0.20479968581847743,0.5043924930749583,1,scenario_model_generated_from_literature_calibrated_priors,0.6930989630921802,0.7952003141815226,1
full_data_informed,pulmonary_reference,0.434252247767264,0.35855014034839877,61.41991186718326,0.0965629085690725,0.6964976222099055,23.37,17.571525419229154,2.334052457599106,91.22127757180401,0.6388903924173217,9.4712443593226,9.0417053823771,0.04645131246561616,0.5043037058471702,1,scenario_model_generated_from_literature_calibrated_priors,0.7518838433559758,0.9535486875343838,0
biology_only,pulmonary_reference,0.5012427312950838,0.5830700440794414,62.42420351659558,0.6574796429817489,0.824988356901606,23.37,20.744107769511256,2.3786410865699636,85.80741924573037,0.7338514152268735,3.9317883775858244,8.208064854020888,0.07111874521677305,0.5041422322795834,1,scenario_model_generated_from_literature_calibrated_priors,0.8876383298892279,0.9288812547832269,0
full_data_informed,pulmonary_reference,0.3892864106204215,0.5206291652483179,67.54982525992787,0.08644990996045702,0.5267251635972029,23.37,10.6940624160033,2.621300655333798,90.61352008068934,0.6895175221694301,3.5225835663493763,12.238050426427233,0.04770695860647049,0.5041293674458988,1,scenario_model_generated_from_literature_calibrated_priors,0.4575978783056611,0.9522930413935295,0
biology_only,pulmonary_reference,0.5845986594644463,0.4341260976683701,69.98841714585704,0.26453912202042956,0.6118889978845151,23.37,22.19013585433529,2.2671973370782292,83.14783702953065,0.6601154362976626,3.6622388645060897,7.670644573879204,0.056400555092459,0.5040288856947086,1,scenario_model_generated_from_literature_calibrated_priors,0.9495137293254295,0.943599444907541,0
full_data_informed,pulmonary_reference,0.8714525801699767,0.8713491126346697,58.621060314058596,0.3811500555956555,0.6816926261693729,23.37,30.495490078131247,1.8384860525954518,82.20117763061117,0.819905312224206,3.834375263660871,10.978084246144817,0.08306396290874432,0.5038765326849286,1,scenario_model_generated_from_literature_calibrated_priors,0.6951009808245081,0.9169360370912557,0
full_data_informed,aortic_high_pressure,0.6166009240416316,0.3623436566823728,56.709644459215596,0.5136215200757474,0.7633314950289689,32.75,37.00752060445857,2.2463902166968426,85.89605773875302,0.7255050461264311,5.123761506031097,7.264156475560823,0.0693918889162156,0.5038520348077916,1,scenario_model_generated_from_literature_calibrated_priors,0.8699993708562269,0.9306081110837844,0
biology_only,pulmonary_reference,0.5895321232680417,0.6350832511645558,43.83506168776491,0.25661428366613026,0.7633395539284368,23.37,22.527681092013207,2.2066997750021855,83.49180632878762,0.6527515564726907,4.068264921970041,11.878700397787512,0.038215217619487964,0.5038071871671151,1,scenario_model_generated_from_literature_calibrated_priors,0.9639572568255544,0.961784782380512,0
full_data_informed,pulmonary_reference,0.415524475664787,0.47884070763181846,54.64477110827777,0.33928206142847084,0.36997226848431347,23.37,12.99921622443246,2.5346754155077567,85.94962465528128,0.7400225534741526,4.0457358805597865,10.195447341534113,0.0503197206839332,0.5038070693386365,1,scenario_model_generated_from_literature_calibrated_priors,0.5562351829025443,0.9496802793160668,0
full_data_informed,pulmonary_reference,0.6832371357991219,0.34914742592186915,62.46332598186684,0.06374589869431072,0.13434790702912672,23.37,28.86273641885632,1.9599912913058377,86.35045194633113,0.6919982226005047,3.8695864570061365,10.675259261480582,0.04403761975835736,0.5037199024097622,1,scenario_model_generated_from_literature_calibrated_priors,0.764966349214535,0.9559623802416426,0
biology_only,pulmonary_reference,0.7029275683228672,0.7512972001214205,55.21210339154035,0.38127612427074437,0.8109222571251528,23.37,32.677191734073666,2.00977775120444,86.72931617079452,0.7996065939878382,1.9838419920300747,11.739882894933043,0.06517285917606401,0.5037162205346468,1,scenario_model_generated_from_literature_calibrated_priors,0.60174618168277,0.934827140823936,0
biology_only,pulmonary_reference,0.4765890551592421,0.907487896164442,58.18272055919043,0.5172202400561531,0.4639701828571327,23.37,12.0423161246026,2.333105754885026,81.6947368084852,0.8528723634294358,3.5198499416867524,5.1413429721248765,0.1166515620325368,0.503705080126891,1,scenario_model_generated_from_literature_calibrated_priors,0.5152895218058451,0.8833484379674632,0
full_data_informed,pulmonary_reference,0.6274942411209425,0.40808293586351063,66.05978497699837,0.4614899874172799,0.9220202766734397,23.37,21.877833039239995,2.0940208604888184,88.24963979822132,0.6940399672984006,5.085224253017023,6.642634482258234,0.04252420120296197,0.5036621484531117,1,scenario_model_generated_from_literature_calibrated_priors,0.9361503226033374,0.957475798797038,0
full_data_informed,pulmonary_reference,0.5920692254006094,0.7734009701279233,51.18955564732286,0.6066064318781369,0.3114893266282276,23.37,22.720205134021306,2.2311150008676814,82.86450252955169,0.719004524987028,6.125551392798571,8.956528051214347,0.04589304333067555,0.503485794604228,1,scenario_model_generated_from_literature_calibrated_priors,0.9721953416354859,0.9541069566693244,0
biology_only,pulmonary_reference,0.7288622481449436,0.5752456985588177,41.99924466185118,0.21341585833693283,0.5979556659107818,23.37,28.557642464597496,2.0732186150414624,83.34050125040734,0.7142234285234238,4.715689679932151,7.287422424716502,0.04037658572822005,0.5034767053380834,1,scenario_model_generated_from_literature_calibrated_priors,0.7780212894909073,0.95962341427178,0
baseline,pulmonary_reference,0.30482498875483205,0.8037281694089992,36.58016979424104,0.3422935657710327,0.8194506157674798,23.37,5.614494486177218,2.8690541213585448,81.32434181034087,0.819515880244849,3.2280398348911463,13.418010525091997,0.04547956606310688,0.5034600241638534,0,scenario_model_generated_from_literature_calibrated_priors,0.24024366650309015,0.9545204339368931,0
full_data_informed,pulmonary_reference,0.7233644277578986,0.699635427962863,42.380747857992205,0.2586727797161077,0.1071569608375567,23.37,24.52190867093115,2.2421719974962526,81.19044078282815,0.6733237744278369,4.190470200655971,9.694685072039292,0.06899443216300527,0.5033996399807843,1,scenario_model_generated_from_literature_calibrated_priors,0.950709941337991,0.9310055678369947,0
full_data_informed,pulmonary_reference,0.5241039702276297,0.7046648361248695,59.339596984068244,0.4513741832751592,0.8084292831185768,23.37,19.813171517227598,2.4025596232891533,82.46499767085128,0.7117087294560664,6.053356966896209,8.32923242599324,0.0609923270729289,0.5033503754627068,1,scenario_model_generated_from_literature_calibrated_priors,0.8478036592737526,0.9390076729270711,0
hydrodynamic_only,pulmonary_reference,0.6338259149999463,0.67652571069293,36.64132589559955,0.35030488326386383,0.08568051373406382,23.37,21.77758919970571,2.073545791405957,79.61472058673189,0.710549959744696,1.7084532330509943,14.30081738900086,0.036669867998492166,0.5033465080073606,1,scenario_model_generated_from_literature_calibrated_priors,0.9318608985753405,0.9633301320015079,0
full_data_informed,pulmonary_reference,0.4612750744427278,0.2538518533543328,47.16655968125625,0.23366251051761858,0.6127766590652808,23.37,17.34353302817347,2.3296619051070673,86.59246554798403,0.6877107632653163,3.4408377926136846,10.851043443647162,0.05184735817517887,0.5032548442294368,1,scenario_model_generated_from_literature_calibrated_priors,0.7421280713809786,0.9481526418248212,0
biology_only,pulmonary_reference,0.650110947109328,0.5400531390398842,48.45212503581301,0.5155073083042605,0.6168244118684431,23.37,24.180860546085533,2.0455579755804556,84.31574599611446,0.7249962813493892,4.388352540204005,6.912122381304171,0.06278027843410455,0.5030956533692081,1,scenario_model_generated_from_literature_calibrated_priors,0.9653033570352789,0.9372197215658955,0
full_data_informed,aortic_high_pressure,0.6660746125281606,0.30528577508780536,64.656900164246,0.21054010251920602,0.7405001450164468,32.75,36.769879791317265,1.9458907121734839,84.1519089685609,0.6907181115921376,6.261370919611823,14.545213286352197,0.026734096585677623,0.5030195844324659,1,scenario_model_generated_from_literature_calibrated_priors,0.8772555788910759,0.9732659034143224,0
biology_only,pulmonary_reference,0.6350247134984697,0.48336994147575757,64.82267813097877,0.20259829440586025,0.5187066695930768,23.37,25.473212336678888,2.133929197872011,86.99009339645553,0.6600315732469191,4.7402453815834855,11.67239616955026,0.06560196570043253,0.5029881608389744,1,scenario_model_generated_from_literature_calibrated_priors,0.9100037511048829,0.9343980342995675,0
full_data_informed,aortic_high_pressure,0.6994190288131766,0.2588552347896355,55.80159689049427,0.10196125146390357,0.32473346406172143,32.75,40.08964106232421,1.9234211048149137,87.62369181796022,0.689285728941137,6.8823237159839765,8.465738783887819,0.0346311405638857,0.5028024827639519,1,scenario_model_generated_from_literature_calibrated_priors,0.7758888225244516,0.9653688594361143,0
biology_only,aortic_high_pressure,0.8174094742352354,0.63258459938145,45.313231254479675,0.16374582437372107,0.8763257681474034,32.75,41.64331221838809,1.8608636500084252,84.16625838114581,0.7589685814044398,9.061944744624975,15.905887830483067,0.09301492405230129,0.5027410158038361,1,scenario_model_generated_from_literature_calibrated_priors,0.7284484818812798,0.9069850759476987,0
hydrodynamic_only,pulmonary_reference,0.5716146262865565,0.671198922973166,36.11713562654258,0.24800125401452727,0.7344358987512958,23.37,20.773668767580514,2.1551999678006686,71.83289507680747,0.7332058320072908,6.973787023795072,8.53502082076764,0.057370229632811486,0.5026547109594146,1,scenario_model_generated_from_literature_calibrated_priors,0.8889032420873133,0.9426297703671885,0
biology_only,aortic_high_pressure,0.6871921281384327,0.7073708825016632,57.148504616674465,0.1610557975175476,0.6663966953167534,32.75,46.07786332102293,2.1134719856743867,83.37133480693898,0.7953475288142939,4.99407337073392,10.864484245378335,0.15901104539433195,0.5026268139348533,0,scenario_model_generated_from_literature_calibrated_priors,0.5930423413428112,0.840988954605668,0
biology_only,aortic_high_pressure,0.6364187295539455,0.8703729073799547,48.39310613433227,0.24093280088196728,0.4510560635035416,32.75,35.49739764667293,2.1496860647601825,85.09059839195011,0.684114662314011,5.362466083036689,9.971250542641986,0.10004660725020165,0.5026266567473868,1,scenario_model_generated_from_literature_calibrated_priors,0.9161099955214372,0.8999533927497984,0
full_data_informed,pulmonary_reference,0.6837950602747562,0.9360296628991592,54.83841412710479,0.2785356649067146,0.3034706897090444,23.37,26.67908832569307,2.0955018130859253,85.10026828139772,0.7186054449769357,3.852258027914075,8.026686244421356,0.11174799950887776,0.5026158596827742,1,scenario_model_generated_from_literature_calibrated_priors,0.8584044362133904,0.8882520004911223,0
full_data_informed,aortic_high_pressure,0.6637790094009608,0.8110610105160896,49.33157876058129,0.4322703452735876,0.5347964273619682,32.75,39.01390836003732,2.198295118602093,80.10220438065234,0.7656781261783302,3.626564705695606,8.437056256420165,0.09713595928315966,0.5026084304142987,1,scenario_model_generated_from_literature_calibrated_priors,0.8087356225942803,0.9028640407168403,0
full_data_informed,aortic_high_pressure,0.4839262541163961,0.6132229347910225,67.85543648841313,0.5636148726876915,0.4333770221997873,32.75,31.11411215796844,2.4178262077701964,84.05203685366583,0.7073628488015585,3.602006755109386,8.409946098777665,0.09754964753747998,0.5025861469444519,1,scenario_model_generated_from_literature_calibrated_priors,0.9500492261975095,0.90245035246252,0
biology_only,pulmonary_reference,0.7327775566815264,0.3403369465068847,74.76965198649404,0.297939291308283,0.7194291246585591,23.37,26.345740521596166,1.8762996663279585,84.26193996931974,0.7371153253723965,4.524055107685203,10.962078947180363,0.08389854046894146,0.5025362048511285,1,scenario_model_generated_from_literature_calibrated_priors,0.8726683559436814,0.9161014595310586,0
full_data_informed,aortic_high_pressure,0.499673187129018,0.37444812887644674,68.52248813563764,0.31187733155788805,0.6475057368408758,32.75,26.656497651477306,2.2462412756190533,88.35076854638379,0.6810491098975852,4.874080146785787,8.080624209989283,0.047613969429265435,0.502488314838567,1,scenario_model_generated_from_literature_calibrated_priors,0.8139388595870933,0.9523860305707346,0
biology_only,pulmonary_reference,0.5793889417006437,0.3639001685923756,65.21923230131438,0.24652284881291456,0.485025275320309,23.37,23.89357684918472,2.1396214247917102,92.50206787454289,0.6141043620381073,3.5770950083647235,14.69619760612344,0.040694861065826544,0.5024871635724579,1,scenario_model_generated_from_literature_calibrated_priors,0.9775961981521302,0.9593051389341735,1
biology_only,pulmonary_reference,0.6405634543268169,0.6007250652535453,69.45255809765672,0.31161009121089545,0.46828626379356386,23.37,24.546051659049446,2.034943774797452,84.6226538131383,0.6854024097644205,7.0362763965592645,14.385110561154741,0.05373009373729693,0.5023725792400371,1,scenario_model_generated_from_literature_calibrated_priors,0.9496768652524842,0.946269906262703,0
full_data_informed,aortic_high_pressure,0.7708304748187509,0.6113648635297331,79.38775972977189,0.3072728625322285,0.5452917379865655,32.75,40.54243767118024,2.0889530179487594,88.874908837538,0.7089687726369768,3.9306945153521267,7.542490521872246,0.041842223211308927,0.5023603432208319,1,scenario_model_generated_from_literature_calibrated_priors,0.7620629718723592,0.9581577767886911,0
biology_only,pulmonary_reference,0.7021821897189067,0.7279836525917618,52.607430256810964,0.6813373671633526,0.5877836521615659,23.37,29.22576532221396,2.1048771158896313,82.6098175583065,0.8420341827588768,3.1994158368580616,8.716973042120644,0.1291356721162103,0.5023590726266591,1,scenario_model_generated_from_literature_calibrated_priors,0.749432378167995,0.8708643278837898,0
biology_only,pulmonary_reference,0.7903895448204418,0.6663995983664752,58.297540900367316,0.27953481206701647,0.646673283155999,23.37,28.92047016890897,1.86241255583711,87.40963479548472,0.7371733609830737,5.587556472623794,12.922996928878279,0.04315939567209095,0.5023020050915332,1,scenario_model_generated_from_literature_calibrated_priors,0.7624959277317515,0.9568406043279091,0
biology_only,pulmonary_reference,0.6442950818541194,0.5219308481636409,42.43905433832934,0.4452430619727697,0.8776051831296217,23.37,28.62101369250381,2.20456169906595,79.45429116566794,0.7630696098759696,4.0129785138155,11.447579306051306,0.05534061195901674,0.5022982592344133,1,scenario_model_generated_from_literature_calibrated_priors,0.7753096408855881,0.9446593880409833,0
full_data_informed,aortic_high_pressure,0.5517269595512998,0.882864293193679,46.60796494379663,0.3402510649146138,0.34155231384006607,32.75,30.318864398768486,2.397304630767724,79.52239933208143,0.677051162949001,3.5265793955496685,8.819123711520199,0.05616609741665673,0.5022524002193743,1,scenario_model_generated_from_literature_calibrated_priors,0.9257668518707934,0.9438339025833433,0
full_data_informed,pulmonary_reference,0.4246715514753224,0.6245119855781803,63.195568131611125,0.07018316879071893,0.14807980820522862,23.37,15.60579802400665,2.4534287810134185,87.37741983694595,0.6654029698366205,1.7980945487943056,7.943548593197425,0.07321889187644834,0.5022228332740594,1,scenario_model_generated_from_literature_calibrated_priors,0.6677705615749528,0.9267811081235516,0
biology_only,pulmonary_reference,0.5017230961302549,0.7082313281064916,72.98580942452496,0.33779340514925155,0.5405510871594319,23.37,14.265296912603624,2.403309515896628,88.92859923036374,0.7296556675516027,9.56615783929545,9.536196271270349,0.06797080849396014,0.502042811123683,1,scenario_model_generated_from_literature_calibrated_priors,0.6104106509458118,0.9320291915060399,0
hydrodynamic_only,pulmonary_reference,0.5531815535780304,0.5973031706405015,33.50343189306019,0.38368421333932995,0.31525716220646866,23.37,21.087273918404655,2.3781673364287834,77.65290962442974,0.7144610979953627,4.458486465753297,14.736586458750867,0.08941406267658017,0.5020349632833143,1,scenario_model_generated_from_literature_calibrated_priors,0.9023223756270712,0.9105859373234199,0
hydrodynamic_only,aortic_high_pressure,0.6897706108213884,0.5773884234846968,46.38294275862033,0.6336292438940594,0.6313290399512347,32.75,38.58032441441338,2.0837675894668934,79.70577257429962,0.8089017129796473,4.934889888287245,14.032838154563834,0.08332227310959991,0.5020125655943727,1,scenario_model_generated_from_literature_calibrated_priors,0.8219748270408127,0.9166777268904001,0
biology_only,pulmonary_reference,0.502744324598121,0.8158686242729438,56.55041364546678,0.7401479191841398,0.9136817952476016,23.37,20.14377368205965,2.395365763024283,83.7040091934203,0.772959607024528,3.4440615265817693,12.034884067014737,0.10858585526952146,0.5019269804762319,1,scenario_model_generated_from_literature_calibrated_priors,0.8619500933701176,0.8914141447304785,0
hydrodynamic_only,aortic_high_pressure,0.5000677091089989,0.5583609901360724,25.002915565695602,0.3281913917558268,0.29806453617942025,32.75,30.54523153987376,2.292547218242458,70.73939659457061,0.7342392271725449,2.118227085885468,10.26530008578699,0.08848171399471318,0.5018478236925986,1,scenario_model_generated_from_literature_calibrated_priors,0.9326788256450004,0.9115182860052868,0
biology_only,pulmonary_reference,0.7385430085192323,0.7378868114548832,44.799167100700984,0.1564727988921129,0.6170377630277644,23.37,29.890556212300172,2.115137290001279,81.9936421992776,0.7186714563232531,4.3166253594111605,9.251738203096481,0.045982288754714835,0.5018307669713402,1,scenario_model_generated_from_literature_calibrated_priors,0.7209860414077804,0.9540177112452851,0
biology_only,pulmonary_reference,0.715307293955514,0.5268048864978929,51.07190142332584,0.14740593983010059,0.8691585236686645,23.37,27.93040538546775,1.9043619847963125,82.68639598750701,0.7218262626899314,12.0,13.989595461729316,0.06380466166533656,0.501802705579384,1,scenario_model_generated_from_literature_calibrated_priors,0.8048607023762195,0.9361953383346634,0
biology_only,pulmonary_reference,0.5917111539266393,0.3888406650238632,73.39971304392297,0.378069003795434,0.9228467407343924,23.37,18.357183771743497,2.1118372452852427,83.17714429062733,0.7458967994925747,3.8512114778176807,11.941008797225722,0.06751381948690036,0.5017998967853063,1,scenario_model_generated_from_literature_calibrated_priors,0.7855020869381042,0.9324861805130996,0
baseline,pulmonary_reference,0.7034189926891082,0.4674452994165885,26.810301746208935,0.2838184210636757,0.6377572258877646,23.37,28.624657158900046,1.9353345075826527,73.07709092955395,0.8034085703166769,6.994954024357912,11.030805251696588,0.08928444538910546,0.5017645521160317,1,scenario_model_generated_from_literature_calibrated_priors,0.7751537373170713,0.9107155546108945,0
full_data_informed,aortic_high_pressure,0.9101886855160128,0.8029628242372367,76.8272441912484,0.2469261351221366,0.8574161534153487,32.75,46.3498221742606,1.7803770275874065,86.55322174863454,0.8239742784897144,7.057804975148547,14.276847974454027,0.12246856437228175,0.5017033768897826,0,scenario_model_generated_from_literature_calibrated_priors,0.5847382542210503,0.8775314356277183,0
biology_only,aortic_high_pressure,0.5662319946001805,0.22333695061463493,64.72603759418625,0.314626723442032,0.5238513794562611,32.75,34.601633332422075,2.1644124714638697,87.21254551490583,0.6540134929227487,3.4831140489549814,8.847870541095164,0.03931127176106947,0.5016443204867608,1,scenario_model_generated_from_literature_calibrated_priors,0.9434615776359672,0.9606887282389305,0
full_data_informed,pulmonary_reference,0.4618172755401776,0.4717541744078615,60.81234840415652,0.1731930346583811,0.6105198224660339,23.37,17.487037523975903,2.3435796618057556,86.90259656052302,0.6636125988914663,3.648626189822425,8.719624169211015,0.04147709972166215,0.5016214034614823,1,scenario_model_generated_from_literature_calibrated_priors,0.7482686146331152,0.9585229002783379,0
full_data_informed,aortic_high_pressure,0.5311888523805823,0.5457415947730622,62.88893075280543,0.4740806653404725,0.3652063103524763,32.75,33.93917509494353,2.225739442849021,86.31366690785329,0.6874784706024228,6.65551273465788,6.270067037858231,0.07222971333757029,0.5015520400777228,1,scenario_model_generated_from_literature_calibrated_priors,0.9636893100780601,0.9277702866624297,0
full_data_informed,pulmonary_reference,0.7237670992561054,0.3808929832724435,57.583108585489676,0.2590304038362859,0.934826879234139,23.37,28.52173779695079,1.7944723388212944,84.84207286146948,0.7715888201165966,5.9163842373261835,8.832089747153374,0.11126697029469552,0.5015284225889327,1,scenario_model_generated_from_literature_calibrated_priors,0.7795576466858883,0.8887330297053044,0
biology_only,pulmonary_reference,0.5879513337113282,0.6437507796748593,60.12534234714751,0.18899914469640774,0.6067247406386219,23.37,17.94598776182526,2.1500323478181422,85.39706848225953,0.6970796547356143,5.804290279625047,9.021270082448023,0.06024367551776419,0.501379722006452,1,scenario_model_generated_from_literature_calibrated_priors,0.7679070501422876,0.9397563244822358,0
biology_only,aortic_high_pressure,0.350412768600164,0.4133247081206162,73.05653240493206,0.1653803683817635,0.7554664620492074,32.75,22.514193052128793,2.5287545038319688,88.25305006969214,0.6619987081950411,9.067744447450801,7.459488246925561,0.07029606494557905,0.5013496260652334,1,scenario_model_generated_from_literature_calibrated_priors,0.6874562764008791,0.929703935054421,0
full_data_informed,pulmonary_reference,0.708029846264143,0.49124883738150216,52.95872221794273,0.3345726640196124,0.6285720285802325,23.37,27.284323722460048,1.9380874282709222,85.77978260706928,0.7260135410715723,8.115409630577643,8.269608298366958,0.050346899283156575,0.5013131271275827,1,scenario_model_generated_from_literature_calibrated_priors,0.8325064731510463,0.9496531007168434,0
full_data_informed,aortic_high_pressure,0.6326878247609234,0.7964774547039473,70.50928419607222,0.5358144821564986,0.429844323649729,32.75,34.49571658480437,2.4095847303602205,85.88870721856672,0.6818316895453728,3.519986741718588,10.409308825329871,0.0682631408231824,0.5012644392322425,1,scenario_model_generated_from_literature_calibrated_priors,0.9466956767998665,0.9317368591768176,0
biology_only,pulmonary_reference,0.37580503609093363,0.706951340350503,70.73290801213851,0.5236248734878995,0.7351688064881245,23.37,12.711294953805819,2.588342181910575,84.89285469860529,0.7730216384609614,2.288236682860982,5.428051300332297,0.05635332616499019,0.5012566208494372,1,scenario_model_generated_from_literature_calibrated_priors,0.5439150600687128,0.9436466738350098,0
biology_only,pulmonary_reference,0.47372140664462375,0.7286233501894789,46.12658675514779,0.1063087649162677,0.8259112409460077,23.37,14.083951722492612,2.4012576535483516,84.15787132514545,0.6979082122469555,4.320168082836498,6.642427476214505,0.04534196545752488,0.5012271935128997,1,scenario_model_generated_from_literature_calibrated_priors,0.6026509081083702,0.9546580345424751,0
full_data_informed,aortic_high_pressure,0.6304975671377917,0.3857049374975481,46.01371555729925,0.33977890251402676,0.8226062034314046,32.75,36.406013812629645,2.1893218088989244,81.29379969566273,0.7284523481595672,4.102735495906177,8.169939202483327,0.1246418688364736,0.5012238237636862,1,scenario_model_generated_from_literature_calibrated_priors,0.8883659904540566,0.8753581311635263,0
full_data_informed,aortic_high_pressure,0.7030165557675325,0.6984203499777905,56.30163125080969,0.24739518916801917,0.3229827688708119,32.75,34.43532062795532,1.8396281027152732,86.71376856450917,0.682245147749452,2.9280335331523943,8.297521593555576,0.046393103476284864,0.5012194182954872,1,scenario_model_generated_from_literature_calibrated_priors,0.948539828154036,0.9536068965237151,0
full_data_informed,pulmonary_reference,0.635213258547559,0.1947484346854993,65.34119671243923,0.1742591421638394,0.6481932518970249,23.37,26.024288210228136,2.009097105143485,85.47038496218306,0.6778296784350673,4.933802939057542,12.104094382666693,0.06392722316558086,0.5011917182975304,1,scenario_model_generated_from_literature_calibrated_priors,0.8864232687108201,0.9360727768344191,0
full_data_informed,aortic_high_pressure,0.47528737191781767,0.30698319191858003,68.55296027618289,0.29236386798527,0.287014220263925,32.75,29.768020479188536,2.411536694973129,83.0043676944592,0.6565640016798147,5.306436476197261,8.853034697017835,0.06400397377064164,0.5011854948865885,1,scenario_model_generated_from_literature_calibrated_priors,0.9089471902042301,0.9359960262293584,0
hydrodynamic_only,pulmonary_reference,0.675646632438701,0.5477774181791032,39.6118315579603,0.0910686032920183,0.5955920084613247,23.37,27.61966578847567,2.014297518029787,81.82434786898116,0.6848681976106873,3.6739304044065566,11.289762168049176,0.033873932849649756,0.5011168938407812,1,scenario_model_generated_from_literature_calibrated_priors,0.818157219149522,0.9661260671503502,0
full_data_informed,pulmonary_reference,0.7282051109499839,0.7706142003227204,54.652409137361694,0.2652191014733381,0.25496037153448803,23.37,28.920985236906112,2.1979479079891955,86.42625919555965,0.6951646443525499,4.277358480443521,12.944261976984244,0.04127758160742351,0.5011087379672247,1,scenario_model_generated_from_literature_calibrated_priors,0.762473888022845,0.9587224183925764,0
biology_only,pulmonary_reference,0.8115908391107325,0.4939942625386806,60.14791788030678,0.433527171689835,0.9859301858143663,23.37,30.92937707685037,1.5246048013231004,81.11580101576473,0.851435604008499,6.675513581245912,12.087921555431427,0.03282791457364833,0.5010911953732596,1,scenario_model_generated_from_literature_calibrated_priors,0.6765349988510754,0.9671720854263517,0
full_data_informed,aortic_high_pressure,0.7347626209840148,0.4962188042664751,64.63532063271627,0.14613220768557356,0.7748370949963536,32.75,43.466957084760345,1.987982248430069,90.82875660565014,0.7964174150927096,5.477999939481443,13.378922764776343,0.2835300810508125,0.5010625593677507,1,scenario_model_generated_from_literature_calibrated_priors,0.672764669167623,0.7164699189491874,0
hydrodynamic_only,pulmonary_reference,0.4361725731280288,0.8238658892529386,40.07749713423397,0.4201298143489139,0.4397834234004566,23.37,14.497288993477204,2.518101610048099,81.51810965392848,0.7650789962918891,7.872450296284958,7.801313322833234,0.08644049835073805,0.500970499748576,1,scenario_model_generated_from_literature_calibrated_priors,0.6203375692544802,0.9135595016492619,0
hydrodynamic_only,pulmonary_reference,0.6109760151375776,0.69690333104421,41.011871165758116,0.6324361236778766,0.8131712921375555,23.37,20.86433174470542,2.2170982020972585,77.19484734022657,0.7786622231613,4.087205916254395,15.897379804296413,0.07804214900039975,0.5008960595454103,1,scenario_model_generated_from_literature_calibrated_priors,0.8927827019557304,0.9219578509996003,0
full_data_informed,pulmonary_reference,0.7770437055151337,0.7202160175667223,50.32794403337637,0.07805580460848796,0.5949139502985428,23.37,32.24775865588108,1.914757488957167,80.77144300266822,0.7598219028924817,7.6178420777887155,14.095049497146729,0.0474156232132496,0.5008352966849299,1,scenario_model_generated_from_literature_calibrated_priors,0.6201215808352127,0.9525843767867503,0
biology_only,pulmonary_reference,0.6876548388598831,0.6799701111278075,69.85267048168758,0.22895151839717945,0.6969980841485724,23.37,27.787471619613804,2.1301072557232246,85.58234320046223,0.69069769785533,6.056489091666578,11.235250079249923,0.055178614763842684,0.5008191327102463,1,scenario_model_generated_from_literature_calibrated_priors,0.8109768241500298,0.9448213852361573,0
full_data_informed,pulmonary_reference,0.7363383282904766,0.31955161294856627,57.525540936601786,0.23090307026641274,0.8340900660885138,23.37,30.01943144113812,1.7833535006553307,89.40820424789857,0.7417008955763551,6.706848555864268,6.453124593990294,0.05113925900280312,0.5008188697252062,1,scenario_model_generated_from_literature_calibrated_priors,0.7154714830492889,0.9488607409971969,0
full_data_informed,aortic_high_pressure,0.7040735147630015,0.4213463110528055,58.32579566852037,0.03415766468900279,0.09963916511858009,32.75,40.13008045840102,2.0658178710276625,90.23968987397309,0.6619552931744198,5.402363406534085,13.600391628902639,0.08263234074733297,0.5007482545796434,1,scenario_model_generated_from_literature_calibrated_priors,0.7746540318045491,0.9173676592526671,0
full_data_informed,aortic_high_pressure,0.664577372606893,0.3123555341490203,60.27632397953132,0.19887138499321338,0.1704906211366831,32.75,37.676783933454665,1.9296708181435076,82.60190044471943,0.728428226306693,7.291147938764807,7.412859988402351,0.10293013474846224,0.5006759463204901,1,scenario_model_generated_from_literature_calibrated_priors,0.8495638493601629,0.8970698652515378,0
hydrodynamic_only,pulmonary_reference,0.5242710625062947,0.4470395810228664,40.71931731983156,0.11847607817818868,0.22502078415693466,23.37,20.423667264889076,2.272432589004618,83.80666237475079,0.6412396121060486,3.2504943377495423,8.538648618576568,0.05331227215787233,0.5006574144777879,1,scenario_model_generated_from_literature_calibrated_priors,0.8739267122331654,0.9466877278421276,0
full_data_informed,pulmonary_reference,0.6763935216992435,0.30025220270861197,58.387714324042506,0.3675798041362732,0.541935922884506,23.37,25.003062148987784,1.8852683948419757,86.773404734237,0.7077719634678058,8.229308221031944,12.811196647266204,0.05800065568047097,0.5006478554442892,1,scenario_model_generated_from_literature_calibrated_priors,0.9301214313655206,0.941999344319529,0
hydrodynamic_only,aortic_high_pressure,0.5281631629183284,0.7761122454621515,37.9121432386357,0.3705606714591101,0.499234093582813,32.75,26.3497183777802,2.4005897357816255,78.74824841495848,0.7249029675858109,3.513496000471861,14.247222201378607,0.07858639116295879,0.5005654904416457,1,scenario_model_generated_from_literature_calibrated_priors,0.8045715535200061,0.9214136088370413,0
biology_only,pulmonary_reference,0.764781965314421,0.9766340564829563,46.23428103732931,0.009755014938577212,0.4611482236427965,23.37,33.880940993512596,1.9730261136292948,82.89471552841715,0.7829165496386448,3.2055300526450377,12.589486642986412,0.1336367058534531,0.5005530146700673,1,scenario_model_generated_from_literature_calibrated_priors,0.5502378693404966,0.8663632941465469,0
hydrodynamic_only,aortic_high_pressure,0.4914031973676745,0.9455288050545346,12.123312645515515,0.08980285436465718,0.9461903138185536,32.75,26.540066916424134,2.6937862695450216,50.27749638926139,0.8364108168063702,4.940625372750031,8.756983272527807,0.2874715574518478,0.5005477192117974,0,scenario_model_generated_from_literature_calibrated_priors,0.8103837226389049,0.7125284425481522,0
hydrodynamic_only,pulmonary_reference,0.48980326218104264,0.834515410588037,44.39384903785107,0.49577839102509286,0.7374999518319099,23.37,12.410837534614988,2.429492365892467,79.35355088326473,0.8353451033670315,2.5279025663163988,6.469727918453406,0.11688231061208822,0.5005195343193021,1,scenario_model_generated_from_literature_calibrated_priors,0.5310585166715869,0.8831176893879118,0
full_data_informed,pulmonary_reference,0.5258656744962333,0.5387179597300746,61.09409983537364,0.15385320097796873,0.1294237284776082,23.37,20.369368314891737,2.304765218602566,85.46364816890149,0.6403573310146998,5.671310652976031,8.867873640628122,0.061376661370920654,0.500486776623545,1,scenario_model_generated_from_literature_calibrated_priors,0.8716032655067067,0.9386233386290793,0
full_data_informed,pulmonary_reference,0.5913594617657201,0.4737234835130279,57.16118916691908,0.3819845654667666,0.31311568337219603,23.37,21.430029169154007,2.1254990708485964,81.46061015771336,0.7068366082755148,4.150754109424389,12.514872847704922,0.054964321649435786,0.5004610312896313,1,scenario_model_generated_from_literature_calibrated_priors,0.91698883907377,0.9450356783505642,0
full_data_informed,pulmonary_reference,0.7640874997087894,0.4461061400031589,57.688551283876365,0.33764782245607333,0.736280614093906,23.37,30.679231154537476,1.8382296839121661,84.54230181216111,0.7810556995307822,4.016392396813932,12.30313308859875,0.04463993144512341,0.5004454526225159,1,scenario_model_generated_from_literature_calibrated_priors,0.6872387182482895,0.9553600685548765,0
biology_only,aortic_high_pressure,0.47260234344781615,0.8095837090948264,33.38072182456996,0.19120761319952953,0.5307237340520432,32.75,28.384998955242423,2.527250444925688,76.08571837420403,0.6560838901473656,3.1903418627490394,8.193020618857972,0.04491417958276373,0.5003952744346503,1,scenario_model_generated_from_literature_calibrated_priors,0.8667175253509137,0.9550858204172362,0
biology_only,pulmonary_reference,0.7286135347557073,0.5062206385244583,31.98688113600033,0.1661104879854259,0.7640121210375701,23.37,30.39010195272873,1.922842324181328,74.29373466306906,0.7869146446458692,5.472668229255164,10.230303512565301,0.06665336863669168,0.5003748747337737,1,scenario_model_generated_from_literature_calibrated_priors,0.6996105283385226,0.9333466313633083,0
biology_only,aortic_high_pressure,0.3699861021968555,0.7963425402045865,42.13385300656286,0.39125831211865464,0.8061247071922705,32.75,22.29544845195967,2.6540936752540887,78.08713141764217,0.7398671251578727,4.688588250873157,7.822059232032776,0.08860433407174872,0.5002216006959829,1,scenario_model_generated_from_literature_calibrated_priors,0.6807770519682341,0.9113956659282513,0
biology_only,aortic_high_pressure,0.5675363851941752,0.5974110821167375,70.9471554885857,0.5132183815416224,0.9163393953505612,32.75,34.825205821950746,2.2424407057676294,86.92212508874513,0.7035032787960974,4.9953181853325,8.87046009682651,0.09525239865334108,0.5001515756427386,1,scenario_model_generated_from_literature_calibrated_priors,0.9366349367343284,0.9047476013466589,0
baseline,pulmonary_reference,0.6927628247004592,0.6894794945684101,36.56132783344279,0.24804348842894702,0.4663672875344579,23.37,30.823593143487198,2.1115148862955806,76.63794836902633,0.76890748615586,6.77456444011868,9.009145584465571,0.05150588065723823,0.5001081535388664,1,scenario_model_generated_from_literature_calibrated_priors,0.681061482948772,0.9484941193427617,0
full_data_informed,aortic_high_pressure,0.5598370373160936,0.3660491258884132,57.256521106462394,0.6764296109204179,0.7604344604899882,32.75,35.60618517906158,2.212809161726951,80.93717075412273,0.7623743844699438,6.243211318175909,9.966170111402933,0.07488241722543953,0.4999636399483147,1,scenario_model_generated_from_literature_calibrated_priors,0.9127882388072799,0.9251175827745605,0
full_data_informed,aortic_high_pressure,0.7881670505152193,0.7548382726679902,61.556139803062806,0.2952860915667465,0.6902162795054718,32.75,41.22115420188266,1.9154427934816993,83.6609610825475,0.750070802707874,3.4971970402229013,11.289617500670179,0.04233144265827201,0.49995634496882807,1,scenario_model_generated_from_literature_calibrated_priors,0.7413388029959492,0.957668557341728,0
biology_only,aortic_high_pressure,0.6367290395187032,0.58738533413722,54.73431498202266,0.23073643997525553,0.2505615147477631,32.75,37.18726774032816,2.0286552745793642,81.19996577228706,0.6982646237777983,7.729673781451717,8.168474625303396,0.03937044459637998,0.4998469668153913,1,scenario_model_generated_from_literature_calibrated_priors,0.86451090869227,0.96062955540362,0
full_data_informed,pulmonary_reference,0.6259991567472911,0.2863510168995096,53.67101811240151,0.3155933504905518,0.7660552535226732,23.37,26.501808581259013,1.9887484935822402,82.15396563440794,0.7094285012111347,7.049131210166299,7.9776335937086476,0.026302552351457797,0.49973748319789624,1,scenario_model_generated_from_literature_calibrated_priors,0.8659902190304232,0.9736974476485422,0
baseline,pulmonary_reference,0.49007840920758894,0.7288443634441032,27.39828572440995,0.19267702620751248,0.46674212607732257,23.37,18.200713943577746,2.4833313387111904,74.89434534512486,0.6894655478929601,4.390548580042599,9.890435561953348,0.04290986277579832,0.4997289895379165,1,scenario_model_generated_from_literature_calibrated_priors,0.7788067583901475,0.9570901372242017,0
hydrodynamic_only,aortic_high_pressure,0.35951654922457943,0.6430901206849661,32.15240962655759,0.24066991275831695,0.753064131629802,32.75,19.66124477837565,2.747224012180987,80.11689024779953,0.7201704115740267,5.80176612434115,8.056433202880838,0.10694994385766898,0.49971879411966375,1,scenario_model_generated_from_literature_calibrated_priors,0.6003433520114703,0.893050056142331,0
hydrodynamic_only,aortic_high_pressure,0.6199975518936602,0.8505054712576914,18.259532657169927,0.4417881160632723,0.7627837812747673,32.75,34.99495498853401,2.24049153888697,58.29354082667817,0.8666829046235426,8.3382572259221,12.404483278631727,0.23622994446219497,0.4995941407042798,0,scenario_model_generated_from_literature_calibrated_priors,0.9314517560752973,0.7637700555378051,0
full_data_informed,pulmonary_reference,0.6330792953323984,0.35446842271841816,64.2879033551636,0.2940200532645855,0.42360366643243685,23.37,25.86608253399484,2.0336834250375793,89.72835965224297,0.669502521309188,2.6673613384879644,5.73374584859814,0.05295756592565671,0.49957460764971334,1,scenario_model_generated_from_literature_calibrated_priors,0.8931928740267505,0.9470424340743433,0
biology_only,pulmonary_reference,0.3689265610396643,0.7765772417106972,59.98122592114277,0.3869596773513244,0.7325072273902697,23.37,10.27085668878602,2.73823487946425,88.77932313295209,0.7504032327487247,5.026734898773333,7.615621852637381,0.08842824634260382,0.49951726339069713,1,scenario_model_generated_from_literature_calibrated_priors,0.439488946888576,0.9115717536573962,0
full_data_informed,pulmonary_reference,0.32,0.9216022011573318,71.58480443523456,0.2825431651907748,0.2928616838290803,23.37,13.634416372722605,2.7622496818818245,85.61213573864201,0.7029535857519449,3.3788500811333684,4.9373789126563326,0.09603915010254788,0.4994949573758178,1,scenario_model_generated_from_literature_calibrated_priors,0.5834153347335304,0.9039608498974521,0
full_data_informed,aortic_high_pressure,0.5322184826171839,0.19667887210053944,64.81225784013506,0.12777249811609204,0.7161144036621113,32.75,34.43995886179577,2.1995290217250276,86.13085696995256,0.6139621126782289,8.730064874458504,9.175951910359775,0.043659098711676225,0.4994766096370576,1,scenario_model_generated_from_literature_calibrated_priors,0.9483982026932588,0.9563409012883237,0
biology_only,pulmonary_reference,0.7002464212027841,0.8981804558096023,72.73321524142541,0.4708899002129942,0.40703920901374674,23.37,29.51574053225921,2.114894477078166,87.96859185207212,0.7681506352258165,2.423738590602342,12.81624502039795,0.11268989214494515,0.4994528053184803,1,scenario_model_generated_from_literature_calibrated_priors,0.7370243674685834,0.8873101078550548,0
full_data_informed,pulmonary_reference,0.599155075320505,0.7684569094919459,53.658265758001,0.3861142942956035,0.4075320644662138,23.37,26.83769097655916,2.1703213189141413,82.77504147217294,0.7162514305573837,3.824486270041939,8.643193467577689,0.06369474374435388,0.4994505802140135,1,scenario_model_generated_from_literature_calibrated_priors,0.8516178443919915,0.9363052562556461,0
biology_only,aortic_high_pressure,0.7790733520981756,0.6316391637871965,63.03866046737596,0.1836686336116534,0.7951467048149825,32.75,43.42499152817031,1.8354084201081702,88.87940057496986,0.8036546189565191,4.125429857780967,10.470910699279754,0.2252546035511208,0.49943958197000554,1,scenario_model_generated_from_literature_calibrated_priors,0.6740460602085402,0.7747453964488792,0
full_data_informed,aortic_high_pressure,0.6985170365254068,0.6942573747817118,60.875113242829755,0.333905079752156,0.4851222710986006,32.75,37.076189106335676,1.960522368537622,84.23317987290115,0.7261976766217482,8.662411900042601,9.506042054416024,0.07913427953533803,0.4994232899982878,1,scenario_model_generated_from_literature_calibrated_priors,0.8679026227073077,0.920865720464662,0
baseline,aortic_high_pressure,0.6708708875274799,0.5001886843820169,28.750341458804687,0.21807928014026295,0.7227552989875576,32.75,33.45645920873724,1.9566368926982454,67.61931312960137,0.8007159055282008,4.710501203745521,15.309131452159429,0.22771596645511066,0.49937783872009284,1,scenario_model_generated_from_literature_calibrated_priors,0.9784287264507712,0.7722840335448893,0
full_data_informed,pulmonary_reference,0.5877578890804774,0.22344552226038936,60.357623855320305,0.2534632388964314,0.902092016528532,23.37,26.50979201534698,2.228373454133285,83.90672386697898,0.6733455812817545,3.852139643137566,8.916891579635806,0.05986792654299477,0.49927782548754995,1,scenario_model_generated_from_literature_calibrated_priors,0.8656486086715027,0.9401320734570052,0
full_data_informed,aortic_high_pressure,0.47984354368549986,0.12848383857321538,55.66476198185512,0.02086580211942188,0.7316866981150344,32.75,29.23481309365713,2.2589898675272027,85.26384892264086,0.6047832382631148,7.25500025527264,12.543384496934014,0.041574096378993536,0.4992321877567835,1,scenario_model_generated_from_literature_calibrated_priors,0.8926660486612864,0.9584259036210064,0
full_data_informed,pulmonary_reference,0.43540899897208174,0.6702015659499683,53.22317213453191,0.16864736164442204,0.4028832570821368,23.37,14.660859385858908,2.625481410698986,85.33851523206198,0.6878898186370376,1.942069270218101,7.220509725939348,0.1030210816228983,0.49910236741856995,1,scenario_model_generated_from_literature_calibrated_priors,0.627336730246423,0.8969789183771018,0
full_data_informed,pulmonary_reference,0.4973956513929833,0.4663230999279849,64.9983128616216,0.5125403781690047,0.3034174233466696,23.37,18.230284746591973,2.495180692127817,83.88714353229885,0.7244115161107211,4.251652566114284,11.110278927404183,0.08467859117732576,0.4990655757060427,1,scenario_model_generated_from_literature_calibrated_priors,0.7800720901408632,0.9153214088226742,0
full_data_informed,aortic_high_pressure,0.7530533807755415,0.32950282877579173,67.0386835001908,0.2718544740875541,0.6147189839968471,32.75,40.98983843587601,1.900858434388869,82.41730411182796,0.7561314770922523,3.787491007903089,8.666392918646073,0.062461855136060035,0.4990352603291754,1,scenario_model_generated_from_literature_calibrated_priors,0.7484018798205798,0.9375381448639399,0
full_data_informed,aortic_high_pressure,0.6287376845063009,0.656990705019576,53.06060388746937,0.37848764362569065,0.1690087370062691,32.75,34.123263857064636,2.3017782506658193,87.35728747558467,0.6559555639957809,8.617285860827673,11.269303293620707,0.08444489218059982,0.499011366129452,1,scenario_model_generated_from_literature_calibrated_priors,0.9580682791735989,0.9155551078194002,0
full_data_informed,aortic_high_pressure,0.5291669020909355,0.04891583184927381,73.62286723807328,0.29546787226183896,0.5627827612784194,32.75,31.8301300249669,2.1506872992096833,89.14718958857483,0.6447016891150984,9.181592586679795,6.168479242132159,0.08021125980035845,0.49893226836020316,1,scenario_model_generated_from_literature_calibrated_priors,0.9719123671745618,0.9197887401996415,0
biology_only,pulmonary_reference,0.7628544265268876,0.9678525887774976,48.685280829218556,0.29605569809152676,0.6268061073259331,23.37,28.529238418006212,2.129834902581142,87.61205810169255,0.7150197936444999,5.317831043633731,7.903384693649725,0.09636282285075262,0.4989076590412447,1,scenario_model_generated_from_literature_calibrated_priors,0.7792366958491138,0.9036371771492474,0
baseline,aortic_high_pressure,0.6461107845962155,0.6462766349295799,35.86346794617164,0.22308263624812036,0.8256425894975686,32.75,40.53698404846662,2.135241759850029,73.1737944937311,0.7510909321051511,5.771113560071808,12.020295865443419,0.05438978114216288,0.49885167304718225,1,scenario_model_generated_from_literature_calibrated_priors,0.7622294947033093,0.9456102188578371,0
biology_only,aortic_high_pressure,0.6413062702505773,0.6200038053445575,53.3206882385544,0.6029261857902357,0.21357693799370622,32.75,35.46785011127687,2.08753147672522,86.78011677767967,0.7280444761268363,6.275391828398398,12.727950572269345,0.05836399298052634,0.4988285955103755,1,scenario_model_generated_from_literature_calibrated_priors,0.9170122103426911,0.9416360070194737,0
full_data_informed,pulmonary_reference,0.5227986443098079,0.23976888757819692,62.62356112674882,0.13674415932847755,0.7653466880236685,23.37,20.353196155627725,2.102816330216103,88.31087028956004,0.6474518876804717,7.592590719195366,10.866616211020942,0.06754683021756312,0.4987925015251324,1,scenario_model_generated_from_literature_calibrated_priors,0.8709112604034114,0.9324531697824369,0
biology_only,aortic_high_pressure,0.4911918505912967,0.23885168598501574,63.27054095863453,0.23559840035013516,0.4575670616843963,32.75,27.175469237118325,2.349519657220301,84.09443039956403,0.6766486085409633,5.926669154486095,7.872613068016339,0.09438013696260467,0.4986639176514897,1,scenario_model_generated_from_literature_calibrated_priors,0.8297853202173534,0.9056198630373953,0
full_data_informed,aortic_high_pressure,0.4113817312758367,0.5851464412180581,65.05138549270362,0.1651862969035344,0.41377251253216635,32.75,23.817297805334164,2.618243085992713,86.92556239218567,0.6328827290886685,5.6522542267385,9.198230032862096,0.05413093851684225,0.49858254704951566,1,scenario_model_generated_from_literature_calibrated_priors,0.7272457345140202,0.9458690614831577,0
full_data_informed,aortic_high_pressure,0.7281803241050877,0.7810983764114168,48.96393870942188,0.264233633276482,0.46013142564224657,32.75,36.21595741311157,2.1075782712504685,83.21465959967166,0.6795529140104798,5.001158144426643,13.92946786571575,0.05103411178286882,0.49857368489427273,1,scenario_model_generated_from_literature_calibrated_priors,0.8941692392943033,0.9489658882171312,0
full_data_informed,pulmonary_reference,0.5219303272664132,0.6810684212914111,39.62424834161362,0.20481833993371915,0.5297095029993579,23.37,16.024797952434678,2.153257413114956,80.07923657136614,0.7357306196413064,2.114400484279222,10.916976219377634,0.0518087238616786,0.4984214369940814,1,scenario_model_generated_from_literature_calibrated_priors,0.6856995272757671,0.9481912761383214,0
full_data_informed,pulmonary_reference,0.5563979712498128,0.47325482058812207,50.282543801296846,0.2388310303145436,0.7357331999863165,23.37,21.144163814406518,2.071900218013559,82.31888595410427,0.6935631802391888,10.125262072309264,13.2585411526762,0.08831454151248608,0.4983995348927322,1,scenario_model_generated_from_literature_calibrated_priors,0.9047566886780709,0.9116854584875139,0
full_data_informed,pulmonary_reference,0.7538649608276653,0.7699781116726003,73.34929967528213,0.05275428240785114,0.48809706633839894,23.37,29.392505762265756,2.0838634419521913,84.99625806483144,0.6772334537823637,6.018853183144248,11.430938003776575,0.050541846372940506,0.4983931577283885,1,scenario_model_generated_from_literature_calibrated_priors,0.7422975711482347,0.9494581536270595,0
biology_only,pulmonary_reference,0.7175718853328532,0.696829473978819,68.49899042095123,0.33191495345170335,0.6318899794456697,23.37,30.29466649199227,1.915170661876141,89.81412191967986,0.7437509703756788,3.5882940873831077,11.777227797079856,0.05850201815277851,0.49832914520375327,1,scenario_model_generated_from_literature_calibrated_priors,0.7036942023109856,0.9414979818472214,0
baseline,aortic_high_pressure,0.593949117837767,0.9283077863311067,34.21630033791956,0.1738007127438902,0.5286009589561484,32.75,33.444123486858544,2.354919498850537,78.96124102119639,0.626930588797153,2.0290406079091197,10.844731316405067,0.05259939791075293,0.49832374215596204,1,scenario_model_generated_from_literature_calibrated_priors,0.9788053897142429,0.947400602089247,0
full_data_informed,pulmonary_reference,0.7682817582322012,0.4851400531365269,65.23506845482706,0.12559216571818554,0.7401104551793959,23.37,29.771455555115853,1.96037134397239,88.71813420208187,0.7015447742185349,4.0185251144129905,11.44222052849581,0.06985501570920719,0.4982657197800868,1,scenario_model_generated_from_literature_calibrated_priors,0.7260823468071951,0.9301449842907928,0
full_data_informed,pulmonary_reference,0.6586000221303377,0.4978372262512331,55.6321637045398,0.26707266036019883,0.7337033980520263,23.37,24.184062899002104,2.0101470306049545,81.23280291607682,0.6808940974087423,4.556359325510932,11.646470761746993,0.056165368255193034,0.49816960538150834,1,scenario_model_generated_from_literature_calibrated_priors,0.9651663286691441,0.943834631744807,0
baseline,aortic_high_pressure,0.6267182470743822,0.3962151253952072,39.614045725197585,0.600705159207862,0.5261095400662108,32.75,38.87252767176962,1.9289821261762747,81.93115456778196,0.7962996291908068,4.541401257823942,11.506500583868037,0.06086240178751857,0.498142942589325,1,scenario_model_generated_from_literature_calibrated_priors,0.8130525901749734,0.9391375982124814,0
full_data_informed,pulmonary_reference,0.6950671960168762,0.2615912275947149,56.48362539287625,0.07616227802202957,0.6383784036270275,23.37,28.493629993571744,1.8171240538872195,84.90937265873798,0.7017487552935876,4.397943993260169,10.245583897471656,0.050483368935897555,0.497948474651034,1,scenario_model_generated_from_literature_calibrated_priors,0.7807603768261984,0.9495166310641024,0
biology_only,aortic_high_pressure,0.5908471885329488,0.8151081152812404,58.990325783151114,0.6608267057250055,0.5148496977167955,32.75,34.60339379135392,2.366110596306147,83.58812641889097,0.7045747314903661,2.735310785341522,9.296487146963926,0.04432465357940229,0.4979364023443319,1,scenario_model_generated_from_literature_calibrated_priors,0.9434078231647657,0.9556753464205977,0
biology_only,aortic_high_pressure,0.6937545961832976,0.7446875494970558,61.387546879987546,0.5278357549235446,0.20638714700654473,32.75,39.55149042994269,2.0747103753122094,86.79705242349624,0.7730665971056471,7.891933641895218,12.623832045465777,0.1223826272036472,0.49792861151410994,1,scenario_model_generated_from_literature_calibrated_priors,0.7923209029025133,0.8776173727963528,0
biology_only,pulmonary_reference,0.44996801471774517,0.1605937485838919,58.71128369488647,0.154164807931846,0.9545374487961287,23.37,21.585427248059048,2.3034485430451217,87.37974820719694,0.6022726055156549,4.983852248618611,9.524633810763968,0.03746870501279408,0.49791888771435155,1,scenario_model_generated_from_literature_calibrated_priors,0.9236383075763392,0.9625312949872059,0
full_data_informed,pulmonary_reference,0.6146625629926592,0.2407025433557762,51.881631792892044,0.027818034588102124,0.27113903087000296,23.37,26.692974353085994,2.0609312450240838,87.17593704157254,0.6267647031112294,6.154445193519846,14.560221687839181,0.0374885788254819,0.49791803938976964,1,scenario_model_generated_from_literature_calibrated_priors,0.8578102544678651,0.962511421174518,0
biology_only,pulmonary_reference,0.6228165849567171,0.4481537890170687,39.759886661999616,0.40573791887383,0.8719704348168018,23.37,21.267440061590616,2.245296724450183,79.41636655698959,0.70311282584189,4.679910510442739,10.911127206456248,0.058771449041966115,0.4978630175815786,1,scenario_model_generated_from_literature_calibrated_priors,0.910031667162628,0.9412285509580339,0
biology_only,pulmonary_reference,0.4679870469123185,0.36864479031293335,49.154989478849046,0.4492626778701125,0.7287465405247997,23.37,20.2417890980599,2.3095211503117237,79.06394450098283,0.7331084815066635,3.8679450522812484,12.084544060578242,0.0992806223639727,0.4978081056472384,1,scenario_model_generated_from_literature_calibrated_priors,0.8661441633744074,0.9007193776360273,0
full_data_informed,pulmonary_reference,0.7380792927779707,0.514522935334324,51.5889005677355,0.30264415739963196,0.543779592976772,23.37,25.51265741120062,1.875844117777011,87.44563188404258,0.6934299685746698,3.796478132373998,8.994888825491827,0.0592146692983491,0.49774695843156064,1,scenario_model_generated_from_literature_calibrated_priors,0.9083159002481549,0.9407853307016509,0
full_data_informed,pulmonary_reference,0.6849925235215762,0.5686639417393163,64.14983065383784,0.44851349100717575,0.5641886305199317,23.37,26.418577592386633,2.097489520690554,79.6565851474034,0.7392861750793746,4.304981799984513,9.556855497208735,0.059549506907102034,0.4976937222298343,1,scenario_model_generated_from_literature_calibrated_priors,0.8695516648529469,0.940450493092898,0
hydrodynamic_only,pulmonary_reference,0.5850122606337659,0.6984427599762951,46.355301036931124,0.7443174280425595,0.6794084562536906,23.37,23.790102668507508,2.2351637831542193,75.46982834756216,0.8057013322449209,4.009982910073518,14.03514680893501,0.16637438599232227,0.4976760055031788,1,scenario_model_generated_from_literature_calibrated_priors,0.982023848159713,0.8336256140076778,0
biology_only,pulmonary_reference,0.5784765995443787,0.2659598578445165,63.40438767025952,0.008056672782332202,0.5684907883721163,23.37,25.583726115251682,2.0319896196492024,91.06477716988182,0.5940504464638591,6.236448017587857,6.621197491113569,0.03377198473642473,0.49760220131019317,1,scenario_model_generated_from_literature_calibrated_priors,0.9052748773961625,0.9662280152635753,0
full_data_informed,aortic_high_pressure,0.5629327365587034,0.7825075333142202,53.78966503975582,0.5637819884714603,0.6555414129703556,32.75,32.613576947590914,2.333186832977456,78.72673900866378,0.7112105971947063,2.7375420775879964,15.695288827986257,0.08745796468967793,0.4974802185317944,1,scenario_model_generated_from_literature_calibrated_priors,0.995834410613463,0.9125420353103221,0
biology_only,pulmonary_reference,0.4965065566939605,0.532825704659768,81.42027342766643,0.43730855374143063,0.8173897488092179,23.37,17.165724500520437,2.3752002233207437,87.54783887733336,0.7069912372353135,8.064761489761684,12.14414094268406,0.056045927261713674,0.4974727675607259,1,scenario_model_generated_from_literature_calibrated_priors,0.7345196619820469,0.9439540727382864,0
full_data_informed,pulmonary_reference,0.7282697330528125,0.6770391626894995,70.00348758719991,0.27959582725403065,0.19823508385766297,23.37,28.90949566180765,1.9987145447962638,86.11490508858986,0.7197098117830147,4.617165861006046,16.569791518391888,0.05585141871756655,0.4974726472702729,1,scenario_model_generated_from_literature_calibrated_priors,0.7629655258105413,0.9441485812824335,0
hydrodynamic_only,pulmonary_reference,0.4810010941451435,0.5800735539277226,41.040985652663466,0.4855813350030203,0.7417794406377641,23.37,13.489664343801369,2.4191619271470812,80.80201388362231,0.7932499157999278,7.496940739812183,9.208576273806822,0.07858114297175643,0.49741376546756344,1,scenario_model_generated_from_literature_calibrated_priors,0.5772214096620183,0.9214188570282436,0
biology_only,pulmonary_reference,0.5794876250196601,0.8308710628251995,69.72947279774309,0.539360727340969,0.6333114272986549,23.37,18.611448542197543,2.3188110372623743,87.05219488706832,0.723352496393582,3.738831040667774,5.020312080750085,0.07155706759129613,0.4974104083162909,1,scenario_model_generated_from_literature_calibrated_priors,0.7963820514419145,0.9284429324087039,0
full_data_informed,aortic_high_pressure,0.6189519780662933,0.6036518262587485,62.44852768998565,0.4080920662408607,0.2710503479515175,32.75,35.126755252342434,2.1832937164327406,82.46602713432121,0.6875679572282758,2.128085689731477,10.240657459478152,0.047710171142126875,0.4973923624819813,1,scenario_model_generated_from_literature_calibrated_priors,0.9274273205391623,0.9522898288578732,0
full_data_informed,aortic_high_pressure,0.49464994119412464,0.18385954221486298,68.40289450865006,0.43148971211311776,0.406451647412377,32.75,29.314495891718046,2.2068363086202396,87.87962984357738,0.686041615959985,6.878254531484269,5.938205317367146,0.07627171392493343,0.49735186999930586,1,scenario_model_generated_from_literature_calibrated_priors,0.8950991111974976,0.9237282860750666,0
full_data_informed,aortic_high_pressure,0.7171086057642729,0.7202992581859479,60.52875487188705,0.3059837150446817,0.5812708494587097,32.75,42.73789409586343,2.1485002847845784,90.22365328437994,0.7009924455503813,4.123499173355219,12.282057613291691,0.03638642663482994,0.49734702795442,1,scenario_model_generated_from_literature_calibrated_priors,0.6950261344774524,0.9636135733651701,0
hydrodynamic_only,pulmonary_reference,0.6118983271109537,0.750990291877889,41.02639132149185,0.5862921263404444,0.6909662837489917,23.37,23.767299595634054,2.2087231291441074,77.28649356240035,0.7357958511616006,7.12459631818256,11.291097370286952,0.07715856711974087,0.4972973122394557,1,scenario_model_generated_from_literature_calibrated_priors,0.9829995894037633,0.9228414328802591,0
baseline,aortic_high_pressure,0.7533334510404722,0.8439575632960532,37.77901666806093,0.3155540812825747,0.5876023268402987,32.75,40.13549121690956,2.105346502493564,78.66038001334796,0.7314534787326424,2.5928729737777267,10.465551155723896,0.028140134036305633,0.497258380404514,1,scenario_model_generated_from_literature_calibrated_priors,0.7744888178042884,0.9718598659636943,0
full_data_informed,pulmonary_reference,0.7594610939805188,0.7227495894767513,54.6012579327896,0.3035354624854451,0.7927596799332844,23.37,32.474467145559494,1.7929684975378215,86.67486540138103,0.7943123182543407,4.5372101788488175,7.435773169352276,0.06868943990755949,0.4972516985070099,1,scenario_model_generated_from_literature_calibrated_priors,0.6104207468737914,0.9313105600924405,0
full_data_informed,pulmonary_reference,0.577391429161406,0.28247394494440986,50.1982228197789,0.2824138122882687,0.8064965445692237,23.37,26.03516872171095,2.115073246641877,80.79550833237201,0.6885567905011659,6.890676287053018,13.7603751043403,0.04290390751886237,0.49723662227820914,1,scenario_model_generated_from_literature_calibrated_priors,0.8859576926952953,0.9570960924811376,0
full_data_informed,pulmonary_reference,0.7159522747531752,0.24491378201094124,62.5699856040024,0.0769811154444935,0.7003160191255818,23.37,30.41841490743612,1.8051131392581132,87.26486547444841,0.7158208470091316,4.214348566051975,7.154020113925594,0.05249728173335237,0.4972269986230198,1,scenario_model_generated_from_literature_calibrated_priors,0.698399019793063,0.9475027182666477,0
full_data_informed,aortic_high_pressure,0.6201688389228592,0.3241463206131413,64.24739308842906,0.044997669568023334,0.6713713628139208,32.75,36.85570102381117,2.061036229348853,86.28083393440673,0.6407320383602608,4.776873351588405,14.9359656880151,0.07251478443569642,0.49721879957461995,1,scenario_model_generated_from_literature_calibrated_priors,0.874635083242407,0.9274852155643036,0
biology_only,pulmonary_reference,0.6588725245273843,0.2627348930263196,58.90062309282836,0.24660614883834409,0.5021725061665955,23.37,26.56526976657363,1.9563014991834375,83.27086020173279,0.6956301708114686,4.969733663632567,11.450176904958708,0.0413761545618259,0.49711158496492275,1,scenario_model_generated_from_literature_calibrated_priors,0.8632747211564559,0.9586238454381741,0
full_data_informed,pulmonary_reference,0.704526190098469,0.5357310788734047,59.424479560304,0.07633276691650288,0.2594798376136436,23.37,27.484749887542105,1.9999571243014602,87.87920999943508,0.6496115263131912,3.6946555565011256,8.051807651804815,0.041694997730536344,0.49711108514808816,1,scenario_model_generated_from_literature_calibrated_priors,0.8239302572724817,0.9583050022694637,0
full_data_informed,aortic_high_pressure,0.6148294771209565,0.45641923890844166,72.23305496149888,0.38852795414974517,0.5806749801607868,32.75,36.18769507346056,2.050040826503273,86.44329414204589,0.698925891841817,2.9953040677074574,8.690567581635566,0.06853920455359423,0.4970042016735411,1,scenario_model_generated_from_literature_calibrated_priors,0.8950322114973874,0.9314607954464058,0
full_data_informed,aortic_high_pressure,0.6870560942777297,0.4921870909727465,55.83665517206137,0.3267589457938463,0.5589821255805387,32.75,41.93575601962054,1.901079252148318,82.91155588289068,0.7804975882904797,2.302756918290589,11.201182872087957,0.09645478485203601,0.4968725370584981,1,scenario_model_generated_from_literature_calibrated_priors,0.7195189001642583,0.9035452151479639,0
full_data_informed,aortic_high_pressure,0.5967953240795206,0.46370161223727935,68.72905490368728,0.6481445166201145,0.9543475312637933,32.75,33.615736043989386,2.1683652507293036,81.81683968606298,0.7445067068025187,5.229694952152841,9.769377911328302,0.10355530857504881,0.4967888175228889,1,scenario_model_generated_from_literature_calibrated_priors,0.9735653116339119,0.8964446914249512,0
hydrodynamic_only,pulmonary_reference,0.7438766547379214,0.3749055316655345,41.41313649029869,0.263797706147139,0.9492723053550985,23.37,27.215964806652526,1.8831187404010485,85.82816589706269,0.7275560930374194,5.453968094783429,9.664559759269446,0.1042500290084894,0.49668815890904633,1,scenario_model_generated_from_literature_calibrated_priors,0.8354315444307863,0.8957499709915107,0
hydrodynamic_only,aortic_high_pressure,0.6131897940527118,0.7580337159417925,30.01054737206627,0.7018225909620331,0.4153694415030871,32.75,35.809168541674765,2.1847408062675444,71.10829513605712,0.8055484543064307,0.9510318880870281,12.021847895351003,0.07241429899178098,0.4966210600757311,1,scenario_model_generated_from_literature_calibrated_priors,0.9065902735366484,0.927585701008219,0
biology_only,aortic_high_pressure,0.4743230911517944,0.38302254197581714,55.19493730344728,0.13681985049841416,0.6030760389456291,32.75,29.77694206950585,2.339247336282678,82.43903612889278,0.6152173456413498,5.411967671404976,11.442977383035634,0.03305049278053482,0.49661660275183916,1,scenario_model_generated_from_literature_calibrated_priors,0.9092196051757512,0.9669495072194652,0
biology_only,pulmonary_reference,0.6593752398354676,0.5675909889782239,72.50908784055011,0.11090943923023537,0.3456276322258955,23.37,22.963892899112672,2.051450435650223,91.1035691167912,0.5883127300184151,2.988609198775745,10.278834676816043,0.03858466207059987,0.49651871778524875,1,scenario_model_generated_from_literature_calibrated_priors,0.9826227171207818,0.9614153379294001,1
full_data_informed,aortic_high_pressure,0.48373646035865203,0.318989534112429,50.49046542409566,0.20760637334254797,0.6696902656337722,32.75,26.15598764986381,2.3725181924844287,79.54709447013576,0.6667096749481722,5.795297293708621,9.392099951391206,0.028378551901762552,0.4965183983505591,1,scenario_model_generated_from_literature_calibrated_priors,0.7986561114462232,0.9716214480982375,0
full_data_informed,aortic_high_pressure,0.5439075399456804,0.402147750053519,52.48882214851252,0.34218288683994497,0.627616314037149,32.75,33.747951724067086,2.3094981430495767,83.16779871047805,0.649796831939844,2.6904989200781007,13.603075747761281,0.06603756545915394,0.4964943558211984,1,scenario_model_generated_from_literature_calibrated_priors,0.9695281916315394,0.933962434540846,0
full_data_informed,aortic_high_pressure,0.7518131590368734,0.8444429946572866,55.80505461191215,0.6217764563370329,0.8658843838328251,32.75,38.801547760712,2.1080565068252004,80.98425155784803,0.79829011487863,9.741660771515704,10.162653340351413,0.11307565644579967,0.4964484947405345,1,scenario_model_generated_from_literature_calibrated_priors,0.8152199157034504,0.8869243435542004,0
baseline,pulmonary_reference,0.7234706688784053,0.9302411712091819,11.24592162734147,0.184080041761569,0.8706844244003176,23.37,29.425378873636703,2.0387608816888956,49.51219447925408,0.9217070990621925,4.347043540758005,15.011471823736056,0.22457443752483863,0.49642557448207564,0,scenario_model_generated_from_literature_calibrated_priors,0.7408909339479375,0.7754255624751614,0
hydrodynamic_only,pulmonary_reference,0.5915610767291716,0.5814535219191065,42.9066555198343,0.37795857961808604,0.21147255375999335,23.37,22.380326822023637,2.1801094470349844,79.64885320934468,0.686237835352858,4.4181320073499455,5.906428219568891,0.055808548435427645,0.4963454827114344,1,scenario_model_generated_from_literature_calibrated_priors,0.9576519821148325,0.9441914515645724,0
full_data_informed,pulmonary_reference,0.6013034947048871,0.25414417322992816,68.21023032701723,0.36479156193771206,0.7134955176832424,23.37,26.25070854617645,2.1624889839670063,87.84294875156286,0.6831934440210063,7.413737026633761,13.810780917084628,0.08097440217747216,0.49625194591487165,1,scenario_model_generated_from_literature_calibrated_priors,0.8767347648191506,0.9190255978225278,0
full_data_informed,pulmonary_reference,0.5976274008511218,0.1120288403705346,56.74958217761015,0.2000926850579435,0.655725450063957,23.37,25.321144942483585,2.0408479801945103,83.13205524551887,0.6589527367715308,4.872072547416613,14.387442883980846,0.03872167426404174,0.49621864920120246,1,scenario_model_generated_from_literature_calibrated_priors,0.9165106999365176,0.9612783257359583,0
full_data_informed,pulmonary_reference,0.4474727856854805,0.5357171242295192,64.00480848265127,0.24807070339077122,0.4023326134537812,23.37,17.62646155893831,2.537596836112507,85.93784210853407,0.6643319466861816,4.053604615527326,11.951461416362198,0.09404158029714918,0.49620321273447654,1,scenario_model_generated_from_literature_calibrated_priors,0.754234555367493,0.9059584197028508,0
full_data_informed,aortic_high_pressure,0.6919845331991992,0.7830760362280614,59.66200610849856,0.3921255659667875,0.7503853902085806,32.75,41.592416514700474,2.1270732234533574,86.82276367135229,0.7362665501719767,4.0159039627093955,13.353673089110583,0.07476893530339077,0.4961338178277809,1,scenario_model_generated_from_literature_calibrated_priors,0.7300025491694512,0.9252310646966092,0
biology_only,aortic_high_pressure,0.7253506224619286,0.6082012973712029,52.07036584697239,0.533949473363719,0.9539640833597477,32.75,41.82297396289273,1.9552786126417059,80.04509623571222,0.8050765939999391,12.0,12.11224880380501,0.04950378524120193,0.4960962250791213,1,scenario_model_generated_from_literature_calibrated_priors,0.7229626270872449,0.9504962147587981,0
biology_only,aortic_high_pressure,0.5433355281063502,0.9531611348370556,57.36364036662786,0.21537804705672733,0.15420570369191866,32.75,25.773362401143835,2.4567219819906003,85.40001005263248,0.6456678034952895,1.3577778074901339,11.148165277585546,0.055331803475749994,0.49609001007101394,1,scenario_model_generated_from_literature_calibrated_priors,0.7869728977448499,0.94466819652425,0
hydrodynamic_only,aortic_high_pressure,0.7151552416887785,0.8906772942765563,47.71038244873584,0.48499242194115977,0.8796906454528242,32.75,39.460153365095145,1.9889003953036193,84.21601695313228,0.7920707310726751,4.077885675503965,14.276975263214231,0.152070886044036,0.49598600031857915,1,scenario_model_generated_from_literature_calibrated_priors,0.7951098209131253,0.8479291139559639,0
full_data_informed,pulmonary_reference,0.7706982852304851,0.9302692002110957,51.70607621730181,0.15958991513708118,0.41911509822200105,23.37,29.710137107639547,1.8564127932043717,84.11308360165002,0.7237001753508776,4.053770631797139,15.713381740654969,0.043394603675751126,0.4959126728482636,1,scenario_model_generated_from_literature_calibrated_priors,0.7287061571399425,0.9566053963242489,0
hydrodynamic_only,aortic_high_pressure,0.494278300760838,0.6832850753456478,28.988399116642437,0.5031341191701256,0.5358859876827494,32.75,29.68972519042726,2.5304627448050274,75.46086614853802,0.7040940233791643,1.5624336487493145,6.608060975014723,0.06693854557603894,0.4958980686247955,1,scenario_model_generated_from_literature_calibrated_priors,0.9065564943641912,0.933061454423961,0
hydrodynamic_only,pulmonary_reference,0.5409154756578011,0.2799126512927544,24.757924647296818,0.3844964938873397,0.6593155908224401,23.37,27.105506873483414,2.109857787663707,70.57316746170915,0.7702904244546078,4.73130934865479,12.484217327753232,0.06477665410913667,0.49574154833916956,1,scenario_model_generated_from_literature_calibrated_priors,0.8401580285201792,0.9352233458908633,0
full_data_informed,pulmonary_reference,0.6477680683691927,0.3495643598435076,71.57034262791831,0.2149410906207092,0.5651902720554545,23.37,26.751902308431276,2.032842598900722,90.39829396053057,0.6496285277899239,7.361382374268914,12.658844933220779,0.043172872509689465,0.4957347418615288,1,scenario_model_generated_from_literature_calibrated_priors,0.8552887330581397,0.9568271274903105,0
biology_only,aortic_high_pressure,0.6808464608687951,0.911162938227822,31.64808488787183,0.7124064405263308,0.7186005386626853,32.75,32.58401753283008,2.097053347174399,70.71687918906864,0.8180044771383399,5.4530602485414805,13.57066038125875,0.14004962328226436,0.49569629529749915,1,scenario_model_generated_from_literature_calibrated_priors,0.994931833063514,0.8599503767177357,0
full_data_informed,pulmonary_reference,0.6112500433050206,0.39233739281011504,57.80267261501178,0.38778115874743935,0.6381286254175101,23.37,23.357801087148722,2.231637257626872,83.83437746257785,0.6444692708662669,8.780689413135882,12.155959069308555,0.04028136598948032,0.49563068598606447,1,scenario_model_generated_from_literature_calibrated_priors,0.9994780097196714,0.9597186340105197,1
baseline,pulmonary_reference,0.48976586952876844,0.7807893813594904,29.743526984259326,0.35569621742386726,0.7279786540366853,23.37,16.782763967053803,2.574263731868765,70.700855617874,0.7409211553548845,6.801131522619926,6.189910306922529,0.05819150234678962,0.4955712123986371,1,scenario_model_generated_from_literature_calibrated_priors,0.7181328184447497,0.9418084976532104,0
full_data_informed,pulmonary_reference,0.573051581193591,0.532670193019064,64.69501743685974,0.4749488690723623,0.26430542957739533,23.37,23.104407739333045,2.073303958506279,87.38111203942078,0.7104059481194226,4.5069508954752004,9.16271704945653,0.15259034465857302,0.49554757313184356,1,scenario_model_generated_from_literature_calibrated_priors,0.9886353333047944,0.847409655341427,0
full_data_informed,pulmonary_reference,0.7636627918085972,0.4167721698093959,67.14692410767137,0.02784609805522441,0.6700886533078694,23.37,29.348798522276326,1.7319976793473246,89.897331036287,0.6827886291041554,5.3288842966476695,11.961246263630741,0.04220835221047088,0.4955054158158375,1,scenario_model_generated_from_literature_calibrated_priors,0.7441677996458569,0.9577916477895291,0
hydrodynamic_only,aortic_high_pressure,0.4602996962741383,0.718325540105098,27.886426215878103,0.11063551192320857,0.08951928798226114,32.75,31.45497090691013,2.4562697504281905,72.15020329787488,0.6384577859449029,4.38575527312645,13.379429481529186,0.0734936163114418,0.4954811592221826,1,scenario_model_generated_from_literature_calibrated_priors,0.9604571269285536,0.9265063836885582,0
biology_only,pulmonary_reference,0.6466975227651981,0.619281442246784,68.62052259843912,0.5852704684305773,0.7662332556056162,23.37,25.379828020665553,2.1212879787877648,90.39824056374368,0.7196227526351283,4.16017778000454,14.882069725338578,0.11573435277807026,0.4953636129575247,1,scenario_model_generated_from_literature_calibrated_priors,0.9139996567965104,0.8842656472219297,0
biology_only,pulmonary_reference,0.6205576810891595,0.8053694364030094,59.37961944111774,0.6086004541622146,0.3388960208097948,23.37,21.94900287220862,2.218930530288611,87.26543924153239,0.7028984205637689,3.7363322512850186,6.478534566941216,0.07450599801531813,0.4953361385007548,1,scenario_model_generated_from_literature_calibrated_priors,0.9391956727517595,0.9254940019846819,0
full_data_informed,aortic_high_pressure,0.6519255039858617,0.3324669945709051,57.25218481939211,0.3256537892104389,0.3613564964223561,32.75,39.81552153950139,2.107119897626093,85.04767068698106,0.7205827445360609,2.810994319299881,7.281738824547614,0.08737562759888537,0.49516521738516345,1,scenario_model_generated_from_literature_calibrated_priors,0.7842588842900339,0.9126243724011146,0
full_data_informed,aortic_high_pressure,0.7114938024862393,0.6154652123256782,53.631393430031316,0.2888876149499444,0.6778647673701557,32.75,39.97746032165101,1.9353217202391724,83.78881633137235,0.7365792744565587,3.93767476463947,12.801244250834825,0.07639254050776509,0.4951331376411708,1,scenario_model_generated_from_literature_calibrated_priors,0.7793141886518776,0.9236074594922349,0
hydrodynamic_only,aortic_high_pressure,0.4377088266865808,0.6408471710641961,42.73814125439139,0.17737810152513572,0.5554965380240035,32.75,24.674422503112396,2.540647441885027,83.57494589615435,0.6486666737826114,2.484949040028952,8.872443307877935,0.06880109352951676,0.4951189523306203,1,scenario_model_generated_from_literature_calibrated_priors,0.7534174810110655,0.9311989064704832,0
full_data_informed,pulmonary_reference,0.4899802067190857,0.2854642982900509,42.982874832523116,0.007768169337223279,0.2283910340907945,23.37,18.221546071203708,2.27104929637622,83.5838196566153,0.6276032462324148,5.423386639943101,7.714698291340113,0.03406429620400031,0.49508874224843863,1,scenario_model_generated_from_literature_calibrated_priors,0.7796981630810316,0.9659357037959997,0
full_data_informed,aortic_high_pressure,0.7778044729262834,0.5818679753526542,65.98458451483192,0.23217702707132928,0.6824261262267586,32.75,41.05063775262588,1.7424202932346362,92.03662592849786,0.7121883207163107,4.651951598057386,12.344775847204296,0.04895743858108226,0.4950841331512263,1,scenario_model_generated_from_literature_calibrated_priors,0.7465454121335608,0.9510425614189177,0
full_data_informed,aortic_high_pressure,0.6388938257657643,0.2726081527030958,64.90373915685282,0.25709934178422333,0.6408312400778831,32.75,36.64848097569878,1.9608774200251151,86.8041845318763,0.6788313651058954,4.611794328356811,12.821088969536598,0.05918571609941409,0.49507840413915644,1,scenario_model_generated_from_literature_calibrated_priors,0.8809624129557624,0.940814283900586,0
biology_only,aortic_high_pressure,0.5397602456798511,0.40061198079965715,68.2852313932747,0.28503178260027845,0.4718825454005038,32.75,28.421904211206662,2.166903486318655,84.82138842651334,0.6715894335525192,3.930691184647035,8.167641109428503,0.05854314067221974,0.49506311886761223,1,scenario_model_generated_from_literature_calibrated_priors,0.8678444033956233,0.9414568593277802,0
biology_only,pulmonary_reference,0.7099905499592244,0.9278918168284808,67.32126313427668,0.46160812504578663,0.501183212804374,23.37,31.742842564175337,2.1834869255652753,86.85179769738357,0.7635127030819395,4.794036566704953,10.543456831393868,0.06999392610489302,0.49506246613237365,1,scenario_model_generated_from_literature_calibrated_priors,0.6417268907070888,0.930006073895107,0
baseline,aortic_high_pressure,0.551699384853891,0.7669145568224223,16.902948855084468,0.16464750955227503,0.6770354261684697,32.75,29.179128573952106,2.4418029508870376,62.46672512215688,0.7712977154267856,4.7981124141344615,9.240301818268007,0.23292199857845292,0.4949518636647422,0,scenario_model_generated_from_literature_calibrated_priors,0.8909657579832704,0.767078001421547,0
full_data_informed,pulmonary_reference,0.38249763218273536,0.20512721019903507,67.89979273940851,0.26459199653941157,0.5066792931064367,23.37,17.091484609448635,2.504457773406698,90.28599463940711,0.6634987140952333,5.637090120871537,12.192874567898883,0.11290511364708629,0.49493611435652324,1,scenario_model_generated_from_literature_calibrated_priors,0.7313429443495351,0.8870948863529137,0
biology_only,aortic_high_pressure,0.7845450149471863,0.827071452487617,61.600131503775145,0.1247556893371982,0.835173053165434,32.75,44.81748327318362,1.857512993261423,85.92275985014294,0.7882477810587243,1.8362442094733,15.498802353380935,0.18421640820406626,0.49492887237433447,0,scenario_model_generated_from_literature_calibrated_priors,0.6315272282997368,0.8157835917959337,0
full_data_informed,pulmonary_reference,0.7090962492784596,0.6641380355887212,65.35550946528494,0.06300728509191245,0.23322993051073285,23.37,27.14609446737945,2.017078366764121,87.42184783546924,0.6348364573276968,4.270981063603707,11.160349314559285,0.034446761439995054,0.4949030466065552,1,scenario_model_generated_from_literature_calibrated_priors,0.8384212893718679,0.965553238560005,0
full_data_informed,pulmonary_reference,0.8410514378943772,0.7706191324038458,61.615880716650786,0.23382151464597895,0.41061004074284513,23.37,31.24811339525411,1.894560461171591,83.37448764608617,0.7505744651469602,3.036568396168967,9.433720970185895,0.03818240476718891,0.4947760266274989,1,scenario_model_generated_from_literature_calibrated_priors,0.6628963031555795,0.9618175952328111,0
hydrodynamic_only,pulmonary_reference,0.6053267074013118,0.29904061917248553,46.91696320697724,0.3474797341351538,0.5502093836616758,23.37,26.08332259443527,2.128936587920782,84.72664174278934,0.6941775185278545,2.77487889222355,13.158545569503321,0.08783663180488469,0.4947247656816333,1,scenario_model_generated_from_literature_calibrated_priors,0.8838971932205705,0.9121633681951153,0
biology_only,aortic_high_pressure,0.5415128867180881,0.7263620864795541,53.239996523657425,0.2915143823079063,0.49567612199286565,32.75,26.776919403903964,2.4509045188616376,85.06711098547662,0.6421621850052506,6.816914111979547,9.047769861650394,0.034636840351988094,0.49462500153753713,1,scenario_model_generated_from_literature_calibrated_priors,0.8176158596611898,0.9653631596480119,0
biology_only,aortic_high_pressure,0.546286075637886,0.24729729374616977,48.63558899605655,0.2133657777262828,0.6776319918594473,32.75,31.531979832061563,2.0497978877213683,84.04616604590667,0.6514106032072307,4.9878509907672495,6.639069029856157,0.07012635566867606,0.49461299282949805,1,scenario_model_generated_from_literature_calibrated_priors,0.9628085444904294,0.9298736443313239,0
biology_only,aortic_high_pressure,0.7630861776573499,0.35229605063274616,62.36570220881306,0.37747902276976464,0.8204046531632455,32.75,40.52033463146572,1.660620739939119,85.29135315089702,0.7715511578899854,3.327829853022272,8.98399084867776,0.04595997564903926,0.494583585918742,1,scenario_model_generated_from_literature_calibrated_priors,0.7627378738483749,0.9540400243509607,0
full_data_informed,pulmonary_reference,0.3996820758761932,0.13715638809116548,61.25872446472394,0.05136257408053218,0.9409697812252806,23.37,14.051192558839253,2.3430730140157134,87.02436241308386,0.66017552427163,3.773502875915163,12.60545725140949,0.02868710711833931,0.49452217777940755,1,scenario_model_generated_from_literature_calibrated_priors,0.6012491467196941,0.9713128928816607,0
full_data_informed,pulmonary_reference,0.8009520053556296,0.7965936342039011,52.78796665659437,0.4476508391955338,0.8566685658993907,23.37,31.842020956069927,1.920775229258775,79.38472554113666,0.8092136468855661,5.57089094574283,7.804082130481401,0.031206423278895907,0.4944938711181048,1,scenario_model_generated_from_literature_calibrated_priors,0.6374830570787366,0.9687935767211041,0
biology_only,pulmonary_reference,0.8205441094542961,0.6386814868958411,52.394542179764144,0.1401185444510688,0.6501031975898739,23.37,31.08222701671045,1.835367104616129,86.55942392957141,0.7292951315380247,3.4942756067756844,8.758689262540342,0.05377951511795425,0.4944644153711424,1,scenario_model_generated_from_literature_calibrated_priors,0.6699945649674603,0.9462204848820458,0
hydrodynamic_only,aortic_high_pressure,0.5848450420511899,0.19309064005034077,30.323281501953375,0.3579504576301652,0.8997968063777277,32.75,33.25179587256996,2.0292231684028317,73.52261609739205,0.7194387658485146,5.857097019945269,13.80516378340184,0.06918327963688874,0.49442214633436615,1,scenario_model_generated_from_literature_calibrated_priors,0.9846779886238181,0.9308167203631112,0
hydrodynamic_only,aortic_high_pressure,0.6428358616478124,0.8194012040069881,36.08350630729956,0.2318672725021631,0.24193320950921265,32.75,39.153363949372626,2.115038917202237,77.10682931022733,0.7276950771969524,4.040344233918985,12.264490018244155,0.08602253888455995,0.4944004754187836,1,scenario_model_generated_from_literature_calibrated_priors,0.8044774366603779,0.9139774611154401,0
biology_only,pulmonary_reference,0.4453122248754969,0.5476560053128869,63.856665197493435,0.36017878671293885,0.6590679281911309,23.37,18.775372262952516,2.480672269524464,84.06473790060093,0.6595338707736755,3.6532288019581993,7.40814464232858,0.03580856841193277,0.4942182532977253,1,scenario_model_generated_from_literature_calibrated_priors,0.8033963313201761,0.9641914315880672,0
hydrodynamic_only,aortic_high_pressure,0.5457945667932622,0.8218400682055585,14.120674404919347,0.19146653449801937,0.555037412466184,32.75,28.474732225794703,2.495522220651086,55.94875927500798,0.7850728003604622,4.412570652349659,10.109929547055387,0.18772640637582316,0.4941958028041914,0,scenario_model_generated_from_literature_calibrated_priors,0.8694574725433497,0.8122735936241768,0
biology_only,pulmonary_reference,0.5819000496400026,0.6236336964272616,61.57344505465089,0.18229825948819156,0.6272915698630545,23.37,18.546509636372548,2.1234937920475505,86.0511316602571,0.6687920158288432,2.9414479635248227,10.792620812286803,0.053001832578066246,0.49412761791373744,1,scenario_model_generated_from_literature_calibrated_priors,0.7936033220527405,0.9469981674219338,0
biology_only,pulmonary_reference,0.5885554509568373,0.5347836137549405,49.576342867096926,0.2334341489170098,0.3469833088699381,23.37,24.192425212141963,2.2031942584490856,88.23705140539184,0.6128172598766193,4.463880788241755,14.191393778758238,0.058860389497647436,0.4940542811009011,1,scenario_model_generated_from_literature_calibrated_priors,0.9648085061128814,0.9411396105023526,0
full_data_informed,aortic_high_pressure,0.4834626559313947,0.3031961428160914,62.4705418505756,0.3327984032974649,0.6748749406156745,32.75,30.499074480077923,2.31019929787662,82.72259941540703,0.6435547221950422,6.688129045643408,8.095166555848603,0.0377061164922074,0.4937991102337356,1,scenario_model_generated_from_literature_calibrated_priors,0.9312694497733717,0.9622938835077925,0
hydrodynamic_only,pulmonary_reference,0.6141337402973877,0.2934418205644879,44.94158438576002,0.20395864370845374,0.40550987538106914,23.37,20.752575238561214,2.0821554590595746,84.6460902337239,0.6521018320781733,4.2604070906045495,5.411800560930585,0.0433768516537366,0.4936565953320245,1,scenario_model_generated_from_literature_calibrated_priors,0.8880006520565346,0.9566231483462634,0
biology_only,pulmonary_reference,0.44429414479688634,0.5933011558955407,57.04256652796472,0.5466026245776222,0.4691739275401301,23.37,19.091610757406386,2.51075816796228,82.09840088524741,0.7005165447152294,6.6296400534443976,10.847389924620732,0.0511267537624599,0.49365486564871436,1,scenario_model_generated_from_literature_calibrated_priors,0.8169281453746848,0.9488732462375401,0
biology_only,aortic_high_pressure,0.6730716914955907,0.3871704595533247,72.85144248496115,0.3508022128262259,0.555623529518306,32.75,33.323823955458025,1.9539643622748353,88.59377738283929,0.6599906553141615,4.048212216388505,10.202046896127726,0.06598660945500512,0.49363849703773455,1,scenario_model_generated_from_literature_calibrated_priors,0.9824786578486099,0.9340133905449949,0
full_data_informed,pulmonary_reference,0.7072931771741721,0.11950596070707013,58.68959045206371,0.23843362903009496,0.632873862433934,23.37,29.68083599215535,1.9037686562795568,85.07310001259792,0.7234820096648663,3.0452317731362366,9.712400025759377,0.044790162828222756,0.4935365343995095,1,scenario_model_generated_from_literature_calibrated_priors,0.7299599489877899,0.9552098371717772,0
full_data_informed,pulmonary_reference,0.570861268724275,0.393363070972483,76.46953807506037,0.10889341453425662,0.2598544614045063,23.37,20.555329549195218,2.222958633731773,92.32774275202358,0.5849384882962424,4.3543940458533745,12.351416024156551,0.03993493799500021,0.49345823389321414,1,scenario_model_generated_from_literature_calibrated_priors,0.879560528420848,0.9600650620049997,0
biology_only,aortic_high_pressure,0.8352586659714166,0.7756859793231444,68.628020000091,0.11010722718479832,0.6862435274845197,32.75,44.711281330450426,1.9103323569963033,90.18698314238723,0.7385646508527056,5.565695693223137,8.174166408614369,0.13729127366886232,0.49344756318781924,1,scenario_model_generated_from_literature_calibrated_priors,0.6347700357114374,0.8627087263311377,0
biology_only,pulmonary_reference,0.4503250062942354,0.8447665793268877,60.36477846768282,0.05852425000456231,0.22759817866712131,23.37,15.152320229556365,2.6022431159772177,90.11866662231006,0.6082040268507903,4.615694949414243,8.332650492205202,0.04667688740110864,0.49342515997743813,1,scenario_model_generated_from_literature_calibrated_priors,0.6483662913802466,0.9533231125988914,0
hydrodynamic_only,pulmonary_reference,0.6846685017764371,0.5719102786148952,39.67181082285088,0.09586488033926888,0.3423108900052468,23.37,28.516250478265825,1.9777914537731016,83.16095338097418,0.6904000702845947,6.121682848544929,10.990115552311448,0.06892851844646074,0.49342465873684793,1,scenario_model_generated_from_literature_calibrated_priors,0.7797924485123738,0.9310714815535392,0
full_data_informed,aortic_high_pressure,0.7537049851587696,0.8653166181993689,62.07095874415914,0.1259921316344427,0.49474371011671575,32.75,41.485211645985174,1.9966831519443837,92.57750510587488,0.6789850999601226,5.100084393125643,13.156711757087049,0.1009460991043084,0.493409780016632,1,scenario_model_generated_from_literature_calibrated_priors,0.7332759802752619,0.8990539008956916,0
hydrodynamic_only,pulmonary_reference,0.6290841070852923,0.4579139049096635,40.91947775319857,0.628432164690599,0.7154351372583245,23.37,20.745722965309042,2.0616125115894746,79.46412543843988,0.7800282632959569,6.372857721752202,13.742514684348064,0.10386252503242062,0.49336023804754653,1,scenario_model_generated_from_literature_calibrated_priors,0.8877074439584528,0.8961374749675793,0
baseline,pulmonary_reference,0.4981541450597553,0.7223997854186699,38.16029642623381,0.06696642113415799,0.7913070408421078,23.37,11.883297092138115,2.4713455847561416,83.01952000416935,0.7080430921286599,6.179979578356859,12.996044921540847,0.07940633226517155,0.4933364006530086,1,scenario_model_generated_from_literature_calibrated_priors,0.5084851130568299,0.9205936677348284,0
hydrodynamic_only,pulmonary_reference,0.6624904790070949,0.5246721513353699,32.67944758270218,0.2638824069393917,0.4944568200499952,23.37,22.57258121512953,2.108033799164171,74.85966934913885,0.683435112155604,2.7585444084086195,11.143041303435428,0.05428876536243719,0.49330047031984414,1,scenario_model_generated_from_literature_calibrated_priors,0.9658785286747766,0.9457112346375628,0
biology_only,aortic_high_pressure,0.5851039917872356,0.887828597255782,50.41859492912874,0.48713003957582296,0.4975810682506388,32.75,25.866744371481285,2.30967389150904,80.54656405842319,0.7348496912574181,6.9916020394699165,10.285682904837477,0.07308886986024671,0.49321866853915386,1,scenario_model_generated_from_literature_calibrated_priors,0.7898242556177492,0.9269111301397532,0
full_data_informed,aortic_high_pressure,0.4783055041180768,0.7138391499614468,76.87716762205602,0.36908212259925305,0.2790058887118702,32.75,27.19931169685958,2.477457462225671,87.43024799315104,0.6417255044571991,5.031830997604114,8.091752673124983,0.048306373903782035,0.4931780418490642,1,scenario_model_generated_from_literature_calibrated_priors,0.8305133342552544,0.951693626096218,0
biology_only,aortic_high_pressure,0.7544336669533515,0.9657157131266472,54.12434683074117,0.3408478955063943,0.8047942647811889,32.75,40.912510195803314,1.8993815964935425,85.20126670603234,0.7448066145616029,5.6135565508791005,12.437775100455022,0.0684492458826033,0.49302199272444697,1,scenario_model_generated_from_literature_calibrated_priors,0.7507630474563873,0.9315507541173967,0
hydrodynamic_only,pulmonary_reference,0.5337084452336959,0.46497428532360846,38.52822694448519,0.23512039957160524,0.7462235597171556,23.37,20.918285545330672,2.2344163471516874,80.02158641995294,0.6616174113247917,2.707707805833869,12.079379825022288,0.05783312993615719,0.49298701848734167,1,scenario_model_generated_from_literature_calibrated_priors,0.8950913797745259,0.9421668700638428,0
biology_only,aortic_high_pressure,0.5816538884261306,0.49920233841130096,65.51765514538063,0.5681619985698847,0.24721002274154535,32.75,37.26927678667598,2.2577070217296216,86.08206383611676,0.704765368731509,5.327970141467383,9.269795861590469,0.056013963425564826,0.4928601447059257,1,scenario_model_generated_from_literature_calibrated_priors,0.8620068156740158,0.9439860365744351,0
hydrodynamic_only,pulmonary_reference,0.5459973243490375,0.9071745773848003,29.117325453008522,0.14829768783464653,0.1564222219747649,23.37,18.366494562311054,2.460101034972916,76.16837843158312,0.6656942214000203,7.796981712117839,11.568154904692278,0.05814818580095267,0.4928402405285981,1,scenario_model_generated_from_literature_calibrated_priors,0.785900494750152,0.9418518141990473,0
biology_only,pulmonary_reference,0.7675591958525385,0.8127089545008238,60.74477706963835,0.5088764269514912,0.9370216037107206,23.37,30.083565037236912,2.0478867875136766,86.0209985776821,0.7718516386017202,4.11580080670501,14.779255829242388,0.08410371935534255,0.4927703813093452,1,scenario_model_generated_from_literature_calibrated_priors,0.7127272127840432,0.9158962806446574,0
baseline,aortic_high_pressure,0.4426691735012196,0.6383574253192286,34.29162038436492,0.28851917522505766,0.7626468588752159,32.75,27.3919831531728,2.556414160052316,77.83905076511529,0.660777310538188,5.125537255993161,6.876502236332884,0.06235960177925283,0.49276597136213096,1,scenario_model_generated_from_literature_calibrated_priors,0.836396432157948,0.9376403982207472,0
biology_only,aortic_high_pressure,0.4608902554199832,0.43623262505028476,34.19683898925395,0.38736195253628897,0.6524097808494698,32.75,26.783994737564598,2.513763717442545,78.96599786366636,0.6824473522274972,6.1515263377147145,9.861801093286218,0.05556555328437099,0.4927152532799114,1,scenario_model_generated_from_literature_calibrated_priors,0.8178319003836518,0.944434446715629,0
full_data_informed,aortic_high_pressure,0.5717486530619712,0.27325525340807916,57.27419253678851,0.15091774450048262,0.5675907274790146,32.75,31.64658640098303,2.2773311667490015,90.00651583581231,0.5891002652952789,4.407497884081006,8.829140495589488,0.09051479657959544,0.4927015690582841,1,scenario_model_generated_from_literature_calibrated_priors,0.9663079817094055,0.9094852034204046,0
full_data_informed,aortic_high_pressure,0.6263144204294976,0.14377388456815446,53.17564063906027,0.2203376124510665,0.7891512133433195,32.75,37.81278610753344,1.864804269308549,83.80780163736938,0.6963518167655959,8.45878172187826,9.943910664057931,0.04810834498463357,0.4926870086070582,1,scenario_model_generated_from_literature_calibrated_priors,0.845411111220353,0.9518916550153664,0
full_data_informed,pulmonary_reference,0.801879549123877,0.49054759116685337,57.28954466687044,0.13690252097810146,0.4957410428341171,23.37,33.02411148035512,1.9165719093253606,88.58444878357267,0.7290237338479963,3.870649289986859,9.416780712535665,0.05232937350371695,0.49257385243986745,1,scenario_model_generated_from_literature_calibrated_priors,0.5869015198821088,0.9476706264962831,0
baseline,pulmonary_reference,0.5628661417351386,0.5505712671180104,34.45487742726998,0.15022847550792917,0.5966469080865476,23.37,26.769233852955914,2.3009187775487234,73.29076686387613,0.6849805336295236,4.437757675057368,5.751484153866921,0.07910926637664864,0.4925310368527524,1,scenario_model_generated_from_literature_calibrated_priors,0.8545471179736451,0.9208907336233514,0
biology_only,pulmonary_reference,0.8011436290081033,0.8549310348167002,69.2260911604263,0.1416635488039248,0.574626089523384,23.37,31.085234064567906,1.8922478941394332,88.72671812579256,0.707850847390191,6.688218005394176,12.128962762801036,0.05188864656316628,0.492366483125128,1,scenario_model_generated_from_literature_calibrated_priors,0.6698658936855839,0.9481113534368337,0
biology_only,aortic_high_pressure,0.7516735853655367,0.27566577726013797,74.26089225834548,0.14944351137492248,0.7086114697416017,32.75,39.1834144106709,1.703733600812584,85.90740463946052,0.7091152859065903,4.1140596724722975,12.399461425201675,0.06126004788142766,0.492318523740167,1,scenario_model_generated_from_literature_calibrated_priors,0.803559865323026,0.9387399521185723,0
full_data_informed,aortic_high_pressure,0.8249614814041267,0.7470362774547442,61.294143555470335,0.11522224284700673,0.496164636784511,32.75,44.23963209624238,1.8127843856193544,91.7919420679347,0.737071711678356,4.3941861224174685,10.942329564855081,0.13641128051135828,0.4922918342841059,1,scenario_model_generated_from_literature_calibrated_priors,0.6491715390460342,0.8635887194886417,0
baseline,pulmonary_reference,0.3958267098980872,0.9489457498593243,23.857113732881377,0.11358564419399954,0.5273595854766534,23.37,10.460261225156469,2.663298949265916,71.03496593480111,0.7552937225019364,5.617753444547187,9.72052009329018,0.06645874212349223,0.4922422251245863,1,scenario_model_generated_from_literature_calibrated_priors,0.447593548359284,0.9335412578765078,0
full_data_informed,pulmonary_reference,0.7555534623479657,0.9691398652654397,48.64126793125399,0.34333132304707903,0.08035305181343703,23.37,29.322743503294383,1.9487608159456646,81.75659767407988,0.745032871192761,3.5988995462307183,11.459712988847823,0.04535271690588528,0.49222470492413983,1,scenario_model_generated_from_literature_calibrated_priors,0.7452826913438433,0.9546472830941147,0
biology_only,aortic_high_pressure,0.6760680737105575,0.6085189791890991,50.204263928065075,0.7025889424678676,0.594231020668246,32.75,39.28355339298872,1.9708996232926006,83.70289170732363,0.7984155420154816,3.631891812103827,7.203079374436893,0.0761544887191821,0.49221314266865146,1,scenario_model_generated_from_literature_calibrated_priors,0.8005021864736268,0.9238455112808179,0
biology_only,aortic_high_pressure,0.8116776733171928,0.7621724701364698,46.05727552132507,0.22757450716040117,0.7828091833415661,32.75,37.354317574432926,1.7540896393747072,82.42025460252499,0.707850299457533,6.070060309750105,11.211480535662332,0.038244106153955876,0.4921622665158585,1,scenario_model_generated_from_literature_calibrated_priors,0.8594101503989946,0.9617558938460441,0
hydrodynamic_only,aortic_high_pressure,0.607278921134397,0.5044999527805496,25.00169604318876,0.24908306542615477,0.17288850647136106,32.75,31.182114637205032,2.17277857120093,76.52933079289643,0.666675262656188,6.444094235505295,5.836232537130385,0.053518808655415785,0.4921607562171705,1,scenario_model_generated_from_literature_calibrated_priors,0.9521256377772529,0.9464811913445842,0
full_data_informed,aortic_high_pressure,0.7485498831293698,0.6383982283642694,63.41547165154791,0.3198523629745439,0.2842794501505229,32.75,39.94619033790309,2.0004994901626643,89.4563094633621,0.6987907103175084,3.7194395293283535,11.168958523997777,0.06657661891297594,0.49193026148941116,1,scenario_model_generated_from_literature_calibrated_priors,0.7802689973159362,0.933423381087024,0
biology_only,aortic_high_pressure,0.2807283761704789,0.6941440556014721,66.24073694202703,0.05441798456926936,0.6567066171322143,32.75,19.761601134652114,2.8672329957549145,91.41210059023172,0.7366271097637621,6.379676129604646,17.762847801831786,0.38264336474866023,0.49184697756692863,0,scenario_model_generated_from_literature_calibrated_priors,0.6034076682336523,0.6173566352513398,0
full_data_informed,aortic_high_pressure,0.7692390918332519,0.31047629017232475,47.47475035613725,0.12597192336022847,0.7100588894315615,32.75,38.268221543435274,1.8765826155335528,78.87194034896098,0.7084706116245624,7.015631733419072,10.00608062924676,0.07060448629838646,0.4917623708941593,1,scenario_model_generated_from_literature_calibrated_priors,0.8315046856966328,0.9293955137016136,0
full_data_informed,aortic_high_pressure,0.542621126105975,0.35460692115101006,53.41259029804251,0.1184162034510338,0.20148257844718678,32.75,31.122808856605232,2.192737593480647,83.25195691284186,0.6105402654314768,3.7110123104942194,11.938402669340029,0.054784755879664596,0.49171622929123737,1,scenario_model_generated_from_literature_calibrated_priors,0.950314774247488,0.9452152441203354,0
biology_only,aortic_high_pressure,0.6823968538146618,0.6063175771567186,53.381329606821936,0.3192169314292743,0.7187258613622739,32.75,38.79978781843098,1.9476012021657916,84.4289146911549,0.7180347318012873,9.813841364613765,9.811438693890768,0.07203570449376516,0.49169646520345117,1,scenario_model_generated_from_literature_calibrated_priors,0.8152736543990541,0.9279642955062348,0
biology_only,aortic_high_pressure,0.49565509101399213,0.6591193064682705,58.82721568169056,0.29811646439114464,0.6917359399522487,32.75,23.26625912997884,2.5102717719932315,83.55919234380093,0.6835720588398294,2.200132297829531,8.89615025637008,0.0803687465538527,0.4915624980640704,1,scenario_model_generated_from_literature_calibrated_priors,0.7104201261062242,0.9196312534461473,0
biology_only,pulmonary_reference,0.6924934376945382,0.5725990940679478,73.05669590335378,0.2028830688215072,0.44739658801811033,23.37,26.99789464127592,1.935067666549303,89.47574152419682,0.6547649828393526,3.149180187903251,8.037048212835987,0.04011314867627282,0.491533791011082,1,scenario_model_generated_from_literature_calibrated_priors,0.8447627453454891,0.9598868513237272,0
baseline,pulmonary_reference,0.5772659852522269,0.45021922520967106,29.632606722860107,0.16306254099648929,0.3762669936233621,23.37,24.246165959405516,2.1698515555521385,77.87462859170193,0.6442778390980226,5.275887549683269,12.164386948891856,0.0642839049523193,0.4914342469709255,1,scenario_model_generated_from_literature_calibrated_priors,0.9625089448264649,0.9357160950476807,0
biology_only,pulmonary_reference,0.7682497284913783,0.4398723408641135,52.14332094666575,0.12740994063800662,0.49069076128338196,23.37,26.520507956551782,1.8038186022273037,82.34641389013278,0.6998224242688249,6.42894609227227,13.276807868712531,0.09090660088384131,0.49142485086629273,1,scenario_model_generated_from_literature_calibrated_priors,0.8651900746019777,0.9090933991161587,0
biology_only,aortic_high_pressure,0.3160727395758376,0.7877953388380262,68.96718667730335,0.27951392054701857,0.47338904203695487,32.75,23.688737633861034,2.8358640232911525,88.64128248167147,0.6161996028232202,5.650864303711258,8.45686071645016,0.07503399573735858,0.49135594894442836,0,scenario_model_generated_from_literature_calibrated_priors,0.7233202330949935,0.9249660042626414,0
full_data_informed,aortic_high_pressure,0.7125966325227129,0.6133651473971942,45.133961067749006,0.28463320941681863,0.45468141385844074,32.75,41.091193117278216,1.9187872582388665,81.89963888180186,0.7363044474706482,12.0,17.29710166129489,0.05023754823030363,0.49123476601327903,1,scenario_model_generated_from_literature_calibrated_priors,0.7453070803884514,0.9497624517696963,0
biology_only,pulmonary_reference,0.6912069583438951,0.5449314411775407,58.69357648595885,0.33784597966982466,0.5385228620903584,23.37,28.921701083321082,1.9740435176752806,86.51370172602445,0.7083013870712662,3.454490394825743,10.858193049707836,0.03292905513972148,0.49111028520762245,1,scenario_model_generated_from_literature_calibrated_priors,0.7624432570251998,0.9670709448602786,0
full_data_informed,pulmonary_reference,0.4545817688804934,0.6895100721665622,58.08739833274903,0.1521704437886736,0.46422120822076124,23.37,13.89778283273901,2.463467603547765,90.02600026295904,0.6714151161957538,3.499313075505062,7.980428352733884,0.09574270435700592,0.4910842324092708,1,scenario_model_generated_from_literature_calibrated_priors,0.594684759637955,0.9042572956429941,0
biology_only,pulmonary_reference,0.4205884783150833,0.8857346932229828,51.335866201573154,0.6078233138784116,0.4079299883543773,23.37,18.075607935721667,2.6721194382868476,77.71629422280562,0.7231304682680529,3.5777868025397495,7.174539609805352,0.06471377150631592,0.491044447791873,1,scenario_model_generated_from_literature_calibrated_priors,0.7734534846265154,0.935286228493684,0
full_data_informed,aortic_high_pressure,0.665045560059051,0.23248576896037837,59.0924977259361,0.05041652459724542,0.5851461966823573,32.75,35.34446980538543,1.9918282545863524,85.40593373824946,0.6467137744598732,7.075111403758228,7.057620859498975,0.12749662553580515,0.4910026424290644,1,scenario_model_generated_from_literature_calibrated_priors,0.9207795479271624,0.8725033744641948,0
baseline,pulmonary_reference,0.5969430090140406,0.44696968665555575,26.88682477902799,0.18558748168962164,0.6365347974077972,23.37,18.935234912922876,2.0412529966728328,73.04461933235511,0.7292021437258117,3.604806746673798,15.199411759517005,0.06998854252960815,0.49099112026232367,1,scenario_model_generated_from_literature_calibrated_priors,0.8102368383792415,0.9300114574703918,0
full_data_informed,pulmonary_reference,0.722061914249803,0.7461832411794523,58.665738469972524,0.29977453356641964,0.6744372215997335,23.37,24.879551426104097,1.9428200283307977,81.89032979673054,0.6789560253146261,4.80552209571339,14.835163310242852,0.04440299896890452,0.490867456327522,1,scenario_model_generated_from_literature_calibrated_priors,0.9354064430421867,0.9555970010310955,0
full_data_informed,aortic_high_pressure,0.6455163333819479,0.6161723625654808,66.42214046969576,0.3618092326316599,0.2686627351444015,32.75,37.03773344722775,2.021802159005607,90.38755170517558,0.6677105164568351,8.020811519811284,14.283456630679094,0.05448915831243598,0.49085233494766733,1,scenario_model_generated_from_literature_calibrated_priors,0.8690768413060228,0.945510841687564,0
hydrodynamic_only,aortic_high_pressure,0.40664306353428625,0.5022835134191374,26.02405867521416,0.05270845597550971,0.3897419711633743,32.75,27.00648625617107,2.4575268282628895,75.48362129365154,0.6278788377123864,1.8892484062800592,7.901487416570379,0.040362751558368964,0.4907363189982885,1,scenario_model_generated_from_literature_calibrated_priors,0.8246255345395747,0.959637248441631,0
biology_only,aortic_high_pressure,0.7229234775369388,0.720818892476259,71.62396366115033,0.0009833882093449823,0.9352276197376008,32.75,38.00511668323242,1.9951554128707623,89.25532245675645,0.6197329286634325,5.723699709233566,11.899985536402152,0.06695347162942908,0.49065856521320905,1,scenario_model_generated_from_literature_calibrated_priors,0.8395384218860329,0.9330465283705709,0
full_data_informed,aortic_high_pressure,0.6066355479883797,0.2262398268006558,71.11917714985641,0.3697831391755433,0.784252933575892,32.75,35.87530627169453,2.027131109261092,86.57233627179512,0.6714467587690556,5.432965679387879,11.944919191676448,0.04721545408654421,0.4906057717511133,1,scenario_model_generated_from_literature_calibrated_priors,0.9045708008642892,0.9527845459134557,0
hydrodynamic_only,pulmonary_reference,0.5498986404998777,0.6420871065904433,42.98610896985482,0.4387037313067848,0.6840484023180252,23.37,18.408995315776153,2.2164192316598545,81.25514861924272,0.7150737242369406,5.638462304756426,10.474742685078182,0.039499739226194014,0.4905212282333872,1,scenario_model_generated_from_literature_calibrated_priors,0.7877190978081365,0.960500260773806,0
biology_only,aortic_high_pressure,0.46175823259195087,0.3829526672082252,42.823125182254294,0.39380005906491583,0.8100724444985629,32.75,30.215417399393367,2.374959353818138,78.55273287468268,0.6807306900196807,4.317703895623591,15.360053572892781,0.09246633732605948,0.4904641377602756,1,scenario_model_generated_from_literature_calibrated_priors,0.9226081648669731,0.9075336626739405,0
full_data_informed,aortic_high_pressure,0.5831315432691031,0.37379176125525715,73.68453794388792,0.47954244548435815,0.42281982946061203,32.75,35.65849376303783,2.0754223136480383,92.44417907978084,0.6695554648216533,5.193953767919924,15.653385471864969,0.07481423520053881,0.4903931835966168,1,scenario_model_generated_from_literature_calibrated_priors,0.9111910301362494,0.9251857647994612,0
baseline,pulmonary_reference,0.6096544252942204,0.8304550489460354,24.80298346703564,0.40637057278133176,0.3215923686675464,23.37,22.920583570906217,2.188008450381272,70.36061596552435,0.7164165122262786,4.9358664564229215,10.423179994834385,0.07334180205972493,0.4903924740674847,1,scenario_model_generated_from_literature_calibrated_priors,0.980769515229192,0.926658197940275,0
full_data_informed,aortic_high_pressure,0.7130148869643738,0.409115532395571,59.19932091673675,0.3769952710801626,0.8049707517805009,32.75,38.54288762979629,1.9133842879841632,84.17334052374065,0.7276293307870283,6.7238512809013296,8.293112842540895,0.06905529469925852,0.4903512296303651,1,scenario_model_generated_from_literature_calibrated_priors,0.8231179349680522,0.9309447053007415,0
hydrodynamic_only,aortic_high_pressure,0.6130496142523257,0.3965529976820565,33.377377343397995,0.2669092698511489,0.6968589194668947,32.75,35.25858905114719,2.127570620167064,78.90941237811003,0.6706608835971529,3.7988645671064667,8.189675154790235,0.05770465588024967,0.49031578119486446,1,scenario_model_generated_from_literature_calibrated_priors,0.9234018610336736,0.9422953441197504,0
full_data_informed,pulmonary_reference,0.6153297449095868,0.42984507547012385,69.7274449329121,0.5940211218597375,0.5372572416605342,23.37,23.2440886073568,2.031544381992796,85.46499365946185,0.7021651408997647,4.452864548900137,9.44203218112597,0.07411208490013098,0.49029741519984316,1,scenario_model_generated_from_literature_calibrated_priors,0.9946122639005905,0.925887915099869,0
full_data_informed,aortic_high_pressure,0.59453302556902,0.28832892789389786,49.58609812230603,0.3904370964735282,0.8531066788756876,32.75,35.82869724271481,2.03182040202027,81.29344014863442,0.6873052370249173,11.470019397481112,6.1335040628818875,0.023911207099279266,0.49024592834385594,1,scenario_model_generated_from_literature_calibrated_priors,0.9059939773216852,0.9760887929007207,0
biology_only,pulmonary_reference,0.5264964553645638,0.5759341549054224,57.17938999707264,0.20769944706429708,0.4305160832046982,23.37,16.775011990011066,2.250957012966741,82.31123708638542,0.6884491143096798,10.557766835996816,8.491264203634408,0.05724067731259394,0.4902183747319394,1,scenario_model_generated_from_literature_calibrated_priors,0.7178011121100156,0.942759322687406,0
full_data_informed,pulmonary_reference,0.7334796095621425,0.5591407796187501,48.239664552989716,0.06446818429818389,0.28344552771127735,23.37,29.928564072172065,1.9384700232016,84.1491840360434,0.6906614230907041,7.80238319000431,12.849216569463898,0.05892348747467875,0.49020778004218735,1,scenario_model_generated_from_literature_calibrated_priors,0.7193596888244731,0.9410765125253212,0
biology_only,pulmonary_reference,0.4070928657872587,0.8074756867015749,68.46317613552536,0.274414873086092,0.6619016509455253,23.37,13.361122250916162,2.398121413165339,86.68001018669793,0.697842469714665,4.347691785477247,10.400525270585254,0.034358563649130126,0.49017989898271325,1,scenario_model_generated_from_literature_calibrated_priors,0.5717211061581584,0.9656414363508699,0
full_data_informed,aortic_high_pressure,0.6941501372647478,0.8857301816635409,55.358387738973,0.29672694218473916,0.4886296303279849,32.75,36.86153621157282,2.2021639345414266,83.1652550666064,0.6566000299150159,3.3557682035015532,7.0389885951318405,0.04136868692762218,0.49015535227650625,1,scenario_model_generated_from_literature_calibrated_priors,0.8744569095702956,0.9586313130723778,0
full_data_informed,aortic_high_pressure,0.6609466622840544,0.6582149874035703,56.24907398001827,0.10423613098117393,0.4560449755958399,32.75,35.509815869787516,2.1126467168484986,85.23144052243232,0.6205814319547324,2.2237433979668695,8.512223518170554,0.06989694556016475,0.49005842601202154,1,scenario_model_generated_from_literature_calibrated_priors,0.915730813136259,0.9301030544398352,0
hydrodynamic_only,pulmonary_reference,0.3686805142903879,0.8485509643304033,44.93892040382872,0.2633647572429849,0.9037292412959954,23.37,7.055611448846891,2.6840319551112097,83.58782508014443,0.7579809521196996,2.979207382873557,10.578605764719187,0.05096670506909352,0.4900168997402778,1,scenario_model_generated_from_literature_calibrated_priors,0.3019089195056437,0.9490332949309065,0
full_data_informed,pulmonary_reference,0.6037204630410582,0.17761339694674502,77.5115422140892,0.17897273481435558,0.24036454922879422,23.37,25.568948763452983,2.110438184445305,86.35512995818418,0.6509981662195421,4.7204740986177685,13.44554831737614,0.11740628756797103,0.4899864120222153,1,scenario_model_generated_from_literature_calibrated_priors,0.9059071988252896,0.882593712432029,0
full_data_informed,aortic_high_pressure,0.6310772355085855,0.5424032299398364,61.46700177697007,0.39011162661022136,0.29763742526680326,32.75,34.924930195016394,2.0983899866446745,85.52066122021137,0.6639836289011084,2.905137853176705,10.615133623461235,0.05406855139223266,0.4899007054406355,1,scenario_model_generated_from_literature_calibrated_priors,0.9335899177094231,0.9459314486077673,0
biology_only,pulmonary_reference,0.7493337053565626,0.711026211155616,51.82999314606458,0.3384023134832813,0.5685838732815537,23.37,25.867508511158398,1.9159889513945318,83.29205590342342,0.6924949404839443,5.236890999340007,11.955221365199415,0.04263439757259173,0.48985515730137963,1,scenario_model_generated_from_literature_calibrated_priors,0.893131856604262,0.9573656024274083,0
full_data_informed,pulmonary_reference,0.5630946768596483,0.7464663075330347,53.5700762055765,0.21549178468088,0.6222626852001845,23.37,18.05538445074771,2.2992772798626886,77.88688955338742,0.690954409004231,3.5375785331157075,9.75846796955275,0.06912354980695389,0.48977258107080285,1,scenario_model_generated_from_literature_calibrated_priors,0.77258812369481,0.9308764501930461,0
full_data_informed,pulmonary_reference,0.8314701193545941,0.5627204024256884,46.42151476703478,0.012126017786551563,0.5906450761946194,23.37,30.69098280899611,1.876164148962321,83.6070493150467,0.6881847380082884,2.0230282177575454,10.833249175871089,0.031454981296956765,0.48974391168151166,1,scenario_model_generated_from_literature_calibrated_priors,0.6867358661105645,0.9685450187030432,0
hydrodynamic_only,pulmonary_reference,0.5936089463455552,0.4470606267978957,35.20985505604824,0.2031650930746529,0.4783036224998886,23.37,20.903613515420382,2.124575086394781,72.37783799290146,0.6860195817821937,10.212723259100919,12.216155969643431,0.037515392445001274,0.48971704462534726,1,scenario_model_generated_from_literature_calibrated_priors,0.8944635650586384,0.9624846075549988,0
full_data_informed,pulmonary_reference,0.7855293102926633,0.4365258938957455,61.29524406239292,0.029885973714201063,0.46505859486994305,23.37,28.98653759947332,1.8332922620153764,88.22730039266469,0.6553868837299062,4.857136202643234,6.945462821634269,0.029938174438123542,0.48971552823249553,1,scenario_model_generated_from_literature_calibrated_priors,0.7596689088800463,0.9700618255618765,0
hydrodynamic_only,aortic_high_pressure,0.4499440933502866,0.5837365085701814,31.203868811182826,0.32680765064998285,0.8229931569614373,32.75,30.299513193120937,2.493486260263749,75.73855050775698,0.6566280320351636,5.960972082048657,11.441566652983761,0.07473439593606389,0.48970647902364656,1,scenario_model_generated_from_literature_calibrated_priors,0.9251759753624713,0.9252656040639361,0
baseline,aortic_high_pressure,0.6526062632249774,0.7482119777933814,35.94367796332419,0.20513050390782256,0.27059025410152926,32.75,32.56490633411272,2.107423240002936,77.34244026119866,0.6502285676802794,3.3541594526474188,12.490476173550434,0.06815004429222159,0.4896908996979696,1,scenario_model_generated_from_literature_calibrated_priors,0.9943482850110754,0.9318499557077784,0
biology_only,aortic_high_pressure,0.6476646014580097,0.5211188267392449,63.79049511473381,0.40557908671933046,0.5788003292427458,32.75,37.84983412659214,1.9954487442737041,88.340930734408,0.692200089944084,6.987101800037423,10.121414654642715,0.054764143677539505,0.4896151452658445,1,scenario_model_generated_from_literature_calibrated_priors,0.8442798739971865,0.9452358563224605,0
biology_only,aortic_high_pressure,0.7271897386169582,0.5209949733024929,67.94351669505713,0.2747261640149506,0.28118257868017843,32.75,34.77332055015269,1.8878389501338628,86.9883724230799,0.6698014009759301,3.913094953238752,12.497863136721236,0.08305745216276614,0.48960662719200887,1,scenario_model_generated_from_literature_calibrated_priors,0.938219219842666,0.9169425478372338,0
biology_only,pulmonary_reference,0.6240144125497933,0.7579452259209397,34.13692724236935,0.25220217932604677,0.7087393206841455,23.37,27.182091647053138,2.2535012716629947,77.55737702678074,0.6776260804388747,3.364395966698215,10.994858566634653,0.047349358186223135,0.4895549411913659,1,scenario_model_generated_from_literature_calibrated_priors,0.8368809735963569,0.9526506418137769,0
full_data_informed,aortic_high_pressure,0.7403984849031333,0.3593960927816874,67.9492340074322,0.06927306342324537,0.765437732532108,32.75,44.051947277709225,1.996689331429065,86.81210374039667,0.7761399681085706,4.812279316116575,13.577181144720967,0.28483120732305195,0.48954848644818505,1,scenario_model_generated_from_literature_calibrated_priors,0.6549023731997183,0.7151687926769481,0
full_data_informed,aortic_high_pressure,0.6656125944380918,0.29944608483991203,59.61316855473127,0.029926676929199744,0.36950300262185637,32.75,39.99069714447707,2.1274249952718627,83.27844773912948,0.6491739006857622,6.208929582749212,10.621142200925807,0.06553284736300638,0.4895153055523087,1,scenario_model_generated_from_literature_calibrated_priors,0.778910010855662,0.9344671526369936,0
hydrodynamic_only,aortic_high_pressure,0.6101960882097676,0.8935078283608042,40.1394628136414,0.8889748251969524,0.5914030135780328,32.75,36.994593976158086,2.2080698067689837,80.85845009087274,0.7925995153156455,3.981085517284642,10.699287060422632,0.07947807389572159,0.4894533083431845,1,scenario_model_generated_from_literature_calibrated_priors,0.8703940770638752,0.9205219261042784,0
full_data_informed,pulmonary_reference,0.5344825152895958,0.3228024152328437,55.19752344940054,0.10483890011317812,0.32050295801184536,23.37,18.01862283675515,2.251181733028692,86.49650421744226,0.6396306441216929,6.081864585627081,7.419709817295968,0.07294368681895479,0.489361374615858,1,scenario_model_generated_from_literature_calibrated_priors,0.7710150978500278,0.9270563131810452,0
baseline,pulmonary_reference,0.5162447805443701,0.4926313232716189,31.754644955326285,0.06268518091567021,0.4904869093325719,23.37,20.440142285920707,2.4237763348414405,75.78281396650515,0.6168602603351074,2.905203153577894,8.559826018741365,0.045895145047090774,0.48927695475314126,1,scenario_model_generated_from_literature_calibrated_priors,0.8746316767616905,0.9541048549529092,0
hydrodynamic_only,aortic_high_pressure,0.4041313140245009,0.3857803489594145,39.41175895270134,0.38128088615348726,0.6864495749737611,32.75,24.130215269319624,2.618959235353728,81.88400822750478,0.6986917840815465,5.094799683643891,8.72536226144334,0.12796845942260607,0.48922835744020066,1,scenario_model_generated_from_literature_calibrated_priors,0.7368004662387672,0.872031540577394,0
biology_only,pulmonary_reference,0.8063263080986173,0.79900216976067,54.95572214073399,0.21806970970895959,0.3762193178124851,23.37,30.329201252064554,1.8651430195023948,86.69000869798293,0.7204225099625574,7.39051051340438,9.813975809041173,0.05964372247954268,0.4891540240414747,1,scenario_model_generated_from_literature_calibrated_priors,0.7022164633262922,0.9403562775204574,0
biology_only,pulmonary_reference,0.6914483017356894,0.8551198963133715,51.99810125497244,0.5708105190363071,0.6296058087631522,23.37,28.98943474220326,2.090102482867223,84.34334780962212,0.748965931286152,5.180202220734417,13.113026117986047,0.045285496087283314,0.48912371329532595,1,scenario_model_generated_from_literature_calibrated_priors,0.7595449404277594,0.9547145039127167,0
full_data_informed,pulmonary_reference,0.7271438826671838,0.662297920414972,60.156549869845605,0.34047789415271895,0.6825390416359773,23.37,28.712430115932587,1.8030580399434886,91.14926562711045,0.7146862422274767,5.85064502378052,11.780354557716805,0.06637375234450259,0.4890995228890531,1,scenario_model_generated_from_literature_calibrated_priors,0.7713979411239801,0.9336262476554974,0
full_data_informed,pulmonary_reference,0.6978176604069792,0.5846706269353615,64.09319378781477,0.3592366637360971,0.509487057686366,23.37,26.019337517405383,2.0821623504973577,83.56672589811724,0.6785564844758217,3.3671139516659507,12.64119005632548,0.05065185138671354,0.4890749313048991,1,scenario_model_generated_from_literature_calibrated_priors,0.8866351083694745,0.9493481486132864,0
full_data_informed,pulmonary_reference,0.6887580185070803,0.5833288634472938,64.53901134328797,0.35675862931438085,0.38230326520586305,23.37,27.444558666871615,2.018998210978461,88.90107519420917,0.6790594616429949,5.6411556396125455,12.625985630103683,0.047979137780471325,0.4890374716764693,1,scenario_model_generated_from_literature_calibrated_priors,0.8256500356494817,0.9520208622195286,0
full_data_informed,pulmonary_reference,0.8020096620489232,0.9212908890405543,52.865052691681065,0.2822985809920772,0.39415448509632206,23.37,27.706395803959385,1.8712422946602205,83.60151353543932,0.7212298744497875,5.19803766376267,14.628187133802854,0.08219797849740075,0.4889593493654816,1,scenario_model_generated_from_literature_calibrated_priors,0.8144460503226623,0.9178020215025993,0
hydrodynamic_only,pulmonary_reference,0.36112226833196276,0.539703547349206,44.62823732768318,0.061784488429629504,0.560098001726396,23.37,13.310072288390467,2.6336269661996887,83.93695770711844,0.6351511971794583,3.8308914449957006,4.2039289776745665,0.025425011019103484,0.48886501615504596,1,scenario_model_generated_from_literature_calibrated_priors,0.5695366832858565,0.9745749889808966,0
hydrodynamic_only,aortic_high_pressure,0.6114217287051775,0.4479213914608542,30.409408034779077,0.20777873828892063,0.7798156854348746,32.75,37.02772611483845,2.0790731684032515,78.69277649747336,0.6746547231696968,7.0056322031565434,13.080914020856499,0.04878598513053222,0.4888534722077552,1,scenario_model_generated_from_literature_calibrated_priors,0.8693824087072228,0.9512140148694678,0
biology_only,pulmonary_reference,0.6632074497696062,0.46329481642713727,66.19648450487102,0.1118232967404119,0.9048134970199587,23.37,28.204350845671645,2.138549643943643,87.41858980621478,0.6380075341974726,8.507637374571525,13.34582694110224,0.060255045731913,0.488834069526359,1,scenario_model_generated_from_literature_calibrated_priors,0.7931386030949232,0.939744954268087,0
full_data_informed,pulmonary_reference,0.7472762316196955,0.42355139731019015,72.98999582074357,0.26751958943263493,0.7592697800625337,23.37,30.97710391049481,1.9446266567559476,90.7416579407292,0.7194629718128425,6.1904531435263035,10.176490506224352,0.08436084080528776,0.488780596289433,1,scenario_model_generated_from_literature_calibrated_priors,0.6744927723365507,0.9156391591947123,0
full_data_informed,pulmonary_reference,0.7773913554441843,0.4646579574577632,63.34019151805996,0.1151382859022403,0.42727909311993334,23.37,28.670845851097138,1.8754907463252997,86.85777943061542,0.6702016393039807,7.022683219575393,11.299029983086573,0.04192103633221741,0.48846607944055465,1,scenario_model_generated_from_literature_calibrated_priors,0.7731773277236997,0.9580789636677826,0
full_data_informed,pulmonary_reference,0.5279496482398329,0.3663433791994738,59.46036350928454,0.5007830040182852,0.5991462654723315,23.37,20.67956336058035,2.3775640254337636,85.55220160554909,0.6883221589963537,3.9893737440899386,8.156111207990167,0.1227256977988717,0.488453896688862,1,scenario_model_generated_from_literature_calibrated_priors,0.8848764809833268,0.8772743022011283,0
hydrodynamic_only,pulmonary_reference,0.6334161679351383,0.5071295808299503,30.117851655399033,0.568602211748496,0.08203696001695747,23.37,22.511907091972088,2.1652827138274557,73.87956974688615,0.7352370277902397,4.743300964403693,12.694820351905669,0.07313396283012151,0.4884511765849158,1,scenario_model_generated_from_literature_calibrated_priors,0.963282288916221,0.9268660371698785,0
full_data_informed,pulmonary_reference,0.6710026783136082,0.2914876806308385,52.77976422125676,0.023310744448023564,0.7066661122785111,23.37,27.079427928418113,1.921737029584805,85.33143749644302,0.6321891064297247,5.933918701243973,11.482196328198482,0.037557956633051975,0.488281604337742,1,scenario_model_generated_from_literature_calibrated_priors,0.8412739440129178,0.962442043366948,0
biology_only,pulmonary_reference,0.7105649373642422,0.6513008928093721,68.40046261077966,0.5589267299765054,0.5242787861747423,23.37,26.650867239525436,1.9993314139434308,88.10439054170331,0.7227190885122332,3.1843531949147788,14.81086021789481,0.07662254594814401,0.488276186743121,1,scenario_model_generated_from_literature_calibrated_priors,0.8596120137130752,0.923377454051856,0
full_data_informed,pulmonary_reference,0.6631741175898344,0.2299542364404795,49.43195788671317,0.120009214916099,0.5349481122023907,23.37,28.7567147065666,2.0321238545226095,83.1955581500039,0.6685490597495045,5.847126105127302,12.723454172088875,0.0414702969316688,0.4882531787304661,1,scenario_model_generated_from_literature_calibrated_priors,0.7695030078490971,0.9585297030683312,0
biology_only,aortic_high_pressure,0.6225693047175856,0.4310443705947628,59.58433270109626,0.1829375026045556,0.47479816540294995,32.75,41.17622314013782,2.0919719412699895,89.88448507749851,0.6631131114131598,5.461330865590003,15.459629316691103,0.07011597095767477,0.4881699106924418,1,scenario_model_generated_from_literature_calibrated_priors,0.7427107438125856,0.9298840290423253,0
full_data_informed,pulmonary_reference,0.5544351477422239,0.6911583483496706,42.706739489781654,0.6953081971009413,0.8868076325787363,23.37,23.492189718507074,2.258694973192417,74.8602677124145,0.7460601413781898,3.8320854237544935,15.765610291411758,0.10388597396859796,0.4881546599942276,1,scenario_model_generated_from_literature_calibrated_priors,0.9947715139706003,0.896114026031402,0
biology_only,aortic_high_pressure,0.6157175206881823,0.5633451018258092,73.71064836178282,0.34914702319233065,0.14704129239764374,32.75,39.24714563538696,2.1178240573320735,89.73519836459161,0.6742716559082502,3.515198185231771,11.758776552226562,0.06704538017706661,0.4881432975680537,1,scenario_model_generated_from_literature_calibrated_priors,0.8016138737286426,0.9329546198229334,0
biology_only,aortic_high_pressure,0.6357880741103709,0.19541776629108693,62.776726131522345,0.3862157501284997,0.9397074011965032,32.75,35.87786437292147,1.9298752567697832,82.47195653220435,0.7244104036032802,8.63602809758674,9.601769990236537,0.11694636908610524,0.48812609795415723,1,scenario_model_generated_from_literature_calibrated_priors,0.9044926909031612,0.8830536309138948,0
hydrodynamic_only,pulmonary_reference,0.37892810503410257,0.7942380526131807,41.41656758577551,0.1642561621539026,0.7463224800307995,23.37,9.33100602851416,2.8861833381613846,81.07522489833198,0.6972177569114214,3.813796235813579,7.759498006325142,0.06090734719719118,0.48810310065991436,1,scenario_model_generated_from_literature_calibrated_priors,0.3992728296326128,0.9390926528028088,0
biology_only,pulmonary_reference,0.34695569746236243,0.7306350080471533,45.44630997479173,0.07224861919391518,0.8145492897014593,23.37,10.4882374386068,2.7173067115056115,82.72119530637522,0.6786120671154184,3.216816163918527,12.157892585919354,0.06166952717808106,0.4879884191647648,1,scenario_model_generated_from_literature_calibrated_priors,0.44879064777949507,0.938330472821919,0
full_data_informed,pulmonary_reference,0.4733576944382617,0.7918995931768583,57.90975259060344,0.3905735653458407,0.5189876392663372,23.37,15.547618906023795,2.4394762669554897,85.37678444385878,0.6949179027270314,4.924778008065897,11.539363359655212,0.05081246886730288,0.48797539418670977,1,scenario_model_generated_from_literature_calibrated_priors,0.6652810828422676,0.9491875311326972,0
full_data_informed,aortic_high_pressure,0.5585941152262478,0.6211147578088972,59.138577924010804,0.5257029651875097,0.3718505345875283,32.75,35.114521880894564,2.388485177575946,83.41544722440776,0.6748877355331662,3.5721743948948235,6.942304554139396,0.09028108548446703,0.4878598049459822,1,scenario_model_generated_from_literature_calibrated_priors,0.9278008585986393,0.909718914515533,0
hydrodynamic_only,pulmonary_reference,0.67253079940184,0.5335076390133635,44.67410204197805,0.16723549314864306,0.5605385082271438,23.37,29.290094402668934,1.9132835877798107,79.19669924311721,0.7187878978128671,5.455565010218025,11.859552475784806,0.053516707573430494,0.4877692116219319,1,scenario_model_generated_from_literature_calibrated_priors,0.7466797431463872,0.9464832924265695,0
hydrodynamic_only,pulmonary_reference,0.6240908737721503,0.8680136130645479,34.26946509643873,0.8023178406443604,0.18771728845214497,23.37,22.241110130592215,2.233912210927253,73.21661692361957,0.7922433014938848,3.6904279997765084,7.295087903673319,0.11602568282301866,0.4876815607638464,1,scenario_model_generated_from_literature_calibrated_priors,0.9516949135897396,0.8839743171769814,0
baseline,pulmonary_reference,0.5048187122987168,0.8537472362779273,38.006573841151344,0.6147014810966447,0.582338906671636,23.37,15.180174942426207,2.3879983520317802,79.56457231593174,0.7759928992405665,7.956923907874039,4.093095325768584,0.0610915615821629,0.4875293801267356,1,scenario_model_generated_from_literature_calibrated_priors,0.6495581918025762,0.9389084384178371,0
baseline,pulmonary_reference,0.43794146475119955,0.9246234367820401,36.868789389088036,0.8068500205689015,0.44370014044992523,23.37,16.64686838784915,2.7319545039022177,74.75582870508318,0.7690758732899153,4.5676029001503915,7.6445842853358705,0.04741662304096812,0.4875135655121565,1,scenario_model_generated_from_literature_calibrated_priors,0.7123178599849871,0.9525833769590318,0
biology_only,aortic_high_pressure,0.5026365194185369,0.3072065747480426,50.569735811658816,0.3386632005474934,0.3844495017725102,32.75,33.59726452724896,2.1944269706961688,78.24772723422119,0.6520692139780199,3.817454394522967,9.716111841859552,0.042196486090584566,0.4874873528983514,1,scenario_model_generated_from_literature_calibrated_priors,0.9741293274122454,0.9578035139094154,0
full_data_informed,pulmonary_reference,0.5603408917072672,0.37049953308557515,57.29034674556005,0.12501876905241985,0.23486503221899085,23.37,21.10064252930795,2.0968001030025665,81.979191683701,0.642440048554194,5.601873677015059,10.230358007810434,0.08227378171937601,0.4874093940348892,1,scenario_model_generated_from_literature_calibrated_priors,0.9028944171719276,0.917726218280624,0
full_data_informed,aortic_high_pressure,0.7393622891233721,0.36560462514361663,57.52454101818522,0.0660577418728554,0.696023263024303,32.75,40.260918916846975,1.8907430022458445,83.87058687765128,0.6869768186306665,5.1472260632077305,15.678232274611737,0.08649974958997612,0.48738896675724996,1,scenario_model_generated_from_literature_calibrated_priors,0.7706589643710847,0.9135002504100239,0
hydrodynamic_only,pulmonary_reference,0.4705568303942894,0.8162933281129758,30.07553572675948,0.5102336990981343,0.16661189501829463,23.37,22.484830463844826,2.5117934555937316,70.69697284913605,0.6897441671644827,3.4790427540514455,8.533347555005196,0.06170092101770219,0.4873007727461451,1,scenario_model_generated_from_literature_calibrated_priors,0.9621236826634499,0.9382990789822978,0
full_data_informed,aortic_high_pressure,0.744454514632402,0.7184314121780818,52.14535833695055,0.29800839366598164,0.5929003575823389,32.75,40.043013132108406,1.9086612913562604,84.72882835739739,0.7176306730231019,2.300795485672896,11.701602706063989,0.07190908946778253,0.48728122160696663,1,scenario_model_generated_from_literature_calibrated_priors,0.7773125761188273,0.9280909105322175,0
full_data_informed,aortic_high_pressure,0.5655924819456714,0.23247999162423016,64.84087057324643,0.3348299718838312,0.7845672951652376,32.75,36.25540582956388,2.2377375326346747,89.68760140235845,0.6296656420616936,3.587778360321251,5.9214151290757,0.06802884612066684,0.48726888059118484,1,scenario_model_generated_from_literature_calibrated_priors,0.8929647074942327,0.9319711538793332,0
full_data_informed,aortic_high_pressure,0.7593232138893147,0.42561930749650256,63.781709392216705,0.3597719659271063,0.9280737930016374,32.75,41.23431316257092,1.9423356996425596,85.58798189150691,0.727608995990661,6.489161171895316,11.587959540857192,0.060329886530929355,0.48724883190415164,1,scenario_model_generated_from_literature_calibrated_priors,0.7409370026695903,0.9396701134690706,0
biology_only,aortic_high_pressure,0.5230011475875425,0.7125013095659548,72.94169324512305,0.6109004683890865,0.6074001361597788,32.75,30.703870035997376,2.3092319688503085,86.010632157143,0.7018468516151481,2.8458108013739496,12.42740533020472,0.13401420727032015,0.4872448332722481,1,scenario_model_generated_from_literature_calibrated_priors,0.9375227491907596,0.8659857927296799,0
full_data_informed,aortic_high_pressure,0.5986733216613073,0.5321234665574215,66.2536379036133,0.46352772974271306,0.5474301050541799,32.75,38.473704926081815,2.138849109591034,85.51994441567116,0.6940015398317354,3.672689450261307,9.78289043008429,0.044631448275564756,0.48716339812595333,1,scenario_model_generated_from_literature_calibrated_priors,0.8252303839364331,0.9553685517244352,0
biology_only,aortic_high_pressure,0.4296163637728283,0.7825791999170076,43.52021324929624,0.4164775014030917,0.2964885915400074,32.75,22.253932447499203,2.5013738347620205,84.21235101504347,0.7025053430175439,1.9523344019536901,6.719880670642867,0.0797672940407717,0.48716332699896475,1,scenario_model_generated_from_literature_calibrated_priors,0.6795093877098993,0.9202327059592283,0
biology_only,pulmonary_reference,0.7301208095741187,0.7270580498424947,66.11235090462151,0.47986364222995365,0.5350749521394511,23.37,26.61562501694322,1.9704501068509515,82.67867293561368,0.7215102437911152,3.4666489406123775,15.972513318758377,0.05123375227911276,0.4871263302697393,1,scenario_model_generated_from_literature_calibrated_priors,0.8611200249489424,0.9487662477208872,0
biology_only,aortic_high_pressure,0.550881023708306,0.26561119422897944,68.8422602986922,0.20940935961778112,0.8004794539483174,32.75,40.24141403155685,2.1569663266330297,87.5649365092169,0.6564334477782462,5.083941965748182,6.862501349964442,0.06159483155787508,0.48710987230293196,1,scenario_model_generated_from_literature_calibrated_priors,0.7712545333875771,0.938405168442125,0
full_data_informed,pulmonary_reference,0.6087139942223218,0.3033367951515158,51.095565907241436,0.1573586839095197,0.3118026285657074,23.37,30.251797373263138,1.9687463960859655,90.29583676426668,0.6792939275960881,3.650535314557146,12.879107011241839,0.07030588608600784,0.4870990672056962,1,scenario_model_generated_from_literature_calibrated_priors,0.7055285676823647,0.9296941139139921,0
biology_only,pulmonary_reference,0.4644849983339394,0.922512065111665,65.0141492560767,0.23707316751663385,0.12795338386046148,23.37,16.478501335423914,2.589214472354926,84.546587678461,0.632095393681848,5.695318991677941,7.780940857589128,0.036360515763532934,0.48695472490767855,1,scenario_model_generated_from_literature_calibrated_priors,0.7051134503818534,0.9636394842364671,0
full_data_informed,pulmonary_reference,0.7272512861375603,0.6446029636522483,56.051867536795974,0.08799489656356389,0.4607343910899077,23.37,28.965316386287334,1.9393380082326535,86.03476185985882,0.6629272403365195,3.289167566454415,12.252432464711205,0.04729495833185717,0.48692136314298473,1,scenario_model_generated_from_literature_calibrated_priors,0.7605769625037513,0.9527050416681428,0
biology_only,pulmonary_reference,0.7859302881762569,0.7596273981454698,46.29738201581099,0.2996113312029009,0.529721811408727,23.37,30.741992399926964,2.0238589307846677,85.5864400283021,0.7264242973914333,8.00112957935448,11.661731601387375,0.072688479735816,0.4868940607287964,1,scenario_model_generated_from_literature_calibrated_priors,0.6845531707348326,0.927311520264184,0
biology_only,aortic_high_pressure,0.3788759128630842,0.8839606480394762,50.29337341489591,0.3647037543178673,0.41241990292836556,32.75,26.679791664391416,2.6453405572421596,80.49211671842485,0.6624637960501524,2.84247185038525,9.592575909468476,0.10698215025166931,0.48685220316947897,1,scenario_model_generated_from_literature_calibrated_priors,0.8146501271569898,0.8930178497483306,0
full_data_informed,aortic_high_pressure,0.3849932996602764,0.37509600003397264,65.97497642452934,0.17376241633054026,0.6538554104402701,32.75,21.34908317197999,2.522210515036883,88.23434112400777,0.6425734726966985,10.924237472561515,12.888416493451622,0.07723591680382062,0.4867801065763603,1,scenario_model_generated_from_literature_calibrated_priors,0.6518804021978624,0.9227640831961794,0
biology_only,pulmonary_reference,0.6288337800569085,0.8175562728930752,55.58021429749942,0.5235926878752424,0.5253612585538109,23.37,27.576007997052024,2.2751851260780156,83.95169471417157,0.7353260330369991,6.679864130196368,7.784483224738704,0.14682184402906384,0.48673337040002523,1,scenario_model_generated_from_literature_calibrated_priors,0.820025331747881,0.8531781559709362,0
full_data_informed,aortic_high_pressure,0.3435465516206652,0.7693652463563423,61.85759972124139,0.12309404264687553,0.3147119255319448,32.75,19.765279042357726,2.7054287440141374,86.921159591239,0.6435611658762477,2.054793098441058,9.812433380093738,0.11194550133145746,0.48668880699925965,1,scenario_model_generated_from_literature_calibrated_priors,0.6035199707590145,0.8880544986685426,0
biology_only,pulmonary_reference,0.5671001468848806,0.5963226844934794,41.783627408590775,0.5691185520783237,0.21784394653854308,23.37,24.09139508589644,2.319796977635573,81.78929609015614,0.6819586562445241,3.2306891254400623,4.79589623993082,0.08639712784112655,0.4865759818785378,1,scenario_model_generated_from_literature_calibrated_priors,0.9691315752718682,0.9136028721588735,0
biology_only,pulmonary_reference,0.5317201403878841,0.5719415338922137,45.223869274107,0.2669241679834403,0.6467363241812997,23.37,18.97062770786146,2.1995213877523736,80.27987872034328,0.6969831214710973,4.380546872300148,11.521594384443699,0.10435020586995154,0.48657295083520036,1,scenario_model_generated_from_literature_calibrated_priors,0.8117512925914189,0.8956497941300484,0
biology_only,pulmonary_reference,0.393564709751389,0.8297853313811459,58.37587356273857,0.3774719762764092,0.8269165798232806,23.37,9.221318487838829,2.5372344127932536,84.68189797815516,0.7563740249231831,7.865250992452551,10.749443149050348,0.04775642170185132,0.48647695916113504,1,scenario_model_generated_from_literature_calibrated_priors,0.3945793105622092,0.9522435782981487,0
hydrodynamic_only,pulmonary_reference,0.3910187660823977,0.6364792198087679,35.197977597508554,0.1305547932061833,0.3897897534672239,23.37,10.837853373547242,2.671787828075129,77.92228046809585,0.7011709790659643,7.169646622392965,9.67184312417252,0.04464242902180998,0.4864042168613526,1,scenario_model_generated_from_literature_calibrated_priors,0.4637506792275242,0.9553575709781901,0
biology_only,aortic_high_pressure,0.8246510134505964,0.9747310279382625,49.827145924995506,0.20030639936697417,0.973231464365574,32.75,45.664941333606784,2.07976665388489,82.25436818414447,0.7717543059121489,6.622006156728483,12.878732124641973,0.16550840679885498,0.48635522442788226,0,scenario_model_generated_from_literature_calibrated_priors,0.605650646302083,0.834491593201145,0
biology_only,aortic_high_pressure,0.8022952648092884,0.8959947813664235,60.11856993184856,0.2620913765006104,0.4740338000956021,32.75,40.52022633185972,1.8912731699091943,82.61814520021393,0.7167171424331736,4.221425977121794,16.49308724464949,0.053430791179561246,0.4863102246537879,1,scenario_model_generated_from_literature_calibrated_priors,0.7627411807065735,0.9465692088204387,0
full_data_informed,pulmonary_reference,0.44916583015206535,0.8534794333558762,63.6950467496993,0.36819561330386275,0.6870668119411681,23.37,9.961135466467862,2.3929168088698725,87.55499136923017,0.7450806262386622,3.456217094692957,12.016079594876938,0.03542537355023211,0.48620329984808125,1,scenario_model_generated_from_literature_calibrated_priors,0.42623600626734537,0.9645746264497679,0
biology_only,pulmonary_reference,0.745168248862821,0.6427673362102878,51.700349515690576,0.1213511075720147,0.6252657752060552,23.37,33.94938389657433,1.9655940660574023,82.26336423888445,0.8047418891531459,4.830542082067607,9.450963958872507,0.21368224296089136,0.4861252094082093,1,scenario_model_generated_from_literature_calibrated_priors,0.5473092042544145,0.7863177570391087,0
biology_only,pulmonary_reference,0.6693398619262351,0.5083001709709527,50.09973257738873,0.5840995065900116,0.6868756158432671,23.37,25.68244586108193,2.21914163133192,80.31849203970087,0.7073289826968461,5.588109118587945,8.979762665999818,0.04930674129448233,0.48611758113894654,1,scenario_model_generated_from_literature_calibrated_priors,0.9010506691877651,0.9506932587055177,0
biology_only,aortic_high_pressure,0.7191878448288175,0.8723028141130875,52.88811780759295,0.6074561545238543,0.903899322595871,32.75,36.738844544572785,2.042665965974563,83.87651315995578,0.7279765215891802,5.353293630187826,11.643519180838531,0.05968167847447848,0.4860999865378447,1,scenario_model_generated_from_literature_calibrated_priors,0.8782032200130447,0.9403183215255215,0
full_data_informed,pulmonary_reference,0.45563714440300485,0.5399591684762003,48.99768071422919,0.3130294395082076,0.6283416000592749,23.37,17.284140860871332,2.518557832765222,84.39149339555871,0.6582824291084853,3.293337528211971,7.071837622201295,0.07454055956105915,0.48609275765188126,1,scenario_model_generated_from_literature_calibrated_priors,0.7395866863873055,0.9254594404389409,0
full_data_informed,aortic_high_pressure,0.5732363516990729,0.0926690669949501,48.51118601132553,0.04473403761562104,0.3485107331617367,32.75,36.37779014565998,2.0083612827324893,83.9546387358938,0.6226145320129846,3.3411225485930283,11.749244804235262,0.06362730454189204,0.4859827593881635,1,scenario_model_generated_from_literature_calibrated_priors,0.889227781811909,0.936372695458108,0
full_data_informed,aortic_high_pressure,0.6836388978994958,0.8215195585286785,66.6211502025001,0.42802793141392004,0.5715703602780227,32.75,41.33809680965088,2.0893602357694805,88.42165423195189,0.7140247122019856,4.590267878711122,13.01837177412273,0.07450997030785352,0.4858857031300359,1,scenario_model_generated_from_literature_calibrated_priors,0.7377680363465381,0.9254900296921464,0
